{
  "final_value": 999480.0232084402,
  "bankrupt": false,
  "bankrupt_date": null,
  "open_pnl_pd_ratio": -0.7947544543252159,
  "true_pd_ratio": -0.8055126668246864,
  "activity_pct": 97.69769769769769,
  "end_policy": "liquidate",
  "s_mult": 1.0
}