{
  "final_value": 999989.626,
  "bankrupt": false,
  "pd_ratio_portfolio": -0.6965610249494268,
  "activity_pct": 99.7997997997998,
  "end_policy": "liquidate",
  "s_mult": 2.0
}