Index,Open,High,Low,Close,Volume
2069-12-08,25.28,25.4,25.08,25.11,3501
2069-12-09,25.0,25.17,24.83,25.16,1683
2069-12-10,25.16,25.4,25.13,25.32,1459
2069-12-11,25.3,25.45,25.26,25.32,2270
2069-12-12,25.12,25.32,25.05,25.17,3389
2069-12-13,25.14,25.38,25.08,25.11,1838
2069-12-14,25.11,25.55,25.05,25.46,6153
2069-12-15,25.43,25.79,25.43,25.75,3715
2069-12-16,25.75,25.82,25.29,25.31,4270
2069-12-17,25.26,25.58,25.22,25.41,9842
2069-12-18,25.51,25.56,25.32,25.55,7670
2069-12-19,25.67,25.85,25.5,25.54,6953
2069-12-20,25.5,25.5,25.13,25.21,4828
2069-12-21,25.35,25.52,25.27,25.51,6414
2069-12-22,25.53,25.7,25.31,25.69,6551
2069-12-23,25.65,25.84,25.58,25.79,7409
2069-12-24,25.5,26.07,25.5,25.98,7211
2069-12-25,25.9,25.93,25.71,25.76,3558
2069-12-26,25.6,25.65,25.16,25.44,5893
2069-12-27,25.6,25.65,25.35,25.39,4035
2069-12-28,25.3,25.31,25.08,25.2,5034
2069-12-29,25.73,25.95,25.37,25.49,10213
2069-12-30,25.5,25.75,25.42,25.68,5493
2069-12-31,25.42,25.59,25.42,25.57,5431
2070-01-01,25.42,25.45,25.28,25.33,7945
2070-01-02,25.35,25.45,25.3,25.33,8537
2070-01-03,25.28,25.33,24.96,24.99,16561
2070-01-04,25.05,25.13,24.85,24.87,12940
2070-01-05,24.83,24.83,24.15,24.19,24750
2070-01-06,24.13,24.45,23.85,24.27,19599
2070-01-07,24.33,24.65,24.0,24.03,13522
2070-01-08,24.15,24.2,23.81,23.89,16117
2070-01-09,23.85,23.92,23.6,23.63,15455
2070-01-10,23.57,23.96,23.5,23.86,8575
2070-01-11,23.86,23.92,23.73,23.77,7001
2070-01-12,23.82,23.9,23.7,23.88,7087
2070-01-13,23.95,23.95,23.52,23.6,15082
2070-01-14,23.0,23.07,22.6,22.61,17211
2070-01-15,23.03,23.14,22.86,23.09,6355
2070-01-16,23.05,23.34,22.78,22.91,8004
2070-01-17,22.96,23.28,22.75,23.26,9672
2070-01-18,23.25,23.53,23.05,23.07,9803
2070-01-19,23.05,23.39,23.03,23.21,8634
2070-01-20,23.22,23.33,22.88,23.31,7852
2070-01-21,23.55,23.72,23.4,23.63,8459
2070-01-22,23.85,23.85,23.4,23.46,7068
2070-01-23,23.43,23.67,23.32,23.65,6172
2070-01-24,23.66,23.85,23.51,23.57,7429
2070-01-25,23.55,23.7,23.48,23.68,5041
2070-01-26,23.75,23.8,23.55,23.57,5284
2070-01-27,23.58,23.67,23.51,23.6,10459
2070-01-28,23.68,23.69,23.51,23.58,13894
2070-01-29,23.21,23.21,22.94,22.99,9004
2070-01-30,22.96,23.08,22.81,22.85,12177
2070-01-31,22.9,23.12,22.81,22.91,12365
2070-02-01,22.91,23.3,22.81,23.23,12197
2070-02-02,23.3,23.64,23.15,23.37,15736
2070-02-03,23.35,23.54,23.3,23.33,7460
2070-02-04,23.31,23.36,23.06,23.19,7608
2070-02-05,23.26,23.34,23.07,23.17,7788
2070-02-06,23.17,23.4,23.17,23.33,9430
2070-02-07,23.44,23.45,23.21,23.35,5867
2070-02-08,23.39,23.49,23.22,23.32,9487
2070-02-09,23.4,23.5,23.32,23.36,11217
2070-02-10,23.88,24.05,23.77,23.81,12216
2070-02-11,23.81,23.84,23.62,23.68,6919
2070-02-12,23.68,23.7,23.45,23.46,8518
2070-02-13,23.42,23.44,23.1,23.16,14866
2070-02-14,23.16,23.42,23.16,23.41,5076
2070-02-15,23.35,23.45,23.27,23.3,4649
2070-02-16,23.4,23.4,23.06,23.16,11621
2070-02-17,23.18,23.27,23.07,23.14,9226
2070-02-18,23.4,23.51,23.3,23.39,11303
2070-02-19,23.58,23.58,23.25,23.3,16023
2070-02-20,23.3,23.52,23.3,23.5,10560
2070-02-21,23.54,23.56,23.37,23.45,9036
2070-02-22,23.45,23.85,23.45,23.76,13843
2070-02-23,23.76,24.76,23.76,24.76,35394
2070-02-24,24.72,25.25,24.72,24.93,28835
2070-02-25,24.79,24.95,24.68,24.89,15064
2070-02-26,24.89,24.98,24.66,24.77,11176
2070-02-27,24.71,24.79,24.41,24.55,12971
2070-02-28,24.5,24.5,24.35,24.44,11011
2070-03-01,24.44,24.44,24.05,24.09,9167
2070-03-02,24.21,24.28,23.87,24.0,14395
2070-03-03,23.92,24.11,23.92,24.1,4995
2070-03-04,24.23,24.28,24.12,24.21,4546
2070-03-05,24.3,24.37,24.15,24.36,4767
2070-03-06,24.37,24.48,24.15,24.16,5740
2070-03-07,24.37,24.4,24.01,24.11,8191
2070-03-08,24.15,24.15,23.85,23.87,11308
2070-03-09,23.85,23.89,23.65,23.76,14317
2070-03-10,23.76,23.82,23.57,23.8,7082
2070-03-11,23.81,23.9,23.69,23.86,5099
2070-03-12,23.83,24.05,23.61,23.99,10744
2070-03-13,23.99,24.08,23.81,23.86,6169
2070-03-14,23.88,23.95,23.73,23.93,4764
2070-03-15,23.93,23.99,23.75,23.87,4182
2070-03-16,23.85,23.94,23.77,23.93,4342
2070-03-17,23.94,24.13,23.8,23.98,10859
2070-03-18,23.95,24.04,23.66,23.84,9402
2070-03-19,23.84,23.9,23.65,23.67,10124
2070-03-20,23.68,23.98,23.67,23.93,10046
2070-03-21,23.94,24.09,23.66,23.72,10245
2070-03-22,24.12,24.48,24.0,24.44,8916
2070-03-23,24.44,24.6,24.26,24.41,9024
2070-03-24,24.41,24.45,24.1,24.11,9351
2070-03-25,24.11,24.53,24.05,24.45,14247
2070-03-26,24.45,24.54,24.28,24.33,9873
2070-03-27,24.5,24.8,24.4,24.49,22900
2070-03-28,24.47,24.67,24.36,24.65,14992
2070-03-29,24.75,25.03,24.71,24.92,15812
2070-03-30,24.9,25.27,24.85,25.23,12072
2070-03-31,25.3,25.45,24.95,25.0,19568
2070-04-01,24.92,25.5,24.92,25.49,15361
2070-04-02,25.54,25.8,25.34,25.69,24816
2070-04-03,25.69,26.55,25.68,26.33,23202
2070-04-04,26.33,26.36,25.85,26.17,16706
2070-04-05,26.17,26.17,25.18,25.34,17801
2070-04-06,25.34,25.66,25.16,25.27,14510
2070-04-07,25.42,25.81,25.33,25.38,9407
2070-04-08,25.43,25.6,24.38,24.47,20450
2070-04-09,24.48,24.65,24.26,24.63,12092
2070-04-10,24.62,24.75,24.5,24.69,8698
2070-04-11,24.68,25.01,24.59,24.77,12084
2070-04-12,24.6,24.65,24.33,24.4,8897
2070-04-13,24.4,24.4,23.8,23.85,20231
2070-04-14,23.84,24.2,23.8,24.15,10365
2070-04-15,24.18,24.28,24.08,24.25,5105
2070-04-16,24.15,24.52,24.15,24.42,10017
2070-04-17,24.47,24.7,23.88,23.92,6871
2070-04-18,24.09,24.63,24.0,24.16,9799
2070-04-19,24.16,24.39,24.06,24.1,6713
2070-04-20,24.2,24.22,23.96,24.04,6766
2070-04-21,24.04,24.07,23.43,23.87,12550
2070-04-22,23.87,24.23,23.82,24.16,6090
2070-04-23,24.08,24.18,23.99,24.0,4735
2070-04-24,23.9,24.2,23.56,24.17,10932
2070-04-25,24.24,24.4,24.17,24.22,4325
2070-04-26,24.22,24.47,23.76,23.84,8956
2070-04-27,24.04,24.14,23.86,23.9,6396
2070-04-28,23.84,24.22,23.78,24.18,6285
2070-04-29,24.24,24.33,24.03,24.04,4956
2070-04-30,24.48,24.54,24.35,24.51,6875
2070-05-01,24.6,24.95,24.51,24.82,13166
2070-05-02,24.88,25.2,24.73,25.09,14150
2070-05-03,25.1,25.14,24.74,25.05,8107
2070-05-04,25.1,25.47,25.02,25.33,15488
2070-05-05,25.33,25.45,25.06,25.32,9086
2070-05-06,25.5,25.65,25.33,25.45,13064
2070-05-07,25.45,25.59,25.27,25.29,11642
2070-05-08,25.27,25.46,25.16,25.26,12362
2070-05-09,25.48,25.8,25.35,25.47,14435
2070-05-10,25.5,25.66,25.25,25.27,12949
2070-05-11,25.2,25.51,25.2,25.31,9904
2070-05-12,25.34,25.65,25.07,25.16,10008
2070-05-13,25.26,25.26,24.86,25.09,10513
2070-05-14,25.15,25.27,24.82,24.84,13025
2070-05-15,24.84,24.87,24.53,24.74,13397
2070-05-16,24.9,24.9,24.59,24.7,7950
2070-05-17,24.73,24.73,24.25,24.27,12204
2070-05-18,24.3,24.4,24.15,24.24,9780
2070-05-19,24.27,24.29,23.74,23.88,22457
2070-05-20,23.88,24.04,23.86,23.88,12098
2070-05-21,23.88,24.22,23.83,23.97,7550
2070-05-22,23.9,23.94,23.6,23.8,11584
2070-05-23,23.78,23.83,23.15,23.19,15905
2070-05-24,23.2,23.48,23.19,23.45,15909
2070-05-25,23.5,23.73,23.5,23.63,8171
2070-05-26,23.6,23.6,23.11,23.32,8287
2070-05-27,23.35,23.51,23.25,23.29,8032
2070-05-28,23.3,24.02,23.29,23.97,14743
2070-05-29,23.98,24.27,23.77,23.88,13463
2070-05-30,23.96,24.12,23.64,23.78,8597
2070-05-31,23.78,24.2,23.62,24.14,9052
2070-06-01,24.05,24.22,23.8,23.85,7990
2070-06-02,23.8,23.8,23.25,23.34,16327
2070-06-03,23.34,23.62,23.26,23.47,9656
2070-06-04,23.55,23.55,23.35,23.46,5695
2070-06-05,23.5,23.5,22.96,23.23,10914
2070-06-06,23.23,23.39,22.91,22.95,8020
2070-06-07,23.18,23.25,23.0,23.17,7040
2070-06-08,23.22,23.45,23.06,23.24,4443
2070-06-09,23.25,23.46,23.25,23.33,5973
2070-06-10,23.45,23.45,23.08,23.13,4423
2070-06-11,23.05,23.31,23.03,23.24,4038
2070-06-12,23.44,23.54,23.17,23.24,4678
2070-06-13,23.31,23.4,23.18,23.18,3756
2070-06-14,23.2,23.32,22.94,23.03,6655
2070-06-15,22.93,23.04,22.88,22.91,4704
2070-06-16,23.01,23.03,22.88,22.9,6322
2070-06-17,22.89,22.95,22.61,22.62,7591
2070-06-18,22.6,22.88,22.43,22.52,11737
2070-06-19,22.5,22.62,22.34,22.39,11244
2070-06-20,22.39,22.39,21.63,21.95,12306
2070-06-21,21.83,21.94,21.5,21.58,11606
2070-06-22,21.58,21.92,21.5,21.76,10869
2070-06-23,21.76,22.22,21.76,22.16,7728
2070-06-24,22.08,22.09,21.8,21.96,5560
2070-06-25,22.05,22.25,21.95,22.22,7360
2070-06-26,22.25,22.5,22.17,22.19,11274
2070-06-27,22.25,22.25,21.81,21.89,8716
2070-06-28,21.9,22.08,21.74,21.93,4837
2070-06-29,22.1,22.93,22.1,22.43,9270
2070-06-30,22.2,22.88,22.18,22.79,8940
2070-07-01,22.8,22.8,22.25,22.26,5373
2070-07-02,22.2,22.43,22.03,22.05,5346
2070-07-03,22.4,22.62,22.29,22.29,2087
2070-07-04,21.9,22.69,21.6,21.99,2734
2070-07-05,22.05,22.05,21.8,21.83,2183
2070-07-06,21.9,21.9,21.73,21.78,1941
2070-07-07,21.78,21.84,21.66,21.82,2157
2070-07-08,21.78,21.85,21.59,21.61,2752
2070-07-09,21.69,21.88,21.69,21.85,3878
2070-07-10,21.95,22.6,21.95,22.47,7387
2070-07-11,22.57,22.58,22.03,22.05,9404
2070-07-12,22.04,22.65,22.02,22.56,10364
2070-07-13,22.6,22.6,22.07,22.28,8217
2070-07-14,22.6,22.7,22.05,22.12,6703
2070-07-15,22.3,22.3,21.78,21.84,8132
2070-07-16,21.84,22.27,21.81,22.24,6039
2070-07-17,22.24,22.24,21.67,21.74,7766
2070-07-18,21.75,21.94,21.63,21.89,3311
2070-07-19,21.65,21.7,21.3,21.68,3654
2070-07-20,21.85,22.25,21.6,22.19,5017
2070-07-21,22.1,22.13,21.88,22.03,4812
2070-07-22,21.98,22.3,21.7,22.27,3758
2070-07-23,22.18,22.66,22.15,22.48,4056
2070-07-24,22.37,22.44,22.19,22.26,2706
2070-07-25,22.55,22.6,22.31,22.4,2341
2070-07-26,22.33,22.47,22.25,22.3,618
2070-07-27,22.45,23.2,22.42,23.1,2191
2070-07-28,22.9,23.3,22.9,23.16,2926
2070-07-29,23.0,23.0,22.85,22.93,2442
2070-07-30,22.87,22.94,22.57,22.65,3924
2070-07-31,22.65,22.81,22.54,22.75,5344
2070-08-01,22.75,22.92,22.65,22.91,8184
2070-08-02,22.91,23.05,22.75,22.84,4198
2070-08-03,22.95,23.12,22.95,23.04,7046
2070-08-04,23.05,23.06,22.63,22.95,7597
2070-08-05,22.87,23.1,22.77,22.87,6554
2070-08-06,22.98,22.98,22.47,22.52,5777
2070-08-07,22.52,22.52,22.2,22.46,6007
2070-08-08,22.55,22.57,22.33,22.46,3976
2070-08-09,22.52,22.78,22.52,22.7,4746
2070-08-10,22.7,22.7,22.54,22.66,4054
2070-08-11,22.7,22.77,22.38,22.58,3618
2070-08-12,22.58,22.97,22.56,22.91,2927
2070-08-13,23.0,23.67,23.0,23.66,6278
2070-08-14,23.58,23.9,23.4,23.84,4967
2070-08-15,24.11,24.4,23.88,24.02,11213
2070-08-16,24.08,24.34,23.97,24.02,8888
2070-08-17,23.8,24.26,23.78,24.02,9432
2070-08-18,23.98,24.0,23.76,23.79,7009
2070-08-19,23.85,24.14,23.71,24.12,9240
2070-08-20,24.21,24.48,23.89,23.97,12947
2070-08-21,23.95,24.11,23.77,23.97,8189
2070-08-22,23.76,23.9,23.6,23.74,9494
2070-08-23,23.7,24.17,23.57,23.87,12850
2070-08-24,23.85,24.0,23.73,23.76,10099
2070-08-25,23.76,24.07,23.66,23.85,7678
2070-08-26,23.88,24.3,23.82,24.13,10093
2070-08-27,24.01,24.56,24.01,24.34,11026
2070-08-28,24.35,24.69,24.08,24.32,17858
2070-08-29,24.3,24.42,24.06,24.15,12445
2070-08-30,24.15,24.3,24.03,24.27,9787
2070-08-31,24.25,24.95,24.2,24.66,14339
2070-09-01,24.75,24.83,24.49,24.51,8776
2070-09-02,24.5,24.75,24.31,24.74,8540
2070-09-03,24.75,25.18,24.66,24.98,11747
2070-09-04,24.97,25.0,24.75,24.81,7052
2070-09-05,24.8,24.87,24.61,24.7,6489
2070-09-06,24.65,24.93,24.57,24.9,9989
2070-09-07,24.87,25.4,24.87,25.27,12116
2070-09-08,24.92,25.48,24.92,25.19,10071
2070-09-09,25.24,25.78,25.24,25.73,13237
2070-09-10,25.66,25.93,25.5,25.78,11175
2070-09-11,25.6,25.83,25.31,25.63,7916
2070-09-12,25.54,25.7,25.3,25.38,9100
2070-09-13,25.3,25.35,25.0,25.03,9126
2070-09-14,25.01,25.3,24.76,25.22,9900
2070-09-15,25.27,25.68,25.08,25.63,9444
2070-09-16,25.6,25.82,25.38,25.42,10330
2070-09-17,25.42,25.75,25.25,25.38,11370
2070-09-18,25.38,25.49,25.26,25.43,7683
2070-09-19,25.43,25.94,25.33,25.78,10147
2070-09-20,25.92,26.14,25.46,25.63,8211
2070-09-21,26.0,26.44,25.84,26.37,12901
2070-09-22,26.36,26.85,26.32,26.7,12026
2070-09-23,26.71,26.87,26.44,26.57,8735
2070-09-24,26.57,26.69,26.02,26.29,12608
2070-09-25,26.32,26.4,25.95,25.96,9469
2070-09-26,26.1,26.1,25.6,25.68,10256
2070-09-27,25.65,25.85,25.1,25.12,14139
2070-09-28,25.06,25.45,25.0,25.41,7956
2070-09-29,25.55,25.55,25.01,25.25,13184
2070-09-30,25.34,25.34,25.07,25.22,8840
2070-10-01,25.24,25.7,25.22,25.59,11737
2070-10-02,25.71,25.8,25.51,25.7,10108
2070-10-03,25.7,25.75,25.4,25.43,15366
2070-10-04,25.39,25.4,25.18,25.3,13981
2070-10-05,25.3,25.3,24.67,24.71,22275
2070-10-06,24.73,24.95,24.7,24.92,11408
2070-10-07,24.93,25.08,24.65,24.75,13635
2070-10-08,24.75,25.22,24.7,25.07,11512
2070-10-09,25.1,25.3,25.0,25.24,9791
2070-10-10,25.25,25.25,24.67,24.87,15474
2070-10-11,24.87,24.9,24.45,24.49,11907
2070-10-12,24.5,24.78,24.35,24.68,10616
2070-10-13,24.7,24.9,24.68,24.69,7692
2070-10-14,25.02,25.32,25.02,25.29,5726
2070-10-15,25.25,25.59,25.13,25.28,10658
2070-10-16,25.2,25.43,25.01,25.42,7977
2070-10-17,25.59,25.6,25.15,25.2,5334
2070-10-18,25.1,25.16,24.9,25.01,9369
2070-10-19,25.05,25.27,25.0,25.18,5034
2070-10-20,25.49,25.85,25.28,25.55,13802
2070-10-21,25.56,25.64,25.43,25.49,12544
2070-10-22,25.5,25.5,25.15,25.27,10904
2070-10-23,25.15,25.25,25.05,25.12,9620
2070-10-24,25.15,25.17,24.51,24.53,32495
2070-10-25,24.54,24.79,24.5,24.75,14300
2070-10-26,24.75,24.95,24.6,24.75,13658
2070-10-27,24.75,25.2,24.75,24.86,15719
2070-10-28,24.86,24.86,24.51,24.67,11528
2070-10-29,24.67,25.02,24.67,24.85,11425
2070-10-30,24.85,24.95,24.54,24.8,12450
2070-10-31,24.8,25.0,24.7,24.83,11183
2070-11-01,24.81,24.97,24.75,24.85,9474
2070-11-02,24.8,25.84,24.8,25.65,24432
2070-11-03,25.58,25.7,25.45,25.64,12183
2070-11-04,25.7,25.7,25.43,25.59,6368
2070-11-05,25.59,26.07,25.47,25.76,18122
2070-11-06,25.83,26.09,25.65,25.87,12277
2070-11-07,25.88,26.02,25.65,25.79,12476
2070-11-08,25.78,25.82,25.48,25.5,9597
2070-11-09,25.52,25.52,25.15,25.19,10263
2070-11-10,25.2,25.27,24.97,25.04,9418
2070-11-11,25.04,25.43,24.98,25.25,8944
2070-11-12,25.15,25.65,25.11,25.62,10606
2070-11-13,25.62,25.88,25.53,25.65,7400
2070-11-14,25.64,26.24,25.45,25.95,15154
2070-11-15,25.97,26.2,25.92,26.03,11704
2070-11-16,26.08,26.47,26.08,26.46,11103
2070-11-17,26.46,26.7,26.45,26.63,13340
2070-11-18,26.65,26.65,25.9,26.27,13373
2070-11-19,26.28,26.55,25.83,26.52,14454
2070-11-20,26.5,26.83,26.36,26.54,8103
2070-11-21,26.54,26.54,26.07,26.21,10902
2070-11-22,26.21,26.88,26.21,26.87,12350
2070-11-23,27.28,27.7,27.1,27.27,17130
2070-11-24,27.31,27.54,27.02,27.39,13315
2070-11-25,27.38,27.47,27.05,27.3,11295
2070-11-26,27.28,27.28,26.65,26.81,18552
2070-11-27,26.7,26.93,26.55,26.87,15822
2070-11-28,26.87,27.02,26.43,26.93,18900
2070-11-29,26.85,27.25,26.85,27.18,13804
2070-11-30,27.2,27.39,26.66,26.83,11624
2070-12-01,26.81,27.1,26.61,26.64,12890
2070-12-02,26.55,26.78,26.3,26.37,16088
2070-12-03,26.41,26.84,26.36,26.73,12667
2070-12-04,26.74,26.84,26.52,26.73,7180
2070-12-05,26.77,27.02,26.56,26.7,8237
2070-12-06,26.72,27.15,26.65,27.06,11826
2070-12-07,27.1,27.5,27.04,27.24,14377
2070-12-08,27.24,27.59,27.16,27.37,11397
2070-12-09,27.36,27.49,27.1,27.27,9195
2070-12-10,27.25,27.25,26.85,27.1,12242
2070-12-11,27.12,27.45,27.12,27.42,8483
2070-12-12,27.44,28.2,27.44,27.64,28384
2070-12-13,27.61,27.82,27.42,27.6,11920
2070-12-14,27.58,27.75,27.37,27.65,10896
2070-12-15,27.65,27.9,27.45,27.47,8439
2070-12-16,27.5,27.63,27.27,27.46,10928
2070-12-17,27.54,27.77,27.53,27.66,9675
2070-12-18,27.7,28.15,27.66,27.91,11271
2070-12-19,27.91,27.91,27.1,27.29,19648
2070-12-20,27.32,27.42,27.09,27.23,8349
2070-12-21,27.22,27.5,26.9,27.33,18029
2070-12-22,27.33,27.4,27.02,27.19,9603
2070-12-23,27.19,27.19,26.67,26.75,19159
2070-12-24,26.79,26.79,26.45,26.48,13516
2070-12-25,26.52,26.75,26.33,26.71,10405
2070-12-26,26.85,27.08,26.8,26.95,10047
2070-12-27,26.95,27.2,26.82,27.17,9187
2070-12-28,27.17,28.17,27.12,27.88,19136
2070-12-29,27.86,27.95,27.48,27.53,7338
2070-12-30,27.55,27.85,27.48,27.84,10469
2070-12-31,27.83,27.95,27.68,27.76,8935
2071-01-01,27.85,28.01,27.8,27.99,7262
2071-01-02,28.28,29.0,28.16,28.94,29607
2071-01-03,28.83,29.23,28.68,29.18,22379
2071-01-04,29.2,29.55,28.88,28.92,24031
2071-01-05,28.9,29.1,28.68,28.89,15836
2071-01-06,28.95,28.99,28.65,28.95,9519
2071-01-07,28.88,29.25,28.65,29.23,15038
2071-01-08,29.25,29.3,28.39,28.58,27510
2071-01-09,28.6,28.75,28.4,28.71,20015
2071-01-10,28.71,28.99,28.48,28.53,18460
2071-01-11,28.5,28.9,28.42,28.8,15692
2071-01-12,28.87,29.2,28.78,28.89,14138
2071-01-13,28.89,29.28,28.81,28.97,16854
2071-01-14,28.97,29.18,28.77,29.06,12314
2071-01-15,29.1,29.6,28.77,29.47,18816
2071-01-16,29.5,29.83,29.33,29.56,18430
2071-01-17,29.5,29.74,29.25,29.54,12895
2071-01-18,29.48,29.64,29.08,29.35,19724
2071-01-19,29.37,29.44,28.96,29.17,13054
2071-01-20,29.25,29.28,28.3,28.46,26564
2071-01-21,28.5,28.63,28.06,28.25,21108
2071-01-22,28.2,28.53,28.15,28.29,7572
2071-01-23,28.28,28.42,27.55,27.58,24875
2071-01-24,27.55,27.8,27.36,27.77,17983
2071-01-25,27.79,27.8,27.15,27.24,25247
2071-01-26,27.24,27.38,26.95,27.33,20050
2071-01-27,27.23,27.23,26.68,26.71,19829
2071-01-28,26.73,26.75,26.25,26.34,29024
2071-01-29,26.35,26.75,26.3,26.33,17543
2071-01-30,26.34,26.42,25.85,26.0,17225
2071-01-31,25.9,25.99,25.56,25.6,17792
2071-02-01,25.67,26.0,25.56,25.93,15771
2071-02-02,26.03,26.24,25.96,26.21,14133
2071-02-03,26.27,26.38,25.9,25.92,10824
2071-02-04,25.97,25.98,25.57,25.64,11966
2071-02-05,25.65,25.69,25.27,25.61,10409
2071-02-06,25.61,25.88,25.6,25.77,11663
2071-02-07,25.8,26.23,25.8,26.18,9734
2071-02-08,26.22,26.28,25.93,25.98,9716
2071-02-09,25.98,26.09,25.67,25.86,8633
2071-02-10,25.75,25.75,25.08,25.18,11305
2071-02-11,25.08,25.4,24.9,25.32,13202
2071-02-12,25.53,25.76,25.31,25.34,6913
2071-02-13,25.34,25.55,25.22,25.5,5939
2071-02-14,25.4,25.78,25.4,25.65,4052
2071-02-15,25.62,25.72,25.11,25.54,9031
2071-02-16,25.5,26.13,25.5,25.93,11683
2071-02-17,26.04,26.13,25.8,26.03,6508
2071-02-18,26.04,26.05,25.75,25.87,8090
2071-02-19,25.93,26.23,25.88,26.06,10213
2071-02-20,26.04,26.04,25.08,25.12,16176
2071-02-21,25.1,25.72,25.1,25.49,14444
2071-02-22,25.53,25.74,25.3,25.61,13378
2071-02-23,25.6,26.0,25.5,25.82,11917
2071-02-24,25.82,26.0,25.35,25.62,9666
2071-02-25,25.7,26.04,25.7,26.01,12351
2071-02-26,26.0,26.7,25.92,26.1,12029
2071-02-27,26.1,26.18,25.71,25.89,12202
2071-02-28,25.75,25.85,25.55,25.62,10123
2071-03-01,25.7,25.78,25.05,25.39,10583
2071-03-02,25.37,25.37,25.05,25.07,10925
2071-03-03,25.2,25.2,24.56,24.62,16049
2071-03-04,24.65,24.95,24.35,24.44,10538
2071-03-05,24.5,24.92,24.5,24.69,6941
2071-03-06,24.5,24.57,24.24,24.36,5302
2071-03-07,24.38,24.38,24.05,24.31,4564
2071-03-08,24.24,24.24,23.93,23.96,2682
2071-03-09,24.0,24.12,23.82,23.99,2650
2071-03-10,24.04,24.36,23.92,23.93,2931
2071-03-11,23.9,24.1,23.87,24.08,2934
2071-03-12,24.09,24.38,24.01,24.36,5945
2071-03-13,24.5,24.65,24.23,24.36,6095
2071-03-14,24.3,24.57,24.3,24.41,13658
2071-03-15,24.38,24.68,24.3,24.34,10463
2071-03-16,24.33,24.33,23.86,24.05,7812
2071-03-17,24.1,24.33,23.85,23.88,6680
2071-03-18,23.81,23.98,23.75,23.85,5744
2071-03-19,23.79,23.79,23.0,23.25,10376
2071-03-20,23.42,23.6,23.25,23.26,4733
2071-03-21,23.2,23.33,23.16,23.22,2736
2071-03-22,23.25,23.3,23.02,23.23,2612
2071-03-23,23.11,23.35,22.93,23.34,3899
2071-03-24,23.48,23.57,23.38,23.52,4224
2071-03-25,23.52,24.03,23.52,23.93,6445
2071-03-26,24.2,24.21,23.99,24.17,2954
2071-03-27,24.15,24.27,23.9,24.21,4532
2071-03-28,24.35,24.62,24.22,24.45,2662
2071-03-29,24.5,24.5,24.27,24.32,3714
2071-03-30,24.3,24.3,23.9,23.95,3128
2071-03-31,24.03,24.05,23.83,24.03,2880
2071-04-01,24.15,24.25,23.97,24.22,3827
2071-04-02,24.07,24.29,23.97,23.99,5373
2071-04-03,23.96,23.97,23.5,23.84,6991
2071-04-04,23.86,23.88,23.59,23.81,10801
2071-04-05,23.85,23.85,23.57,23.69,5854
2071-04-06,23.64,23.64,23.43,23.51,8010
2071-04-07,23.51,23.89,23.49,23.82,7942
2071-04-08,23.78,24.35,23.73,24.32,10308
2071-04-09,24.35,24.7,24.35,24.45,8396
2071-04-10,24.64,24.65,24.28,24.48,3172
2071-04-11,24.56,24.56,24.25,24.27,5277
2071-04-12,24.3,24.69,24.25,24.51,7562
2071-04-13,23.54,25.23,23.54,25.21,9274
2071-04-14,25.12,25.45,24.95,25.25,7368
2071-04-15,25.4,25.4,25.02,25.16,3706
2071-04-16,25.3,25.4,25.16,25.3,6151
2071-04-17,25.25,25.4,25.09,25.33,3862
2071-04-18,25.68,25.87,25.51,25.84,11923
2071-04-19,25.8,25.88,25.68,25.72,5112
2071-04-20,25.74,25.75,25.37,25.67,7088
2071-04-21,25.65,25.72,25.15,25.21,13791
2071-04-22,25.25,25.42,25.18,25.23,11720
2071-04-23,25.2,25.23,24.76,24.79,13681
2071-04-24,24.76,24.95,24.6,24.8,9325
2071-04-25,24.82,24.82,24.3,24.34,20943
2071-04-26,24.32,24.45,24.2,24.36,12313
2071-04-27,24.32,24.45,23.97,23.98,15794
2071-04-28,23.99,24.18,23.78,24.02,16515
2071-04-29,24.06,24.48,24.06,24.34,13450
2071-04-30,24.33,24.42,24.17,24.24,9835
2071-05-01,24.29,24.78,24.22,24.64,15533
2071-05-02,24.55,24.67,24.31,24.45,14150
2071-05-03,24.44,25.2,24.44,24.73,17174
2071-05-04,24.65,24.7,24.32,24.37,13357
2071-05-05,24.31,24.4,24.17,24.26,11896
2071-05-06,24.27,24.58,24.27,24.51,11635
2071-05-07,24.59,24.97,24.53,24.82,13716
2071-05-08,24.85,24.95,24.69,24.9,7278
2071-05-09,24.92,25.19,24.92,24.99,11398
2071-05-10,25.02,25.4,24.97,25.23,13417
2071-05-11,25.21,25.35,25.01,25.23,10610
2071-05-12,25.3,25.3,24.8,24.89,11405
2071-05-13,24.83,24.87,24.6,24.64,7479
2071-05-14,24.6,24.71,24.53,24.54,6229
2071-05-15,24.5,24.85,24.5,24.82,7182
2071-05-16,24.82,24.92,24.76,24.85,6080
2071-05-17,24.85,24.91,24.71,24.78,6514
2071-05-18,24.8,24.83,24.27,24.39,14255
2071-05-19,24.41,24.43,24.13,24.34,11436
2071-05-20,24.35,24.53,24.35,24.41,8750
2071-05-21,24.41,24.95,24.33,24.77,10751
2071-05-22,24.78,25.07,24.76,25.06,8608
2071-05-23,25.05,25.13,24.9,24.99,6114
2071-05-24,25.03,25.07,24.71,24.77,10321
2071-05-25,24.74,24.82,24.5,24.52,10664
2071-05-26,24.53,24.73,24.51,24.53,8471
2071-05-27,24.52,24.74,24.5,24.51,8629
2071-05-28,24.5,24.75,24.48,24.7,9142
2071-05-29,24.85,25.04,24.85,25.02,5272
2071-05-30,25.08,25.08,24.85,24.94,5569
2071-05-31,24.95,25.13,24.92,25.01,5209
2071-06-01,24.85,24.93,24.65,24.67,12739
2071-06-02,24.75,24.85,24.62,24.83,12315
2071-06-03,24.88,24.92,24.85,24.92,8402
2071-06-04,25.71,25.95,25.2,25.76,19601
2071-06-05,25.68,25.75,25.15,25.23,16634
2071-06-06,25.18,25.21,25.01,25.14,16645
2071-06-07,25.14,25.14,24.41,24.63,25940
2071-06-08,24.63,24.76,24.34,24.51,14539
2071-06-09,24.52,24.69,24.36,24.51,9930
2071-06-10,24.51,24.53,24.26,24.29,10036
2071-06-11,24.29,24.32,23.98,24.02,12939
2071-06-12,24.03,24.31,23.77,24.24,14138
2071-06-13,24.22,24.3,24.0,24.29,6662
2071-06-14,24.26,24.38,23.95,24.0,8468
2071-06-15,24.05,24.1,23.92,24.0,5186
2071-06-16,23.96,24.05,23.72,23.92,9586
2071-06-17,24.21,24.27,23.77,23.77,7629
2071-06-18,23.85,23.94,23.49,23.51,13053
2071-06-19,23.57,23.6,23.02,23.35,17929
2071-06-20,23.39,23.6,23.39,23.47,8715
2071-06-21,23.47,23.6,23.38,23.42,9635
2071-06-22,23.52,23.52,23.35,23.44,3409
2071-06-23,23.49,23.55,23.2,23.35,10118
2071-06-24,23.35,23.43,23.25,23.32,7366
2071-06-25,23.29,23.3,22.95,23.02,14545
2071-06-26,23.05,23.2,22.97,23.11,8751
2071-06-27,23.14,23.44,23.14,23.39,8093
2071-06-28,23.39,23.72,23.33,23.63,13955
2071-06-29,23.65,23.99,23.65,23.85,14065
2071-06-30,23.83,23.87,23.62,23.71,9440
2071-07-01,23.7,24.07,23.69,23.83,14666
2071-07-02,23.84,23.92,23.42,23.49,9247
2071-07-03,23.49,23.53,23.07,23.25,12158
2071-07-04,23.23,23.28,22.83,23.19,13272
2071-07-05,23.21,23.37,23.06,23.3,9429
2071-07-06,23.25,23.4,23.22,23.34,6886
2071-07-07,23.3,23.38,22.97,23.28,10594
2071-07-08,23.28,23.54,23.19,23.36,11501
2071-07-09,23.4,23.45,23.03,23.23,10186
2071-07-10,23.2,23.2,22.71,22.73,15866
2071-07-11,22.71,22.71,22.25,22.36,14024
2071-07-12,22.36,22.55,22.19,22.2,8974
2071-07-13,22.2,22.32,22.01,22.05,9223
2071-07-14,22.05,22.18,21.87,21.91,12244
2071-07-15,21.93,21.97,21.67,21.71,9876
2071-07-16,21.79,21.79,21.37,21.51,7620
2071-07-17,21.49,21.68,21.28,21.31,12335
2071-07-18,21.36,21.48,20.97,21.06,10877
2071-07-19,21.12,21.3,20.88,21.13,9045
2071-07-20,21.22,21.56,21.18,21.55,7981
2071-07-21,21.52,21.72,21.37,21.41,9195
2071-07-22,21.41,21.43,20.98,21.05,10654
2071-07-23,21.04,21.05,20.62,20.68,8684
2071-07-24,20.7,20.85,20.43,20.63,11860
2071-07-25,20.68,20.92,20.51,20.65,8799
2071-07-26,20.77,20.79,20.41,20.42,8007
2071-07-27,20.42,20.42,20.03,20.05,11113
2071-07-28,20.3,20.3,19.47,19.68,14655
2071-07-29,19.64,19.75,19.03,19.19,11156
2071-07-30,19.19,19.19,18.52,19.06,15981
2071-07-31,19.12,19.58,19.12,19.52,14851
2071-08-01,19.53,19.53,18.62,18.73,20343
2071-08-02,18.7,18.75,18.3,18.32,18100
2071-08-03,18.3,18.3,17.79,17.86,16215
2071-08-04,17.82,18.3,17.65,18.04,16971
2071-08-05,17.98,18.65,17.92,18.54,17178
2071-08-06,18.5,18.58,18.35,18.36,13739
2071-08-07,18.2,18.36,17.85,17.88,14206
2071-08-08,17.83,17.83,17.36,17.61,15464
2071-08-09,17.66,18.38,17.61,18.26,14309
2071-08-10,18.26,19.04,18.26,18.81,21774
2071-08-11,18.78,18.78,18.26,18.52,10039
2071-08-12,18.6,18.77,18.32,18.37,10136
2071-08-13,18.39,18.44,18.1,18.38,8877
2071-08-14,18.3,18.35,18.07,18.33,7357
2071-08-15,18.35,18.95,18.25,18.88,11300
2071-08-16,18.85,19.55,18.85,19.07,20676
2071-08-17,19.01,19.29,18.85,18.89,9925
2071-08-18,18.92,19.12,18.89,19.1,10765
2071-08-19,19.09,19.48,18.98,19.43,14588
2071-08-20,19.47,19.7,19.3,19.43,13480
2071-08-21,19.43,19.87,19.25,19.38,14556
2071-08-22,19.35,19.72,19.13,19.67,9697
2071-08-23,19.62,19.95,19.44,19.58,7721
2071-08-24,19.6,19.84,19.45,19.57,4846
2071-08-25,19.5,19.78,19.5,19.71,6121
2071-08-26,19.71,19.88,18.88,18.91,15771
2071-08-27,18.9,19.0,18.31,18.37,9124
2071-08-28,18.28,18.37,18.07,18.13,6087
2071-08-29,18.14,18.3,18.01,18.04,10123
2071-08-30,18.04,18.41,17.98,18.39,9570
2071-08-31,18.39,18.62,18.21,18.51,6488
2071-09-01,18.51,18.65,18.41,18.63,6020
2071-09-02,18.65,18.8,18.51,18.55,7033
2071-09-03,18.48,18.93,18.42,18.91,8146
2071-09-04,18.85,19.49,18.85,19.32,11384
2071-09-05,19.35,19.6,19.28,19.45,9297
2071-09-06,19.5,19.65,19.28,19.32,8662
2071-09-07,19.27,19.33,19.0,19.15,9049
2071-09-08,19.8,20.45,19.8,20.37,22138
2071-09-09,20.37,20.55,20.29,20.37,11021
2071-09-10,20.32,20.73,20.21,20.26,13032
2071-09-11,20.13,20.3,19.98,20.17,7233
2071-09-12,20.17,20.4,19.9,20.05,10762
2071-09-13,20.07,20.37,19.83,19.88,12654
2071-09-14,19.9,20.03,19.4,19.64,17246
2071-09-15,19.64,19.79,19.38,19.41,15266
2071-09-16,19.45,19.5,19.15,19.47,12086
2071-09-17,19.6,19.7,19.47,19.65,8567
2071-09-18,19.73,19.78,19.51,19.71,10759
2071-09-19,19.7,19.75,19.5,19.53,9918
2071-09-20,19.61,19.62,19.42,19.51,8208
2071-09-21,19.5,19.5,19.05,19.13,13691
2071-09-22,19.31,19.31,18.76,18.84,13233
2071-09-23,18.73,18.8,18.58,18.6,10821
2071-09-24,18.58,18.65,18.33,18.44,14956
2071-09-25,18.44,18.48,17.81,17.88,24714
2071-09-26,17.95,18.12,17.89,18.04,11695
2071-09-27,18.09,18.09,17.82,17.88,8628
2071-09-28,17.89,18.25,17.67,18.21,15635
2071-09-29,18.15,18.32,17.88,18.08,9981
2071-09-30,18.08,18.13,17.77,17.8,8206
2071-10-01,17.77,17.82,17.4,17.44,13495
2071-10-02,17.44,17.46,17.13,17.35,9610
2071-10-03,17.33,17.6,17.33,17.53,6068
2071-10-04,17.52,17.69,17.48,17.52,7071
2071-10-05,17.55,17.8,17.55,17.68,8558
2071-10-06,17.8,17.97,17.75,17.84,6947
2071-10-07,17.82,17.82,17.39,17.5,8343
2071-10-08,17.5,17.55,17.21,17.36,10200
2071-10-09,17.45,17.55,17.26,17.33,9554
2071-10-10,17.45,17.45,17.02,17.16,12547
2071-10-11,17.25,17.49,17.15,17.23,8982
2071-10-12,17.25,17.43,17.15,17.18,8581
2071-10-13,17.21,17.26,16.95,17.12,9107
2071-10-14,17.05,17.17,16.96,17.11,4992
2071-10-15,17.1,17.37,16.99,17.29,10586
2071-10-16,17.28,17.28,17.06,17.19,5792
2071-10-17,17.21,17.22,16.8,16.85,11460
2071-10-18,16.82,16.83,16.6,16.64,10050
2071-10-19,16.88,16.91,16.58,16.63,6309
2071-10-20,16.7,17.15,16.7,16.85,5659
2071-10-21,16.95,16.97,16.7,16.92,3265
2071-10-22,16.99,17.12,16.95,17.06,5851
2071-10-23,17.04,17.29,17.01,17.03,5498
2071-10-24,16.9,17.08,16.78,16.95,6727
2071-10-25,17.05,17.05,16.8,16.91,5740
2071-10-26,16.82,16.88,16.55,16.57,7607
2071-10-27,16.68,16.8,16.5,16.51,11104
2071-10-28,16.51,16.6,16.36,16.49,10838
2071-10-29,16.58,16.58,16.2,16.2,4791
2071-10-30,16.2,16.29,15.94,16.07,10362
2071-10-31,16.07,16.07,15.39,15.47,7645
2071-11-01,15.6,15.6,15.33,15.5,8924
2071-11-02,15.36,15.66,15.36,15.44,5623
2071-11-03,15.44,15.55,15.27,15.53,7727
2071-11-04,15.66,15.74,15.25,15.43,6495
2071-11-05,15.43,15.43,15.11,15.15,7909
2071-11-06,15.19,15.36,15.18,15.23,5400
2071-11-07,15.35,15.52,15.28,15.44,7091
2071-11-08,15.46,15.46,15.13,15.29,4605
2071-11-09,15.49,15.53,15.22,15.36,4204
2071-11-10,15.45,16.05,15.4,15.92,6059
2071-11-11,16.0,16.6,16.0,16.34,6072
2071-11-12,16.42,16.54,15.95,16.01,2950
2071-11-13,16.35,16.61,16.15,16.34,4665
2071-11-14,16.25,16.34,15.67,15.86,4342
2071-11-15,15.71,15.71,15.06,15.24,6314
2071-11-16,15.18,15.34,14.85,14.88,5916
2071-11-17,14.88,15.28,14.8,15.11,10055
2071-11-18,15.1,15.45,15.1,15.21,6185
2071-11-19,15.3,16.21,15.3,16.17,7007
2071-11-20,16.3,16.86,16.2,16.48,11082
2071-11-21,16.4,17.05,16.18,16.99,12640
2071-11-22,16.91,17.1,16.35,16.55,9545
2071-11-23,16.36,16.65,16.23,16.51,6675
2071-11-24,16.45,17.05,16.36,16.98,7648
2071-11-25,17.23,17.75,17.18,17.31,11116
2071-11-26,17.15,17.19,16.91,17.0,3891
2071-11-27,16.91,16.91,16.05,16.14,7855
2071-11-28,16.0,16.17,15.83,16.07,5559
2071-11-29,16.25,16.65,16.21,16.63,5079
2071-11-30,16.73,17.44,16.65,16.96,7441
2071-12-01,17.26,17.26,16.8,16.96,1687
2071-12-02,17.19,17.48,17.16,17.42,2964
2071-12-03,17.42,17.57,17.2,17.23,3617
2071-12-04,16.75,16.97,16.75,16.91,2954
2071-12-05,17.2,17.2,16.87,16.94,2635
2071-12-06,16.9,17.27,16.88,17.25,4162
2071-12-07,17.19,17.19,16.85,16.87,4000
2071-12-08,16.88,17.16,16.88,17.07,5779
2071-12-09,17.16,17.17,16.85,16.88,8845
2071-12-10,17.12,17.42,17.07,17.22,10476
2071-12-11,17.25,17.39,17.13,17.3,7527
2071-12-12,17.4,17.4,17.16,17.35,5999
2071-12-13,17.5,17.53,17.15,17.17,7607
2071-12-14,17.48,17.7,17.36,17.57,7785
2071-12-15,17.5,17.63,17.38,17.49,7408
2071-12-16,17.5,17.75,17.48,17.58,5011
2071-12-17,17.51,18.05,17.42,18.04,5632
2071-12-18,18.22,18.6,17.88,18.17,6956
2071-12-19,18.07,18.08,17.65,17.68,9536
2071-12-20,17.6,17.6,17.05,17.06,6878
2071-12-21,17.16,17.16,16.91,17.1,7219
2071-12-22,17.18,17.18,16.93,17.01,5725
2071-12-23,17.18,17.27,17.07,17.15,7881
2071-12-24,17.17,17.31,16.88,17.03,13823
2071-12-25,17.01,17.19,16.86,16.95,12860
2071-12-26,16.96,16.96,16.76,16.81,11044
2071-12-27,16.82,17.04,16.78,16.83,10169
2071-12-28,16.76,16.99,16.7,16.93,11716
2071-12-29,16.93,17.29,16.9,17.03,16714
2071-12-30,17.03,17.22,16.98,17.06,15437
2071-12-31,17.07,17.12,16.7,16.72,21649
2072-01-01,16.7,16.75,16.56,16.59,22227
2072-01-02,16.58,16.72,16.47,16.69,13491
2072-01-03,16.65,16.84,16.6,16.77,9207
2072-01-04,16.75,17.22,16.75,17.16,16084
2072-01-05,17.18,17.18,16.86,16.88,11839
2072-01-06,16.68,17.4,16.68,16.95,15503
2072-01-07,17.01,17.12,16.86,16.88,8966
2072-01-08,16.79,16.93,16.7,16.72,10987
2072-01-09,16.7,16.7,16.5,16.52,11178
2072-01-10,16.52,16.7,16.33,16.61,14176
2072-01-11,16.55,16.67,16.41,16.55,10955
2072-01-12,16.57,16.65,16.47,16.56,7844
2072-01-13,16.58,16.82,16.35,16.37,13364
2072-01-14,16.31,16.31,16.06,16.23,17456
2072-01-15,16.21,16.34,16.13,16.21,8850
2072-01-16,16.18,16.26,16.13,16.21,8463
2072-01-17,16.16,16.48,16.1,16.13,11881
2072-01-18,16.13,16.34,16.0,16.3,11660
2072-01-19,16.28,16.52,16.2,16.24,10470
2072-01-20,16.28,16.38,16.22,16.3,11840
2072-01-21,16.3,16.34,16.05,16.12,8913
2072-01-22,16.19,16.23,15.96,16.11,9766
2072-01-23,16.12,16.19,15.99,16.08,9124
2072-01-24,16.12,16.15,16.0,16.06,9615
2072-01-25,16.14,16.25,16.0,16.15,13662
2072-01-26,16.15,16.47,16.14,16.22,11260
2072-01-27,16.21,16.27,15.96,16.13,12904
2072-01-28,16.08,16.1,15.82,15.83,11447
2072-01-29,15.89,15.95,15.69,15.76,5004
2072-01-30,15.82,16.05,15.82,15.94,8884
2072-01-31,15.95,16.09,15.86,16.04,10339
2072-02-01,16.0,16.6,16.0,16.33,6706
2072-02-02,16.37,16.48,16.21,16.31,9542
2072-02-03,16.22,16.8,16.2,16.66,13688
2072-02-04,16.75,16.75,16.43,16.55,6846
2072-02-05,16.45,16.53,16.3,16.44,10328
2072-02-06,16.5,16.58,16.3,16.41,7913
2072-02-07,16.43,16.72,16.43,16.5,14087
2072-02-08,16.65,16.96,16.56,16.94,14375
2072-02-09,17.0,17.11,16.8,16.9,10966
2072-02-10,16.9,16.93,16.57,16.62,8644
2072-02-11,16.55,16.55,16.35,16.46,9843
2072-02-12,16.46,16.47,16.25,16.34,7101
2072-02-13,16.4,16.53,16.35,16.51,9339
2072-02-14,15.72,15.72,15.57,15.69,7750
2072-02-15,15.71,15.82,15.64,15.69,8222
2072-02-16,15.74,15.8,15.5,15.52,9808
2072-02-17,15.82,15.83,15.7,15.81,7568
2072-02-18,16.05,16.05,15.85,15.99,3855
2072-02-19,15.97,16.05,15.82,15.99,8903
2072-02-20,15.95,16.41,15.9,16.39,9687
2072-02-21,16.36,16.52,16.31,16.41,5538
2072-02-22,16.51,16.75,16.11,16.14,8411
2072-02-23,16.16,16.17,16.04,16.07,8110
2072-02-24,16.06,16.06,15.9,15.92,9534
2072-02-25,15.94,16.12,15.94,16.02,12681
2072-02-26,15.7,15.94,15.58,15.82,12985
2072-02-27,15.9,16.08,15.75,15.96,13518
2072-02-28,15.94,16.18,15.85,16.05,15936
2072-02-29,16.05,16.23,16.01,16.19,7054
2072-03-01,16.03,16.08,15.94,15.98,7291
2072-03-02,15.98,16.05,15.75,15.78,10383
2072-03-03,15.78,16.05,15.78,15.93,11425
2072-03-04,15.92,16.43,15.88,16.41,19487
2072-03-05,16.3,16.53,16.25,16.32,15681
2072-03-06,16.19,16.56,16.06,16.53,11168
2072-03-07,16.53,16.77,16.31,16.34,17485
2072-03-08,16.34,16.46,16.2,16.28,9541
2072-03-09,16.29,16.36,16.1,16.18,7179
2072-03-10,16.25,16.54,16.25,16.45,7928
2072-03-11,16.45,16.64,16.36,16.48,9418
2072-03-12,16.47,16.53,16.37,16.48,6794
2072-03-13,16.47,17.15,16.3,17.11,25530
2072-03-14,17.14,17.42,16.96,17.04,23035
2072-03-15,16.56,16.65,16.36,16.48,6484
2072-03-16,16.52,16.57,16.11,16.19,11037
2072-03-17,16.15,16.17,15.9,15.96,10445
2072-03-18,15.98,15.98,15.68,15.82,11711
2072-03-19,15.9,16.05,15.82,15.97,6314
2072-03-20,15.97,15.97,15.75,15.76,9670
2072-03-21,15.76,15.81,15.55,15.79,10485
2072-03-22,15.7,16.0,15.7,15.97,8385
2072-03-23,15.86,15.96,15.59,15.62,12598
2072-03-24,15.62,15.74,15.51,15.59,6607
2072-03-25,15.57,15.65,15.44,15.47,8792
2072-03-26,15.47,15.65,15.46,15.63,8287
2072-03-27,15.76,16.1,15.72,15.99,8300
2072-03-28,16.05,16.33,16.05,16.11,12754
2072-03-29,16.07,16.08,15.8,15.91,11121
2072-03-30,15.97,16.06,15.87,16.04,9733
2072-03-31,16.08,16.08,15.65,15.7,18108
2072-04-01,15.68,15.83,15.6,15.66,12926
2072-04-02,15.7,15.93,15.63,15.83,14654
2072-04-03,15.89,16.09,15.82,15.84,12423
2072-04-04,15.84,15.99,15.77,15.96,11053
2072-04-05,15.96,16.56,15.93,16.38,23097
2072-04-06,16.38,16.61,16.28,16.51,9131
2072-04-07,16.5,16.7,16.23,16.29,12515
2072-04-08,16.52,17.09,16.52,17.02,23196
2072-04-09,17.05,17.13,16.81,16.85,11147
2072-04-10,16.79,17.22,16.64,16.94,12610
2072-04-11,17.1,17.9,17.0,17.85,24579
2072-04-12,17.5,17.6,17.26,17.46,10960
2072-04-13,17.43,17.46,17.22,17.27,8102
2072-04-14,17.37,17.58,17.35,17.5,13603
2072-04-15,17.45,17.46,17.08,17.16,11334
2072-04-16,17.14,17.5,17.0,17.4,7382
2072-04-17,17.35,17.7,17.35,17.6,5908
2072-04-18,17.6,17.7,17.46,17.5,7022
2072-04-19,17.46,17.99,17.35,17.79,11509
2072-04-20,17.8,18.0,17.75,17.88,11292
2072-04-21,17.88,18.48,17.84,18.31,14586
2072-04-22,18.3,18.7,18.3,18.54,11605
2072-04-23,18.51,18.55,18.12,18.39,9385
2072-04-24,18.43,18.52,18.27,18.48,7947
2072-04-25,18.45,18.5,17.78,17.84,11317
2072-04-26,17.89,18.0,17.55,17.97,6876
2072-04-27,17.81,17.91,17.69,17.77,5881
2072-04-28,17.75,18.06,17.68,17.73,12105
2072-04-29,17.71,18.02,17.66,17.97,7148
2072-04-30,17.94,18.35,17.94,18.29,7439
2072-05-01,18.49,18.56,18.15,18.17,8131
2072-05-02,18.12,18.35,18.0,18.33,14561
2072-05-03,18.75,19.06,18.74,18.94,15144
2072-05-04,18.93,19.0,18.68,18.94,10221
2072-05-05,18.87,19.02,18.72,18.91,12705
2072-05-06,18.91,18.91,18.73,18.75,15521
2072-05-07,18.7,18.95,18.44,18.46,16156
2072-05-08,18.42,18.44,17.97,18.09,23194
2072-05-09,18.03,18.14,17.88,18.05,16331
2072-05-10,18.24,18.88,18.22,18.59,18594
2072-05-11,18.59,18.78,18.46,18.54,12577
2072-05-12,18.65,19.02,18.56,18.58,18012
2072-05-13,18.6,18.78,18.4,18.58,11313
2072-05-14,18.53,18.98,18.21,18.22,12345
2072-05-15,18.55,18.55,17.76,17.87,15800
2072-05-16,17.79,18.02,17.75,17.91,10560
2072-05-17,17.98,18.24,17.8,17.93,12040
2072-05-18,17.95,17.97,17.81,17.85,9065
2072-05-19,17.75,17.93,17.45,17.48,13892
2072-05-20,17.34,17.34,16.49,17.03,28729
2072-05-21,17.01,17.31,16.96,17.0,9481
2072-05-22,17.0,17.18,16.75,17.05,9015
2072-05-23,17.21,17.44,17.07,17.23,10536
2072-05-24,17.08,17.3,17.08,17.19,5533
2072-05-25,17.04,17.3,17.0,17.21,6395
2072-05-26,17.15,17.3,17.13,17.24,6476
2072-05-27,17.2,17.27,16.97,17.17,9528
2072-05-28,17.03,17.08,16.7,16.76,19416
2072-05-29,16.79,16.87,16.64,16.66,8804
2072-05-30,16.6,16.6,15.84,15.86,21887
2072-05-31,15.86,16.04,15.86,15.87,16017
2072-06-01,15.97,16.24,15.97,16.21,8202
2072-06-02,16.22,16.82,16.18,16.76,12809
2072-06-03,16.82,16.85,16.46,16.52,11782
2072-06-04,16.58,16.58,16.3,16.44,11112
2072-06-05,16.5,16.6,16.2,16.3,11055
2072-06-06,16.3,16.55,16.26,16.5,7463
2072-06-07,16.41,16.54,16.34,16.36,8439
2072-06-08,16.24,16.32,15.95,16.3,12252
2072-06-09,16.3,16.42,16.08,16.11,12296
2072-06-10,16.77,16.85,16.64,16.8,2807
2072-06-11,16.8,16.95,16.74,16.85,4379
2072-06-12,16.9,16.9,16.59,16.6,3834
2072-06-13,16.55,16.55,16.3,16.31,2825
2072-06-14,16.25,16.38,15.98,16.11,5374
2072-06-15,16.26,16.32,16.16,16.16,6773
2072-06-16,16.21,16.37,16.11,16.18,6855
2072-06-17,16.3,16.39,16.12,16.18,12558
2072-06-18,16.08,16.19,15.98,15.99,12735
2072-06-19,15.75,15.76,15.57,15.72,7540
2072-06-20,15.72,15.72,15.51,15.53,8980
2072-06-21,15.55,15.8,15.55,15.71,8594
2072-06-22,15.5,15.9,15.35,15.89,8079
2072-06-23,15.93,15.93,15.74,15.76,9732
2072-06-24,15.76,15.82,15.65,15.7,7988
2072-06-25,15.7,15.85,15.56,15.62,6373
2072-06-26,15.64,15.64,15.43,15.54,5245
2072-06-27,15.64,15.64,15.28,15.41,3634
2072-06-28,15.41,15.52,15.31,15.34,5953
2072-06-29,15.36,15.55,15.25,15.34,5465
2072-06-30,15.67,15.79,15.62,15.68,2909
2072-07-01,15.75,15.83,15.69,15.83,3305
2072-07-02,15.83,16.03,15.68,15.69,3437
2072-07-03,15.67,15.7,15.52,15.56,6419
2072-07-04,15.65,15.65,15.5,15.52,5079
2072-07-05,15.73,15.73,15.5,15.58,5382
2072-07-06,15.72,15.84,15.5,15.54,10803
2072-07-07,15.39,15.59,15.38,15.58,8910
2072-07-08,15.61,15.68,15.47,15.59,8647
2072-07-09,15.66,15.73,15.59,15.67,7724
2072-07-10,15.6,15.6,15.34,15.41,8726
2072-07-11,15.37,15.47,15.28,15.3,7010
2072-07-12,15.47,15.47,15.14,15.2,8459
2072-07-13,15.31,15.34,15.19,15.33,6284
2072-07-14,15.28,15.34,15.22,15.24,3905
2072-07-15,15.17,15.38,15.17,15.24,2893
2072-07-16,15.16,15.37,15.13,15.24,4357
2072-07-17,15.22,15.31,15.2,15.29,3063
2072-07-18,15.26,15.35,15.2,15.23,3024
2072-07-19,15.23,15.57,15.18,15.55,5992
2072-07-20,15.8,15.84,15.52,15.53,1656
2072-07-21,15.51,15.51,15.41,15.47,3797
2072-07-22,15.41,15.55,15.36,15.42,3377
2072-07-23,15.49,15.51,15.35,15.36,4004
2072-07-24,15.35,15.4,15.24,15.31,2743
2072-07-25,15.35,15.36,15.23,15.33,4359
2072-07-26,15.37,15.44,15.24,15.26,2962
2072-07-27,15.35,15.45,15.32,15.35,2620
2072-07-28,15.73,15.85,15.51,15.73,4264
2072-07-29,15.72,16.0,15.69,15.72,5827
2072-07-30,15.89,15.93,15.7,15.89,5235
2072-07-31,15.91,16.09,15.87,15.98,7767
2072-08-01,16.06,16.25,15.99,16.06,7866
2072-08-02,15.58,15.97,15.54,15.58,8719
2072-08-03,15.36,15.57,15.35,15.36,8294
2072-08-04,15.45,15.88,15.34,15.82,6297
2072-08-05,15.88,15.92,15.71,15.88,4018
2072-08-06,15.83,15.83,15.62,15.83,3841
2072-08-07,15.19,15.24,15.04,15.19,3969
2072-08-08,15.65,15.87,15.64,15.65,7063
2072-08-09,15.62,15.74,15.55,15.62,6542
2072-08-10,16.1,16.1,15.55,15.66,8817
2072-08-11,15.58,15.67,15.55,15.58,7113
2072-08-12,15.5,15.75,15.5,15.65,7654
2072-08-13,15.78,15.88,15.57,15.78,11823
2072-08-14,15.95,16.05,15.78,15.95,16171
2072-08-15,15.95,16.04,15.73,15.78,18100
2072-08-16,15.82,15.82,15.62,15.73,13715
2072-08-17,15.58,15.72,15.51,15.58,14364
2072-08-18,15.55,15.72,15.4,15.49,12771
2072-08-19,15.52,15.58,15.38,15.5,7006
2072-08-20,15.46,15.67,15.45,15.46,9004
2072-08-21,15.83,15.83,15.43,15.45,9292
2072-08-22,15.45,15.54,15.31,15.34,12738
2072-08-23,15.34,15.4,15.2,15.22,11237
2072-08-24,15.22,15.35,15.12,15.14,9855
2072-08-25,15.1,15.19,15.03,15.05,10031
2072-08-26,15.05,15.13,14.87,14.89,13695
2072-08-27,14.79,14.85,14.7,14.79,5788
2072-08-28,14.82,14.89,14.68,14.82,8644
2072-08-29,14.72,14.89,14.72,14.78,8594
2072-08-30,14.7,14.84,14.68,14.7,8151
2072-08-31,14.7,14.76,14.6,14.65,5699
2072-09-01,14.67,14.74,14.51,14.57,8766
2072-09-02,14.61,14.85,14.6,14.62,12908
2072-09-03,14.6,14.87,14.6,14.81,7228
2072-09-04,14.94,15.34,14.94,15.15,17353
2072-09-05,15.11,15.25,15.0,15.11,6024
2072-09-06,15.11,15.3,15.08,15.14,7173
2072-09-07,15.24,15.24,15.09,15.2,6136
2072-09-08,15.26,15.35,15.17,15.26,5959
2072-09-09,15.26,15.26,15.06,15.12,14030
2072-09-10,15.06,15.2,14.93,14.98,5127
2072-09-11,14.95,15.09,14.93,15.04,8931
2072-09-12,15.05,15.15,15.03,15.13,4137
2072-09-13,15.24,15.52,15.15,15.31,13909
2072-09-14,15.45,15.55,15.34,15.45,10290
2072-09-15,15.34,15.51,15.33,15.34,6340
2072-09-16,15.3,15.42,15.24,15.37,8657
2072-09-17,15.29,15.4,15.29,15.29,4448
2072-09-18,15.14,15.14,14.72,14.73,10453
2072-09-19,14.72,14.89,14.7,14.76,12935
2072-09-20,14.64,14.89,14.63,14.64,14748
2072-09-21,15.03,15.05,14.74,15.03,17627
2072-09-22,15.16,15.27,15.04,15.26,12531
2072-09-23,15.34,15.6,15.04,15.23,20577
2072-09-24,15.23,15.23,14.87,14.97,8084
2072-09-25,15.0,15.2,14.85,15.17,5789
2072-09-26,15.2,15.2,14.91,15.01,9006
2072-09-27,14.95,15.25,14.92,15.2,7673
2072-09-28,15.03,15.19,15.02,15.03,5413
2072-09-29,14.91,15.1,14.87,14.91,6519
2072-09-30,15.58,15.6,15.42,15.58,7791
2072-10-01,15.6,15.64,15.39,15.42,8340
2072-10-02,15.4,15.58,15.32,15.48,13991
2072-10-03,15.39,15.52,15.36,15.39,6757
2072-10-04,15.03,15.09,14.8,14.96,11752
2072-10-05,15.14,15.14,14.88,14.89,10114
2072-10-06,14.86,14.98,14.85,14.86,8403
2072-10-07,14.81,14.97,14.77,14.92,11862
2072-10-08,15.04,15.04,14.74,14.8,11595
2072-10-09,14.8,14.97,14.72,14.92,10416
2072-10-10,14.92,15.12,14.86,14.99,10277
2072-10-11,14.97,15.04,14.87,14.98,7361
2072-10-12,15.0,15.04,14.9,15.0,8502
2072-10-13,15.0,15.07,14.76,14.78,9248
2072-10-14,14.75,14.86,14.68,14.79,13554
2072-10-15,14.8,14.9,14.57,14.59,11028
2072-10-16,14.59,14.7,14.5,14.62,7083
2072-10-17,14.52,14.78,14.5,14.52,6119
2072-10-18,14.6,14.7,14.47,14.49,8445
2072-10-19,14.4,14.66,14.4,14.65,6052
2072-10-20,14.65,14.84,14.58,14.65,7761
2072-10-21,14.58,14.72,14.58,14.6,5947
2072-10-22,14.67,14.69,14.6,14.6,5250
2072-10-23,14.48,14.65,14.42,14.48,5907
2072-10-24,14.55,14.55,14.38,14.51,5237
2072-10-25,14.57,14.66,14.53,14.58,6025
2072-10-26,14.66,14.66,14.48,14.55,8540
2072-10-27,14.55,15.08,14.53,15.01,19990
2072-10-28,15.07,15.2,14.92,15.07,12187
2072-10-29,15.05,15.05,14.87,15.01,6892
2072-10-30,14.95,14.99,14.84,14.96,8472
2072-10-31,14.8,14.98,14.79,14.8,6453
2072-11-01,14.78,14.78,14.35,14.41,18396
2072-11-02,14.41,14.53,14.41,14.51,6498
2072-11-03,14.45,14.62,14.44,14.51,9179
2072-11-04,14.51,14.52,14.4,14.41,4969
2072-11-05,14.41,14.5,14.35,14.47,7465
2072-11-06,14.45,14.57,14.45,14.49,6854
2072-11-07,15.08,15.08,14.87,14.97,11663
2072-11-08,15.01,15.35,14.98,15.33,14151
2072-11-09,15.33,15.49,15.15,15.16,16040
2072-11-10,15.11,15.16,14.95,15.05,15738
2072-11-11,15.04,15.09,14.95,15.05,8400
2072-11-12,15.1,15.35,15.06,15.29,12672
2072-11-13,15.3,16.1,15.2,15.87,31940
2072-11-14,15.92,16.24,15.92,16.14,22866
2072-11-15,16.1,16.13,15.79,15.96,14976
2072-11-16,15.96,16.35,15.93,15.99,13349
2072-11-17,16.05,16.15,15.92,16.05,12115
2072-11-18,16.05,16.25,16.0,16.07,15632
2072-11-19,16.15,16.45,16.05,16.39,14468
2072-11-20,16.39,16.75,16.24,16.32,17887
2072-11-21,16.33,16.38,16.12,16.3,6743
2072-11-22,16.3,16.47,16.25,16.41,8930
2072-11-23,16.25,16.29,16.11,16.15,5056
2072-11-24,15.95,16.09,15.84,15.86,4898
2072-11-25,15.87,15.9,15.66,15.69,7818
2072-11-26,15.65,15.69,15.55,15.64,9418
2072-11-27,15.68,15.69,15.43,15.59,15277
2072-11-28,15.62,15.62,15.5,15.56,5809
2072-11-29,15.73,15.73,15.5,15.51,5067
2072-11-30,15.52,15.58,15.14,15.17,13601
2072-12-01,15.19,15.48,15.1,15.36,9560
2072-12-02,15.39,15.39,15.16,15.32,6923
2072-12-03,15.15,15.34,15.08,15.15,5500
2072-12-04,15.09,15.17,15.01,15.09,6500
2072-12-05,14.93,15.08,14.91,14.93,6970
2072-12-06,15.24,15.28,14.95,15.01,16207
2072-12-07,15.05,15.2,14.95,14.96,5
2072-12-08,15.0,15.0,14.85,14.87,7784
2072-12-09,14.9,15.11,14.87,15.06,10
2072-12-10,15.1,15.34,15.02,15.18,17
2072-12-11,15.09,15.31,15.09,15.18,74
2072-12-12,15.22,15.22,14.99,15.01,13311
2072-12-13,15.05,15.38,14.93,15.29,2
2072-12-14,15.32,15.37,15.13,15.2,15
2072-12-15,15.21,15.3,15.18,15.2,1
2072-12-16,15.21,15.25,14.88,14.92,14153
2072-12-17,14.89,14.95,14.77,14.87,3
2072-12-18,14.9,14.9,14.76,14.87,11
2072-12-19,14.8,15.1,14.8,15.09,15162
2072-12-20,15.12,15.15,14.81,14.83,2
2072-12-21,14.75,14.93,14.75,14.76,7089
2072-12-22,14.75,14.88,14.65,14.66,1
2072-12-23,14.75,14.75,14.65,14.65,16
2072-12-24,14.65,14.65,14.59,14.59,10125
2072-12-25,14.58,14.8,14.52,14.78,10585
2072-12-26,14.8,14.86,14.69,14.71,4
2072-12-27,14.7,14.79,14.6,14.63,7154
2072-12-28,14.63,14.82,14.58,14.65,4
2072-12-29,14.73,14.77,14.63,14.67,8
2072-12-30,14.7,14.77,14.59,14.62,8981
2072-12-31,14.6,14.69,14.5,14.53,7708
2073-01-01,14.52,14.82,14.49,14.74,11248
2073-01-02,14.75,14.9,14.69,14.8,23
2073-01-03,14.87,15.02,14.86,15.01,1
2073-01-04,15.05,15.37,15.0,15.34,74
2073-01-05,15.25,15.33,14.98,15.0,9481
2073-01-06,15.0,15.14,14.88,14.92,10146
2073-01-07,14.97,15.13,14.86,14.98,1
2073-01-08,15.04,15.25,14.97,15.13,14
2073-01-09,15.12,15.23,15.05,15.09,11176
2073-01-10,15.23,15.65,15.19,15.58,15922
2073-01-11,15.58,15.7,15.4,15.52,53
2073-01-12,15.12,15.2,15.01,15.15,6343
2073-01-13,15.15,15.25,15.13,15.19,29
2073-01-14,15.18,15.26,15.13,15.17,4081
2073-01-15,15.17,15.21,15.06,15.09,4490
2073-01-16,15.08,15.1,14.88,14.9,5729
2073-01-17,14.93,15.38,14.9,15.23,10521
2073-01-18,15.23,15.3,15.09,15.1,10333
2073-01-19,15.14,15.17,15.02,15.03,20
2073-01-20,15.45,15.47,15.13,15.31,16997
2073-01-21,15.26,15.82,15.19,15.7,9804
2073-01-22,15.63,16.6,15.6,15.86,10349
2073-01-23,15.9,16.16,15.8,16.11,13391
2073-01-24,16.32,16.4,16.01,16.11,10789
2073-01-25,16.13,16.73,16.08,16.49,11064
2073-01-26,16.42,16.78,16.42,16.58,7605
2073-01-27,16.6,17.42,16.6,17.0,9
2073-01-28,16.86,18.27,16.75,18.19,56
2073-01-29,18.16,18.7,17.85,18.32,105
2073-01-30,18.32,18.38,17.73,18.0,20
2073-01-31,17.98,19.0,17.75,18.69,52
2073-02-01,17.15,17.9,17.15,17.83,10
2073-02-02,18.05,18.06,17.63,17.67,3627
2073-02-03,17.89,17.89,17.55,17.82,3483
2073-02-04,17.94,18.15,17.92,17.93,3
2073-02-05,18.12,18.37,18.12,18.35,7729
2073-02-06,18.39,18.51,18.23,18.41,8
2073-02-07,18.32,19.02,18.28,19.01,11607
2073-02-08,19.21,19.21,18.77,18.8,15
2073-02-09,18.98,19.04,18.3,18.37,12113
2073-02-10,18.4,18.4,17.87,18.06,8717
2073-02-11,18.18,18.39,18.06,18.29,5373
2073-02-12,18.42,18.79,18.42,18.78,9
2073-02-13,18.78,18.95,18.74,18.9,5257
2073-02-14,18.92,18.94,18.68,18.72,4867
2073-02-15,18.7,19.38,18.7,19.1,4798
2073-02-16,19.09,19.39,18.96,19.3,6504
2073-02-17,19.3,19.3,18.9,18.95,5500
2073-02-18,18.92,19.0,18.73,18.88,4519
2073-02-19,18.76,18.83,18.32,18.49,1
2073-02-20,18.1,18.26,17.85,17.94,2329
2073-02-21,17.88,18.12,17.77,17.92,12
2073-02-22,17.73,17.97,17.41,17.47,13
2073-02-23,17.5,17.52,17.1,17.3,2
2073-02-24,17.25,17.65,17.14,17.45,2956
2073-02-25,17.35,17.64,17.3,17.59,2239
2073-02-26,17.72,17.74,17.32,17.34,4404
2073-02-27,17.16,17.43,17.16,17.31,2773
2073-02-28,17.15,17.15,16.82,16.88,10169
2073-03-01,16.92,17.08,16.76,16.82,10470
2073-03-02,16.78,16.79,16.53,16.67,9443
2073-03-03,16.7,16.82,16.65,16.67,5236
2073-03-04,16.63,16.63,16.28,16.33,5608
2073-03-05,16.35,16.42,16.22,16.41,4171
2073-03-06,16.37,16.37,16.22,16.25,2654
2073-03-07,16.25,16.45,16.24,16.26,4501
2073-03-08,16.25,16.38,16.0,16.25,4457
2073-03-09,16.53,16.68,16.49,16.56,3
2073-03-10,16.62,16.78,16.56,16.68,11854
2073-03-11,16.73,16.94,16.71,16.81,5
2073-03-12,16.78,16.92,16.63,16.66,5
2073-03-13,16.61,16.69,16.57,16.62,67
2073-03-14,16.66,16.7,16.31,16.32,14815
2073-03-15,16.32,16.32,15.5,15.55,34094
2073-03-16,15.55,15.72,15.4,15.57,396
2073-03-17,15.65,15.66,15.24,15.45,18416
2073-03-18,15.48,15.48,15.28,15.3,21
2073-03-19,15.36,15.54,15.28,15.42,16
2073-03-20,15.48,15.48,15.22,15.29,55
2073-03-21,15.25,15.57,15.24,15.49,58
2073-03-22,15.55,15.68,15.44,15.49,14
2073-03-23,15.49,15.49,15.38,15.43,10589
2073-03-24,15.43,15.43,14.95,15.03,24
2073-03-25,15.0,15.08,14.92,14.95,16
2073-03-26,14.96,15.0,14.88,14.91,20
2073-03-27,14.9,15.28,14.84,15.24,21
2073-03-28,14.8,15.05,14.8,14.98,2
2073-03-29,14.98,15.32,14.92,15.17,13673
2073-03-30,15.15,15.35,15.04,15.13,27
2073-03-31,15.1,15.2,15.02,15.05,9
2073-04-01,15.05,15.27,15.05,15.22,2
2073-04-02,15.22,15.8,15.22,15.69,18
2073-04-03,15.65,15.93,15.47,15.51,116
2073-04-04,15.51,15.71,15.39,15.68,4
2073-04-05,15.6,15.88,15.59,15.86,31
2073-04-06,15.86,16.16,15.86,16.13,73
2073-04-07,16.0,16.22,15.82,15.84,10406
2073-04-08,15.86,16.25,15.86,15.92,329
2073-04-09,15.93,16.12,15.79,15.81,149
2073-04-10,15.8,16.08,15.68,15.94,60
2073-04-11,16.24,16.29,16.08,16.19,8027
2073-04-12,16.19,16.34,16.06,16.09,20
2073-04-13,15.91,16.06,15.82,15.87,7094
2073-04-14,16.1,16.22,16.05,16.12,7
2073-04-15,16.15,16.24,16.1,16.11,9432
2073-04-16,16.18,16.47,16.12,16.46,8940
2073-04-17,16.8,16.8,16.33,16.42,115
2073-04-18,16.46,16.52,16.16,16.26,17
2073-04-19,16.17,16.23,15.95,15.96,16622
2073-04-20,16.0,16.14,15.93,15.95,21
2073-04-21,15.95,16.52,15.93,16.29,38
2073-04-22,16.4,16.88,16.36,16.8,16763
2073-04-23,16.75,16.98,16.52,16.73,140
2073-04-24,16.7,16.8,16.33,16.51,5
2073-04-25,16.6,16.71,16.45,16.5,21
2073-04-26,16.47,16.66,16.4,16.56,17787
2073-04-27,16.55,16.7,16.44,16.46,26
2073-04-28,16.46,16.54,16.01,16.03,13192
2073-04-29,15.6,15.63,15.45,15.5,13008
2073-04-30,15.69,15.98,15.55,15.94,11041
2073-05-01,15.94,16.02,15.71,15.72,13085
2073-05-02,15.7,15.95,15.64,15.85,26
2073-05-03,15.86,15.87,15.57,15.58,6762
2073-05-04,15.55,15.65,15.51,15.54,11258
2073-05-05,15.53,15.62,15.4,15.41,11348
2073-05-06,15.41,15.5,15.32,15.47,10
2073-05-07,15.47,15.62,15.23,15.34,1
2073-05-08,15.34,15.7,15.34,15.66,41
2073-05-09,15.68,16.23,15.62,16.02,143
2073-05-10,16.04,16.45,16.04,16.35,467
2073-05-11,16.4,16.48,16.15,16.47,41
2073-05-12,16.53,16.56,16.18,16.3,40
2073-05-13,16.27,16.27,15.96,15.98,52
2073-05-14,15.97,16.33,15.97,15.98,22
2073-05-15,15.99,16.16,15.68,15.71,412
2073-05-16,15.72,15.77,15.52,15.58,22
2073-05-17,15.51,15.76,15.51,15.55,75
2073-05-18,15.55,15.75,15.5,15.52,12899
2073-05-19,15.51,15.66,15.48,15.56,10824
2073-05-20,15.67,15.73,15.55,15.56,9213
2073-05-21,15.57,15.64,15.48,15.53,10078
2073-05-22,15.58,15.58,15.44,15.53,8945
2073-05-23,15.51,15.63,15.03,15.06,30104
2073-05-24,15.06,15.19,14.99,15.12,139
2073-05-25,15.1,15.31,15.05,15.27,19
2073-05-26,15.2,15.4,15.16,15.26,8129
2073-05-27,15.25,15.42,15.11,15.14,61
2073-05-28,15.14,15.28,15.06,15.19,8931
2073-05-29,15.31,15.5,15.25,15.47,43
2073-05-30,15.54,15.82,15.48,15.67,25187
2073-05-31,15.57,15.67,15.18,15.25,10
2073-06-01,15.28,15.39,15.15,15.37,8783
2073-06-02,15.37,15.47,15.18,15.33,7667
2073-06-03,15.22,15.39,15.21,15.29,4
2073-06-04,15.31,15.49,15.28,15.48,8134
2073-06-05,15.5,15.69,15.35,15.66,9513
2073-06-06,15.65,15.65,15.35,15.4,84
2073-06-07,15.3,15.54,15.3,15.52,9987
2073-06-08,15.58,15.79,15.51,15.77,15696
2073-06-09,16.0,16.19,15.92,16.14,18043
2073-06-10,16.45,16.48,16.21,16.41,9024
2073-06-11,16.47,16.47,16.08,16.09,11419
2073-06-12,16.09,16.18,15.99,16.06,15754
2073-06-13,16.05,16.24,16.05,16.11,10298
2073-06-14,16.07,16.11,15.87,15.9,10987
2073-06-15,15.95,16.05,15.8,15.95,11785
2073-06-16,16.02,16.15,15.99,16.09,11030
2073-06-17,16.08,16.5,16.03,16.46,15618
2073-06-18,16.47,16.73,16.37,16.63,9041
2073-06-19,16.72,16.72,16.39,16.49,9019
2073-06-20,16.48,16.48,16.22,16.23,9737
2073-06-21,16.25,16.36,16.19,16.32,9085
2073-06-22,16.34,16.73,16.34,16.72,12390
2073-06-23,16.72,16.73,16.38,16.41,13450
2073-06-24,16.45,16.51,16.33,16.4,7087
2073-06-25,16.44,16.59,16.37,16.45,10293
2073-06-26,16.41,16.58,16.41,16.51,8775
2073-06-27,16.52,16.67,16.43,16.59,8509
2073-06-28,16.56,16.7,16.36,16.38,6653
2073-06-29,16.37,16.53,16.25,16.52,9170
2073-06-30,16.76,17.1,16.74,17.08,15936
2073-07-01,17.08,17.18,16.93,16.94,10400
2073-07-02,16.9,17.2,16.85,17.18,10210
2073-07-03,17.18,17.55,17.12,17.18,17953
2073-07-04,17.15,17.18,16.98,17.1,8330
2073-07-05,17.12,17.26,17.12,17.24,9983
2073-07-06,17.21,17.26,16.84,16.86,16712
2073-07-07,16.84,16.9,16.73,16.74,12458
2073-07-08,16.69,16.69,16.31,16.44,26966
2073-07-09,16.48,16.52,16.31,16.32,12936
2073-07-10,16.33,16.38,16.15,16.33,13947
2073-07-11,16.33,16.51,16.28,16.37,13670
2073-07-12,16.37,16.41,16.22,16.26,9470
2073-07-13,16.26,16.29,16.13,16.14,11523
2073-07-14,16.17,16.44,16.11,16.43,12916
2073-07-15,16.4,16.64,16.4,16.62,12702
2073-07-16,16.6,16.91,16.6,16.9,15730
2073-07-17,16.89,17.14,16.72,16.82,18225
2073-07-18,17.0,17.0,16.8,16.82,7883
2073-07-19,16.93,16.93,16.67,16.69,7240
2073-07-20,16.7,16.85,16.58,16.83,11638
2073-07-21,16.82,17.17,16.75,16.93,16785
2073-07-22,16.9,17.1,16.9,17.07,12803
2073-07-23,17.06,17.51,17.0,17.49,19123
2073-07-24,17.47,17.58,17.31,17.44,21216
2073-07-25,17.43,17.9,17.4,17.75,25508
2073-07-26,17.75,17.92,17.56,17.87,19698
2073-07-27,17.73,17.9,17.62,17.7,16599
2073-07-28,17.73,18.27,17.7,18.26,24413
2073-07-29,18.26,18.32,18.01,18.06,20428
2073-07-30,18.06,18.2,17.95,18.13,12309
2073-07-31,18.13,18.72,18.13,18.69,22513
2073-08-01,18.71,18.71,18.41,18.42,11024
2073-08-02,18.41,18.89,18.39,18.6,18894
2073-08-03,18.55,18.83,18.55,18.72,10957
2073-08-04,18.75,18.95,18.7,18.73,15854
2073-08-05,18.72,18.72,18.28,18.4,13999
2073-08-06,18.31,18.34,17.87,17.96,15160
2073-08-07,18.02,18.15,17.92,18.04,11086
2073-08-08,18.09,18.09,17.85,17.86,10239
2073-08-09,17.95,18.06,17.76,17.96,6184
2073-08-10,17.98,17.98,17.76,17.77,4076
2073-08-11,17.8,18.1,17.76,17.84,7319
2073-08-12,17.95,18.26,17.95,18.13,7299
2073-08-13,18.21,18.21,17.96,18.02,11913
2073-08-14,18.02,18.16,17.85,18.11,10134
2073-08-15,18.1,18.24,18.03,18.05,16832
2073-08-16,18.03,18.55,18.0,18.35,16244
2073-08-17,18.55,18.66,18.37,18.51,13741
2073-08-18,18.58,18.63,18.01,18.02,18058
2073-08-19,18.09,18.3,17.74,18.08,16119
2073-08-20,18.05,18.7,18.02,18.44,10077
2073-08-21,18.56,18.88,18.54,18.79,10977
2073-08-22,18.8,18.85,18.6,18.7,10542
2073-08-23,18.7,18.88,18.51,18.83,9073
2073-08-24,18.87,19.28,18.79,19.23,14668
2073-08-25,19.33,20.0,19.33,19.91,10111
2073-08-26,20.01,20.2,19.5,19.78,10563
2073-08-27,19.77,19.79,19.49,19.5,10134
2073-08-28,19.5,19.95,19.41,19.78,2870
2073-08-29,19.7,20.08,19.65,19.94,2203
2073-08-30,20.38,20.5,20.15,20.2,4328
2073-08-31,20.38,20.38,19.55,19.59,6537
2073-09-01,19.6,19.99,19.6,19.86,5179
2073-09-02,19.82,19.82,19.36,19.6,9608
2073-09-03,19.67,19.84,19.43,19.44,6705
2073-09-04,19.33,19.4,19.14,19.29,9914
2073-09-05,19.28,19.77,19.28,19.76,12105
2073-09-06,19.99,20.51,19.86,20.24,14813
2073-09-07,20.34,20.7,20.04,20.36,11169
2073-09-08,20.39,20.47,20.18,20.34,5747
2073-09-09,19.8,20.02,19.75,19.95,6829
2073-09-10,20.11,20.17,19.9,19.95,9190
2073-09-11,19.86,20.23,19.85,20.1,8201
2073-09-12,20.13,20.13,19.98,19.99,6099
2073-09-13,20.02,20.2,19.8,19.91,7006
2073-09-14,20.15,21.0,20.15,20.57,8791
2073-09-15,20.6,20.8,20.37,20.62,8434
2073-09-16,20.7,21.0,20.7,20.89,5949
2073-09-17,21.0,21.29,20.92,21.16,9922
2073-09-18,21.17,21.17,20.72,20.89,4837
2073-09-19,20.87,20.87,20.51,20.54,3700
2073-09-20,20.5,20.87,20.5,20.86,4271
2073-09-21,20.88,21.0,20.65,20.99,4770
2073-09-22,20.9,21.38,20.89,21.24,4605
2073-09-23,21.33,21.33,20.89,20.9,3294
2073-09-24,20.88,20.88,20.68,20.75,5568
2073-09-25,21.03,21.03,20.63,20.65,5026
2073-09-26,20.6,20.63,20.19,20.25,11259
2073-09-27,20.9,20.9,20.28,20.41,6925
2073-09-28,20.47,20.55,20.36,20.42,5193
2073-09-29,20.35,20.39,20.03,20.18,9112
2073-09-30,20.25,20.5,20.08,20.41,4615
2073-10-01,20.45,20.85,20.45,20.5,6741
2073-10-02,20.5,20.5,20.2,20.39,6918
2073-10-03,20.17,20.17,19.9,20.05,3147
2073-10-04,20.0,20.01,19.81,19.83,5590
2073-10-05,19.84,20.0,19.71,19.72,14130
2073-10-06,19.73,19.96,19.6,19.84,14884
2073-10-07,19.85,19.85,19.61,19.65,11603
2073-10-08,19.64,19.9,19.6,19.84,11238
2073-10-09,19.86,20.1,19.8,19.98,14069
2073-10-10,20.0,20.35,20.0,20.26,20242
2073-10-11,20.26,20.39,20.03,20.09,16906
2073-10-12,20.08,20.08,19.72,19.83,14832
2073-10-13,19.85,19.92,19.67,19.68,13187
2073-10-14,19.65,19.8,19.48,19.5,17242
2073-10-15,19.52,19.57,19.35,19.51,15717
2073-10-16,19.5,19.66,19.36,19.47,12413
2073-10-17,19.46,19.62,19.39,19.5,8592
2073-10-18,19.46,19.63,19.46,19.47,9686
2073-10-19,19.47,19.5,19.25,19.26,14264
2073-10-20,19.28,19.29,19.12,19.15,14748
2073-10-21,19.2,19.61,19.16,19.33,13414
2073-10-22,19.44,19.97,19.38,19.96,13550
2073-10-23,20.09,20.23,19.86,20.11,15195
2073-10-24,20.12,20.49,19.9,20.37,15261
2073-10-25,20.35,20.5,20.21,20.27,9552
2073-10-26,20.27,20.69,20.25,20.41,16731
2073-10-27,20.51,20.53,20.24,20.28,8457
2073-10-28,20.28,20.91,20.28,20.84,17049
2073-10-29,20.84,21.18,20.68,21.13,19881
2073-10-30,21.2,21.3,21.05,21.19,14191
2073-10-31,21.18,21.18,20.85,20.87,11370
2073-11-01,20.91,21.84,20.83,21.81,24439
2073-11-02,21.7,22.19,21.6,21.68,22589
2073-11-03,21.67,22.18,21.6,21.84,21799
2073-11-04,21.96,22.22,21.88,21.91,16513
2073-11-05,21.92,22.4,21.72,22.36,12823
2073-11-06,22.36,22.4,21.93,22.06,10844
2073-11-07,22.05,22.49,21.85,22.23,18643
2073-11-08,22.23,22.4,22.06,22.19,12664
2073-11-09,22.19,22.19,21.93,21.96,12065
2073-11-10,22.62,22.85,22.25,22.28,14888
2073-11-11,22.28,22.35,21.78,22.28,17691
2073-11-12,22.4,22.52,22.06,22.45,11921
2073-11-13,22.41,22.64,22.16,22.36,10523
2073-11-14,22.39,22.39,21.87,22.06,14849
2073-11-15,22.05,22.49,21.88,22.41,11191
2073-11-16,22.41,22.59,22.25,22.33,8213
2073-11-17,22.32,22.32,21.92,21.94,9161
2073-11-18,21.96,22.13,21.7,22.01,22457
2073-11-19,22.05,22.15,21.73,22.11,19372
2073-11-20,22.18,22.42,22.12,22.27,24027
2073-11-21,22.28,22.87,22.27,22.67,17547
2073-11-22,22.75,23.07,22.38,22.39,17903
2073-11-23,22.34,22.39,21.57,21.64,25831
2073-11-24,21.64,22.0,21.59,21.97,15987
2073-11-25,21.97,22.2,21.41,22.01,28528
2073-11-26,22.01,22.22,21.9,22.01,15406
2073-11-27,21.94,22.07,21.71,21.74,11462
2073-11-28,21.74,21.84,21.48,21.81,16287
2073-11-29,21.55,21.74,21.25,21.71,16383
2073-11-30,21.79,21.8,21.54,21.64,12578
2073-12-01,21.65,21.94,21.65,21.92,16902
2073-12-02,21.94,22.08,21.77,21.9,10129
2073-12-03,21.51,21.75,21.46,21.51,13721
2073-12-04,21.52,21.66,21.36,21.41,13649
2073-12-05,21.43,21.43,21.17,21.25,9560
2073-12-06,21.24,21.41,20.9,21.33,15516
2073-12-07,21.33,21.47,21.09,21.46,14186
2073-12-08,21.46,21.47,21.17,21.19,14169
2073-12-09,21.23,21.25,20.93,20.95,19732
2073-12-10,20.95,21.18,20.71,21.02,19574
2073-12-11,21.15,21.45,21.15,21.38,18419
2073-12-12,21.38,21.48,21.15,21.21,14083
2073-12-13,21.21,21.37,20.7,20.71,20373
2073-12-14,20.71,20.8,20.48,20.58,15336
2073-12-15,20.72,20.75,20.29,20.33,18714
2073-12-16,20.33,20.37,20.03,20.09,13599
2073-12-17,20.12,20.19,19.87,20.12,16336
2073-12-18,20.26,20.51,20.23,20.45,13515
2073-12-19,20.5,20.67,20.47,20.53,12693
2073-12-20,20.53,20.74,20.37,20.69,12798
2073-12-21,20.69,20.86,20.58,20.62,7784
2073-12-22,20.57,20.73,20.54,20.62,7259
2073-12-23,20.62,20.66,20.06,20.11,7271
2073-12-24,20.11,20.35,20.11,20.34,10288
2073-12-25,20.34,20.44,20.21,20.35,14415
2073-12-26,20.28,20.9,20.13,20.86,11845
2073-12-27,20.86,20.97,20.64,20.96,14203
2073-12-28,20.96,20.99,20.37,20.55,14533
2073-12-29,20.55,20.6,20.25,20.38,11271
2073-12-30,20.41,20.42,20.18,20.25,10058
2073-12-31,20.3,20.38,20.23,20.31,6944
2074-01-01,20.33,20.37,19.99,20.21,16224
2074-01-02,20.2,20.37,19.75,19.76,22651
2074-01-03,19.76,20.17,19.76,20.0,11759
2074-01-04,20.08,20.27,19.98,20.24,14566
2074-01-05,20.37,20.57,20.24,20.55,15395
2074-01-06,20.55,20.65,20.38,20.58,8334
2074-01-07,20.57,20.81,20.46,20.79,15948
2074-01-08,20.9,20.9,20.68,20.76,11157
2074-01-09,20.75,20.8,20.32,20.46,12790
2074-01-10,20.54,20.58,20.3,20.55,13318
2074-01-11,20.56,20.74,20.35,20.67,19669
2074-01-12,20.67,21.01,20.65,20.88,26956
2074-01-13,20.89,21.1,20.85,20.92,14352
2074-01-14,21.38,21.86,21.37,21.74,25226
2074-01-15,21.74,21.74,21.18,21.19,16148
2074-01-16,21.21,21.28,21.1,21.27,7127
2074-01-17,21.3,21.37,20.7,20.91,21778
2074-01-18,20.92,21.43,20.92,21.29,11628
2074-01-19,21.29,21.5,21.22,21.44,9412
2074-01-20,21.48,21.54,21.17,21.37,12868
2074-01-21,21.37,21.58,21.2,21.27,13095
2074-01-22,21.26,21.73,21.26,21.7,12553
2074-01-23,21.65,21.84,21.58,21.73,6928
2074-01-24,21.7,21.84,21.56,21.83,8367
2074-01-25,21.86,22.47,21.86,22.31,18807
2074-01-26,22.31,22.57,22.19,22.43,18162
2074-01-27,22.34,22.46,22.1,22.29,13765
2074-01-28,22.3,22.55,22.13,22.27,10878
2074-01-29,22.2,22.23,21.91,21.97,10092
2074-01-30,21.97,22.04,21.76,21.98,12612
2074-01-31,21.99,22.15,21.88,21.97,17018
2074-02-01,21.95,21.97,21.8,21.88,10996
2074-02-02,21.97,22.15,21.81,22.13,14502
2074-02-03,22.16,22.16,21.68,21.77,14527
2074-02-04,21.75,21.84,21.58,21.64,16645
2074-02-05,21.67,21.93,21.56,21.92,17365
2074-02-06,21.9,21.92,21.68,21.72,13490
2074-02-07,21.72,21.82,21.51,21.58,11731
2074-02-08,21.95,21.95,21.5,21.77,16786
2074-02-09,21.75,21.94,21.55,21.92,16956
2074-02-10,21.85,22.23,21.76,21.95,21492
2074-02-11,21.95,22.17,21.91,22.08,12132
2074-02-12,22.13,22.17,21.78,21.8,13556
2074-02-13,21.8,22.0,21.7,21.74,12712
2074-02-14,21.68,21.79,21.56,21.76,17720
2074-02-15,21.77,22.2,21.77,22.12,16903
2074-02-16,22.07,22.14,21.87,21.96,10790
2074-02-17,22.0,22.58,21.96,22.55,15964
2074-02-18,22.55,22.84,22.4,22.67,16214
2074-02-19,22.73,22.95,22.65,22.86,13516
2074-02-20,22.81,23.36,22.78,23.27,21298
2074-02-21,23.25,23.72,23.25,23.7,16242
2074-02-22,23.68,23.73,23.45,23.49,14689
2074-02-23,23.25,23.45,22.9,22.97,11920
2074-02-24,22.97,23.19,22.92,22.94,14604
2074-02-25,22.95,23.11,22.88,23.06,13158
2074-02-26,23.06,23.06,22.67,22.75,15649
2074-02-27,22.75,22.81,22.55,22.65,10612
2074-02-28,22.66,22.66,21.99,22.16,28787
2074-03-01,22.16,22.36,22.09,22.11,18994
2074-03-02,22.11,22.29,21.89,22.26,14187
2074-03-03,22.2,22.48,22.0,22.07,18840
2074-03-04,22.07,22.15,21.7,21.72,23714
2074-03-05,21.72,21.83,21.55,21.69,21370
2074-03-06,21.78,22.04,21.75,22.01,14696
2074-03-07,22.0,22.44,21.97,22.08,18019
2074-03-08,22.08,22.44,22.03,22.32,10020
2074-03-09,22.28,22.39,22.06,22.07,7761
2074-03-10,22.05,22.38,22.02,22.27,12239
2074-03-11,21.93,22.24,21.87,22.19,20900
2074-03-12,22.4,22.72,22.3,22.7,7990
2074-03-13,22.7,22.95,22.52,22.88,8307
2074-03-14,22.74,22.88,22.53,22.64,11539
2074-03-15,22.58,22.66,22.4,22.46,9403
2074-03-16,22.51,22.54,22.33,22.36,14515
2074-03-17,22.45,22.52,22.3,22.44,10914
2074-03-18,22.45,22.5,21.54,21.66,18894
2074-03-19,21.66,22.05,21.66,21.97,17943
2074-03-20,21.97,22.0,21.67,21.97,10563
2074-03-21,22.0,22.59,21.92,22.57,17724
2074-03-22,22.56,22.57,22.24,22.39,9002
2074-03-23,22.5,22.59,21.96,22.09,9896
2074-03-24,21.93,22.05,21.87,21.94,8108
2074-03-25,22.04,22.16,21.88,21.99,10141
2074-03-26,22.05,22.09,21.8,22.0,9075
2074-03-27,21.99,21.99,21.7,21.82,10402
2074-03-28,21.76,21.95,21.64,21.7,9895
2074-03-29,21.7,21.78,21.45,21.46,13430
2074-03-30,21.42,21.43,21.1,21.12,14697
2074-03-31,21.11,21.2,21.03,21.17,11814
2074-04-01,21.17,21.2,20.79,20.83,12000
2074-04-02,20.78,20.8,20.46,20.47,6462
2074-04-03,20.4,20.45,20.26,20.44,4637
2074-04-04,20.44,20.61,20.34,20.45,7001
2074-04-05,20.41,20.54,20.25,20.27,6319
2074-04-06,20.27,20.3,20.05,20.13,5690
2074-04-07,20.2,20.25,20.02,20.12,5860
2074-04-08,20.27,20.37,20.03,20.04,6907
2074-04-09,20.05,20.1,19.87,19.9,37
2074-04-10,19.88,19.98,19.72,19.76,9778
2074-04-11,19.76,19.76,19.29,19.33,21
2074-04-12,19.35,19.6,19.32,19.45,25
2074-04-13,19.45,19.65,19.4,19.42,5
2074-04-14,19.43,19.43,19.23,19.31,27
2074-04-15,19.36,19.69,19.33,19.68,8392
2074-04-16,19.74,19.84,19.52,19.54,37
2074-04-17,19.54,19.61,19.42,19.59,5611
2074-04-18,19.55,19.73,19.48,19.5,2
2074-04-19,19.8,19.95,19.55,19.63,7360
2074-04-20,19.66,19.86,19.45,19.47,8927
2074-04-21,19.35,19.72,19.35,19.54,2
2074-04-22,19.48,19.48,19.32,19.4,6446
2074-04-23,19.78,20.08,19.7,20.06,10
2074-04-24,20.06,20.1,19.85,19.87,116
2074-04-25,20.08,20.26,19.94,19.99,62
2074-04-26,20.15,20.36,19.98,20.06,45
2074-04-27,20.2,20.22,20.01,20.04,6967
2074-04-28,20.04,20.1,19.85,19.86,3
2074-04-29,20.05,20.16,19.83,19.84,10889
2074-04-30,19.86,20.15,19.86,20.14,8092
2074-05-01,20.16,20.35,20.16,20.3,1
2074-05-02,20.35,21.84,20.35,20.82,9
2074-05-03,20.6,20.72,20.39,20.61,2976
2074-05-04,20.6,20.85,20.6,20.76,2470
2074-05-05,20.9,21.08,20.85,20.87,2646
2074-05-06,20.85,20.95,20.58,20.62,1449
2074-05-07,20.7,20.74,20.38,20.52,1017
2074-05-08,20.55,20.71,20.53,20.59,1126
2074-05-09,22.6,22.6,22.28,22.33,5537
2074-05-10,22.35,22.85,22.32,22.79,3676
2074-05-11,22.74,23.49,22.71,23.27,94
2074-05-12,23.27,23.45,23.12,23.41,122
2074-05-13,23.41,23.94,23.41,23.87,88
2074-05-14,23.88,24.18,23.65,23.9,282
2074-05-15,23.84,24.37,23.75,24.15,133
2074-05-16,24.25,24.3,23.77,23.78,59
2074-05-17,23.75,23.75,23.47,23.66,62
2074-05-18,23.78,24.64,23.78,24.41,91
2074-05-19,24.4,24.85,24.15,24.66,49
2074-05-20,24.66,24.89,24.49,24.75,264
2074-05-21,24.85,25.47,24.85,25.42,61
2074-05-22,25.42,25.48,24.73,24.8,155
2074-05-23,24.8,25.05,24.47,24.94,55
2074-05-24,24.92,25.36,24.89,25.32,76
2074-05-25,25.31,25.5,24.88,24.89,48
2074-05-26,24.89,25.35,24.85,25.11,69
2074-05-27,25.11,26.57,25.05,25.91,28
2074-05-28,26.05,27.01,26.05,26.71,18434
2074-05-29,26.8,27.09,26.46,26.68,99
2074-05-30,26.68,26.68,26.25,26.27,160
2074-05-31,26.28,26.65,26.15,26.32,158
2074-06-01,26.46,26.76,26.23,26.46,133
2074-06-02,26.72,26.87,26.22,26.25,127
2074-06-03,26.25,26.26,25.95,26.01,321
2074-06-04,26.01,26.62,26.01,26.56,140
2074-06-05,26.79,27.0,26.0,26.87,204
2074-06-06,26.87,27.15,26.58,26.69,67
2074-06-07,26.85,27.38,26.05,26.15,132
2074-06-08,26.2,26.78,26.08,26.75,135
2074-06-09,27.05,27.17,26.33,26.92,194
2074-06-10,27.04,27.04,26.25,26.45,85
2074-06-11,26.45,26.55,25.53,26.09,29569
2074-06-12,26.09,26.35,25.81,25.97,12451
2074-06-13,25.8,25.97,25.1,25.34,16539
2074-06-14,25.34,25.75,25.04,25.61,11597
2074-06-15,25.65,25.79,25.17,25.19,14236
2074-06-16,25.13,25.4,24.93,25.15,10321
2074-06-17,24.99,25.7,24.73,25.63,12324
2074-06-18,25.65,26.07,25.65,26.0,9108
2074-06-19,26.05,26.59,25.88,26.04,13355
2074-06-20,26.04,26.43,26.04,26.37,15429
2074-06-21,26.47,27.23,26.43,27.08,14148
2074-06-22,27.25,27.58,26.86,27.5,14172
2074-06-23,27.56,27.56,26.84,27.07,22098
2074-06-24,27.0,27.06,26.12,26.17,16865
2074-06-25,26.15,26.92,26.08,26.89,12692
2074-06-26,26.89,27.16,26.38,26.82,13195
2074-06-27,26.77,26.77,26.17,26.18,9998
2074-06-28,26.05,26.64,25.96,26.61,13634
2074-06-29,26.7,26.9,26.56,26.61,11592
2074-06-30,34.14,34.7,34.05,34.55,14509
2074-07-01,34.6,35.05,32.9,33.03,26021
2074-07-02,33.03,33.76,32.87,33.5,22150
2074-07-03,33.5,33.65,32.6,32.79,22876
2074-07-04,32.79,33.03,32.3,32.67,18403
2074-07-05,32.67,32.74,31.75,32.04,22110
2074-07-06,32.03,33.7,31.9,33.65,14796
2074-07-07,33.77,33.95,33.5,33.57,10770
2074-07-08,33.55,33.85,33.2,33.39,11451
2074-07-09,33.42,34.3,33.42,34.16,11631
2074-07-10,34.16,34.35,33.83,34.11,11029
2074-07-11,34.27,35.18,34.27,34.85,14437
2074-07-12,34.9,34.9,34.23,34.8,10271
2074-07-13,34.9,35.1,33.53,33.9,17532
2074-07-14,33.95,34.2,33.47,33.7,13679
2074-07-15,33.58,33.88,33.1,33.37,12805
2074-07-16,33.32,33.5,32.81,33.39,11133
2074-07-17,33.4,34.17,33.05,33.11,9944
2074-07-18,33.19,33.2,32.05,32.23,19405
2074-07-19,32.33,33.0,32.3,32.77,11532
2074-07-20,32.78,33.05,32.18,32.64,12520
2074-07-21,32.8,33.45,32.65,32.74,13678
2074-07-22,32.68,32.74,31.43,32.41,16513
2074-07-23,32.59,32.99,32.59,32.67,9852
2074-07-24,32.8,32.92,31.85,31.88,18247
2074-07-25,31.75,31.8,31.11,31.22,17087
2074-07-26,31.09,31.62,31.0,31.49,10098
2074-07-27,31.55,32.9,31.49,32.83,14054
2074-07-28,32.84,33.25,31.4,31.71,11339
2074-07-29,31.7,32.42,31.49,32.27,7798
2074-07-30,32.35,32.7,31.9,32.37,5098
2074-07-31,32.15,32.6,31.9,31.98,9241
2074-08-01,31.98,31.98,30.7,31.35,22628
2074-08-02,31.35,31.6,31.24,31.44,23506
2074-08-03,31.44,32.85,31.2,32.68,21165
2074-08-04,32.6,33.12,32.2,32.63,18518
2074-08-05,32.65,34.15,32.65,33.95,26141
2074-08-06,33.9,34.1,33.03,33.09,20578
2074-08-07,33.14,34.33,33.14,34.02,19132
2074-08-08,34.05,34.35,33.2,33.28,38118
2074-08-09,33.35,33.8,33.08,33.32,29406
2074-08-10,33.35,33.74,33.23,33.58,26694
2074-08-11,33.59,33.88,33.03,33.25,27424
2074-08-12,33.2,33.25,32.58,32.62,33392
2074-08-13,32.61,33.5,32.22,33.32,36892
2074-08-14,33.32,33.32,32.3,32.38,32628
2074-08-15,32.41,32.7,32.33,32.48,23550
2074-08-16,32.46,32.6,30.5,31.13,81518
2074-08-17,31.18,31.39,30.63,31.13,49608
2074-08-18,31.13,31.4,29.9,30.1,55490
2074-08-19,29.95,29.95,29.01,29.6,43776
2074-08-20,29.63,29.84,28.73,28.96,36262
2074-08-21,28.98,29.9,28.96,29.75,32852
2074-08-22,29.84,29.84,28.5,28.65,33488
2074-08-23,28.64,29.1,28.25,29.05,26478
2074-08-24,29.2,29.25,28.08,28.29,23162
2074-08-25,28.29,29.0,28.15,28.74,19184
2074-08-26,28.74,29.15,28.55,28.86,24378
2074-08-27,28.75,28.9,27.48,27.58,31092
2074-08-28,27.6,28.39,27.08,28.05,43191
2074-08-29,28.54,29.87,28.49,29.51,27936
2074-08-30,29.45,29.7,28.93,28.96,20924
2074-08-31,28.81,28.81,27.6,27.9,27558
2074-09-01,27.9,28.53,27.8,28.41,20332
2074-09-02,28.17,28.89,27.8,28.53,22860
2074-09-03,28.6,28.92,27.95,28.42,23838
2074-09-04,28.06,28.3,27.12,27.34,33310
2074-09-05,27.34,27.42,27.16,27.36,25310
2074-09-06,26.72,27.07,26.48,26.54,15872
2074-09-07,26.47,26.95,26.25,26.72,16970
2074-09-08,26.37,27.45,26.37,27.41,18682
2074-09-09,27.48,27.84,27.29,27.36,22542
2074-09-10,27.2,28.4,27.0,28.16,32186
2074-09-11,28.36,28.9,28.3,28.52,30346
2074-09-12,28.36,28.53,28.26,28.31,13084
2074-09-13,28.1,28.37,27.3,27.53,25038
2074-09-14,27.75,28.08,27.55,27.93,22654
2074-09-15,27.95,28.05,27.15,27.19,30306
2074-09-16,27.3,27.56,27.22,27.54,22464
2074-09-17,27.5,27.92,27.26,27.9,29547
2074-09-18,27.82,28.28,27.67,28.2,24528
2074-09-19,28.19,29.15,27.9,28.14,31580
2074-09-20,28.1,28.25,27.25,27.28,32290
2074-09-21,27.4,27.65,27.17,27.24,12224
2074-09-22,27.2,27.2,26.43,26.57,17146
2074-09-23,26.5,26.53,26.13,26.42,16546
2074-09-24,26.32,26.53,26.03,26.43,15870
2074-09-25,26.25,26.67,26.25,26.43,12184
2074-09-26,26.32,26.6,26.15,26.35,11888
2074-09-27,26.25,26.62,26.15,26.28,11002
2074-09-28,25.65,25.83,25.08,25.29,10278
2074-09-29,25.6,25.6,24.4,24.46,8728
2074-09-30,24.58,24.58,23.74,23.75,13008
2074-10-01,24.05,24.15,23.76,23.96,8512
2074-10-02,24.3,24.3,22.62,23.68,10640
2074-10-03,23.8,23.86,23.46,23.58,12592
2074-10-04,23.42,23.47,22.6,22.64,10730
2074-10-05,22.82,23.0,22.43,22.54,18884
2074-10-06,22.55,22.55,21.48,21.65,11144
2074-10-07,21.65,21.88,21.4,21.72,9676
2074-10-08,21.72,21.72,21.17,21.55,14264
2074-10-09,21.6,22.0,21.45,21.52,10868
2074-10-10,21.78,22.35,21.7,22.32,12180
2074-10-11,22.35,22.5,21.9,22.47,11370
2074-10-12,22.4,22.65,22.25,22.35,8228
2074-10-13,22.35,22.35,21.95,22.12,5914
2074-10-14,22.12,22.25,21.9,22.15,3899
2074-10-15,22.2,23.5,22.0,23.17,14070
2074-10-16,23.17,23.2,22.78,23.06,8472
2074-10-17,23.06,23.15,22.68,22.9,7056
2074-10-18,23.15,23.52,23.1,23.26,4170
2074-10-19,22.7,23.06,22.58,22.84,2553
2074-10-20,22.59,22.85,22.55,22.73,8418
2074-10-21,22.67,23.15,22.57,23.02,6968
2074-10-22,22.92,24.05,22.92,24.01,4562
2074-10-23,24.05,24.29,23.8,24.19,4860
2074-10-24,24.19,24.84,24.19,24.43,11814
2074-10-25,24.5,24.6,24.15,24.45,9058
2074-10-26,24.55,24.65,23.88,24.04,5791
2074-10-27,24.2,25.25,24.2,25.01,11844
2074-10-28,25.08,25.53,24.95,25.48,4830
2074-10-29,25.55,26.25,25.55,26.23,12828
2074-10-30,25.95,26.3,25.69,26.2,8150
2074-10-31,26.0,26.03,25.56,25.87,14640
2074-11-01,25.4,25.4,24.23,24.34,6005
2074-11-02,24.4,24.4,23.8,24.09,12512
2074-11-03,24.03,24.19,23.91,24.09,4523
2074-11-04,24.15,24.36,23.35,23.78,5483
2074-11-05,23.78,23.78,23.48,23.51,13728
2074-11-06,23.51,23.73,22.85,22.95,12648
2074-11-07,23.03,23.33,22.95,23.13,7300
2074-11-08,23.19,23.45,22.45,22.47,7348
2074-11-09,22.6,22.6,22.07,22.08,11008
2074-11-10,21.89,21.89,21.55,21.62,18454
2074-11-11,21.62,22.0,21.42,21.71,20556
2074-11-12,21.7,21.92,21.5,21.71,23764
2074-11-13,21.65,21.88,21.4,21.51,27162
2074-11-14,21.46,21.51,20.65,20.68,41384
2074-11-15,20.68,21.05,20.58,20.99,27718
2074-11-16,20.97,21.08,20.76,20.83,21434
2074-11-17,20.85,21.19,20.72,20.82,29142
2074-11-18,20.82,20.82,20.5,20.74,26824
2074-11-19,20.74,21.24,20.6,20.9,26104
2074-11-20,20.92,20.92,20.38,20.81,31836
2074-11-21,20.87,21.34,20.55,21.16,33838
2074-11-22,21.2,21.57,21.05,21.09,27594
2074-11-23,21.05,21.27,20.65,20.73,31876
2074-11-24,20.8,20.8,20.5,20.61,26910
2074-11-25,20.95,21.05,19.8,19.98,50278
2074-11-26,20.0,20.2,19.5,20.05,34786
2074-11-27,20.05,20.57,20.05,20.5,21954
2074-11-28,20.5,20.64,20.3,20.32,17642
2074-11-29,20.25,20.25,20.02,20.09,13276
2074-11-30,20.09,20.72,19.96,20.67,27870
2074-12-01,20.67,20.92,20.49,20.63,23458
2074-12-02,20.66,20.83,20.36,20.4,17818
2074-12-03,20.39,20.9,20.3,20.85,17936
2074-12-04,21.0,21.9,20.96,21.86,41302
2074-12-05,21.8,21.9,21.55,21.79,24052
2074-12-06,21.8,22.05,21.18,21.21,23754
2074-12-07,21.25,21.52,21.18,21.49,20354
2074-12-08,21.58,21.65,21.26,21.5,27310
2074-12-09,21.5,21.6,21.03,21.18,21580
2074-12-10,21.18,21.42,20.9,20.99,25738
2074-12-11,20.99,21.18,20.48,20.53,26978
2074-12-12,20.42,20.55,19.82,19.88,37826
2074-12-13,19.9,20.3,19.82,20.27,21802
2074-12-14,20.28,20.49,20.1,20.12,19786
2074-12-15,20.12,20.58,20.02,20.45,22240
2074-12-16,20.55,21.05,20.55,20.79,23660
2074-12-17,20.8,20.85,20.39,20.49,15128
2074-12-18,20.5,21.07,20.25,20.94,25868
2074-12-19,20.89,21.61,20.89,21.51,35084
2074-12-20,21.51,21.6,20.96,21.25,24710
2074-12-21,21.55,21.86,21.47,21.73,17624
2074-12-22,21.72,21.77,21.4,21.56,9168
2074-12-23,21.5,21.78,21.32,21.67,14650
2074-12-24,21.83,21.95,21.46,21.85,14546
2074-12-25,21.9,21.98,21.63,21.81,26086
2074-12-26,21.75,21.75,21.1,21.18,32838
2074-12-27,20.75,20.75,20.15,20.47,42314
2074-12-28,20.47,20.79,20.3,20.7,33412
2074-12-29,20.75,20.89,20.39,20.46,26632
2074-12-30,20.46,20.53,20.2,20.21,26322
2074-12-31,20.22,20.52,20.21,20.4,19310
2075-01-01,20.38,20.53,20.11,20.18,13832
2075-01-02,20.2,20.26,19.85,19.87,18192
2075-01-03,19.87,20.12,19.73,19.88,13239
2075-01-04,19.9,20.07,19.74,19.77,12593
2075-01-05,19.85,20.1,19.83,19.92,12208
2075-01-06,20.12,20.42,19.97,20.07,16992
2075-01-07,20.07,20.44,19.95,20.41,12088
2075-01-08,20.41,20.5,20.12,20.26,11455
2075-01-09,20.26,20.5,20.21,20.47,5511
2075-01-10,20.55,20.72,20.25,20.69,28986
2075-01-11,20.69,21.15,20.69,20.97,29642
2075-01-12,20.96,21.05,20.82,20.99,17162
2075-01-13,20.92,21.09,20.66,21.0,24160
2075-01-14,21.0,21.2,20.98,21.11,10371
2075-01-15,21.25,21.63,21.18,21.48,38060
2075-01-16,21.47,21.6,21.25,21.32,30508
2075-01-17,21.32,21.43,21.1,21.11,22174
2075-01-18,20.95,21.15,20.4,20.79,15912
2075-01-19,20.84,20.84,19.98,20.04,42790
2075-01-20,20.04,20.11,19.83,19.97,30994
2075-01-21,19.97,20.16,19.93,20.07,25418
2075-01-22,20.15,20.25,20.01,20.17,18532
2075-01-23,20.29,20.49,20.26,20.41,30686
2075-01-24,20.49,20.49,20.01,20.27,33452
2075-01-25,20.15,20.33,19.9,19.97,36864
2075-01-26,19.91,19.97,19.55,19.69,41310
2075-01-27,19.66,20.1,19.53,20.08,40622
2075-01-28,20.08,20.08,19.6,19.63,41877
2075-01-29,19.59,19.73,19.41,19.44,28542
2075-01-30,19.48,19.7,19.44,19.61,21640
2075-01-31,19.6,19.8,19.52,19.56,24690
2075-02-01,19.59,19.67,19.47,19.58,30489
2075-02-02,19.68,19.97,19.67,19.74,15848
2075-02-03,19.82,19.85,19.61,19.71,15938
2075-02-04,19.65,19.81,19.5,19.52,18414
2075-02-05,19.47,19.52,19.37,19.43,20052
2075-02-06,19.41,19.51,19.22,19.24,10888
2075-02-07,19.25,19.53,19.15,19.36,10936
2075-02-08,19.41,19.43,19.02,19.04,14540
2075-02-09,19.06,19.15,18.92,18.94,9924
2075-02-10,18.94,19.14,18.82,18.86,9518
2075-02-11,18.86,19.1,18.82,19.04,11391
2075-02-12,19.08,19.4,18.97,19.0,16985
2075-02-13,19.0,19.22,19.0,19.17,9112
2075-02-14,19.14,19.25,19.07,19.15,13988
2075-02-15,19.22,19.35,19.17,19.19,11493
2075-02-16,19.2,20.13,19.2,20.01,32712
2075-02-17,20.01,20.4,19.77,19.97,19341
2075-02-18,19.98,20.04,19.55,19.62,17134
2075-02-19,19.55,19.6,19.43,19.56,17672
2075-02-20,19.69,20.25,19.64,19.89,20781
2075-02-21,19.85,20.33,19.8,20.2,17974
2075-02-22,20.35,22.18,20.35,21.9,36552
2075-02-23,21.85,21.97,21.49,21.91,34580
2075-02-24,21.7,22.08,21.4,21.54,23763
2075-02-25,21.39,22.82,21.39,22.77,27161
2075-02-26,22.77,23.47,22.77,23.35,23128
2075-02-27,23.15,23.28,22.7,22.91,18630
2075-02-28,23.02,23.54,22.94,23.11,15997
2075-03-01,23.11,23.11,22.62,22.97,12711
2075-03-02,22.9,23.41,22.65,23.3,12471
2075-03-03,23.33,23.51,22.82,22.97,12035
2075-03-04,22.82,23.73,22.65,23.43,16613
2075-03-05,23.63,23.86,23.38,23.64,16605
2075-03-06,23.6,23.78,23.31,23.66,13718
2075-03-07,23.68,24.35,23.63,24.04,14741
2075-03-08,23.95,24.22,23.59,23.68,12774
2075-03-09,23.68,24.75,23.68,24.23,14948
2075-03-10,24.5,24.63,23.97,24.15,13389
2075-03-11,24.0,24.39,23.32,24.34,13668
2075-03-12,24.5,24.5,23.52,23.58,9947
2075-03-13,23.63,23.7,22.49,22.55,22830
2075-03-14,22.68,22.76,22.53,22.58,10962
2075-03-15,22.57,22.85,22.2,22.61,13485
2075-03-16,22.59,23.08,22.59,22.95,10039
2075-03-17,22.95,23.2,22.77,22.79,7763
2075-03-18,22.78,23.05,22.77,22.87,6541
2075-03-19,22.88,23.85,22.82,23.48,15042
2075-03-20,23.68,24.05,22.85,22.9,17258
2075-03-21,22.95,23.14,22.4,22.68,20090
2075-03-22,22.6,23.05,22.48,22.8,12098
2075-03-23,22.83,22.99,22.69,22.82,9283
2075-03-24,22.82,23.03,22.8,22.86,8876
2075-03-25,23.15,23.2,22.65,22.68,16604
2075-03-26,22.8,22.8,22.16,22.27,19516
2075-03-27,22.19,22.5,22.07,22.4,14173
2075-03-28,22.58,22.73,22.41,22.56,14243
2075-03-29,22.5,22.65,22.31,22.55,12416
2075-03-30,22.57,22.57,22.37,22.42,9962
2075-03-31,22.43,22.75,22.43,22.64,9727
2075-04-01,22.62,22.62,22.25,22.27,10378
2075-04-02,22.5,23.15,22.47,23.08,26342
2075-04-03,23.1,23.35,22.71,22.87,13275
2075-04-04,22.96,23.23,22.79,23.18,10274
2075-04-05,23.18,23.18,22.85,22.93,9915
2075-04-06,23.22,23.39,22.9,22.95,15854
2075-04-07,22.95,23.04,22.65,22.79,14095
2075-04-08,22.71,22.9,22.52,22.67,15431
2075-04-09,22.75,22.75,22.31,22.35,28035
2075-04-10,22.27,22.82,22.27,22.66,19491
2075-04-11,22.54,22.55,22.3,22.54,9819
2075-04-12,22.55,22.7,22.36,22.62,12277
2075-04-13,22.59,22.95,22.45,22.78,15892
2075-04-14,22.78,22.86,22.58,22.77,8879
2075-04-15,22.8,23.35,22.63,23.31,13700
2075-04-16,23.44,23.75,23.4,23.56,26188
2075-04-17,23.56,23.7,23.25,23.26,20121
2075-04-18,23.23,23.25,22.98,23.06,16985
2075-04-19,23.03,23.24,22.75,22.77,18545
2075-04-20,22.77,22.85,22.02,22.22,39535
2075-04-21,22.22,22.34,21.95,22.16,20570
2075-04-22,22.12,22.16,21.86,22.02,18152
2075-04-23,22.02,22.4,21.95,22.26,22221
2075-04-24,22.26,22.36,21.98,22.04,12427
2075-04-25,22.05,22.52,22.03,22.31,18215
2075-04-26,22.34,23.02,22.34,22.68,21734
2075-04-27,22.63,22.97,22.6,22.87,11798
2075-04-28,22.82,23.39,22.75,23.25,22630
2075-04-29,23.22,23.86,23.11,23.78,29377
2075-04-30,23.78,24.0,23.18,23.26,17793
2075-05-01,23.46,23.89,23.07,23.15,22422
2075-05-02,23.0,23.53,23.0,23.5,18505
2075-05-03,23.49,23.52,22.62,22.93,28181
2075-05-04,22.82,23.16,22.77,22.95,18043
2075-05-05,23.45,23.6,23.12,23.16,15583
2075-05-06,23.04,23.5,23.01,23.06,17860
2075-05-07,23.0,23.2,22.92,22.98,17808
2075-05-08,22.89,23.25,22.62,23.13,22292
2075-05-09,23.12,23.25,22.72,22.74,17055
2075-05-10,23.03,23.3,22.76,23.01,16873
2075-05-11,23.07,23.28,22.92,23.25,14947
2075-05-12,23.3,24.29,23.13,24.17,26013
2075-05-13,24.19,24.53,23.96,24.1,19926
2075-05-14,24.34,25.3,24.34,25.21,7796
2075-05-15,25.36,25.92,25.36,25.68,5753
2075-05-16,25.5,25.85,25.41,25.56,4718
2075-05-17,25.71,26.06,25.37,25.4,6097
2075-05-18,25.55,25.58,25.23,25.32,4389
2075-05-19,25.57,26.2,25.57,26.18,5369
2075-05-20,26.21,26.46,24.4,24.61,7213
2075-05-21,24.76,24.77,23.76,24.27,10815
2075-05-22,24.48,24.81,24.35,24.61,10161
2075-05-23,24.62,24.7,23.5,23.81,13453
2075-05-24,23.81,24.27,23.81,24.23,10064
2075-05-25,24.26,25.5,24.26,25.39,6307
2075-05-26,25.51,25.68,25.03,25.09,7263
2075-05-27,25.1,25.36,24.4,25.19,8334
2075-05-28,25.05,25.07,24.4,24.63,13062
2075-05-29,24.55,25.03,24.3,24.84,7805
2075-05-30,24.8,25.1,24.55,25.04,6929
2075-05-31,25.02,25.71,24.55,25.43,6715
2075-06-01,25.43,26.08,25.41,25.5,8222
2075-06-02,25.5,25.85,25.35,25.48,5758
2075-06-03,25.53,25.86,25.31,25.54,7170
2075-06-04,25.38,25.67,24.4,24.46,13093
2075-06-05,24.91,24.91,24.2,24.82,6693
2075-06-06,24.76,24.76,24.02,24.4,6037
2075-06-07,24.36,24.72,24.25,24.58,4283
2075-06-08,24.42,24.77,24.4,24.68,3821
2075-06-09,24.68,25.17,24.45,24.48,6892
2075-06-10,24.3,24.65,24.3,24.39,5437
2075-06-11,24.39,24.81,24.39,24.58,10386
2075-06-12,24.6,24.61,24.3,24.33,11652
2075-06-13,24.33,24.54,24.13,24.19,8618
2075-06-14,24.46,25.22,24.14,25.09,8341
2075-06-15,24.94,25.15,24.38,24.4,8532
2075-06-16,24.45,24.45,24.11,24.21,7042
2075-06-17,24.23,24.32,23.23,23.69,16924
2075-06-18,23.88,23.99,23.45,23.49,5656
2075-06-19,23.53,23.53,22.83,22.89,8535
2075-06-20,22.95,22.98,22.73,22.77,8355
2075-06-21,22.75,22.87,22.65,22.68,6618
2075-06-22,22.8,23.15,22.68,22.73,6023
2075-06-23,22.73,22.73,22.23,22.3,6087
2075-06-24,22.21,22.45,22.18,22.29,5886
2075-06-25,22.35,22.73,22.35,22.67,3009
2075-06-26,22.8,22.83,22.54,22.62,2432
2075-06-27,22.5,22.5,22.3,22.35,2860
2075-06-28,22.45,22.7,22.45,22.53,2431
2075-06-29,22.6,22.79,22.5,22.66,2680
2075-06-30,22.55,22.67,22.5,22.59,2785
2075-07-01,22.45,22.48,22.05,22.15,6437
2075-07-02,22.15,22.32,22.06,22.2,5300
2075-07-03,22.2,22.58,22.2,22.36,6848
2075-07-04,22.4,23.37,22.4,23.01,10467
2075-07-05,23.05,23.16,22.45,22.51,9634
2075-07-06,22.52,23.0,22.31,22.99,6212
2075-07-07,23.0,23.0,22.54,22.67,4491
2075-07-08,22.83,23.03,22.55,22.98,4071
2075-07-09,22.98,23.11,22.65,22.68,6178
2075-07-10,22.58,22.65,22.37,22.45,5155
2075-07-11,22.44,22.69,22.2,22.23,7113
2075-07-12,22.23,22.29,21.88,22.14,7197
2075-07-13,22.1,22.15,21.96,22.04,5055
2075-07-14,22.04,22.3,21.99,22.17,7148
2075-07-15,22.1,22.25,22.02,22.13,4665
2075-07-16,22.2,22.22,21.95,21.96,81
2075-07-17,22.0,22.84,21.98,22.72,5049
2075-07-18,22.95,23.02,22.55,22.7,11378
2075-07-19,22.7,23.5,22.67,23.21,21250
2075-07-20,23.21,23.73,23.14,23.56,19469
2075-07-21,23.55,23.65,23.08,23.15,15088
2075-07-22,23.05,23.15,22.68,22.94,15440
2075-07-23,22.85,22.97,22.24,22.28,25836
2075-07-24,22.29,22.76,22.25,22.68,19637
2075-07-25,22.7,23.26,22.59,22.86,24425
2075-07-26,22.82,24.0,22.82,23.95,29185
2075-07-27,23.95,24.98,23.73,24.65,34944
2075-07-28,24.38,24.47,23.93,24.0,23499
2075-07-29,24.01,24.55,24.0,24.16,23311
2075-07-30,24.1,24.5,23.72,24.04,22161
2075-07-31,24.06,24.2,23.63,23.66,19986
2075-08-01,23.27,23.85,23.25,23.58,21481
2075-08-02,23.52,24.51,23.41,24.19,23044
2075-08-03,24.21,24.31,23.86,23.89,17739
2075-08-04,23.9,24.08,23.58,24.03,14851
2075-08-05,24.07,24.77,24.01,24.39,15780
2075-08-06,24.48,24.54,24.11,24.44,13965
2075-08-07,24.39,24.56,24.23,24.31,10566
2075-08-08,24.45,24.45,23.85,23.98,13804
2075-08-09,24.05,24.05,23.35,23.48,18079
2075-08-10,23.55,23.78,23.05,23.76,18119
2075-08-11,23.62,24.05,23.53,23.78,12513
2075-08-12,23.78,23.78,23.41,23.53,11978
2075-08-13,23.53,23.65,23.35,23.38,9116
2075-08-14,23.4,23.42,23.14,23.33,14924
2075-08-15,23.3,23.3,22.85,22.86,20580
2075-08-16,23.01,23.24,22.85,23.02,17326
2075-08-17,23.02,23.02,22.77,22.84,13088
2075-08-18,22.89,23.58,22.78,23.53,16226
2075-08-19,23.5,23.56,22.86,22.94,13460
2075-08-20,22.94,22.94,22.65,22.67,12964
2075-08-21,22.7,22.95,22.64,22.81,11340
2075-08-22,22.8,23.18,22.6,22.96,12666
2075-08-23,22.97,23.05,22.5,22.77,12637
2075-08-24,22.75,22.94,22.65,22.74,11423
2075-08-25,22.8,22.82,22.47,22.51,7502
2075-08-26,22.52,22.62,22.32,22.34,10990
2075-08-27,22.3,22.44,22.17,22.19,11927
2075-08-28,22.38,22.64,22.28,22.34,13458
2075-08-29,22.39,22.39,22.05,22.19,12170
2075-08-30,22.32,22.4,22.09,22.13,12971
2075-08-31,22.13,22.28,22.01,22.13,59
2075-09-01,22.13,22.2,21.73,21.82,21100
2075-09-02,21.38,21.48,20.97,21.46,17722
2075-09-03,21.51,21.52,21.15,21.17,16420
2075-09-04,21.15,21.3,21.0,21.29,24327
2075-09-05,21.35,21.45,21.09,21.27,19849
2075-09-06,21.26,21.6,21.25,21.56,15116
2075-09-07,21.56,22.02,21.56,21.91,16035
2075-09-08,21.92,21.98,21.27,21.33,13062
2075-09-09,21.27,21.28,20.95,21.19,23235
2075-09-10,21.22,21.4,21.04,21.22,20443
2075-09-11,21.16,21.22,20.78,20.87,19947
2075-09-12,21.2,21.68,21.0,21.02,22946
2075-09-13,20.93,21.21,20.86,21.05,25225
2075-09-14,21.12,21.38,21.05,21.3,14338
2075-09-15,21.3,21.47,21.12,21.4,12331
2075-09-16,21.4,21.73,21.25,21.3,18276
2075-09-17,21.64,22.0,21.52,21.91,12049
2075-09-18,21.97,22.2,21.45,21.54,22792
2075-09-19,21.51,21.65,21.24,21.55,16623
2075-09-20,21.67,22.12,21.56,21.76,13937
2075-09-21,21.71,21.92,21.52,21.61,9041
2075-09-22,21.75,21.79,21.21,21.28,12824
2075-09-23,21.35,21.38,20.98,21.22,14968
2075-09-24,21.16,21.8,21.02,21.16,21131
2075-09-25,21.12,22.0,21.1,21.9,10918
2075-09-26,21.9,23.37,21.9,23.24,38107
2075-09-27,23.11,23.64,23.01,23.6,30740
2075-09-28,23.52,23.64,22.99,23.21,24933
2075-09-29,23.33,23.55,22.95,22.99,14450
2075-09-30,22.82,22.96,22.35,22.59,23315
2075-10-01,22.6,22.79,22.1,22.43,18940
2075-10-02,22.4,22.48,22.07,22.15,16215
2075-10-03,22.11,22.24,21.45,21.69,18829
2075-10-04,21.73,21.9,21.5,21.67,12146
2075-10-05,21.66,21.82,21.16,21.22,14068
2075-10-06,21.22,21.37,21.0,21.16,13040
2075-10-07,21.22,21.35,21.06,21.08,9901
2075-10-08,21.06,21.42,21.01,21.28,13537
2075-10-09,21.39,22.4,21.25,21.52,13168
2075-10-10,21.55,21.72,21.3,21.52,11594
2075-10-11,21.5,21.88,21.44,21.52,10877
2075-10-12,21.52,21.6,21.21,21.51,11507
2075-10-13,21.57,22.1,21.54,22.05,15600
2075-10-14,22.11,22.45,22.1,22.2,16240
2075-10-15,22.2,22.4,22.09,22.35,17217
2075-10-16,22.26,22.42,21.8,21.82,20043
2075-10-17,21.81,21.98,21.71,21.95,10734
2075-10-18,22.06,22.68,21.93,22.66,20979
2075-10-19,22.89,22.92,22.25,22.57,16345
2075-10-20,22.57,22.84,22.26,22.28,20130
2075-10-21,22.11,22.28,22.07,22.15,17394
2075-10-22,22.2,22.75,22.07,22.65,20207
2075-10-23,22.63,22.72,22.11,22.27,19063
2075-10-24,22.25,22.42,22.02,22.22,20068
2075-10-25,22.26,22.27,21.94,22.04,12351
2075-10-26,22.04,22.57,21.76,22.27,21954
2075-10-27,22.17,22.6,22.13,22.57,12624
2075-10-28,22.98,23.8,22.94,23.71,16769
2075-10-29,23.7,23.75,23.25,23.49,14539
2075-10-30,23.47,23.47,23.03,23.14,14201
2075-10-31,23.28,23.47,22.96,23.14,14548
2075-11-01,23.14,23.57,23.14,23.37,14948
2075-11-02,23.42,23.57,22.96,23.37,20699
2075-11-03,23.37,24.08,23.23,23.97,29035
2075-11-04,23.91,24.25,23.71,24.15,73137
2075-11-05,24.15,24.8,23.99,24.75,32578
2075-11-06,24.8,25.01,24.52,24.91,24826
2075-11-07,24.86,24.86,24.45,24.79,24551
2075-11-08,24.82,24.85,24.2,24.31,21139
2075-11-09,24.3,24.32,23.9,23.92,18671
2075-11-10,23.93,24.18,23.86,24.07,12282
2075-11-11,24.1,24.51,23.78,24.16,17395
2075-11-12,24.09,24.37,23.61,23.71,14271
2075-11-13,23.75,23.77,23.45,23.67,14687
2075-11-14,23.73,23.9,23.47,23.55,17224
2075-11-15,23.57,23.58,23.28,23.43,16811
2075-11-16,23.43,23.55,23.22,23.24,11967
2075-11-17,23.24,23.39,22.79,22.91,22484
2075-11-18,22.94,23.03,22.78,22.83,11840
2075-11-19,22.8,22.95,22.8,22.88,11045
2075-11-20,22.83,23.06,22.71,23.03,11289
2075-11-21,23.08,23.21,22.72,22.74,12631
2075-11-22,22.74,23.12,22.65,22.66,20760
2075-11-23,22.66,22.93,22.6,22.91,13941
2075-11-24,22.91,23.05,22.82,22.97,11484
2075-11-25,22.97,23.25,22.83,23.17,12402
2075-11-26,23.17,23.25,22.75,22.79,21908
2075-11-27,22.8,22.9,22.61,22.64,15252
2075-11-28,22.64,22.66,22.41,22.44,20693
2075-11-29,22.44,22.49,22.25,22.37,18128
2075-11-30,22.4,22.7,22.34,22.67,17835
2075-12-01,22.67,22.68,22.45,22.54,22988
2075-12-02,22.59,22.79,22.46,22.63,17138
2075-12-03,22.65,23.02,22.62,22.96,26463
2075-12-04,22.96,23.02,22.63,22.64,18129
2075-12-05,22.63,22.79,22.55,22.56,17163
2075-12-06,22.58,22.98,22.58,22.7,23942
2075-12-07,22.74,23.35,22.69,23.25,19187
2075-12-08,23.28,24.01,23.28,23.89,19789
2075-12-09,24.28,24.65,23.99,24.52,28428
2075-12-10,24.52,25.14,24.36,25.06,34927
2075-12-11,25.06,25.45,24.75,24.96,34632
2075-12-12,24.9,25.35,24.75,25.26,24099
2075-12-13,25.27,25.3,25.01,25.2,21471
2075-12-14,25.15,25.67,24.96,25.65,33027
2075-12-15,25.63,26.57,25.55,25.72,45063
2075-12-16,25.12,25.25,24.8,24.92,563
2075-12-17,25.96,26.04,25.62,25.73,23908
2075-12-18,25.74,25.93,25.66,25.72,18123
2075-12-19,25.71,25.72,25.25,25.31,22385
2075-12-20,25.4,25.75,25.29,25.53,18899
2075-12-21,25.59,25.82,24.8,24.92,22812
2075-12-22,24.95,25.4,24.94,25.08,17218
2075-12-23,25.1,25.35,25.01,25.28,13428
2075-12-24,25.32,26.52,25.18,26.32,27800
2075-12-25,26.3,26.72,26.11,26.19,21404
2075-12-26,26.21,26.41,25.37,25.49,22322
2075-12-27,25.49,25.9,25.1,25.71,17687
2075-12-28,25.71,26.03,25.5,25.82,19323
2075-12-29,25.85,25.97,25.27,25.57,16927
2075-12-30,25.57,25.58,24.9,25.03,23299
2075-12-31,24.68,25.04,24.6,24.92,21280
2076-01-01,24.94,25.47,24.86,25.43,22449
2076-01-02,25.43,25.46,24.92,25.08,16994
2076-01-03,25.05,25.33,24.83,25.09,15889
2076-01-04,25.15,25.4,25.05,25.11,16679
2076-01-05,25.15,25.77,25.01,25.4,20960
2076-01-06,25.45,25.5,25.12,25.16,31932
2076-01-07,25.16,25.32,24.91,25.15,21515
2076-01-08,25.14,25.57,25.02,25.43,20204
2076-01-09,25.29,25.65,25.18,25.3,20821
2076-01-10,25.3,25.34,25.01,25.03,18209
2076-01-11,25.05,25.19,24.68,24.95,35681
2076-01-12,24.95,25.04,24.53,24.65,35076
2076-01-13,24.7,24.95,24.58,24.86,26951
2076-01-14,24.98,25.72,24.98,25.3,36178
2076-01-15,25.29,25.35,24.94,24.97,26134
2076-01-16,24.95,25.07,24.72,24.77,24088
2076-01-17,24.74,25.08,24.71,24.82,20258
2076-01-18,24.85,25.0,24.66,24.86,22354
2076-01-19,24.84,24.87,24.29,24.39,4552
2076-01-20,24.4,24.55,24.18,24.49,3814
2076-01-21,24.52,24.76,24.47,24.67,6153
2076-01-22,24.74,24.89,24.61,24.69,3939
2076-01-23,24.73,24.89,24.65,24.83,3444
2076-01-24,24.75,24.76,24.47,24.65,7491
2076-01-25,24.71,25.32,24.65,25.31,8337
2076-01-26,25.4,25.59,25.07,25.47,11505
2076-01-27,25.6,25.86,25.4,25.83,11970
2076-01-28,25.83,26.76,25.83,26.4,23284
2076-01-29,26.5,26.6,26.2,26.33,8812
2076-01-30,26.45,26.52,26.04,26.45,10403
2076-01-31,26.45,27.24,26.34,27.22,14130
2076-02-01,27.25,27.54,26.97,27.15,13956
2076-02-02,27.42,27.45,27.06,27.34,9587
2076-02-03,27.55,27.8,27.25,27.44,15860
2076-02-04,27.56,27.57,27.06,27.13,12512
2076-02-05,27.1,27.49,26.9,27.21,11206
2076-02-06,27.21,27.52,26.95,27.39,6801
2076-02-07,27.33,27.37,26.76,26.78,7378
2076-02-08,26.93,26.98,26.3,26.35,9229
2076-02-09,26.41,26.41,25.88,26.1,11410
2076-02-10,26.3,26.74,26.3,26.63,3561
2076-02-11,26.5,26.5,26.32,26.38,3510
2076-02-12,26.5,26.7,26.31,26.51,4026
2076-02-13,26.63,26.8,26.14,26.44,4691
2076-02-14,26.57,26.64,26.13,26.29,6701
2076-02-15,26.2,26.34,25.96,26.09,8238
2076-02-16,26.28,26.64,26.18,26.61,7692
2076-02-17,26.7,26.95,26.66,26.92,19164
2076-02-18,26.9,26.91,26.59,26.7,6302
2076-02-19,26.82,27.45,26.7,27.0,7631
2076-02-20,27.07,27.07,26.62,26.72,9632
2076-02-21,26.85,26.9,26.48,26.55,6653
2076-02-22,26.48,26.48,26.23,26.31,5383
2076-02-23,26.35,26.5,26.05,26.19,10790
2076-02-24,26.19,26.59,26.19,26.52,6959
2076-02-25,26.53,26.53,26.19,26.2,5793
2076-02-26,26.23,26.26,25.45,25.49,13795
2076-02-27,25.79,25.79,24.95,25.07,11845
2076-02-28,25.15,25.46,25.07,25.38,6805
2076-02-29,25.29,25.45,25.08,25.15,8276
2076-03-01,25.29,25.29,24.9,25.09,6810
2076-03-02,25.0,25.15,24.97,25.11,2312
2076-03-03,25.15,25.36,25.1,25.36,4355
2076-03-04,25.45,25.78,25.43,25.68,3522
2076-03-05,25.73,25.74,25.54,25.68,2821
2076-03-06,25.72,25.75,25.0,25.16,4418
2076-03-07,25.16,25.38,24.96,25.2,3589
2076-03-08,25.13,25.2,24.71,24.73,7478
2076-03-09,24.73,24.73,24.57,24.65,7295
2076-03-10,24.66,25.22,24.64,25.08,8711
2076-03-11,25.08,25.35,24.84,25.32,10493
2076-03-12,25.32,25.34,24.9,24.91,6856
2076-03-13,24.9,24.97,24.63,24.68,7828
2076-03-14,24.65,24.7,24.43,24.45,7679
2076-03-15,24.45,24.52,24.4,24.42,7857
2076-03-16,24.42,24.9,24.36,24.72,6715
2076-03-17,24.72,24.76,24.32,24.5,7146
2076-03-18,24.51,24.6,24.18,24.31,7334
2076-03-19,24.3,24.7,24.3,24.63,9254
2076-03-20,24.64,25.0,24.56,24.86,7365
2076-03-21,24.9,24.96,24.65,24.69,5453
2076-03-22,24.7,24.82,24.52,24.54,9222
2076-03-23,24.57,24.67,24.18,24.23,6937
2076-03-24,24.55,24.81,24.44,24.51,22594
2076-03-25,24.52,24.79,24.45,24.7,18895
2076-03-26,24.71,24.75,24.21,24.22,25429
2076-03-27,24.25,24.25,23.8,24.18,30375
2076-03-28,24.24,24.34,24.11,24.13,17017
2076-03-29,24.13,24.3,23.97,24.06,18479
2076-03-30,24.16,24.55,24.08,24.37,27272
2076-03-31,24.37,24.58,23.98,24.24,28424
2076-04-01,24.24,24.58,23.92,23.94,16029
2076-04-02,24.0,24.0,23.65,23.67,24242
2076-04-03,23.7,24.06,23.46,23.8,34491
2076-04-04,23.81,24.17,23.76,24.06,31155
2076-04-05,24.03,24.25,23.96,24.22,27098
2076-04-06,24.19,25.08,24.16,24.99,39457
2076-04-07,24.99,25.05,24.5,24.53,32527
2076-04-08,24.52,24.88,24.4,24.5,25467
2076-04-09,24.55,25.3,24.43,24.89,36101
2076-04-10,24.91,25.3,24.84,24.93,21601
2076-04-11,24.89,25.04,24.68,24.93,14615
2076-04-12,24.93,25.72,24.86,25.68,30819
2076-04-13,25.65,25.98,25.45,25.94,32436
2076-04-14,25.91,26.82,25.81,26.54,38109
2076-04-15,26.49,26.79,26.1,26.17,22147
2076-04-16,26.18,26.6,25.93,26.56,21799
2076-04-17,26.56,26.8,26.5,26.64,20846
2076-04-18,26.6,27.09,26.51,26.58,26014
2076-04-19,26.59,27.2,26.46,27.04,25506
2076-04-20,27.04,27.58,27.0,27.5,20026
2076-04-21,27.43,27.9,27.18,27.27,27138
2076-04-22,27.38,27.39,26.67,26.83,29390
2076-04-23,26.8,27.63,26.7,27.47,23207
2076-04-24,27.46,28.13,27.43,27.5,25879
2076-04-25,27.46,27.92,27.24,27.68,17981
2076-04-26,27.66,27.87,27.47,27.54,12227
2076-04-27,27.55,27.89,27.31,27.67,11767
2076-04-28,27.67,27.98,27.62,27.72,13164
2076-04-29,27.72,28.23,27.62,27.71,17324
2076-04-30,27.7,27.92,27.47,27.69,17875
2076-05-01,27.55,28.02,27.48,27.99,13106
2076-05-02,27.86,28.7,27.81,28.66,18971
2076-05-03,28.69,28.97,28.35,28.39,20735
2076-05-04,28.44,28.64,27.9,28.33,21430
2076-05-05,28.75,28.8,28.4,28.7,17233
2076-05-06,28.77,29.46,28.77,29.13,22781
2076-05-07,29.14,29.38,29.06,29.33,14718
2076-05-08,29.4,29.62,29.16,29.28,21540
2076-05-09,29.31,29.55,29.06,29.3,16593
2076-05-10,29.29,29.78,29.29,29.5,20015
2076-05-11,29.52,29.63,28.97,29.19,22273
2076-05-12,29.29,29.45,28.86,29.4,25468
2076-05-13,29.41,29.83,29.38,29.62,43140
2076-05-14,29.76,29.76,29.31,29.67,22412
2076-05-15,29.55,29.65,29.18,29.34,16851
2076-05-16,29.33,29.39,29.03,29.34,11229
2076-05-17,29.34,29.37,28.74,28.78,23382
2076-05-18,28.78,28.91,28.65,28.73,25817
2076-05-19,28.78,28.99,28.61,28.63,33534
2076-05-20,28.62,29.08,28.46,29.03,32740
2076-05-21,29.04,29.21,28.62,28.69,30185
2076-05-22,28.65,28.71,28.35,28.56,29629
2076-05-23,28.57,28.76,28.38,28.39,16557
2076-05-24,28.39,28.46,28.11,28.15,23479
2076-05-25,28.2,28.2,27.62,27.71,20591
2076-05-26,28.17,28.52,28.04,28.5,25284
2076-05-27,28.47,28.75,28.33,28.53,19595
2076-05-28,28.57,28.72,28.48,28.58,17782
2076-05-29,28.58,28.92,28.53,28.84,12867
2076-05-30,29.01,29.9,28.85,29.32,22521
2076-05-31,29.3,29.5,29.22,29.38,19879
2076-06-01,29.34,29.85,29.34,29.71,20522
2076-06-02,29.7,29.87,29.45,29.7,13923
2076-06-03,29.7,29.82,29.62,29.7,717
2076-06-04,29.66,29.84,29.01,29.08,28571
2076-06-05,29.1,29.18,28.55,28.65,32697
2076-06-06,28.55,29.0,28.4,28.8,20207
2076-06-07,28.8,28.88,28.34,28.49,16491
2076-06-08,28.4,28.48,28.02,28.17,27890
2076-06-09,28.17,28.36,27.88,28.04,21876
2076-06-10,28.06,28.64,28.04,28.36,21262
2076-06-11,28.4,29.28,28.15,29.15,46037
2076-06-12,29.25,29.34,28.73,28.79,30821
2076-06-13,28.71,29.15,28.66,28.97,26236
2076-06-14,28.96,29.22,28.7,28.82,24474
2076-06-15,28.8,29.35,28.65,29.3,23380
2076-06-16,29.25,29.44,29.05,29.31,13376
2076-06-17,29.3,29.98,29.29,29.93,26683
2076-06-18,29.92,30.05,29.2,29.23,25321
2076-06-19,29.25,29.48,28.82,28.92,17525
2076-06-20,28.97,29.08,28.74,29.0,15369
2076-06-21,29.03,29.15,28.66,28.82,16935
2076-06-22,28.82,29.49,28.69,29.46,25888
2076-06-23,29.45,29.66,29.27,29.34,27876
2076-06-24,29.38,29.87,29.33,29.58,24805
2076-06-25,29.71,30.55,29.4,30.37,32345
2076-06-26,30.4,30.84,30.25,30.62,23355
2076-06-27,30.62,30.73,30.35,30.37,21626
2076-06-28,30.36,30.67,30.32,30.43,23151
2076-06-29,30.47,30.54,30.31,30.43,27938
2076-06-30,30.5,30.85,29.97,30.34,37589
2076-07-01,30.38,30.4,29.75,29.89,34332
2076-07-02,29.9,30.14,29.84,30.01,24435
2076-07-03,29.97,30.1,29.63,29.68,29792
2076-07-04,29.68,29.93,29.6,29.76,32198
2076-07-05,29.8,30.12,29.59,29.91,31395
2076-07-06,30.41,30.62,30.1,30.18,23480
2076-07-07,30.18,30.8,30.11,30.72,29702
2076-07-08,30.72,31.1,30.7,30.86,30673
2076-07-09,30.87,31.07,30.66,30.96,23263
2076-07-10,30.98,31.67,30.96,31.26,33096
2076-07-11,31.26,31.26,29.26,30.69,41946
2076-07-12,30.53,31.12,30.39,30.76,34881
2076-07-13,30.8,30.89,29.8,30.01,55982
2076-07-14,29.97,30.25,29.82,30.08,26913
2076-07-15,29.99,30.2,29.66,29.98,26364
2076-07-16,29.95,30.08,29.76,29.85,22136
2076-07-17,29.78,30.4,29.73,30.21,22624
2076-07-18,30.2,30.66,30.11,30.6,22134
2076-07-19,30.55,30.7,30.31,30.59,15430
2076-07-20,30.59,30.89,30.37,30.71,13422
2076-07-21,30.71,30.96,30.45,30.47,17082
2076-07-22,30.46,30.53,30.16,30.45,16030
2076-07-23,30.46,30.67,30.42,30.56,9536
2076-07-24,30.53,30.97,30.43,30.77,20308
2076-07-25,30.75,31.12,30.64,30.99,12531
2076-07-26,31.0,31.29,30.86,31.24,15821
2076-07-27,31.25,31.62,31.08,31.1,21599
2076-07-28,31.1,31.33,30.92,31.28,15867
2076-07-29,31.33,32.08,31.19,31.96,32479
2076-07-30,31.96,32.06,31.48,31.67,26205
2076-07-31,31.63,32.0,31.56,31.81,17068
2076-08-01,31.83,32.53,31.83,32.41,23403
2076-08-02,32.38,33.0,32.25,32.97,23619
2076-08-03,32.93,33.07,32.35,32.48,40516
2076-08-04,32.31,33.11,32.12,32.76,27247
2076-08-05,32.78,32.88,32.3,32.37,24185
2076-08-06,32.43,32.83,32.33,32.57,19075
2076-08-07,32.57,32.73,32.35,32.42,16199
2076-08-08,32.55,33.0,32.05,32.08,29379
2076-08-09,32.12,32.68,31.87,32.46,32949
2076-08-10,32.46,32.96,32.4,32.78,28895
2076-08-11,32.69,32.92,32.28,32.65,45437
2076-08-12,32.65,33.32,32.45,32.97,36536
2076-08-13,32.92,33.22,32.75,32.78,30309
2076-08-14,32.79,32.86,31.85,31.87,40082
2076-08-15,31.87,31.87,30.98,31.07,50536
2076-08-16,31.65,32.27,31.65,32.14,31966
2076-08-17,32.09,33.0,31.9,32.9,39794
2076-08-18,32.85,32.93,32.46,32.72,31674
2076-08-19,32.79,32.83,32.29,32.43,35257
2076-08-20,32.44,33.55,32.38,33.26,33941
2076-08-21,33.26,33.32,32.72,32.75,25580
2076-08-22,32.75,33.61,32.7,33.45,40231
2076-08-23,33.34,34.04,33.05,33.77,34230
2076-08-24,33.77,33.95,33.44,33.81,26488
2076-08-25,33.8,33.93,33.51,33.59,23192
2076-08-26,33.6,34.17,33.48,33.63,30471
2076-08-27,33.61,33.79,33.1,33.17,35123
2076-08-28,33.35,33.43,32.77,33.04,21500
2076-08-29,33.01,33.32,32.81,33.04,25573
2076-08-30,33.07,33.49,33.04,33.31,21761
2076-08-31,33.3,33.75,33.29,33.72,18709
2076-09-01,33.76,34.57,33.71,34.39,30670
2076-09-02,34.46,34.87,34.37,34.49,27417
2076-09-03,34.48,34.9,34.18,34.6,23603
2076-09-04,34.6,34.97,34.56,34.73,25623
2076-09-05,34.65,35.11,34.58,34.99,20079
2076-09-06,34.99,35.32,34.9,35.15,20507
2076-09-07,35.17,35.31,35.01,35.26,15469
2076-09-08,35.2,35.23,34.63,34.83,28762
2076-09-09,34.8,35.16,34.73,34.89,22839
2076-09-10,34.88,35.73,34.81,35.58,41320
2076-09-11,35.58,36.05,35.49,35.84,24361
2076-09-12,35.92,36.19,35.16,35.18,24815
2076-09-13,35.18,35.68,34.94,35.56,30873
2076-09-14,35.59,36.05,35.51,35.71,27885
2076-09-15,35.71,36.04,35.56,35.81,30378
2076-09-16,35.71,35.98,35.57,35.75,19772
2076-09-17,35.77,36.43,35.73,36.27,38906
2076-09-18,36.27,36.5,35.72,35.9,30771
2076-09-19,35.9,36.4,35.69,36.36,28870
2076-09-20,36.38,36.45,35.09,35.37,50556
2076-09-21,36.0,36.74,35.18,35.42,38503
2076-09-22,35.47,35.66,35.17,35.27,34623
2076-09-23,35.36,35.36,34.35,34.87,44317
2076-09-24,34.88,35.53,34.87,35.16,32676
2076-09-25,35.2,36.14,35.14,35.88,31712
2076-09-26,35.95,36.34,35.8,36.09,24953
2076-09-27,36.33,36.46,35.31,35.6,9706
2076-09-28,35.78,36.05,35.38,35.61,13182
2076-09-29,35.89,35.89,35.06,35.31,13151
2076-09-30,35.34,35.34,34.68,35.0,18058
2076-10-01,35.05,35.5,34.85,35.38,13518
2076-10-02,35.33,35.6,35.02,35.29,15488
2076-10-03,35.29,35.38,34.89,35.26,16822
2076-10-04,35.25,35.92,35.23,35.86,28190
2076-10-05,35.84,37.85,35.78,36.91,27246
2076-10-06,36.92,37.4,36.82,36.93,20479
2076-10-07,37.09,37.17,36.51,36.52,14475
2076-10-08,36.64,36.93,36.5,36.91,19291
2076-10-09,36.91,37.41,36.83,37.33,12919
2076-10-10,37.35,37.65,37.05,37.51,9460
2076-10-11,37.44,37.85,37.3,37.84,11900
2076-10-12,37.72,38.02,37.63,37.73,15028
2076-10-13,37.73,38.1,37.59,37.92,13317
2076-10-14,37.8,38.1,37.7,37.97,11388
2076-10-15,37.8,37.92,36.98,37.23,18213
2076-10-16,37.12,37.5,36.6,36.92,19177
2076-10-17,37.06,37.65,36.99,37.5,14721
2076-10-18,37.82,38.05,37.48,37.94,5830
2076-10-19,38.05,38.41,37.67,37.77,5687
2076-10-20,37.36,37.54,36.37,36.95,8950
2076-10-21,37.0,37.4,36.75,37.09,8732
2076-10-22,37.09,37.26,36.82,36.91,5295
2076-10-23,37.14,37.36,36.7,36.84,9561
2076-10-24,36.83,37.2,36.8,37.03,9995
2076-10-25,37.27,37.78,37.27,37.66,20956
2076-10-26,37.73,38.16,37.57,38.03,22961
2076-10-27,38.18,38.22,37.43,37.57,15718
2076-10-28,37.63,37.96,37.55,37.64,14037
2076-10-29,37.64,37.74,37.46,37.59,10633
2076-10-30,37.32,37.33,36.66,36.74,15535
2076-10-31,36.84,37.02,36.53,36.95,12273
2076-11-01,36.97,37.57,36.84,37.39,13352
2076-11-02,37.4,37.46,37.05,37.08,8033
2076-11-03,37.08,37.25,36.06,36.54,10551
2076-11-04,36.8,37.0,36.59,36.61,5769
2076-11-05,36.61,36.71,35.93,35.96,9703
2076-11-06,36.0,36.24,35.65,35.84,7766
2076-11-07,35.85,35.91,33.91,34.5,16423
2076-11-08,34.79,35.7,34.4,35.64,6021
2076-11-09,35.38,35.43,35.02,35.24,4916
2076-11-10,35.5,35.62,35.08,35.18,2239
2076-11-11,35.05,35.6,35.05,35.48,3758
2076-11-12,35.37,36.01,35.31,35.5,2753
2076-11-13,35.69,36.2,35.55,36.11,6698
2076-11-14,35.98,36.48,35.65,36.4,4688
2076-11-15,36.33,36.48,36.1,36.3,5486
2076-11-16,36.1,36.78,35.95,36.48,7893
2076-11-17,36.74,36.89,36.48,36.56,12747
2076-11-18,36.56,37.03,36.55,36.79,9808
2076-11-19,36.94,37.45,36.79,37.36,13492
2076-11-20,37.35,37.75,37.23,37.48,10605
2076-11-21,37.5,37.54,37.18,37.24,12440
2076-11-22,37.25,37.75,37.08,37.44,8295
2076-11-23,37.44,37.95,37.41,37.9,9397
2076-11-24,37.78,38.14,37.75,38.02,10979
2076-11-25,38.04,39.26,38.04,38.95,9722
2076-11-26,39.01,39.23,38.75,39.17,8067
2076-11-27,39.2,39.63,39.13,39.52,9144
2076-11-28,39.72,39.95,39.53,39.72,7881
2076-11-29,39.78,39.95,39.2,39.48,7340
2076-11-30,39.53,39.67,39.04,39.28,4090
2076-12-01,39.73,40.14,39.53,39.94,24668
2076-12-02,40.0,40.1,39.42,39.52,23565
2076-12-03,39.52,39.98,39.44,39.83,22553
2076-12-04,39.8,39.99,39.17,39.19,34247
2076-12-05,39.18,39.59,39.07,39.54,32292
2076-12-06,39.62,40.42,39.54,40.35,41605
2076-12-07,40.35,40.59,39.93,40.0,32645
2076-12-08,40.0,40.29,39.6,39.63,34549
2076-12-09,39.65,39.72,38.0,38.6,56963
2076-12-10,38.59,38.91,38.22,38.7,36986
2076-12-11,38.7,39.29,38.53,39.18,35423
2076-12-12,39.19,39.35,38.91,39.03,34447
2076-12-13,39.0,39.17,38.42,38.48,36614
2076-12-14,38.44,39.15,38.33,38.99,39154
2076-12-15,39.05,39.58,39.04,39.47,33934
2076-12-16,39.54,40.04,39.41,39.97,40566
2076-12-17,39.97,40.37,39.5,39.53,35275
2076-12-18,39.76,40.17,39.5,40.06,25428
2076-12-19,40.02,40.49,39.95,40.23,28477
2076-12-20,40.25,40.8,39.91,40.15,38810
2076-12-21,40.18,41.14,40.18,40.99,30514
2076-12-22,40.84,41.1,40.48,40.56,30940
2076-12-23,40.5,40.5,39.8,40.22,23244
2076-12-24,40.22,40.49,40.01,40.42,11706
2076-12-25,40.41,40.73,40.15,40.48,19055
2076-12-26,40.52,41.04,40.36,40.92,22642
2076-12-27,40.96,41.55,40.92,41.38,28160
2076-12-28,41.5,42.26,41.45,42.2,27737
2076-12-29,42.15,42.2,41.65,41.68,30237
2076-12-30,41.61,42.69,41.43,42.31,40749
2076-12-31,42.44,42.75,41.03,42.07,35592
2077-01-01,42.0,42.79,41.9,42.64,19753
2077-01-02,42.56,42.77,42.33,42.56,17287
2077-01-03,42.49,43.72,42.41,43.62,34773
2077-01-04,43.62,44.1,43.33,43.64,36297
2077-01-05,43.49,44.2,43.4,44.15,28728
2077-01-06,44.15,45.12,43.97,45.08,29062
2077-01-07,44.85,44.98,44.0,44.46,29149
2077-01-08,44.33,44.95,44.11,44.23,33575
2077-01-09,44.19,45.08,44.17,45.05,26014
2077-01-10,45.1,45.12,44.46,44.66,31233
2077-01-11,44.71,45.05,44.4,44.82,38770
2077-01-12,45.34,45.74,45.22,45.26,18872
2077-01-13,45.26,46.29,44.91,46.22,20673
2077-01-14,46.19,46.5,45.89,46.37,20941
2077-01-15,46.44,47.31,46.37,47.07,29264
2077-01-16,47.08,47.5,46.84,47.3,29455
2077-01-17,47.27,47.27,46.38,46.75,34624
2077-01-18,46.72,46.79,46.26,46.58,27742
2077-01-19,46.58,47.27,46.5,46.64,32548
2077-01-20,46.66,46.78,45.79,46.1,36799
2077-01-21,46.15,46.4,45.51,45.8,33101
2077-01-22,45.87,46.23,45.58,45.93,31589
2077-01-23,45.93,46.22,45.51,45.7,35259
2077-01-24,45.68,45.74,44.7,45.64,34871
2077-01-25,45.75,46.09,45.37,45.7,29597
2077-01-26,45.68,46.04,45.46,45.76,34537
2077-01-27,45.76,46.01,45.46,45.92,35885
2077-01-28,45.8,46.75,45.6,46.69,40653
2077-01-29,46.68,46.79,46.17,46.26,50485
2077-01-30,46.2,46.65,45.99,46.22,29068
2077-01-31,46.22,47.01,45.83,46.17,27482
2077-02-01,46.18,46.45,45.98,46.21,27941
2077-02-02,46.8,47.51,46.8,47.38,19301
2077-02-03,47.39,47.6,47.13,47.24,31549
2077-02-04,47.24,47.96,47.05,47.74,26466
2077-02-05,47.74,48.03,47.66,48.0,12190
2077-02-06,48.42,49.81,48.42,49.66,25296
2077-02-07,49.68,49.97,49.3,49.37,29320
2077-02-08,49.25,49.95,49.12,49.67,37313
2077-02-09,49.32,49.7,49.16,49.63,33981
2077-02-10,49.75,51.2,49.62,50.8,45092
2077-02-11,50.95,51.33,50.54,51.18,33360
2077-02-12,51.18,51.45,47.24,51.18,30122
2077-02-13,51.0,51.35,50.67,50.75,27558
2077-02-14,50.75,51.64,50.57,51.0,40384
2077-02-15,51.02,51.45,51.0,51.08,35884
2077-02-16,51.08,51.64,50.77,51.27,33898
2077-02-17,51.39,53.12,51.3,52.66,9969
2077-02-18,52.84,54.36,52.66,53.17,12572
2077-02-19,53.27,53.77,52.63,53.31,9588
2077-02-20,53.22,53.31,51.85,52.73,9404
2077-02-21,52.74,53.98,52.64,52.91,10160
2077-02-22,52.9,53.21,52.45,53.14,25687
2077-02-23,52.48,52.49,51.25,51.68,90130
2077-02-24,51.77,52.21,49.68,49.68,116915
2077-02-25,49.75,51.68,49.75,51.68,92974
2077-02-26,52.0,52.57,51.59,52.01,29167
2077-02-27,52.07,52.6,51.46,52.55,71353
2077-02-28,52.99,53.54,52.37,53.42,70047
2077-03-01,53.45,53.64,53.06,53.46,57592
2077-03-02,53.38,53.8,52.95,53.72,68988
2077-03-03,53.66,54.75,53.66,54.12,23562
2077-03-04,54.18,55.96,54.17,55.76,79133
2077-03-05,55.68,56.25,55.09,55.4,77335
2077-03-06,55.34,57.4,55.09,55.16,124171
2077-03-07,54.45,55.29,54.4,55.12,88564
2077-03-08,55.22,56.3,54.97,55.42,33922
2077-03-09,55.48,55.67,54.5,55.3,74428
2077-03-10,55.26,55.92,55.11,55.66,75484
2077-03-11,55.65,56.33,55.39,56.26,72034
2077-03-12,56.39,58.25,56.22,58.16,119394
2077-03-13,58.32,58.82,57.82,58.57,80427
2077-03-14,58.87,60.4,58.8,60.21,118022
2077-03-15,60.96,61.5,60.28,61.47,77296
2077-03-16,61.47,62.29,61.25,62.12,84188
2077-03-17,62.37,63.05,61.88,63.02,76844
2077-03-18,63.3,64.52,63.25,64.33,89747
2077-03-19,64.35,65.24,63.45,65.03,85424
2077-03-20,65.05,65.5,64.55,65.47,83597
2077-03-21,65.43,67.42,65.2,67.3,99475
2077-03-22,67.24,69.15,66.82,68.82,94414
2077-03-23,68.68,70.82,68.6,70.82,71580
2077-03-24,70.98,72.69,68.82,68.82,92218
2077-03-25,68.1,69.89,66.82,67.33,114542
2077-03-26,67.35,68.4,65.33,65.33,67252
2077-03-27,64.77,64.79,63.33,63.33,28074
2077-03-28,61.33,63.44,61.33,62.14,87032
2077-03-29,62.39,63.73,61.91,63.19,81332
2077-03-30,63.21,63.94,61.33,62.24,72798
2077-03-31,62.34,64.13,62.0,62.56,54292
2077-04-01,62.68,63.09,60.56,60.56,86146
2077-04-02,60.42,60.9,58.56,58.56,30804
2077-04-03,56.56,59.24,56.56,58.4,114028
2077-04-04,58.45,58.8,56.4,56.4,42124
2077-04-05,55.7,55.8,54.4,54.4,70468
2077-04-06,54.31,56.1,54.11,55.77,74918
2077-04-07,55.87,57.77,55.7,57.77,41802
2077-04-08,58.1,59.77,57.43,57.75,103692
2077-04-09,57.75,58.3,56.79,57.48,51354
2077-04-10,57.66,57.8,54.98,54.98,56478
2077-04-11,54.98,56.7,51.48,51.48,76396
2077-04-12,50.95,53.38,48.6,52.15,136908
2077-04-13,52.5,55.15,52.1,55.05,113292
2077-04-14,55.49,55.6,54.15,55.37,50992
2077-04-15,55.33,56.75,55.0,56.61,58714
2077-04-16,56.71,57.75,55.78,55.97,67850
2077-04-17,55.88,56.64,55.21,55.84,97065
2077-04-18,55.89,58.34,55.8,58.07,79720
2077-04-19,58.15,60.57,57.61,60.17,86172
2077-04-20,60.17,60.47,59.4,59.94,70456
2077-04-21,60.17,61.9,58.76,61.5,73634
2077-04-22,61.5,63.05,61.36,62.52,65030
2077-04-23,62.65,62.7,60.95,61.53,59214
2077-04-24,62.12,62.99,60.4,61.58,54572
2077-04-25,61.56,62.65,60.08,61.74,55440
2077-04-26,62.0,62.0,59.25,59.72,65204
2077-04-27,59.6,61.84,59.34,61.7,78466
2077-04-28,61.65,62.37,61.07,61.96,63608
2077-04-29,61.93,61.93,60.52,60.87,60936
2077-04-30,60.87,61.39,59.37,59.65,66288
2077-05-01,59.65,60.49,57.47,58.48,89498
2077-05-02,58.69,58.8,57.44,57.82,75636
2077-05-03,57.92,58.99,57.53,58.33,78462
2077-05-04,58.28,58.39,55.83,56.35,64710
2077-05-05,56.15,58.23,56.05,57.26,61654
2077-05-06,57.27,58.26,57.0,57.37,60100
2077-05-07,57.5,59.25,57.3,57.84,73704
2077-05-08,57.9,59.25,57.41,59.16,72368
2077-05-09,59.5,59.85,58.45,59.55,60824
2077-05-10,59.55,62.05,59.09,62.0,70380
2077-05-11,62.37,62.61,61.09,61.28,52168
2077-05-12,61.12,62.28,60.77,62.1,66988
2077-05-13,62.05,62.6,61.32,61.5,58230
2077-05-14,61.55,61.78,59.02,60.03,92974
2077-05-15,60.31,62.48,60.31,61.85,75576
2077-05-16,61.52,61.83,59.52,60.2,61716
2077-05-17,60.2,62.01,59.75,61.03,58654
2077-05-18,60.9,63.52,60.53,63.25,79220
2077-05-19,63.55,63.7,60.8,61.83,79424
2077-05-20,61.61,64.27,61.43,63.56,80822
2077-05-21,63.56,64.88,61.45,62.2,65262
2077-05-22,62.07,63.17,61.47,62.65,58590
2077-05-23,62.41,62.94,60.15,60.3,87108
2077-05-24,60.3,61.38,59.56,61.31,62726
2077-05-25,61.24,62.2,60.71,61.7,53934
2077-05-26,61.59,62.09,60.45,61.04,62746
2077-05-27,60.95,61.04,60.1,60.47,77106
2077-05-28,60.47,62.86,60.47,62.65,98144
2077-05-29,62.72,65.1,62.72,64.34,96878
2077-05-30,64.49,65.6,64.25,64.3,86190
2077-05-31,63.74,64.84,62.3,62.65,120996
2077-06-01,62.65,65.15,62.65,65.0,92204
2077-06-02,65.17,66.52,63.76,66.2,106698
2077-06-03,66.05,67.2,65.2,66.19,75548
2077-06-04,66.22,68.59,65.1,65.65,93310
2077-06-05,65.65,66.5,64.73,65.8,73908
2077-06-06,66.15,66.7,64.75,65.8,17320
2077-06-07,65.8,66.01,63.78,64.46,30032
2077-06-08,64.15,65.4,63.86,64.21,29062
2077-06-09,64.0,64.11,62.8,63.61,26736
2077-06-10,63.95,64.25,63.05,63.44,16942
2077-06-11,63.31,64.55,62.02,64.55,50568
2077-06-12,64.55,66.21,64.12,66.0,38788
2077-06-13,66.0,66.75,65.39,65.9,39462
2077-06-14,65.85,66.5,64.76,66.32,49350
2077-06-15,66.05,67.12,65.89,66.95,44668
2077-06-16,66.94,68.13,66.31,67.99,34526
2077-06-17,67.98,67.98,66.42,67.53,40484
2077-06-18,67.53,67.53,67.53,67.53,52798
2077-06-19,67.29,67.29,65.03,65.07,32212
2077-06-20,65.03,65.39,62.61,63.54,53546
2077-06-21,63.6,64.55,63.37,63.95,35544
2077-06-22,63.9,64.64,63.65,64.62,33806
2077-06-23,64.87,66.45,64.08,64.63,39068
2077-06-24,64.63,64.63,63.19,63.79,27580
2077-06-25,63.78,64.24,62.1,63.03,43228
2077-06-26,62.87,64.1,61.91,64.09,41960
2077-06-27,63.99,64.45,62.43,63.42,43232
2077-06-28,63.23,63.89,62.11,62.46,9072
2077-06-29,62.46,62.46,60.15,60.25,16204
2077-06-30,60.33,61.26,59.04,60.48,13827
2077-07-01,60.56,60.56,58.58,58.87,14508
2077-07-02,58.99,59.47,58.4,59.25,11477
2077-07-03,59.05,59.56,58.34,59.48,10735
2077-07-04,59.47,60.34,58.72,59.63,13503
2077-07-05,59.61,59.79,57.62,58.15,21567
2077-07-06,58.4,58.56,57.41,58.53,28770
2077-07-07,58.46,58.69,57.68,58.51,19964
2077-07-08,58.23,58.5,56.52,56.83,19799
2077-07-09,56.87,56.87,54.33,54.33,19905
2077-07-10,54.32,54.63,52.36,53.18,16883
2077-07-11,53.23,53.79,50.7,51.67,23741
2077-07-12,51.75,53.2,51.75,52.27,18038
2077-07-13,52.12,52.57,50.01,50.57,17626
2077-07-14,51.38,51.44,49.94,50.58,13312
2077-07-15,50.71,51.13,49.76,49.97,18040
2077-07-16,50.1,52.47,50.0,52.47,11472
2077-07-17,52.84,53.18,50.7,52.12,12977
2077-07-18,51.97,52.07,49.7,50.04,11528
2077-07-19,50.14,52.54,50.14,52.52,8143
2077-07-20,52.75,54.89,51.81,52.65,9510
2077-07-21,53.01,54.02,52.5,53.35,6471
2077-07-22,53.36,55.85,53.11,55.85,4702
2077-07-23,56.14,56.19,53.98,54.42,5171
2077-07-24,54.91,55.3,54.4,54.77,6789
2077-07-25,54.72,54.9,52.9,54.13,9270
2077-07-26,54.01,55.08,53.88,54.43,9884
2077-07-27,54.38,54.39,52.79,53.58,10068
2077-07-28,53.41,54.17,53.18,53.67,13691
2077-07-29,52.56,52.56,51.18,52.29,12096
2077-07-30,52.47,52.7,50.08,50.72,11385
2077-07-31,50.72,51.44,49.76,49.76,15484
2077-08-01,49.76,49.76,47.75,48.4,13165
2077-08-02,48.52,50.51,47.9,48.75,14115
2077-08-03,48.75,48.75,47.42,48.34,14772
2077-08-04,48.14,48.5,47.58,47.84,5734
2077-08-05,47.84,48.27,46.98,47.12,10219
2077-08-06,47.13,48.69,47.13,47.51,10190
2077-08-07,47.54,47.79,45.71,46.08,8447
2077-08-08,45.95,46.02,43.58,43.6,6732
2077-08-09,43.61,44.38,43.1,43.97,8381
2077-08-10,44.94,45.37,43.92,44.9,66292
2077-08-11,45.32,47.4,44.91,47.4,45111
2077-08-12,47.4,50.79,46.92,50.03,47102
2077-08-13,50.1,50.48,47.72,48.23,46115
2077-08-14,48.55,49.06,47.95,48.2,37701
2077-08-15,48.2,49.22,47.43,48.29,44055
2077-08-16,48.19,48.5,47.44,47.93,38776
2077-08-17,47.93,47.96,45.43,45.43,37268
2077-08-18,44.6,45.35,43.85,44.48,62688
2077-08-19,44.78,45.44,43.92,44.68,46609
2077-08-20,44.75,44.97,42.66,43.18,51513
2077-08-21,42.97,43.77,42.48,42.5,38862
2077-08-22,42.23,42.23,40.0,40.0,38439
2077-08-23,39.85,40.94,39.5,39.82,43931
2077-08-24,39.66,40.85,38.39,39.77,48882
2077-08-25,39.93,40.75,38.98,39.79,44429
2077-08-26,39.29,39.29,37.29,37.29,14922
2077-08-27,37.14,39.4,36.8,39.21,42526
2077-08-28,39.51,40.36,37.95,38.0,52659
2077-08-29,38.0,38.2,35.5,35.53,41338
2077-08-30,35.0,35.55,33.9,35.45,46511
2077-08-31,35.95,36.7,35.3,35.5,34951
2077-09-01,35.68,37.65,35.6,37.61,28884
2077-09-02,37.59,38.11,35.34,35.8,40921
2077-09-03,35.8,36.15,33.3,33.3,38405
2077-09-04,33.3,34.22,32.74,32.82,37366
2077-09-05,33.16,34.12,30.65,31.47,37756
2077-09-06,31.9,32.5,30.9,31.72,31278
2077-09-07,32.1,33.91,31.13,31.88,37642
2077-09-08,32.71,34.38,32.35,34.33,26925
2077-09-09,34.33,35.24,33.32,34.48,40173
2077-09-10,34.3,34.75,33.34,33.6,31269
2077-09-11,33.78,35.77,33.6,34.74,37644
2077-09-12,34.59,37.08,34.11,35.97,39940
2077-09-13,36.18,36.42,34.0,34.02,40630
2077-09-14,33.84,34.49,33.14,34.17,42913
2077-09-15,34.24,34.79,33.69,33.9,26967
2077-09-16,34.33,35.58,33.86,35.38,33782
2077-09-17,35.26,35.26,32.99,33.73,40637
2077-09-18,33.55,33.99,32.25,32.58,31487
2077-09-19,32.53,33.8,31.9,32.81,37641
2077-09-20,33.24,33.6,31.91,32.6,34653
2077-09-21,32.4,33.05,31.93,32.32,30361
2077-09-22,32.35,32.51,31.75,32.28,31192
2077-09-23,32.65,33.17,32.19,32.35,12045
2077-09-24,31.84,32.13,30.5,31.0,23806
2077-09-25,30.63,31.33,30.25,31.06,22538
2077-09-26,31.68,33.55,31.07,33.11,34780
2077-09-27,33.1,33.1,32.1,32.64,43814
2077-09-28,32.65,33.33,32.22,32.86,35278
2077-09-29,32.81,33.35,32.33,32.9,20422
2077-09-30,32.9,33.06,31.08,31.4,36478
2077-10-01,31.19,31.96,30.75,30.77,36949
2077-10-02,30.85,31.37,30.41,30.58,37072
2077-10-03,30.74,30.81,29.31,29.5,42569
2077-10-04,29.5,29.53,28.16,28.55,45491
2077-10-05,28.68,30.06,28.61,29.77,42198
2077-10-06,29.81,30.52,29.47,29.81,42439
2077-10-07,29.83,31.33,29.83,30.85,47660
2077-10-08,30.85,32.11,30.52,31.72,37320
2077-10-09,31.6,31.67,30.15,30.92,40560
2077-10-10,30.91,32.05,30.45,30.55,30050
2077-10-11,30.5,31.35,30.27,31.35,28686
2077-10-12,31.81,32.31,31.05,31.36,21709
2077-10-13,31.15,31.56,30.81,31.04,25070
2077-10-14,31.04,31.1,30.75,30.91,27583
2077-10-15,30.93,31.99,30.8,31.25,27490
2077-10-16,31.01,31.55,30.9,31.52,28229
2077-10-17,31.5,31.9,31.25,31.61,17818
2077-10-18,31.61,33.75,31.46,33.12,22837
2077-10-19,33.08,34.0,32.35,32.53,42388
2077-10-20,32.57,33.34,32.08,32.42,46684
2077-10-21,32.24,33.81,32.0,33.6,29413
2077-10-22,33.55,34.52,33.28,33.88,31012
2077-10-23,33.95,35.2,33.5,35.17,38713
2077-10-24,35.06,37.35,34.72,37.31,80202
2077-10-25,37.25,37.55,35.83,36.18,56836
2077-10-26,35.63,36.25,35.47,35.78,51392
2077-10-27,35.78,37.16,35.78,36.72,43914
2077-10-28,36.72,37.36,34.32,34.41,43736
2077-10-29,34.25,35.4,34.21,34.83,33470
2077-10-30,34.83,35.39,33.64,34.05,33225
2077-10-31,34.02,35.0,33.64,34.4,42142
2077-11-01,34.31,35.15,34.31,34.59,30508
2077-11-02,34.48,35.2,33.12,33.81,45705
2077-11-03,33.64,34.26,33.38,33.95,33073
2077-11-04,34.07,34.49,33.16,33.53,34420
2077-11-05,33.61,34.33,33.35,33.6,50247
2077-11-06,33.7,35.0,33.36,33.77,32408
2077-11-07,33.72,34.15,32.62,32.77,34003
2077-11-08,32.77,33.07,32.2,32.91,30632
2077-11-09,32.82,32.91,32.25,32.37,27809
2077-11-10,32.37,32.89,32.13,32.73,24250
2077-11-11,32.7,32.7,31.51,31.76,33117
2077-11-12,31.79,32.45,31.23,31.53,29644
2077-11-13,31.5,32.68,31.45,32.35,44767
2077-11-14,32.2,33.33,32.14,33.05,49832
2077-11-15,33.12,33.54,32.94,33.4,44574
2077-11-16,33.18,34.77,33.01,34.23,51473
2077-11-17,34.05,34.56,33.55,33.64,44458
2077-11-18,33.5,34.01,33.15,33.18,39754
2077-11-19,33.3,33.49,32.75,32.83,34268
2077-11-20,32.87,33.29,32.54,33.0,33786
2077-11-21,32.91,33.08,30.83,31.15,51392
2077-11-22,31.11,31.29,30.4,30.42,42555
2077-11-23,30.76,31.33,30.7,30.75,22582
2077-11-24,30.82,31.26,29.88,30.53,28006
2077-11-25,30.57,31.5,30.38,30.62,45781
2077-11-26,30.42,30.87,30.15,30.8,38909
2077-11-27,30.84,32.28,30.31,32.2,63481
2077-11-28,32.15,32.57,31.54,31.93,47295
2077-11-29,31.85,31.93,31.1,31.11,46306
2077-11-30,30.99,31.36,30.1,30.34,44759
2077-12-01,30.19,30.74,30.11,30.42,36857
2077-12-02,30.44,31.22,30.25,30.99,29041
2077-12-03,31.1,31.5,30.5,30.71,29594
2077-12-04,30.71,31.33,30.6,31.03,25828
2077-12-05,31.18,32.0,30.72,30.76,24228
2077-12-06,30.85,31.87,30.77,30.98,39678
2077-12-07,30.87,31.31,29.7,29.91,53298
2077-12-08,29.96,30.48,29.72,30.38,35838
2077-12-09,30.38,30.53,29.91,30.17,25157
2077-12-10,29.85,31.19,29.66,30.86,87367
2077-12-11,30.78,31.39,30.74,31.31,23548
2077-12-12,31.31,31.37,30.84,30.92,20794
2077-12-13,31.31,32.5,31.31,31.89,40377
2077-12-14,31.91,32.49,31.83,32.25,27172
2077-12-15,32.27,33.45,32.26,33.1,28834
2077-12-16,33.26,33.43,32.69,33.27,26876
2077-12-17,33.28,33.62,32.52,33.37,40017
2077-12-18,33.32,33.8,32.94,33.6,32312
2077-12-19,33.5,33.65,32.38,32.42,32446
2077-12-20,32.47,32.82,31.76,32.04,32767
2077-12-21,31.99,33.65,31.9,33.62,41979
2077-12-22,33.44,33.67,33.17,33.5,25131
2077-12-23,33.48,35.2,33.48,35.1,46979
2077-12-24,34.98,35.38,34.65,35.32,37112
2077-12-25,35.36,35.68,34.77,34.99,29940
2077-12-26,35.05,35.39,34.69,34.84,33784
2077-12-27,34.67,35.38,34.43,34.99,31480
2077-12-28,35.0,35.96,34.93,35.42,37208
2077-12-29,35.45,36.19,35.12,36.06,30129
2077-12-30,36.06,37.19,35.8,36.95,43210
2077-12-31,37.01,37.27,36.5,36.95,39459
2078-01-01,36.85,37.37,36.65,36.75,38203
2078-01-02,36.8,37.3,36.66,36.77,41665
2078-01-03,36.97,37.3,35.73,35.75,27705
2078-01-04,35.79,36.54,35.52,36.43,33535
2078-01-05,36.42,36.79,36.24,36.38,29740
2078-01-06,36.38,37.1,35.83,36.5,36145
2078-01-07,36.57,36.95,36.28,36.65,30375
2078-01-08,36.56,36.65,34.87,35.84,50075
2078-01-09,35.88,36.14,35.11,35.19,43241
2078-01-10,35.2,35.99,35.05,35.73,49160
2078-01-11,35.63,36.68,35.55,36.51,51478
2078-01-12,36.36,37.84,36.17,37.75,37873
2078-01-13,37.4,39.1,37.4,38.24,50993
2078-01-14,38.31,38.47,37.75,37.99,43504
2078-01-15,38.0,39.33,37.85,38.98,55054
2078-01-16,38.99,39.59,38.51,38.78,40725
2078-01-17,38.78,39.69,38.5,39.61,34738
2078-01-18,39.5,39.6,38.7,39.58,7509
2078-01-19,39.59,40.2,39.28,39.68,34395
2078-01-20,39.86,40.19,38.92,39.16,35874
2078-01-21,39.1,39.15,38.7,38.84,38524
2078-01-22,38.8,39.55,37.87,37.9,32487
2078-01-23,37.83,38.23,37.3,38.16,27878
2078-01-24,38.15,38.8,37.95,38.17,39882
2078-01-25,38.28,38.96,38.17,38.37,34343
2078-01-26,38.4,38.51,37.64,37.98,28286
2078-01-27,38.06,38.49,37.9,38.1,28907
2078-01-28,37.93,38.32,36.75,37.75,33814
2078-01-29,37.77,38.04,37.54,37.81,38136
2078-01-30,37.75,37.95,37.47,37.81,33516
2078-01-31,37.81,39.1,37.7,39.05,45204
2078-02-01,39.22,40.58,39.13,40.45,47012
2078-02-02,40.43,40.53,39.94,40.5,32771
2078-02-03,40.5,40.6,39.16,39.25,41969
2078-02-04,39.35,40.37,38.85,40.34,34888
2078-02-05,40.2,40.34,39.5,39.73,36338
2078-02-06,39.73,39.93,39.16,39.4,42542
2078-02-07,39.5,39.89,39.22,39.45,43584
2078-02-08,39.41,39.85,38.18,38.61,56724
2078-02-09,38.68,39.02,38.04,38.2,74088
2078-02-10,38.14,38.71,36.58,37.16,63431
2078-02-11,37.14,37.7,36.55,36.62,41188
2078-02-12,36.62,37.5,36.62,36.96,46454
2078-02-13,37.33,37.52,36.68,37.24,12914
2078-02-14,37.43,37.51,36.51,37.11,12475
2078-02-15,37.17,37.29,36.51,36.68,7340
2078-02-16,36.7,36.91,35.83,36.07,14532
2078-02-17,36.19,37.08,36.05,37.08,16864
2078-02-18,37.0,37.11,36.3,36.6,16807
2078-02-19,36.58,37.14,36.45,36.7,10557
2078-02-20,36.8,37.22,36.07,36.24,17444
2078-02-21,36.03,36.54,35.9,35.95,29502
2078-02-22,35.97,36.3,34.69,35.22,36302
2078-02-23,35.32,36.21,35.25,36.02,30000
