Index,Open,High,Low,Close,Volume
2069-12-08,375.0,375.0,367.0,367.5,47830
2069-12-09,335.0,342.0,332.0,341.25,192395
2069-12-10,343.0,343.0,337.0,337.75,120395
2069-12-11,337.75,341.5,335.25,337.75,135990
2069-12-12,337.75,341.0,334.5,338.5,163685
2069-12-13,338.5,340.0,336.0,339.5,122185
2069-12-14,340.0,349.75,338.5,347.75,256630
2069-12-15,348.0,349.0,345.5,348.75,147630
2069-12-16,349.0,350.75,342.5,342.75,200810
2069-12-17,341.75,345.5,341.25,344.5,139270
2069-12-18,344.5,345.0,342.5,343.75,114560
2069-12-19,344.0,346.0,341.25,341.5,148185
2069-12-20,339.75,339.75,333.0,333.5,209525
2069-12-21,333.0,335.5,332.75,334.75,145475
2069-12-22,334.75,335.5,331.0,332.5,175960
2069-12-23,330.75,335.5,330.75,334.25,158915
2069-12-24,325.5,330.5,325.25,330.0,177360
2069-12-25,330.0,330.5,321.25,321.5,225875
2069-12-26,320.25,321.0,311.5,314.5,355125
2069-12-27,315.75,318.75,314.0,314.5,192945
2069-12-28,314.0,316.25,309.5,315.5,249320
2069-12-29,316.5,319.0,312.5,313.5,186025
2069-12-30,313.0,316.25,312.0,314.25,166895
2069-12-31,316.0,316.0,311.5,313.25,160750
2070-01-01,312.75,313.0,309.75,310.5,189270
2070-01-02,310.75,312.5,309.75,312.25,131525
2070-01-03,311.75,311.75,305.75,306.0,278650
2070-01-04,306.0,308.25,303.0,303.25,192685
2070-01-05,303.0,303.0,294.0,296.75,303170
2070-01-06,293.25,299.25,292.5,296.0,291300
2070-01-07,296.0,300.5,292.25,292.75,249665
2070-01-08,293.0,294.0,291.5,292.0,184380
2070-01-09,292.0,293.0,288.0,289.5,197145
2070-01-10,288.0,293.25,288.0,292.75,155235
2070-01-11,293.0,297.25,291.75,296.5,173550
2070-01-12,296.5,297.0,292.75,293.75,133690
2070-01-13,293.5,294.0,289.5,290.0,143935
2070-01-14,289.5,290.0,283.0,283.75,228200
2070-01-15,286.75,288.5,284.75,286.5,151330
2070-01-16,286.5,288.75,282.75,283.25,159715
2070-01-17,283.0,283.75,280.75,283.25,155430
2070-01-18,282.75,285.25,279.5,280.25,217395
2070-01-19,279.5,281.25,278.0,279.0,177780
2070-01-20,279.0,280.0,276.5,279.5,160955
2070-01-21,269.25,269.5,265.5,266.0,180185
2070-01-22,269.0,270.25,267.5,267.75,95325
2070-01-23,267.5,272.25,266.75,271.5,166135
2070-01-24,271.75,274.5,271.0,272.5,145150
2070-01-25,272.0,273.5,271.25,272.5,107150
2070-01-26,273.75,278.25,273.75,274.75,204740
2070-01-27,275.0,275.0,272.25,274.25,156730
2070-01-28,274.0,275.0,273.25,273.5,119330
2070-01-29,270.0,271.0,265.0,265.75,217790
2070-01-30,265.0,267.0,262.25,263.0,237565
2070-01-31,263.0,264.25,262.75,263.25,160290
2070-02-01,263.25,267.5,260.5,267.0,214680
2070-02-02,267.0,268.0,265.5,266.0,138995
2070-02-03,266.0,267.75,264.25,264.5,124315
2070-02-04,264.0,264.5,262.5,263.75,136775
2070-02-05,263.5,265.0,263.0,264.5,128590
2070-02-06,264.25,265.25,262.75,264.25,156450
2070-02-07,264.0,264.5,262.5,262.75,119800
2070-02-08,262.5,264.0,261.75,263.5,141720
2070-02-09,263.5,266.75,263.5,265.5,171970
2070-02-10,265.25,270.0,263.5,264.75,278695
2070-02-11,264.0,266.5,263.25,266.0,133540
2070-02-12,266.0,267.75,264.75,266.75,144930
2070-02-13,266.5,266.5,265.0,266.5,91535
2070-02-14,266.0,267.0,265.0,266.75,53590
2070-02-15,266.75,268.75,264.25,264.5,95210
2070-02-16,263.0,263.0,258.0,258.25,231305
2070-02-17,258.0,259.0,257.75,258.25,112095
2070-02-18,258.25,259.0,256.0,256.5,120080
2070-02-19,256.5,259.0,256.5,257.0,148925
2070-02-20,257.0,258.5,256.75,258.25,122850
2070-02-21,258.0,259.75,257.5,259.25,150490
2070-02-22,259.0,259.5,258.0,258.25,102875
2070-02-23,258.0,270.25,257.75,265.5,300460
2070-02-24,265.5,268.0,265.25,267.25,154415
2070-02-25,267.25,272.5,266.5,270.75,240345
2070-02-26,270.75,274.0,270.25,273.75,191755
2070-02-27,273.75,274.25,271.25,273.5,187985
2070-02-28,273.5,273.5,271.25,273.25,127320
2070-03-01,271.5,272.25,270.5,271.0,126530
2070-03-02,271.0,272.0,269.5,270.5,128530
2070-03-03,270.0,271.5,269.25,270.25,108940
2070-03-04,270.25,273.0,270.25,272.75,109925
2070-03-05,272.0,275.5,271.75,275.0,129745
2070-03-06,275.0,277.25,274.25,274.75,195475
2070-03-07,274.5,277.0,274.0,275.0,125540
2070-03-08,275.0,276.25,273.5,273.75,107330
2070-03-09,273.75,273.75,269.5,270.25,167135
2070-03-10,269.5,269.75,268.25,269.5,125375
2070-03-11,269.5,271.5,268.0,270.5,147670
2070-03-12,270.5,272.75,270.0,272.5,111635
2070-03-13,272.0,273.0,268.5,268.75,138695
2070-03-14,268.5,272.25,268.25,271.0,109545
2070-03-15,271.0,272.25,270.75,272.0,90910
2070-03-16,272.0,272.75,271.0,272.5,82200
2070-03-17,272.0,274.0,271.25,273.75,128535
2070-03-18,273.5,274.75,272.5,274.5,123035
2070-03-19,274.0,276.25,273.5,274.0,145435
2070-03-20,275.0,283.0,275.0,282.75,330615
2070-03-21,282.0,289.25,281.5,283.5,220005
2070-03-22,284.0,289.75,283.25,288.5,233480
2070-03-23,288.25,293.0,287.0,292.75,218305
2070-03-24,292.0,293.75,289.5,289.75,200385
2070-03-25,289.5,294.5,287.5,293.75,217580
2070-03-26,293.5,294.5,291.25,292.0,174315
2070-03-27,291.75,297.75,291.5,295.25,235445
2070-03-28,294.0,295.5,292.25,295.25,169020
2070-03-29,295.5,301.75,295.25,301.25,216650
2070-03-30,301.0,308.0,300.0,301.5,332680
2070-03-31,302.0,302.75,298.0,298.75,196820
2070-04-01,298.25,305.25,296.25,304.5,272620
2070-04-02,304.5,308.25,299.25,304.0,333315
2070-04-03,304.0,313.0,302.0,309.75,274780
2070-04-04,308.25,309.5,304.25,305.75,250465
2070-04-05,305.25,305.75,293.75,294.5,293405
2070-04-06,292.5,299.0,292.0,298.25,265230
2070-04-07,299.25,306.75,299.0,304.5,241300
2070-04-08,305.0,308.0,301.25,306.75,228635
2070-04-09,306.0,306.0,300.0,301.0,203395
2070-04-10,300.25,303.5,299.25,303.25,136620
2070-04-11,303.5,309.0,302.5,304.75,246130
2070-04-12,303.75,303.75,299.0,300.25,165535
2070-04-13,299.5,299.75,295.75,299.0,161310
2070-04-14,298.75,303.25,298.5,302.25,128110
2070-04-15,302.0,305.75,302.0,305.25,110625
2070-04-16,305.0,308.75,304.75,308.25,148610
2070-04-17,307.0,311.0,304.5,310.0,160395
2070-04-18,310.5,320.0,310.5,313.0,226885
2070-04-19,312.5,312.5,307.75,308.5,214190
2070-04-20,308.25,308.75,300.0,301.0,274570
2070-04-21,300.0,300.5,293.5,294.25,290210
2070-04-22,293.75,301.75,293.75,300.75,177335
2070-04-23,301.0,302.5,299.0,299.5,140250
2070-04-24,299.25,301.0,295.25,299.0,188000
2070-04-25,299.5,304.5,299.25,303.75,142855
2070-04-26,303.5,309.0,298.75,299.5,242635
2070-04-27,303.25,307.75,302.0,303.75,151170
2070-04-28,303.5,303.75,299.0,302.75,144835
2070-04-29,303.0,303.25,297.0,297.25,133600
2070-04-30,296.5,302.0,295.75,297.75,176550
2070-05-01,298.0,301.0,296.75,300.25,142310
2070-05-02,300.5,302.75,298.5,300.5,176240
2070-05-03,300.25,302.5,298.5,302.0,126275
2070-05-04,302.0,302.75,299.0,299.25,123180
2070-05-05,299.0,299.25,292.75,293.75,294455
2070-05-06,293.25,299.75,293.0,294.5,239785
2070-05-07,293.75,293.75,290.0,290.5,251450
2070-05-08,290.5,293.5,290.0,291.0,205385
2070-05-09,291.0,295.75,291.0,293.25,206120
2070-05-10,293.5,298.5,292.25,296.75,192840
2070-05-11,296.25,299.0,292.5,292.75,175720
2070-05-12,292.75,296.25,290.0,291.25,191835
2070-05-13,290.5,291.0,285.25,285.5,287530
2070-05-14,285.5,287.75,285.0,285.25,192715
2070-05-15,285.25,285.5,282.5,284.5,206515
2070-05-16,284.5,288.5,284.5,288.0,132210
2070-05-17,288.5,289.5,282.75,283.0,147370
2070-05-18,282.75,284.75,280.25,284.5,223745
2070-05-19,284.25,285.5,281.0,283.5,178660
2070-05-20,283.5,284.0,281.25,281.75,120090
2070-05-21,281.0,285.75,280.5,284.5,163325
2070-05-22,283.75,285.0,281.5,284.5,127960
2070-05-23,284.0,284.75,275.75,276.25,273310
2070-05-24,276.0,278.0,275.0,276.75,155080
2070-05-25,277.0,279.25,273.0,273.25,177965
2070-05-26,273.0,273.75,270.25,270.5,140055
2070-05-27,270.25,271.0,264.0,264.25,204000
2070-05-28,264.0,269.75,264.0,269.5,206850
2070-05-29,269.5,274.5,268.25,269.25,200385
2070-05-30,269.25,273.25,269.0,270.75,136500
2070-05-31,270.0,274.25,270.0,274.0,132755
2070-06-01,274.0,278.25,274.0,277.5,158545
2070-06-02,277.0,277.0,271.0,271.25,165585
2070-06-03,270.25,275.0,269.5,274.25,113765
2070-06-04,274.0,276.5,273.75,274.0,105705
2070-06-05,273.75,274.5,268.25,274.0,178860
2070-06-06,273.5,276.25,271.5,271.75,161455
2070-06-07,272.0,274.0,270.5,272.5,137210
2070-06-08,272.0,273.75,270.75,271.25,113335
2070-06-09,271.25,273.0,270.5,271.5,104305
2070-06-10,271.5,272.0,268.25,268.5,145775
2070-06-11,268.5,270.5,268.0,270.25,146595
2070-06-12,253.25,254.0,249.0,249.25,45095
2070-06-13,249.25,249.5,247.0,247.5,31205
2070-06-14,247.5,249.0,246.0,247.25,50560
2070-06-15,246.5,246.5,243.75,245.0,73225
2070-06-16,245.0,247.5,244.75,247.0,64860
2070-06-17,247.0,247.0,242.0,242.25,53585
2070-06-18,242.0,242.25,239.0,239.25,69540
2070-06-19,239.25,240.0,235.75,236.25,86020
2070-06-20,235.0,238.5,232.25,238.0,112575
2070-06-21,237.5,237.5,232.5,233.0,73750
2070-06-22,233.0,236.5,232.25,234.75,71175
2070-06-23,234.5,235.5,233.0,233.25,54220
2070-06-24,233.0,233.0,227.5,229.25,70460
2070-06-25,229.0,234.0,228.25,229.75,78815
2070-06-26,230.0,237.5,229.75,237.25,73420
2070-06-27,236.0,237.5,233.5,234.5,56850
2070-06-28,234.0,237.75,231.5,236.75,58355
2070-06-29,239.0,248.75,239.0,248.5,92380
2070-06-30,243.5,258.0,243.5,256.0,142195
2070-07-01,255.5,255.75,249.0,250.0,88355
2070-07-02,249.0,253.0,245.5,247.25,84640
2070-07-03,247.0,255.0,247.0,252.5,94700
2070-07-04,246.0,246.0,240.5,245.25,82790
2070-07-05,245.0,248.5,244.25,247.5,86440
2070-07-06,247.5,250.25,245.5,247.25,73130
2070-07-07,247.0,247.0,243.0,243.5,62705
2070-07-08,243.5,245.0,243.0,243.25,50610
2070-07-09,240.75,255.25,238.25,250.5,89710
2070-07-10,251.0,260.25,251.0,258.0,110590
2070-07-11,258.0,263.5,257.75,262.25,116355
2070-07-12,262.0,266.5,260.5,265.5,116240
2070-07-13,265.0,270.0,263.5,268.5,108155
2070-07-14,268.0,275.0,262.5,263.75,107055
2070-07-15,262.0,263.25,254.0,254.5,93600
2070-07-16,254.0,259.75,253.5,259.0,68750
2070-07-17,259.0,259.0,249.5,250.0,71605
2070-07-18,250.5,254.0,249.25,253.5,65710
2070-07-19,250.5,250.5,246.0,249.75,60165
2070-07-20,252.0,261.75,251.5,261.75,29550
2070-07-21,268.5,273.0,261.75,262.25,117035
2070-07-22,262.0,265.0,260.5,264.25,58850
2070-07-23,264.0,266.0,259.75,260.0,51260
2070-07-24,257.0,261.0,256.0,260.75,46390
2070-07-25,264.5,267.75,264.5,267.25,28442
2070-07-26,268.0,269.0,265.5,266.0,23486
2070-07-27,266.0,278.0,266.0,277.75,54298
2070-07-28,277.5,278.0,274.5,277.5,47451
2070-07-29,277.0,277.0,272.5,276.25,35299
2070-07-30,274.0,274.0,267.5,267.75,45964
2070-07-31,266.5,272.5,266.25,272.0,35194
2070-08-01,272.0,272.75,268.0,269.25,38888
2070-08-02,268.0,273.0,268.0,269.25,32982
2070-08-03,269.75,273.5,266.25,272.25,33687
2070-08-04,273.0,274.0,270.25,271.75,35371
2070-08-05,270.0,270.5,268.0,269.75,35639
2070-08-06,269.75,270.5,264.0,264.25,57135
2070-08-07,264.0,264.0,260.5,263.0,40560
2070-08-08,263.0,265.5,262.25,264.75,24509
2070-08-09,264.5,268.0,264.5,267.75,28663
2070-08-10,267.75,273.0,266.25,272.5,41744
2070-08-11,272.5,274.5,264.0,264.25,56843
2070-08-12,263.5,266.0,262.25,265.75,33903
2070-08-13,266.5,268.75,263.25,263.5,45964
2070-08-14,264.0,265.25,262.25,263.75,27244
2070-08-15,264.0,266.25,263.25,264.5,30378
2070-08-16,264.0,264.5,260.5,261.75,37404
2070-08-17,260.25,262.5,257.5,262.25,53367
2070-08-18,262.0,263.0,260.0,262.25,27344
2070-08-19,262.25,263.25,260.75,261.0,25405
2070-08-20,261.25,263.0,258.0,259.5,40468
2070-08-21,259.5,259.5,257.25,257.5,32450
2070-08-22,257.0,259.75,255.5,258.75,42161
2070-08-23,258.25,259.5,257.5,257.75,40043
2070-08-24,257.25,259.25,255.75,256.25,31777
2070-08-25,256.0,258.25,255.5,257.25,29028
2070-08-26,257.0,266.0,256.5,264.75,61952
2070-08-27,264.0,268.5,261.75,267.75,45205
2070-08-28,267.75,279.75,267.0,279.75,91026
2070-08-29,279.0,285.0,277.25,282.75,73504
2070-08-30,282.0,284.0,279.5,283.75,44291
2070-08-31,283.0,293.5,281.0,288.25,87927
2070-09-01,290.0,290.5,285.25,285.75,46881
2070-09-02,285.5,290.5,285.0,290.0,38539
2070-09-03,289.75,290.75,286.5,287.0,31519
2070-09-04,286.0,286.0,281.5,282.0,45869
2070-09-05,281.75,286.0,280.25,283.0,43304
2070-09-06,282.0,288.5,282.0,287.5,40246
2070-09-07,287.5,294.0,287.5,293.75,48060
2070-09-08,293.25,293.25,287.0,288.0,49195
2070-09-09,287.25,291.0,286.0,289.75,36697
2070-09-10,292.0,294.0,285.0,287.5,51145
2070-09-11,285.0,286.0,281.25,284.25,47884
2070-09-12,286.25,287.75,281.0,281.25,43276
2070-09-13,280.5,280.75,275.5,279.75,61428
2070-09-14,279.25,280.75,277.75,279.75,37031
2070-09-15,279.0,289.5,278.75,285.25,50812
2070-09-16,285.0,286.0,280.0,280.25,42646
2070-09-17,279.5,281.5,278.25,278.5,49982
2070-09-18,278.5,283.5,278.25,283.0,38893
2070-09-19,283.0,284.75,281.0,284.0,33318
2070-09-20,283.25,285.25,275.0,275.75,61278
2070-09-21,276.0,276.75,273.0,274.25,53562
2070-09-22,274.0,276.0,273.0,273.25,34164
2070-09-23,273.0,274.5,271.25,272.0,41409
2070-09-24,272.0,278.5,271.0,277.75,41706
2070-09-25,277.0,278.25,275.75,276.75,29102
2070-09-26,285.75,285.75,282.75,283.25,21853
2070-09-27,283.0,285.25,281.0,281.25,25483
2070-09-28,281.0,284.25,281.0,284.0,21291
2070-09-29,284.0,285.5,280.75,282.25,31551
2070-09-30,282.0,282.0,279.0,279.25,52217
2070-10-01,279.0,283.0,279.0,282.5,42999
2070-10-02,280.0,284.75,280.0,282.5,40592
2070-10-03,282.5,283.0,280.5,280.75,34249
2070-10-04,280.0,282.25,280.0,280.75,35534
2070-10-05,280.75,281.5,276.75,277.0,62758
2070-10-06,277.0,280.0,276.75,279.25,39363
2070-10-07,279.0,284.25,279.0,284.0,40565
2070-10-08,283.0,285.0,281.5,281.75,43221
2070-10-09,282.0,283.25,281.0,281.5,24568
2070-10-10,281.5,281.5,276.25,277.0,51979
2070-10-11,277.0,277.75,273.0,273.25,51003
2070-10-12,273.25,274.0,271.0,271.75,44364
2070-10-13,271.75,273.5,270.75,271.0,33248
2070-10-14,271.0,273.5,270.75,272.5,24173
2070-10-15,273.0,274.0,267.0,267.25,61687
2070-10-16,267.25,268.0,262.5,266.0,58825
2070-10-17,266.0,267.5,263.0,263.25,28436
2070-10-18,264.0,268.0,262.0,267.0,24767
2070-10-19,267.0,269.5,266.5,269.0,19300
2070-10-20,269.25,270.75,266.75,267.25,21753
2070-10-21,267.0,268.0,266.0,266.75,21423
2070-10-22,266.5,267.0,264.75,265.0,18216
2070-10-23,262.5,266.0,261.75,265.75,32390
2070-10-24,266.0,266.0,262.0,262.25,27698
2070-10-25,262.0,264.25,260.75,263.5,34460
2070-10-26,263.5,263.5,258.25,258.5,47981
2070-10-27,258.5,261.5,258.0,259.75,24997
2070-10-28,259.5,260.75,257.0,258.25,32454
2070-10-29,258.0,270.25,257.5,270.25,68613
2070-10-30,270.25,278.0,270.25,273.75,84525
2070-10-31,273.5,279.25,270.0,277.25,60481
2070-11-01,277.0,279.5,276.25,277.0,45180
2070-11-02,277.0,279.0,275.75,278.25,41357
2070-11-03,278.0,278.0,275.25,276.0,28900
2070-11-04,275.5,277.25,273.5,276.0,26538
2070-11-05,276.0,279.25,275.25,275.5,35373
2070-11-06,275.25,279.75,275.25,279.0,32245
2070-11-07,278.75,283.5,275.5,276.5,59393
2070-11-08,276.0,279.0,275.75,277.5,27284
2070-11-09,277.25,278.0,275.0,275.5,31496
2070-11-10,275.25,275.5,272.75,273.0,29688
2070-11-11,272.75,276.25,272.0,275.5,30080
2070-11-12,275.5,277.75,274.75,275.0,29334
2070-11-13,274.75,275.5,272.25,272.75,35582
2070-11-14,272.5,275.0,271.0,271.75,34255
2070-11-15,272.0,272.5,269.5,270.0,33878
2070-11-16,270.0,272.5,269.75,272.0,25053
2070-11-17,272.0,274.0,271.25,273.75,26283
2070-11-18,273.25,273.75,268.0,268.25,46245
2070-11-19,268.0,271.0,267.0,270.5,31241
2070-11-20,270.5,271.5,269.5,270.25,16409
2070-11-21,270.0,270.5,266.0,268.0,42268
2070-11-22,268.0,269.0,266.5,267.75,25736
2070-11-23,276.25,278.0,275.0,277.0,14282
2070-11-24,276.75,278.0,274.25,274.5,14551
2070-11-25,274.0,275.5,273.25,273.75,21996
2070-11-26,273.75,274.0,270.75,271.0,36062
2070-11-27,270.75,272.75,270.25,272.5,29010
2070-11-28,272.0,273.0,270.75,271.0,34668
2070-11-29,270.75,272.25,270.0,270.25,27845
2070-11-30,270.25,276.0,270.25,274.75,38377
2070-12-01,274.25,275.75,273.0,273.75,30582
2070-12-02,273.75,277.0,273.75,275.25,34117
2070-12-03,275.0,277.25,274.75,275.25,29205
2070-12-04,275.0,277.25,274.0,276.75,30846
2070-12-05,277.0,279.75,277.0,278.75,33681
2070-12-06,278.5,281.25,278.25,281.0,38688
2070-12-07,280.75,282.5,280.25,282.0,42359
2070-12-08,281.5,282.25,279.25,281.75,36197
2070-12-09,281.0,281.0,274.5,274.75,43010
2070-12-10,275.0,275.5,271.5,271.75,43284
2070-12-11,272.0,275.0,272.0,272.25,27516
2070-12-12,272.25,274.5,272.0,272.25,27556
2070-12-13,272.0,272.25,269.0,269.25,29759
2070-12-14,269.25,269.25,263.5,264.0,49193
2070-12-15,264.0,267.0,263.5,266.75,28871
2070-12-16,266.75,266.75,264.25,265.5,21465
2070-12-17,265.0,266.5,264.75,265.0,19916
2070-12-18,265.0,265.5,261.25,261.5,33592
2070-12-19,261.5,263.0,261.25,262.25,20832
2070-12-20,262.5,270.0,262.0,267.75,28720
2070-12-21,266.5,267.0,258.5,259.0,49807
2070-12-22,259.0,259.75,253.5,254.5,38140
2070-12-23,254.5,256.5,253.75,256.0,27835
2070-12-24,255.75,256.25,252.0,253.0,24410
2070-12-25,253.0,254.0,246.75,248.0,37502
2070-12-26,248.0,250.5,246.75,247.0,28338
2070-12-27,246.75,248.75,246.5,247.75,21805
2070-12-28,248.0,250.0,246.75,249.5,29615
2070-12-29,249.5,251.0,243.75,245.25,37149
2070-12-30,245.5,248.0,245.5,246.5,30338
2070-12-31,246.25,254.0,246.25,251.0,29233
2071-01-01,250.25,253.0,249.25,250.5,27744
2071-01-02,258.25,258.75,254.0,256.25,20010
2071-01-03,255.75,260.0,255.25,258.75,27244
2071-01-04,258.75,258.75,253.0,253.75,36153
2071-01-05,253.0,257.0,253.0,256.0,24423
2071-01-06,256.25,268.0,256.25,258.75,53996
2071-01-07,257.25,257.25,252.0,254.75,28809
2071-01-08,255.5,257.0,253.0,255.0,33522
2071-01-09,255.0,257.0,252.5,253.25,46885
2071-01-10,254.25,254.75,252.0,252.25,36472
2071-01-11,252.25,253.0,248.5,251.0,40459
2071-01-12,251.5,256.0,251.5,253.0,30283
2071-01-13,251.75,256.75,251.5,256.5,35816
2071-01-14,256.5,261.25,256.25,261.0,44779
2071-01-15,260.75,263.25,257.0,260.25,50484
2071-01-16,260.0,260.0,255.5,255.75,27208
2071-01-17,252.75,252.75,246.25,247.75,46809
2071-01-18,247.5,248.5,244.5,245.0,34842
2071-01-19,245.0,251.0,245.0,248.75,33137
2071-01-20,249.75,251.25,247.75,248.0,25559
2071-01-21,248.0,248.5,245.5,246.25,18168
2071-01-22,245.25,249.5,245.0,247.0,27442
2071-01-23,245.75,246.75,244.75,245.0,23205
2071-01-24,245.0,247.5,243.5,246.75,18839
2071-01-25,246.75,249.25,246.0,246.5,20225
2071-01-26,246.5,247.5,245.75,247.25,15017
2071-01-27,245.5,245.5,240.25,240.5,36012
2071-01-28,240.25,241.0,235.25,237.0,45843
2071-01-29,237.25,240.0,237.25,238.25,33695
2071-01-30,238.0,242.0,237.0,238.5,29279
2071-01-31,237.5,239.0,236.0,238.75,34970
2071-02-01,238.5,241.25,238.0,240.5,24622
2071-02-02,240.5,242.5,237.5,238.0,33940
2071-02-03,237.75,240.0,237.5,239.75,25840
2071-02-04,239.5,239.75,236.5,237.0,29645
2071-02-05,236.5,236.5,231.25,232.5,34555
2071-02-06,232.5,233.0,230.75,232.0,23598
2071-02-07,231.75,233.0,231.0,231.75,27406
2071-02-08,231.75,234.25,231.5,232.0,28097
2071-02-09,232.0,237.0,231.5,236.25,26761
2071-02-10,234.5,234.5,232.0,232.75,24405
2071-02-11,232.75,239.5,232.75,237.25,33398
2071-02-12,241.25,252.0,241.25,249.0,17353
2071-02-13,247.5,254.5,247.5,249.75,11123
2071-02-14,249.0,261.75,248.75,257.5,24430
2071-02-15,256.5,257.0,253.0,255.5,11744
2071-02-16,255.25,266.0,254.5,262.0,18981
2071-02-17,262.0,266.0,259.0,265.75,19065
2071-02-18,264.5,264.5,260.0,261.5,17464
2071-02-19,261.0,263.5,257.5,258.75,19177
2071-02-20,253.5,253.5,246.75,246.75,27891
2071-02-21,245.5,253.5,245.5,253.25,22621
2071-02-22,252.75,256.0,243.0,246.75,17808
2071-02-23,246.75,246.75,243.0,243.5,15388
2071-02-24,242.5,245.5,235.0,239.0,33532
2071-02-25,239.75,248.25,239.75,246.25,20887
2071-02-26,245.75,258.0,245.0,249.0,24933
2071-02-27,247.25,250.75,243.75,244.5,12160
2071-02-28,243.25,243.25,235.5,236.5,23065
2071-03-01,238.5,241.0,237.0,239.5,13076
2071-03-02,237.0,237.25,233.0,233.25,18132
2071-03-03,233.25,234.25,229.25,229.75,23351
2071-03-04,229.75,234.75,229.25,230.75,18106
2071-03-05,230.75,239.0,230.75,237.0,13677
2071-03-06,233.0,233.0,229.75,232.25,12392
2071-03-07,232.75,233.0,229.75,230.25,14081
2071-03-08,230.0,230.5,225.5,227.5,21179
2071-03-09,226.5,227.25,225.5,226.75,10791
2071-03-10,226.5,226.75,224.5,224.75,14752
2071-03-11,224.5,224.5,222.5,222.75,12512
2071-03-12,222.25,223.0,220.5,221.0,16278
2071-03-13,220.5,222.0,218.75,220.0,15513
2071-03-14,220.0,220.5,218.5,220.25,15008
2071-03-15,220.0,220.25,217.25,217.5,15575
2071-03-16,216.5,216.5,213.25,213.5,17514
2071-03-17,213.0,215.0,212.75,213.5,19126
2071-03-18,213.0,214.5,211.0,211.5,21621
2071-03-19,211.25,211.5,209.0,210.25,16728
2071-03-20,210.0,213.0,210.0,211.25,15254
2071-03-21,211.0,215.0,210.25,214.5,15494
2071-03-22,214.0,215.5,211.75,214.0,13144
2071-03-23,213.75,214.0,209.0,209.25,12992
2071-03-24,209.25,211.0,206.5,206.75,11253
2071-03-25,206.5,207.75,206.0,206.5,11288
2071-03-26,206.25,211.75,206.25,208.5,11405
2071-03-27,208.0,209.5,206.25,208.75,13186
2071-03-28,218.75,221.25,218.5,219.75,18998
2071-03-29,219.5,220.25,217.0,218.0,19210
2071-03-30,217.75,218.0,215.25,215.5,25719
2071-03-31,215.0,216.0,214.0,215.5,27795
2071-04-01,215.5,215.5,213.0,213.5,28578
2071-04-02,213.0,213.5,208.5,208.75,52428
2071-04-03,208.5,208.75,204.25,206.5,53294
2071-04-04,206.0,206.5,201.5,201.75,54415
2071-04-05,201.0,204.25,199.25,199.5,50194
2071-04-06,198.25,203.75,196.0,203.0,60047
2071-04-07,202.5,207.5,201.75,204.5,55596
2071-04-08,204.0,209.75,202.5,208.0,44080
2071-04-09,207.75,210.25,207.0,208.0,33969
2071-04-10,207.75,213.75,207.75,213.0,44746
2071-04-11,213.0,213.5,208.25,210.75,54777
2071-04-12,210.25,215.0,209.0,213.0,45174
2071-04-13,212.75,214.0,204.5,207.75,53729
2071-04-14,207.75,208.75,205.25,208.0,29770
2071-04-15,208.0,212.0,207.0,210.25,35342
2071-04-16,210.25,213.0,208.25,208.75,40675
2071-04-17,208.5,209.0,205.75,207.0,34241
2071-04-18,206.5,207.5,204.75,205.0,30881
2071-04-19,204.5,207.25,202.0,205.25,28119
2071-04-20,205.0,207.25,204.5,206.5,32774
2071-04-21,206.5,208.5,204.25,205.5,27164
2071-04-22,205.25,208.75,204.5,208.5,29922
2071-04-23,208.0,212.25,207.25,210.5,42759
2071-04-24,210.0,213.5,208.75,212.75,31724
2071-04-25,212.5,214.0,211.25,211.75,28761
2071-04-26,211.25,212.75,208.25,209.0,33270
2071-04-27,208.5,209.0,204.5,204.75,44949
2071-04-28,204.75,207.25,204.75,206.5,31581
2071-04-29,207.25,214.25,207.25,209.75,50836
2071-04-30,209.0,211.0,208.75,210.25,27896
2071-05-01,210.5,219.0,210.5,217.25,73694
2071-05-02,215.5,217.75,215.0,217.25,37687
2071-05-03,217.0,227.0,216.75,221.5,83986
2071-05-04,220.0,229.25,219.75,228.0,80148
2071-05-05,227.5,228.75,225.5,228.0,49253
2071-05-06,227.5,228.25,224.25,227.25,48950
2071-05-07,227.75,231.0,225.0,225.5,47988
2071-05-08,225.0,225.5,221.75,222.0,34465
2071-05-09,221.5,222.5,218.75,219.0,37924
2071-05-10,219.0,222.0,218.0,219.0,36198
2071-05-11,219.0,221.5,218.25,221.25,28938
2071-05-12,221.0,222.25,218.25,218.75,35460
2071-05-13,218.0,219.75,216.25,219.0,39667
2071-05-14,218.5,220.5,217.5,219.0,33537
2071-05-15,218.5,221.0,218.0,219.0,31791
2071-05-16,219.0,222.0,218.25,218.75,36641
2071-05-17,218.25,220.25,218.25,219.0,29716
2071-05-18,218.5,219.25,216.0,216.75,40415
2071-05-19,216.25,218.0,215.25,216.75,31696
2071-05-20,216.25,217.0,215.25,215.5,34981
2071-05-21,215.25,218.75,215.0,217.25,37912
2071-05-22,216.75,218.0,216.25,216.75,26524
2071-05-23,216.25,217.5,216.25,217.0,25791
2071-05-24,217.0,222.75,214.25,222.25,86599
2071-05-25,224.5,225.5,223.25,224.5,35517
2071-05-26,224.0,224.0,220.25,220.5,28760
2071-05-27,220.5,221.25,218.5,219.25,25708
2071-05-28,219.25,220.75,218.5,219.0,32802
2071-05-29,230.0,233.0,230.0,232.75,11322
2071-05-30,232.5,234.5,230.5,231.75,13846
2071-05-31,231.5,232.25,230.5,230.75,15942
2071-06-01,230.75,231.0,228.0,228.5,30294
2071-06-02,228.0,228.75,227.5,227.75,35380
2071-06-03,227.5,229.0,227.5,228.25,24379
2071-06-04,229.0,232.0,229.0,230.0,29727
2071-06-05,229.75,230.0,228.25,228.5,28589
2071-06-06,228.25,229.0,227.0,227.25,44735
2071-06-07,227.25,227.5,224.5,224.75,56504
2071-06-08,224.75,226.5,222.75,223.0,49024
2071-06-09,223.5,225.5,222.75,224.0,32662
2071-06-10,223.75,224.0,222.0,222.75,31240
2071-06-11,222.75,224.25,221.75,222.0,36493
2071-06-12,222.0,223.25,221.75,222.25,27682
2071-06-13,222.0,225.5,221.5,224.5,29737
2071-06-14,223.75,224.5,222.0,223.5,27541
2071-06-15,223.25,225.25,223.0,223.25,22095
2071-06-16,223.0,224.25,222.5,223.25,22993
2071-06-17,223.25,225.0,220.25,220.75,46611
2071-06-18,221.0,221.5,218.75,219.25,37430
2071-06-19,219.0,219.75,218.0,219.0,26752
2071-06-20,219.0,220.5,218.5,219.0,16858
2071-06-21,219.25,219.75,218.75,219.25,12798
2071-06-22,219.25,221.25,219.0,220.75,11918
2071-06-23,220.5,221.75,218.5,219.25,16467
2071-06-24,219.0,219.5,218.25,218.75,18517
2071-06-25,218.5,218.5,213.0,213.5,44741
2071-06-26,213.5,214.5,213.25,213.5,20992
2071-06-27,214.0,215.75,214.0,214.75,23426
2071-06-28,215.5,218.0,215.0,217.25,30951
2071-06-29,217.25,224.0,217.0,223.75,72733
2071-06-30,223.0,223.75,219.5,219.75,32453
2071-07-01,219.5,224.5,219.5,221.75,36508
2071-07-02,221.5,223.0,219.5,219.75,28133
2071-07-03,219.5,220.0,216.25,217.25,37297
2071-07-04,217.25,217.75,214.25,215.25,35793
2071-07-05,215.0,216.25,215.0,215.5,21141
2071-07-06,215.0,217.25,215.0,215.5,21332
2071-07-07,215.5,215.5,211.0,213.75,53051
2071-07-08,213.75,216.0,213.5,215.0,24242
2071-07-09,215.0,218.0,213.75,216.0,38100
2071-07-10,215.25,217.0,215.25,216.25,20096
2071-07-11,215.75,215.75,212.25,215.5,31363
2071-07-12,215.0,217.0,215.0,215.75,25094
2071-07-13,215.25,216.25,214.75,215.5,21339
2071-07-14,215.25,219.0,214.5,216.0,46288
2071-07-15,216.0,217.5,214.0,214.5,35827
2071-07-16,214.0,216.0,213.5,215.75,29351
2071-07-17,215.5,218.25,215.25,217.5,37552
2071-07-18,217.25,223.0,215.25,215.75,61946
2071-07-19,215.25,217.5,215.0,217.25,20246
2071-07-20,217.5,218.75,217.0,218.5,25449
2071-07-21,218.25,219.0,217.25,218.0,21539
2071-07-22,217.75,218.0,216.25,216.75,24358
2071-07-23,216.75,220.75,215.5,220.25,39426
2071-07-24,220.0,220.75,215.5,216.0,39713
2071-07-25,216.0,217.0,214.25,215.0,34999
2071-07-26,215.0,216.25,213.5,214.0,34167
2071-07-27,214.0,214.25,212.0,213.5,42382
2071-07-28,219.0,221.25,218.75,220.75,13326
2071-07-29,220.75,221.5,219.25,220.75,12065
2071-07-30,220.5,221.0,217.5,219.75,36613
2071-07-31,219.75,221.0,219.5,220.0,28592
2071-08-01,219.75,220.0,213.25,213.5,64088
2071-08-02,213.5,214.75,212.5,213.0,52848
2071-08-03,212.5,213.25,210.0,210.25,36816
2071-08-04,210.75,215.25,210.25,211.25,35540
2071-08-05,211.25,216.5,211.25,215.75,36824
2071-08-06,215.5,216.5,214.0,214.75,25410
2071-08-07,214.5,218.75,214.0,217.0,33255
2071-08-08,216.0,217.0,215.0,216.0,21345
2071-08-09,216.0,222.0,215.75,220.75,44127
2071-08-10,220.5,225.5,219.25,221.25,50421
2071-08-11,221.25,224.25,221.0,223.5,30166
2071-08-12,223.25,225.0,222.75,224.5,33167
2071-08-13,224.5,224.75,222.0,222.75,27153
2071-08-14,222.0,222.0,219.25,220.0,25157
2071-08-15,220.0,224.0,219.75,223.75,24873
2071-08-16,223.5,226.75,223.0,225.75,53822
2071-08-17,225.0,228.0,224.0,224.25,36325
2071-08-18,224.25,229.5,224.0,229.0,43555
2071-08-19,227.5,232.75,227.5,232.25,74063
2071-08-20,231.75,231.75,228.25,228.5,29835
2071-08-21,228.5,230.75,227.0,228.0,26613
2071-08-22,228.0,231.75,226.25,229.75,32929
2071-08-23,230.0,233.0,229.0,232.25,31143
2071-08-24,231.25,232.25,229.25,232.0,23255
2071-08-25,231.75,234.25,230.25,232.0,31757
2071-08-26,232.0,233.5,225.0,225.5,40271
2071-08-27,226.0,226.5,221.25,222.0,35039
2071-08-28,221.0,222.0,218.25,218.75,40581
2071-08-29,219.0,220.75,215.5,216.25,43059
2071-08-30,216.25,218.25,215.5,217.75,29338
2071-08-31,217.75,218.25,215.75,216.5,22914
2071-09-01,216.5,218.0,215.5,217.75,22307
2071-09-02,217.5,219.0,214.0,214.25,41956
2071-09-03,214.5,216.75,214.25,216.0,29178
2071-09-04,216.0,220.0,216.0,217.5,26866
2071-09-05,217.5,220.0,217.25,219.75,16261
2071-09-06,219.75,220.5,217.75,218.0,14686
2071-09-07,218.0,221.75,217.75,220.5,16887
2071-09-08,226.25,230.0,226.25,229.75,30390
2071-09-09,229.75,230.0,228.5,229.5,27679
2071-09-10,229.5,231.0,225.0,225.25,31080
2071-09-11,225.25,227.25,224.5,225.75,20717
2071-09-12,225.5,225.5,221.0,221.5,35182
2071-09-13,222.5,223.5,219.5,219.75,30726
2071-09-14,219.75,222.25,217.5,219.5,51222
2071-09-15,220.25,221.5,218.0,218.75,54160
2071-09-16,218.5,220.5,218.25,218.75,27566
2071-09-17,218.75,220.75,217.0,220.5,29912
2071-09-18,220.25,224.0,220.0,222.75,29621
2071-09-19,223.0,223.0,220.75,221.75,22198
2071-09-20,221.75,221.75,219.5,219.75,25954
2071-09-21,219.75,221.0,217.25,218.5,28802
2071-09-22,218.75,222.0,218.5,221.75,22823
2071-09-23,220.75,223.0,219.25,222.25,30248
2071-09-24,222.25,226.25,221.75,223.25,40499
2071-09-25,223.0,226.25,222.5,224.0,27322
2071-09-26,224.0,226.0,220.75,221.75,41577
2071-09-27,222.0,225.0,222.0,223.75,25039
2071-09-28,222.75,223.25,219.75,221.25,33935
2071-09-29,221.0,222.25,219.5,219.75,19881
2071-09-30,219.75,221.5,218.75,219.25,18523
2071-10-01,219.25,219.5,218.25,218.5,17584
2071-10-02,218.25,218.5,211.5,211.75,82448
2071-10-03,212.0,215.0,212.0,214.75,29972
2071-10-04,214.5,216.25,213.75,214.75,28342
2071-10-05,214.75,216.75,214.75,216.5,18271
2071-10-06,216.75,220.5,216.75,219.5,31818
2071-10-07,215.5,216.5,214.0,216.25,27172
2071-10-08,216.5,217.25,214.75,216.75,20734
2071-10-09,217.5,224.0,217.25,223.25,61059
2071-10-10,217.5,223.0,217.5,220.75,29602
2071-10-11,221.25,226.5,221.25,222.5,45888
2071-10-12,223.25,224.0,219.5,223.0,31831
2071-10-13,222.75,223.0,220.0,220.75,28886
2071-10-14,220.5,221.25,219.5,220.25,26554
2071-10-15,219.75,220.5,216.25,217.25,35321
2071-10-16,216.25,218.75,214.5,218.25,33149
2071-10-17,218.0,218.0,214.0,214.25,39323
2071-10-18,214.25,218.0,214.0,217.5,45131
2071-10-19,220.5,223.25,219.75,220.25,13718
2071-10-20,220.25,225.0,219.0,223.5,13258
2071-10-21,223.5,227.5,220.25,222.0,15343
2071-10-22,221.0,222.75,219.0,219.25,12185
2071-10-23,219.0,221.25,218.25,220.0,12207
2071-10-24,220.25,220.5,215.0,216.5,28970
2071-10-25,216.75,217.5,215.25,215.75,17509
2071-10-26,215.0,216.5,214.0,214.25,26518
2071-10-27,214.0,218.5,214.0,215.0,32901
2071-10-28,215.0,217.5,214.5,216.25,22502
2071-10-29,218.75,218.75,208.0,208.25,33879
2071-10-30,209.75,210.75,202.0,202.25,32691
2071-10-31,200.25,200.25,191.0,195.0,35058
2071-11-01,195.0,196.25,191.5,194.25,23486
2071-11-02,194.25,196.5,189.5,189.75,22347
2071-11-03,189.75,190.0,185.75,186.25,24476
2071-11-04,187.5,189.75,184.0,186.75,22961
2071-11-05,186.0,186.5,184.0,186.0,20295
2071-11-06,186.0,191.5,186.0,190.0,24633
2071-11-07,188.75,195.0,188.0,193.75,33643
2071-11-08,193.5,196.5,187.5,187.75,20658
2071-11-09,190.25,193.5,190.25,191.75,16381
2071-11-10,193.0,197.0,191.0,195.5,22427
2071-11-11,195.75,206.5,195.0,203.0,31999
2071-11-12,203.5,210.0,202.0,204.5,27093
2071-11-13,204.0,216.0,204.0,212.0,35164
2071-11-14,212.5,213.5,202.0,204.75,22355
2071-11-15,203.5,205.0,196.0,196.5,21175
2071-11-16,197.0,200.75,195.25,196.0,17566
2071-11-17,194.5,200.0,194.0,199.75,12655
2071-11-18,199.5,203.5,199.0,203.25,19847
2071-11-19,205.0,215.25,204.0,215.25,26430
2071-11-20,218.0,233.25,217.5,219.5,47635
2071-11-21,219.0,225.5,215.5,225.0,26511
2071-11-22,222.0,225.0,219.5,223.25,23948
2071-11-23,222.25,224.5,219.25,223.5,21793
2071-11-24,223.0,225.25,219.75,223.5,16092
2071-11-25,226.5,230.0,225.0,228.25,22575
2071-11-26,227.75,227.75,222.0,222.25,21483
2071-11-27,222.0,222.75,210.25,210.25,22019
2071-11-28,207.25,209.75,206.75,209.5,18230
2071-11-29,209.5,214.5,209.5,214.0,15236
2071-11-30,215.5,219.75,215.5,216.5,18012
2071-12-01,228.75,230.0,225.75,228.0,26886
2071-12-02,228.25,231.5,224.5,226.25,29360
2071-12-03,226.0,227.0,222.25,222.5,24628
2071-12-04,221.0,221.25,218.0,220.0,44582
2071-12-05,222.0,222.25,216.25,216.5,40371
2071-12-06,216.5,220.0,215.5,219.75,40007
2071-12-07,219.75,219.75,215.5,215.75,35301
2071-12-08,215.75,217.5,215.0,215.25,32129
2071-12-09,215.0,219.0,214.75,216.75,47258
2071-12-10,217.0,220.75,217.0,219.25,45845
2071-12-11,219.0,222.0,218.75,221.0,35674
2071-12-12,221.0,222.75,220.25,222.0,31568
2071-12-13,223.5,225.0,222.0,222.5,24220
2071-12-14,222.75,226.5,222.75,225.25,33456
2071-12-15,224.0,224.0,220.75,221.0,30911
2071-12-16,221.0,221.75,218.75,219.0,31038
2071-12-17,219.0,220.0,215.75,217.75,39365
2071-12-18,217.5,218.5,215.5,216.0,34864
2071-12-19,216.0,216.5,214.25,214.75,38336
2071-12-20,214.5,215.0,212.0,212.25,45491
2071-12-21,212.25,213.0,210.25,212.75,43648
2071-12-22,213.0,214.5,210.0,210.25,40413
2071-12-23,210.25,211.0,209.25,210.25,31575
2071-12-24,210.25,211.5,209.0,210.75,31667
2071-12-25,210.5,211.75,210.0,210.25,20209
2071-12-26,210.0,210.5,208.0,208.25,43163
2071-12-27,208.25,212.5,207.75,208.75,69887
2071-12-28,208.75,212.5,208.0,212.0,33462
2071-12-29,211.75,215.75,211.5,213.75,38670
2071-12-30,213.25,215.0,212.75,213.75,28059
2071-12-31,213.0,213.5,208.0,208.25,51982
2072-01-01,208.0,208.5,204.75,205.0,54751
2072-01-02,204.75,205.0,203.0,204.25,36425
2072-01-03,204.0,205.0,203.25,203.5,28089
2072-01-04,203.25,205.0,203.25,204.75,29646
2072-01-05,204.0,204.75,203.0,203.25,28073
2072-01-06,203.0,203.5,198.25,198.5,71561
2072-01-07,199.0,202.75,198.75,201.25,34478
2072-01-08,200.0,201.75,200.0,200.5,26436
2072-01-09,200.0,201.75,200.0,201.0,17735
2072-01-10,201.0,201.5,199.0,199.25,31547
2072-01-11,199.0,204.25,198.25,202.25,44207
2072-01-12,202.0,202.25,200.75,201.0,32655
2072-01-13,201.0,203.75,200.25,200.5,34269
2072-01-14,200.25,201.0,199.5,200.0,24502
2072-01-15,199.5,200.0,199.25,199.5,21849
2072-01-16,199.25,202.25,199.0,201.75,31544
2072-01-17,201.25,206.0,200.75,201.75,60642
2072-01-18,201.0,201.5,200.0,200.5,29318
2072-01-19,200.25,202.0,199.25,199.5,31664
2072-01-20,199.5,200.5,199.0,199.5,32992
2072-01-21,200.0,200.75,198.0,198.25,36083
2072-01-22,199.0,200.25,198.5,199.0,28140
2072-01-23,198.75,203.0,198.25,201.5,60093
2072-01-24,201.0,202.75,201.0,201.75,27209
2072-01-25,201.5,203.0,200.5,201.0,30721
2072-01-26,201.0,203.75,201.0,202.0,25763
2072-01-27,201.75,202.25,200.5,200.75,32761
2072-01-28,200.5,200.5,195.0,195.25,66135
2072-01-29,195.25,195.5,193.75,194.25,30571
2072-01-30,194.0,196.5,193.75,196.0,31280
2072-01-31,196.0,198.5,195.75,196.25,33560
2072-02-01,207.25,207.25,205.0,205.25,19853
2072-02-02,205.0,205.75,203.0,203.5,24519
2072-02-03,203.5,203.75,202.0,203.5,23888
2072-02-04,203.75,205.5,203.25,205.25,23221
2072-02-05,205.0,206.5,203.0,205.75,24208
2072-02-06,205.5,206.25,204.75,205.0,27177
2072-02-07,203.5,204.75,200.75,201.0,78780
2072-02-08,201.25,202.5,200.0,200.5,50279
2072-02-09,200.5,204.0,200.5,202.75,39006
2072-02-10,202.75,203.75,201.75,202.5,29039
2072-02-11,202.0,203.0,200.75,201.5,27825
2072-02-12,201.0,205.5,200.25,204.5,41620
2072-02-13,204.0,204.5,203.0,203.25,21603
2072-02-14,196.0,199.5,195.5,199.0,42637
2072-02-15,198.5,199.75,197.5,199.0,26416
2072-02-16,198.5,202.0,198.5,200.0,25645
2072-02-17,199.75,202.5,199.75,201.5,28336
2072-02-18,202.25,204.25,202.0,203.25,30022
2072-02-19,203.0,203.25,202.0,202.25,17382
2072-02-20,202.0,203.75,201.5,203.5,16205
2072-02-21,203.5,204.75,203.0,204.25,17403
2072-02-22,204.75,206.75,202.75,204.0,29513
2072-02-23,204.0,205.0,203.0,204.75,21909
2072-02-24,204.5,204.75,203.5,203.75,20464
2072-02-25,203.75,205.0,203.5,204.5,19109
2072-02-26,200.75,203.5,200.75,203.0,35131
2072-02-27,202.5,203.25,201.0,203.0,29925
2072-02-28,203.0,205.75,203.0,203.75,37210
2072-02-29,203.25,207.75,202.5,207.0,46372
2072-03-01,206.25,209.25,204.75,208.5,47235
2072-03-02,208.0,209.25,206.25,207.25,41000
2072-03-03,207.0,216.75,206.75,215.5,121905
2072-03-04,214.5,221.5,214.5,220.75,90879
2072-03-05,220.0,221.75,218.25,219.0,60021
2072-03-06,217.0,220.5,215.5,220.0,47190
2072-03-07,220.0,221.0,218.75,220.75,33844
2072-03-08,220.25,221.5,218.75,220.75,31394
2072-03-09,220.75,223.0,219.75,222.75,40152
2072-03-10,223.0,227.5,223.0,227.25,57415
2072-03-11,226.75,228.25,226.0,227.5,49167
2072-03-12,227.0,227.0,222.75,223.0,41500
2072-03-13,223.0,226.5,221.25,225.75,47279
2072-03-14,226.0,226.75,222.75,223.5,30221
2072-03-15,219.75,222.25,219.5,222.0,30214
2072-03-16,222.0,223.0,220.5,220.75,25085
2072-03-17,220.5,220.5,217.25,218.0,38182
2072-03-18,217.5,220.25,214.5,219.75,52407
2072-03-19,220.0,222.0,220.0,221.5,31184
2072-03-20,221.0,222.5,219.25,221.25,30872
2072-03-21,220.75,222.75,219.5,222.5,33026
2072-03-22,222.0,226.0,222.0,225.5,40892
2072-03-23,225.5,226.5,221.25,221.75,40624
2072-03-24,221.25,225.0,221.25,222.25,27848
2072-03-25,221.75,223.75,219.75,222.25,31013
2072-03-26,221.75,223.75,221.25,223.0,42749
2072-03-27,229.5,229.75,228.5,228.75,16142
2072-03-28,228.5,230.5,227.5,228.0,29648
2072-03-29,228.0,228.0,222.75,223.25,51481
2072-03-30,223.0,225.0,222.0,224.75,41181
2072-03-31,225.0,225.75,221.25,221.5,51807
2072-04-01,221.25,222.75,220.0,220.75,57201
2072-04-02,220.75,224.5,220.0,224.0,51524
2072-04-03,223.75,224.75,222.75,223.0,36757
2072-04-04,222.75,224.5,222.0,224.0,26198
2072-04-05,224.0,226.25,224.0,225.5,30652
2072-04-06,225.0,229.0,224.5,228.75,45866
2072-04-07,228.75,229.0,225.0,225.25,41148
2072-04-08,230.75,238.25,230.75,238.0,84518
2072-04-09,237.75,238.75,235.75,236.0,45447
2072-04-10,235.5,239.75,234.25,235.25,44724
2072-04-11,238.0,241.75,237.5,240.75,47338
2072-04-12,237.0,237.25,233.5,235.75,36706
2072-04-13,235.0,236.5,231.25,232.0,37394
2072-04-14,232.75,234.75,231.75,234.5,27384
2072-04-15,234.25,234.5,229.5,230.25,43601
2072-04-16,229.75,233.75,229.25,232.0,29755
2072-04-17,232.5,234.75,229.75,232.5,29680
2072-04-18,231.5,232.25,224.75,225.0,55740
2072-04-19,226.0,227.5,224.0,227.0,36707
2072-04-20,227.0,233.5,226.0,233.25,33384
2072-04-21,232.5,238.5,232.0,236.0,39264
2072-04-22,236.0,239.5,233.75,234.25,34153
2072-04-23,234.0,235.25,230.0,232.0,33991
2072-04-24,232.75,234.0,229.75,232.0,28620
2072-04-25,232.25,232.5,226.75,227.0,37998
2072-04-26,227.5,229.5,225.25,229.25,33482
2072-04-27,227.0,227.5,225.5,227.0,31952
2072-04-28,226.75,227.0,223.0,223.25,43377
2072-04-29,223.25,226.25,222.5,225.5,34899
2072-04-30,225.5,228.5,225.0,227.5,37585
2072-05-01,229.75,232.25,225.75,226.25,44173
2072-05-02,224.25,225.75,223.5,224.5,26826
2072-05-03,233.5,237.5,233.0,236.75,30772
2072-05-04,237.0,237.75,233.5,235.75,23735
2072-05-05,235.75,237.75,233.75,236.75,32230
2072-05-06,237.0,239.75,237.0,239.5,48088
2072-05-07,239.0,241.0,236.25,236.5,48940
2072-05-08,236.5,237.0,233.5,234.25,50541
2072-05-09,234.5,235.0,231.5,232.0,50247
2072-05-10,236.0,244.0,235.25,244.0,80514
2072-05-11,244.0,249.0,241.25,246.25,72631
2072-05-12,246.0,258.25,245.5,250.75,105547
2072-05-13,250.5,254.5,248.5,250.25,41313
2072-05-14,249.5,250.25,246.0,248.25,46675
2072-05-15,252.0,252.5,240.25,241.0,63241
2072-05-16,240.75,241.75,237.75,238.75,57110
2072-05-17,239.0,246.0,239.0,244.25,47603
2072-05-18,244.0,246.0,242.0,244.75,38426
2072-05-19,244.75,246.5,240.75,245.75,37805
2072-05-20,242.5,242.75,234.0,238.75,80307
2072-05-21,239.5,240.25,235.25,235.5,40665
2072-05-22,235.0,237.25,232.0,235.5,53295
2072-05-23,236.25,242.0,236.25,238.0,45111
2072-05-24,238.0,241.0,237.5,240.0,25472
2072-05-25,238.25,243.5,236.5,241.0,31151
2072-05-26,240.5,241.25,238.0,238.25,31022
2072-05-27,238.0,238.5,234.0,235.0,42869
2072-05-28,234.5,236.0,229.0,230.5,78426
2072-05-29,230.75,234.0,230.25,233.5,33255
2072-05-30,228.0,228.0,222.5,224.25,65854
2072-05-31,224.5,226.0,223.25,225.0,35135
2072-06-01,229.0,229.5,224.75,225.5,38243
2072-06-02,225.5,229.5,224.0,229.0,34130
2072-06-03,231.0,232.75,223.25,224.25,38579
2072-06-04,224.75,226.0,222.75,225.75,27035
2072-06-05,228.0,228.0,219.0,219.75,56369
2072-06-06,220.0,220.75,217.25,219.0,44491
2072-06-07,219.0,221.0,218.0,219.25,32277
2072-06-08,216.0,216.0,208.0,208.25,69730
2072-06-09,208.75,210.0,207.5,207.75,35631
2072-06-10,213.75,214.0,209.25,210.5,16363
2072-06-11,210.25,213.5,209.75,211.75,12762
2072-06-12,211.0,214.75,211.0,211.25,15497
2072-06-13,211.25,211.5,207.5,207.75,15963
2072-06-14,206.25,206.25,201.75,202.75,19017
2072-06-15,202.5,206.25,202.5,205.25,21163
2072-06-16,205.25,206.0,200.75,201.0,32278
2072-06-17,201.0,205.0,201.0,203.75,45808
2072-06-18,203.5,204.0,195.0,195.75,31988
2072-06-19,191.0,193.0,189.5,192.5,25242
2072-06-20,192.0,192.0,187.75,188.5,24159
2072-06-21,188.5,193.75,188.25,190.75,17440
2072-06-22,188.75,188.75,184.5,187.0,23136
2072-06-23,187.25,188.25,184.75,185.0,18751
2072-06-24,185.0,186.0,181.25,185.75,23119
2072-06-25,185.75,187.75,184.75,186.0,19908
2072-06-26,185.75,186.0,181.25,182.5,17423
2072-06-27,182.25,182.25,178.25,179.25,19385
2072-06-28,179.0,183.25,179.0,180.75,25205
2072-06-29,180.0,182.75,178.75,181.75,17126
2072-06-30,181.5,187.0,181.0,186.0,18742
2072-07-01,185.5,188.0,185.0,187.75,16814
2072-07-02,187.75,189.5,183.75,184.5,14615
2072-07-03,183.75,184.5,181.5,182.75,13883
2072-07-04,182.5,183.25,179.25,180.5,14762
2072-07-05,180.5,183.0,180.0,181.0,12353
2072-07-06,181.0,182.5,180.0,180.25,12850
2072-07-07,178.25,182.0,177.0,180.25,19481
2072-07-08,180.25,181.5,179.0,179.75,16626
2072-07-09,179.75,182.0,179.5,180.5,15230
2072-07-10,180.25,182.25,178.5,180.0,15137
2072-07-11,179.5,180.5,178.5,178.75,12389
2072-07-12,178.75,180.0,177.5,177.75,12616
2072-07-13,178.0,179.75,177.5,179.5,15584
2072-07-14,179.0,179.25,177.75,178.25,21466
2072-07-15,178.0,179.5,177.0,177.25,17658
2072-07-16,177.0,177.5,174.0,174.75,18551
2072-07-17,174.5,176.25,174.0,175.75,14873
2072-07-18,175.75,176.25,174.75,175.75,8128
2072-07-19,175.5,179.25,175.5,178.5,20428
2072-07-20,191.0,193.0,190.25,191.0,29398
2072-07-21,190.5,191.25,189.5,189.75,15940
2072-07-22,189.25,189.5,188.0,188.75,21664
2072-07-23,188.75,190.0,187.75,188.0,20844
2072-07-24,187.5,188.0,186.5,187.5,25337
2072-07-25,187.25,188.75,186.75,188.25,28511
2072-07-26,187.75,190.5,187.75,188.75,35116
2072-07-27,189.25,195.0,189.25,191.75,42390
2072-07-28,191.75,197.5,191.75,196.5,74039
2072-07-29,193.75,197.0,193.5,193.75,54953
2072-07-30,196.5,196.75,193.5,196.5,44319
2072-07-31,195.75,195.75,194.0,194.25,36226
2072-08-01,198.0,199.75,196.0,198.0,63960
2072-08-02,193.75,196.5,193.5,193.75,43376
2072-08-03,193.25,194.0,192.25,193.25,31398
2072-08-04,193.0,196.5,193.0,195.5,31701
2072-08-05,195.0,196.25,194.0,196.0,29811
2072-08-06,196.5,198.0,191.5,194.0,47909
2072-08-07,188.5,189.25,187.0,187.25,29237
2072-08-08,187.25,190.0,187.0,188.0,30382
2072-08-09,188.0,191.0,187.25,190.25,32187
2072-08-10,190.0,195.0,189.25,194.0,42444
2072-08-11,193.5,194.75,192.25,193.25,36344
2072-08-12,193.75,196.25,193.25,194.5,37326
2072-08-13,194.0,195.0,192.5,194.5,28254
2072-08-14,194.0,197.0,194.0,196.25,44715
2072-08-15,198.75,199.0,197.25,197.75,46943
2072-08-16,196.75,200.75,192.25,199.25,49042
2072-08-17,198.75,203.75,198.75,203.5,73764
2072-08-18,203.0,206.25,202.0,204.25,56754
2072-08-19,204.0,204.5,202.0,203.5,34543
2072-08-20,203.0,206.0,202.25,203.25,42091
2072-08-21,201.0,204.0,200.5,203.5,32125
2072-08-22,203.25,205.5,202.75,204.5,34169
2072-08-23,204.0,211.0,203.0,208.0,80231
2072-08-24,207.5,209.25,207.0,208.0,36199
2072-08-25,207.5,208.5,206.25,206.75,28996
2072-08-26,206.75,208.25,206.5,207.5,30914
2072-08-27,205.0,205.0,203.0,203.25,36315
2072-08-28,203.0,204.5,202.5,204.0,34881
2072-08-29,203.75,204.0,203.0,203.25,33770
2072-08-30,203.0,203.5,202.0,202.25,26928
2072-08-31,202.0,203.25,200.5,200.75,41560
2072-09-01,200.75,201.5,200.25,200.5,35459
2072-09-02,200.25,207.25,199.25,206.0,73458
2072-09-03,205.0,209.5,204.5,206.0,54622
2072-09-04,206.5,213.0,206.5,212.0,57694
2072-09-05,211.75,214.0,211.75,213.25,39255
2072-09-06,213.0,216.0,213.0,213.5,50780
2072-09-07,213.5,215.0,212.25,214.75,39731
2072-09-08,214.75,216.5,214.5,216.0,40690
2072-09-09,215.75,216.0,212.25,213.75,40034
2072-09-10,213.5,213.75,210.75,212.0,40965
2072-09-11,212.0,212.0,210.5,211.25,27722
2072-09-12,211.0,211.75,208.5,208.75,37743
2072-09-13,208.75,209.25,207.25,207.5,40830
2072-09-14,221.0,224.5,221.0,223.5,26642
2072-09-15,223.25,225.5,223.0,223.25,33898
2072-09-16,222.75,223.25,221.75,223.25,30654
2072-09-17,222.75,223.5,222.25,222.5,16420
2072-09-18,223.0,224.5,222.5,222.75,33324
2072-09-19,222.5,222.75,219.5,220.25,60533
2072-09-20,220.0,220.25,217.25,217.5,62868
2072-09-21,217.5,221.25,216.25,220.5,63072
2072-09-22,220.0,222.25,218.0,221.5,41910
2072-09-23,221.25,221.5,219.5,220.25,31753
2072-09-24,219.75,220.25,217.75,220.0,31721
2072-09-25,220.0,220.0,218.5,218.75,28521
2072-09-26,218.25,220.0,214.25,214.75,74590
2072-09-27,214.75,219.5,214.25,218.75,43725
2072-09-28,218.0,218.5,216.25,217.0,30857
2072-09-29,217.0,217.25,215.75,216.25,27165
2072-09-30,222.0,226.0,221.5,225.75,40517
2072-10-01,225.25,227.0,224.25,225.0,32449
2072-10-02,225.0,226.5,223.75,226.25,25345
2072-10-03,226.25,227.5,226.0,226.75,19382
2072-10-04,226.25,229.5,224.5,228.75,34593
2072-10-05,228.5,232.0,228.5,230.25,71053
2072-10-06,230.0,232.0,229.0,231.75,31420
2072-10-07,227.0,230.75,226.5,230.0,39703
2072-10-08,230.0,231.0,228.25,230.0,36828
2072-10-09,230.0,230.0,225.0,226.0,49470
2072-10-10,225.75,226.0,224.0,225.75,35100
2072-10-11,225.5,228.5,225.0,227.5,24920
2072-10-12,227.5,230.0,227.25,229.5,37890
2072-10-13,229.5,231.0,222.0,222.5,69820
2072-10-14,222.25,223.0,218.25,219.25,89716
2072-10-15,219.0,219.0,216.0,216.25,57273
2072-10-16,216.0,218.0,215.5,217.5,37054
2072-10-17,217.5,220.0,217.5,218.0,30738
2072-10-18,218.25,219.5,214.75,215.0,45859
2072-10-19,215.0,215.5,212.75,215.25,51280
2072-10-20,215.75,216.75,213.75,214.0,34731
2072-10-21,214.0,216.75,213.25,215.5,38402
2072-10-22,215.0,215.75,213.25,213.5,26767
2072-10-23,213.5,214.0,209.25,209.5,62730
2072-10-24,209.5,210.0,206.5,208.25,49867
2072-10-25,208.25,210.75,208.25,209.25,29930
2072-10-26,209.25,210.0,207.5,209.0,27770
2072-10-27,209.0,212.25,208.5,211.0,29094
2072-10-28,211.0,213.5,210.5,213.0,26295
2072-10-29,213.0,213.5,211.0,212.0,21466
2072-10-30,211.75,214.5,210.0,213.5,26470
2072-10-31,213.5,214.75,212.0,212.25,27158
2072-11-01,212.0,212.0,209.25,210.0,26624
2072-11-02,210.0,211.0,209.5,210.25,20010
2072-11-03,210.0,211.75,209.75,210.25,29156
2072-11-04,210.0,210.5,209.25,209.75,30600
2072-11-05,209.75,213.0,209.75,212.75,28713
2072-11-06,212.0,213.0,210.25,212.0,29936
2072-11-07,219.25,221.75,219.25,220.25,16298
2072-11-08,220.25,220.75,218.0,218.25,30393
2072-11-09,218.0,220.75,217.5,217.75,32557
2072-11-10,217.75,218.25,216.5,217.0,31649
2072-11-11,217.0,218.25,216.75,217.0,29031
2072-11-12,217.0,218.75,217.0,218.5,48120
2072-11-13,218.5,223.5,218.5,222.5,56675
2072-11-14,222.0,225.0,221.0,224.0,46820
2072-11-15,223.75,225.75,222.5,222.75,28341
2072-11-16,223.0,225.25,222.25,222.5,26766
2072-11-17,222.5,223.75,222.0,223.25,19504
2072-11-18,223.0,224.25,220.0,220.25,37163
2072-11-19,220.5,222.75,219.25,220.25,34596
2072-11-20,220.25,221.5,219.5,219.75,15362
2072-11-21,220.0,222.25,219.0,221.25,24960
2072-11-22,221.0,222.5,220.0,220.5,21680
2072-11-23,209.0,212.0,209.0,211.5,21936
2072-11-24,205.5,208.5,205.0,208.25,85142
2072-11-25,208.0,210.75,206.5,209.25,321
2072-11-26,209.0,212.25,209.0,211.75,405
2072-11-27,211.5,214.0,209.25,212.25,449
2072-11-28,212.0,213.25,210.0,210.25,545
2072-11-29,210.25,213.0,210.25,210.75,22279
2072-11-30,211.25,212.0,208.75,209.0,355
2072-12-01,209.25,210.75,209.0,210.5,24147
2072-12-02,210.5,214.25,209.25,211.75,38717
2072-12-03,212.5,214.75,211.25,212.0,29858
2072-12-04,212.0,213.0,209.0,209.25,265
2072-12-05,209.25,209.75,207.75,209.0,176
2072-12-06,217.0,217.5,211.0,211.75,48943
2072-12-07,211.75,213.0,209.0,209.25,776
2072-12-08,209.5,210.75,204.0,204.25,57621
2072-12-09,204.5,205.5,201.5,202.25,290
2072-12-10,202.25,206.0,202.25,203.5,376
2072-12-11,203.5,208.0,203.5,207.75,566
2072-12-12,207.5,207.5,204.25,204.25,49586
2072-12-13,203.75,208.0,201.5,207.5,490
2072-12-14,207.5,210.75,205.75,207.5,762
2072-12-15,207.5,211.5,207.0,208.5,580
2072-12-16,208.75,210.5,207.5,207.75,32764
2072-12-17,207.5,210.25,207.0,210.0,292
2072-12-18,210.0,211.5,206.5,208.0,470
2072-12-19,208.0,209.25,203.5,205.0,501
2072-12-20,205.0,206.0,203.0,205.0,375
2072-12-21,204.75,205.0,198.0,198.25,60054
2072-12-22,198.25,199.5,196.75,197.0,496
2072-12-23,201.5,202.25,199.75,201.75,363
2072-12-24,201.75,202.25,199.0,201.5,27221
2072-12-25,201.0,201.75,199.75,201.25,19299
2072-12-26,201.0,201.5,199.25,199.75,307
2072-12-27,198.25,198.25,193.5,194.0,36822
2072-12-28,194.0,194.5,191.0,191.25,345
2072-12-29,191.25,193.5,191.25,192.25,260
2072-12-30,192.25,194.5,192.25,193.75,21184
2072-12-31,194.0,194.25,191.0,191.25,25339
2073-01-01,191.0,191.5,187.75,189.25,34169
2073-01-02,189.5,190.75,189.25,190.0,625
2073-01-03,190.0,193.25,188.5,192.75,651
2073-01-04,192.25,199.5,192.25,198.75,831
2073-01-05,197.5,198.0,195.25,195.75,27948
2073-01-06,196.25,199.25,195.25,195.5,30916
2073-01-07,195.0,199.0,194.25,198.5,646
2073-01-08,198.5,201.5,198.25,198.5,989
2073-01-09,198.0,198.25,196.0,197.25,27976
2073-01-10,198.0,201.0,196.5,198.75,30317
2073-01-11,198.5,199.75,196.25,197.25,444
2073-01-12,198.5,201.5,197.75,200.5,9304
2073-01-13,200.5,201.0,197.75,198.0,172
2073-01-14,197.75,198.0,195.5,196.0,14146
2073-01-15,195.5,197.5,195.0,195.25,13288
2073-01-16,195.75,195.75,192.0,192.5,229
2073-01-17,192.25,193.5,192.25,193.25,15723
2073-01-18,193.25,196.75,193.25,195.75,25176
2073-01-19,196.0,198.0,195.75,197.25,125
2073-01-20,197.0,202.5,196.0,197.25,297
2073-01-21,197.0,199.75,194.0,199.25,29986
2073-01-22,198.5,203.25,198.5,202.25,33268
2073-01-23,202.0,208.0,199.0,205.75,34889
2073-01-24,205.25,207.75,205.0,207.25,241
2073-01-25,205.0,212.0,204.25,211.5,28473
2073-01-26,211.0,217.75,210.25,216.5,36965
2073-01-27,216.0,228.5,216.0,224.5,1957
2073-01-28,223.75,235.5,222.5,234.25,917
2073-01-29,233.5,236.0,223.0,224.25,1158
2073-01-30,222.0,223.5,211.75,216.25,740
2073-01-31,230.0,230.5,224.0,224.75,575
2073-02-01,207.75,209.5,203.5,209.25,515
2073-02-02,215.0,218.75,211.0,215.0,16626
2073-02-03,214.5,219.75,214.5,219.25,14476
2073-02-04,219.5,224.0,215.5,218.25,741
2073-02-05,218.0,221.25,216.75,220.5,378
2073-02-06,218.75,220.25,215.0,217.0,780
2073-02-07,213.75,219.0,211.5,218.75,733
2073-02-08,218.5,220.0,214.75,215.25,383
2073-02-09,215.75,218.0,213.0,213.5,18083
2073-02-10,213.5,215.75,209.25,210.5,312
2073-02-11,211.0,213.0,208.5,212.5,215
2073-02-12,215.75,217.25,214.25,216.0,397
2073-02-13,216.0,218.75,216.0,217.5,16929
2073-02-14,217.0,221.0,217.0,219.75,294
2073-02-15,219.25,225.5,219.25,222.0,25421
2073-02-16,222.0,225.25,221.75,224.75,121
2073-02-17,224.0,224.0,221.0,221.75,18260
2073-02-18,221.5,222.75,218.0,219.5,20212
2073-02-19,219.25,220.75,216.25,217.0,100
2073-02-20,225.75,226.25,223.25,225.0,44986
2073-02-21,227.0,228.75,226.0,227.75,1780
2073-02-22,227.0,229.5,227.0,228.0,717
2073-02-23,228.0,233.0,224.75,231.75,452
2073-02-24,230.5,232.5,227.5,228.25,1257
2073-02-25,227.0,231.5,226.25,231.0,35841
2073-02-26,232.0,234.0,228.5,229.0,1254
2073-02-27,228.75,231.5,228.5,231.25,55212
2073-02-28,230.75,232.25,229.0,230.0,57614
2073-03-01,229.5,232.75,229.5,232.25,371
2073-03-02,232.0,232.0,229.75,231.25,366
2073-03-03,232.25,232.5,227.75,229.75,1280
2073-03-04,229.25,229.25,226.0,226.25,1352
2073-03-05,226.0,227.5,225.5,225.75,30914
2073-03-06,225.5,227.0,224.0,226.5,340
2073-03-07,221.75,222.75,218.25,218.5,343
2073-03-08,219.0,219.0,213.75,216.0,96549
2073-03-09,216.0,220.0,215.0,218.75,563
2073-03-10,218.5,218.75,215.5,217.25,41452
2073-03-11,216.75,218.25,215.5,215.75,236
2073-03-12,215.5,218.0,214.75,215.5,306
2073-03-13,215.25,217.25,214.5,216.75,227
2073-03-14,216.5,216.75,215.0,216.0,27083
2073-03-15,215.75,216.25,214.0,214.5,36428
2073-03-16,214.0,214.25,210.25,210.5,1001
2073-03-17,210.75,211.5,208.75,209.25,580
2073-03-18,209.0,211.0,208.25,210.75,405
2073-03-19,210.5,213.5,210.5,211.5,532
2073-03-20,211.5,214.5,210.0,214.25,326
2073-03-21,215.0,216.0,212.5,213.0,137
2073-03-22,212.5,214.75,212.25,214.25,208
2073-03-23,214.0,215.0,213.0,213.25,26678
2073-03-24,213.0,213.25,207.5,208.5,567
2073-03-25,208.25,209.0,205.5,206.0,199
2073-03-26,206.0,207.25,205.75,206.75,259
2073-03-27,206.5,208.25,204.75,207.75,347
2073-03-28,204.0,205.5,203.5,204.25,386
2073-03-29,204.0,206.75,204.0,206.5,32957
2073-03-30,206.0,207.5,205.5,206.5,1156
2073-03-31,206.5,206.75,204.75,205.5,288
2073-04-01,205.0,205.25,202.0,203.5,528
2073-04-02,203.5,206.5,203.0,206.0,338
2073-04-03,205.5,206.75,204.5,205.5,682
2073-04-04,205.0,205.25,202.5,204.0,364
2073-04-05,203.75,204.5,202.0,202.25,470
2073-04-06,202.0,203.25,201.5,202.75,415
2073-04-07,202.5,204.75,202.25,202.5,38953
2073-04-08,202.0,203.75,202.0,202.5,281
2073-04-09,202.25,203.5,201.75,202.75,304
2073-04-10,202.25,208.0,201.75,206.0,963
2073-04-11,206.0,206.75,204.75,205.0,34078
2073-04-12,204.75,207.75,204.75,206.5,271
2073-04-13,206.0,207.5,205.0,207.25,35180
2073-04-14,218.5,221.5,218.5,221.0,25155
2073-04-15,221.0,221.75,220.25,220.5,20045
2073-04-16,220.25,221.25,220.25,220.5,18869
2073-04-17,220.5,221.0,215.0,215.5,82737
2073-04-18,215.5,216.25,214.5,215.75,41519
2073-04-19,215.75,216.0,210.25,210.5,74668
2073-04-20,210.5,213.0,210.25,211.75,80854
2073-04-21,212.0,222.0,212.0,220.5,123440
2073-04-22,220.0,221.75,219.0,221.0,56568
2073-04-23,220.5,223.0,219.5,221.25,57662
2073-04-24,220.75,221.0,218.25,219.25,36740
2073-04-25,219.0,220.0,216.25,216.5,35235
2073-04-26,216.25,222.0,215.25,219.0,61301
2073-04-27,219.0,220.25,218.75,219.5,21506
2073-04-28,219.25,220.5,218.0,219.5,27991
2073-04-29,215.5,216.75,213.25,214.0,29581
2073-04-30,214.0,215.75,212.75,214.25,33414
2073-05-01,214.0,214.5,211.75,212.25,32601
2073-05-02,212.0,213.25,210.5,211.5,35956
2073-05-03,211.5,211.5,208.25,208.75,37540
2073-05-04,208.75,209.75,208.0,209.5,24608
2073-05-05,209.5,210.75,209.0,209.75,26342
2073-05-06,209.5,209.75,208.25,209.0,18282
2073-05-07,209.0,210.25,207.75,208.5,35962
2073-05-08,208.25,210.75,208.0,210.5,30202
2073-05-09,210.0,211.25,209.5,210.5,30866
2073-05-10,210.0,213.0,210.0,211.5,36153
2073-05-11,211.25,212.0,210.5,211.5,25946
2073-05-12,211.25,212.75,208.75,210.0,41500
2073-05-13,210.0,210.5,207.75,208.75,36735
2073-05-14,208.75,214.0,208.5,212.75,53630
2073-05-15,213.0,215.25,210.75,211.0,40048
2073-05-16,211.0,214.0,210.0,212.75,34867
2073-05-17,212.5,215.0,212.0,214.75,32437
2073-05-18,214.5,216.25,213.0,213.5,39666
2073-05-19,213.5,214.25,211.5,211.75,24654
2073-05-20,211.5,212.0,209.5,209.75,33212
2073-05-21,209.5,209.75,206.75,208.75,43027
2073-05-22,208.75,210.25,208.25,209.5,26316
2073-05-23,209.5,211.0,208.75,209.0,23993
2073-05-24,208.5,209.0,206.5,207.5,33579
2073-05-25,207.25,208.0,206.0,206.25,28412
2073-05-26,206.25,206.75,205.25,206.0,24073
2073-05-27,205.75,207.5,205.5,206.0,35498
2073-05-28,205.75,206.0,204.25,204.5,40428
2073-05-29,204.5,207.0,204.25,206.0,31635
2073-05-30,206.0,207.0,205.75,206.25,23139
2073-05-31,206.25,206.75,203.75,204.25,36737
2073-06-01,204.25,205.0,203.75,204.5,28045
2073-06-02,204.5,205.5,204.25,204.75,26697
2073-06-03,205.0,205.75,204.25,205.25,27034
2073-06-04,205.25,206.0,205.0,205.75,20826
2073-06-05,205.5,209.25,205.5,208.75,51229
2073-06-06,208.25,209.75,206.0,206.75,39487
2073-06-07,206.5,207.25,204.75,205.0,37619
2073-06-08,205.0,206.5,205.0,205.75,43877
2073-06-09,212.75,214.0,212.25,213.75,17785
2073-06-10,206.0,206.75,204.5,206.5,21424
2073-06-11,206.25,207.25,205.25,205.75,23697
2073-06-12,205.75,207.5,205.25,205.5,27947
2073-06-13,205.5,206.5,204.5,204.75,18403
2073-06-14,204.75,205.0,203.5,203.75,24988
2073-06-15,203.75,206.0,203.75,204.5,25006
2073-06-16,204.5,206.5,204.5,206.25,30439
2073-06-17,206.0,207.25,201.75,202.5,55456
2073-06-18,202.5,204.25,202.0,203.5,25353
2073-06-19,203.5,205.0,203.5,203.75,26824
2073-06-20,203.75,204.0,201.0,201.25,28173
2073-06-21,201.25,202.75,200.5,201.5,33697
2073-06-22,201.5,202.5,200.25,200.5,29946
2073-06-23,200.5,202.5,200.0,201.5,30254
2073-06-24,201.5,202.75,201.0,201.25,23760
2073-06-25,201.25,203.25,199.5,199.75,48214
2073-06-26,199.75,200.25,198.5,198.75,26051
2073-06-27,198.75,198.75,193.25,197.75,53142
2073-06-28,197.0,198.75,195.5,196.0,27363
2073-06-29,196.0,198.0,195.5,197.75,31762
2073-06-30,204.0,206.5,203.25,205.75,18538
2073-07-01,205.75,206.75,203.75,204.0,25440
2073-07-02,204.0,204.75,202.25,202.5,36904
2073-07-03,202.75,206.0,202.75,204.25,37032
2073-07-04,204.0,205.25,203.5,204.5,19485
2073-07-05,204.5,205.5,203.0,203.5,37012
2073-07-06,203.5,204.75,202.5,203.0,27006
2073-07-07,203.0,204.75,202.75,203.0,37502
2073-07-08,204.0,204.5,200.0,200.25,67452
2073-07-09,200.25,201.5,200.0,200.5,29765
2073-07-10,200.75,203.75,200.5,203.0,30825
2073-07-11,203.0,204.0,200.25,200.5,40880
2073-07-12,200.5,201.25,199.75,201.0,25439
2073-07-13,200.0,201.0,198.0,200.5,37917
2073-07-14,201.0,206.25,200.5,204.75,57607
2073-07-15,204.5,205.75,203.5,204.5,33147
2073-07-16,204.25,207.0,203.75,205.5,30295
2073-07-17,205.5,208.75,204.0,206.0,42718
2073-07-18,208.0,215.25,208.0,215.0,84553
2073-07-19,212.5,216.25,212.5,215.5,77606
2073-07-20,215.5,216.75,214.5,216.25,40718
2073-07-21,216.0,216.0,212.75,213.25,43613
2073-07-22,213.25,213.75,208.5,209.0,41746
2073-07-23,208.75,211.75,208.0,211.5,33422
2073-07-24,212.25,213.5,209.25,210.75,37614
2073-07-25,210.75,212.0,207.25,207.5,37986
2073-07-26,208.25,208.5,204.75,207.75,38123
2073-07-27,207.75,208.0,204.75,205.0,27996
2073-07-28,205.0,208.5,204.25,207.5,37959
2073-07-29,208.25,212.5,207.75,211.5,45683
2073-07-30,211.25,213.0,209.25,212.5,32999
2073-07-31,212.0,214.5,211.25,214.0,43544
2073-08-01,212.0,212.0,209.25,209.5,41117
2073-08-02,209.0,212.5,209.0,210.5,35822
2073-08-03,210.25,211.0,208.75,210.25,33732
2073-08-04,210.0,212.25,208.75,209.0,29180
2073-08-05,209.0,209.25,206.5,206.75,37591
2073-08-06,205.5,206.75,204.0,206.75,38708
2073-08-07,206.5,206.75,204.0,204.25,45587
2073-08-08,208.0,209.0,205.75,206.75,42771
2073-08-09,213.5,216.0,213.25,215.25,12094
2073-08-10,215.5,218.5,215.5,217.0,15191
2073-08-11,217.0,218.25,217.0,217.25,18225
2073-08-12,219.0,231.0,219.0,226.0,51586
2073-08-13,225.75,229.0,225.0,227.75,34772
2073-08-14,227.5,230.5,226.5,229.0,36214
2073-08-15,229.0,234.5,228.0,233.75,39933
2073-08-16,233.0,237.0,231.75,233.0,33053
2073-08-17,233.0,241.5,233.0,240.5,32533
2073-08-18,240.75,243.0,233.0,235.5,29518
2073-08-19,235.0,236.0,229.0,231.25,27841
2073-08-20,232.5,232.75,228.75,229.25,23440
2073-08-21,231.0,236.0,231.0,232.5,22805
2073-08-22,232.0,232.0,226.5,228.75,24443
2073-08-23,228.75,231.25,222.5,223.75,26502
2073-08-24,223.75,225.0,220.25,222.5,18168
2073-08-25,224.0,229.25,224.0,227.25,16550
2073-08-26,232.0,235.0,231.75,234.75,20843
2073-08-27,234.5,234.5,230.0,231.5,19929
2073-08-28,230.0,233.5,228.25,232.75,15089
2073-08-29,231.5,235.0,229.75,234.75,18587
2073-08-30,239.0,247.5,239.0,246.0,35774
2073-08-31,248.75,249.5,241.0,241.5,26151
2073-09-01,241.25,250.0,241.25,249.25,26141
2073-09-02,248.75,249.0,241.0,244.25,20527
2073-09-03,244.75,246.5,241.5,243.0,18846
2073-09-04,238.0,238.75,230.25,231.0,29693
2073-09-05,232.75,237.0,231.75,236.0,16729
2073-09-06,236.0,248.0,236.0,247.25,28845
2073-09-07,247.75,255.75,245.0,249.25,33605
2073-09-08,249.25,255.0,249.25,252.75,22132
2073-09-09,248.75,254.5,244.0,253.5,25608
2073-09-10,253.5,255.5,251.0,251.25,28158
2073-09-11,250.75,251.0,248.25,249.0,22269
2073-09-12,248.5,250.25,245.25,246.25,21672
2073-09-13,246.25,250.5,245.0,250.25,24711
2073-09-14,250.0,268.0,250.0,260.75,38385
2073-09-15,260.75,269.0,260.75,267.75,28547
2073-09-16,266.5,276.0,266.0,273.0,27264
2073-09-17,273.0,277.0,270.0,272.25,23964
2073-09-18,282.0,284.0,275.5,277.5,55411
2073-09-19,276.75,277.25,270.5,270.75,72885
2073-09-20,270.25,273.5,268.5,272.5,58487
2073-09-21,273.0,273.5,267.75,271.5,47451
2073-09-22,271.75,275.5,271.0,273.5,48252
2073-09-23,273.5,276.25,273.0,274.75,37621
2073-09-24,274.0,274.75,271.75,272.25,37969
2073-09-25,272.0,275.0,270.0,270.25,53830
2073-09-26,270.0,270.25,266.25,266.75,81524
2073-09-27,268.5,275.5,268.5,274.25,54584
2073-09-28,275.0,279.75,274.25,278.5,50401
2073-09-29,278.0,281.0,276.25,280.5,59752
2073-09-30,280.5,283.5,280.25,283.25,45784
2073-10-01,283.75,296.0,283.75,289.25,84827
2073-10-02,288.5,291.5,285.0,287.5,55831
2073-10-03,277.75,278.75,272.5,276.5,50733
2073-10-04,276.25,277.0,271.75,272.5,56743
2073-10-05,272.0,272.25,266.5,266.75,79510
2073-10-06,266.25,266.75,260.0,260.75,102964
2073-10-07,260.75,260.75,253.75,254.25,73564
2073-10-08,254.5,260.0,254.25,259.5,55542
2073-10-09,259.75,262.0,256.75,258.5,50114
2073-10-10,258.5,261.0,258.25,260.5,30009
2073-10-11,260.5,261.0,257.5,258.75,28867
2073-10-12,258.0,259.5,249.5,251.5,81390
2073-10-13,251.75,256.5,250.0,255.75,57283
2073-10-14,256.0,258.5,255.75,257.0,35003
2073-10-15,257.0,257.0,252.25,254.5,43218
2073-10-16,253.75,260.25,253.75,257.75,38848
2073-10-17,257.75,261.75,256.5,260.0,33386
2073-10-18,260.0,260.25,257.25,257.5,27401
2073-10-19,257.5,257.75,255.5,256.0,32302
2073-10-20,255.75,256.0,251.25,251.5,52220
2073-10-21,251.5,252.75,246.5,246.75,84145
2073-10-22,245.5,254.5,245.5,254.0,60752
2073-10-23,254.0,257.5,251.0,253.25,63093
2073-10-24,252.75,259.5,250.5,255.5,55775
2073-10-25,255.25,257.5,253.75,254.25,25945
2073-10-26,253.5,257.5,253.5,254.25,29057
2073-10-27,253.75,253.75,250.0,251.5,38059
2073-10-28,251.0,252.5,250.0,250.25,41427
2073-10-29,250.25,251.75,247.75,250.25,43562
2073-10-30,250.0,250.5,248.5,250.25,34704
2073-10-31,250.25,250.75,247.25,247.5,40411
2073-11-01,247.25,250.25,245.75,249.0,41543
2073-11-02,249.0,251.0,245.75,246.0,41047
2073-11-03,246.0,249.0,245.0,247.5,46357
2073-11-04,247.75,249.5,246.0,247.5,36149
2073-11-05,247.0,248.0,244.0,244.25,37160
2073-11-06,244.25,244.75,241.75,242.0,48761
2073-11-07,242.25,245.25,240.5,243.0,50366
2073-11-08,243.0,243.5,240.75,241.0,37506
2073-11-09,241.0,241.0,235.5,235.75,59879
2073-11-10,235.75,240.5,235.0,238.25,62939
2073-11-11,237.75,243.0,236.5,240.5,61026
2073-11-12,240.5,245.0,240.5,244.0,47961
2073-11-13,244.0,245.75,240.75,242.0,39726
2073-11-14,242.0,244.5,240.25,243.75,45263
2073-11-15,244.0,247.25,244.0,246.5,39879
2073-11-16,246.0,249.0,245.5,248.5,37892
2073-11-17,248.0,249.25,246.5,246.75,25236
2073-11-18,246.5,248.75,246.0,247.75,22883
2073-11-19,247.25,247.5,243.5,244.75,52778
2073-11-20,244.75,246.5,244.5,244.75,50914
2073-11-21,244.5,246.0,244.0,244.25,41564
2073-11-22,241.5,244.25,241.0,241.25,34085
2073-11-23,241.0,241.75,238.5,238.75,40525
2073-11-24,238.5,240.5,237.0,239.25,48496
2073-11-25,239.25,239.75,235.0,236.0,59602
2073-11-26,236.0,238.25,235.0,237.25,35208
2073-11-27,236.75,238.0,235.75,236.75,20243
2073-11-28,236.75,239.0,236.5,238.25,25175
2073-11-29,238.25,240.25,237.75,240.0,17446
2073-11-30,240.0,241.0,238.75,239.75,24294
2073-12-01,239.75,240.25,238.5,239.25,21992
2073-12-02,239.0,243.0,238.75,242.75,28690
2073-12-03,242.0,243.5,241.75,242.75,22076
2073-12-04,242.75,243.0,239.25,239.75,22282
2073-12-05,239.0,239.5,235.5,235.75,28684
2073-12-06,235.75,236.25,235.0,235.75,36899
2073-12-07,235.75,238.75,234.75,237.0,32688
2073-12-08,237.0,237.0,234.75,236.0,32776
2073-12-09,236.0,237.25,234.75,235.75,30684
2073-12-10,235.75,240.25,235.75,240.0,42146
2073-12-11,240.0,246.0,240.0,245.25,67870
2073-12-12,245.0,245.25,242.75,243.5,42427
2073-12-13,243.0,244.0,234.5,234.75,77922
2073-12-14,235.0,235.0,228.75,230.5,74442
2073-12-15,230.75,232.5,229.75,231.25,36028
2073-12-16,231.75,232.5,229.75,231.25,30091
2073-12-17,231.0,231.75,228.75,230.75,35621
2073-12-18,233.5,236.5,233.5,234.75,32938
2073-12-19,235.0,237.25,234.25,235.5,26981
2073-12-20,234.75,237.5,234.5,235.5,24891
2073-12-21,235.0,238.25,234.75,235.0,26137
2073-12-22,235.0,238.75,234.75,238.5,29268
2073-12-23,238.0,239.0,235.25,235.5,29561
2073-12-24,235.5,237.25,233.75,237.0,31489
2073-12-25,236.75,239.5,236.5,238.25,42705
2073-12-26,237.25,237.5,235.0,236.75,21539
2073-12-27,236.25,239.0,236.25,237.75,28048
2073-12-28,237.75,238.25,235.75,236.75,26563
2073-12-29,236.5,240.25,235.5,239.0,56564
2073-12-30,238.75,240.5,238.25,239.75,38662
2073-12-31,239.75,242.5,239.5,241.5,54482
2074-01-01,241.0,242.0,239.75,241.5,42022
2074-01-02,241.75,243.0,237.75,239.25,47681
2074-01-03,239.5,240.75,239.25,239.75,31272
2074-01-04,239.5,240.75,238.75,240.25,23966
2074-01-05,239.5,240.0,238.0,238.25,36544
2074-01-06,238.0,238.0,235.0,235.25,52496
2074-01-07,237.75,238.5,236.5,238.0,16557
2074-01-08,238.0,239.25,233.75,234.0,38402
2074-01-09,234.25,234.25,232.0,232.75,56168
2074-01-10,232.75,235.0,232.0,233.75,43216
2074-01-11,233.5,234.5,232.75,233.75,48029
2074-01-12,233.75,234.5,232.0,232.25,42562
2074-01-13,232.25,236.0,232.25,233.25,39001
2074-01-14,233.5,233.75,230.25,231.5,26712
2074-01-15,231.0,231.0,228.75,229.0,24978
2074-01-16,229.0,229.5,227.25,228.25,30205
2074-01-17,228.25,229.5,227.75,228.0,20067
2074-01-18,228.25,229.25,228.0,228.75,14537
2074-01-19,228.75,230.25,227.5,227.75,30735
2074-01-20,227.75,237.75,227.75,236.5,66809
2074-01-21,236.25,239.75,236.25,239.5,57629
2074-01-22,239.25,241.5,238.5,240.25,58890
2074-01-23,239.75,239.75,236.75,238.75,38403
2074-01-24,238.5,239.5,237.75,239.0,18750
2074-01-25,238.5,244.0,238.5,243.25,60766
2074-01-26,243.0,245.25,241.25,242.75,53772
2074-01-27,242.25,242.75,241.5,242.0,30026
2074-01-28,242.0,242.25,238.0,238.75,52867
2074-01-29,238.5,240.75,238.0,239.25,33272
2074-01-30,239.25,240.5,237.25,239.25,23700
2074-01-31,239.25,242.0,239.25,241.75,22577
2074-02-01,241.75,242.5,239.0,239.25,20831
2074-02-02,239.25,242.5,239.0,241.5,22366
2074-02-03,241.5,241.5,238.5,239.25,20127
2074-02-04,239.0,240.5,238.75,239.0,25567
2074-02-05,239.0,239.5,237.5,238.75,38039
2074-02-06,238.5,239.25,236.25,236.5,38314
2074-02-07,236.25,236.5,233.75,234.0,48600
2074-02-08,234.0,234.75,231.0,231.25,67320
2074-02-09,231.5,232.25,229.5,231.25,66473
2074-02-10,231.5,233.25,230.5,231.25,39061
2074-02-11,231.0,233.25,230.25,231.5,30545
2074-02-12,231.5,233.0,230.75,232.5,31105
2074-02-13,233.5,238.0,233.5,237.25,49900
2074-02-14,236.0,237.75,235.0,237.5,34191
2074-02-15,237.5,243.0,237.5,242.5,75494
2074-02-16,242.0,244.5,241.5,242.5,71835
2074-02-17,242.5,253.0,241.75,252.0,88848
2074-02-18,248.75,259.0,248.25,252.25,135382
2074-02-19,252.0,253.0,250.5,252.75,43299
2074-02-20,252.25,256.0,247.0,251.25,60957
2074-02-21,251.0,256.0,251.0,255.75,49620
2074-02-22,255.0,257.5,253.75,254.25,49031
2074-02-23,252.25,252.5,246.5,246.75,49327
2074-02-24,246.75,250.0,244.75,246.75,54176
2074-02-25,246.75,248.5,244.5,245.5,36850
2074-02-26,245.5,247.0,243.0,243.75,45697
2074-02-27,243.75,244.5,242.25,243.75,28351
2074-02-28,243.0,243.5,238.25,242.0,59639
2074-03-01,242.25,243.75,240.5,241.25,40957
2074-03-02,241.0,245.5,240.5,245.0,39012
2074-03-03,245.0,246.25,243.25,244.25,42011
2074-03-04,243.25,243.5,241.0,241.5,39841
2074-03-05,240.75,241.0,239.5,240.0,37740
2074-03-06,239.75,240.25,237.25,237.5,61489
2074-03-07,237.5,239.0,235.0,235.75,78488
2074-03-08,235.75,239.0,235.75,238.75,38591
2074-03-09,236.25,238.0,235.25,236.25,38322
2074-03-10,236.0,239.75,235.5,239.25,42105
2074-03-11,239.75,242.25,238.25,242.0,41804
2074-03-12,238.75,241.25,237.75,240.75,14839
2074-03-13,240.25,243.75,239.5,241.0,10997
2074-03-14,240.75,240.75,237.75,238.5,11470
2074-03-15,237.25,237.75,235.0,235.5,14815
2074-03-16,236.0,237.0,233.5,234.5,20570
2074-03-17,234.25,235.75,234.25,234.75,13527
2074-03-18,234.0,234.0,227.25,228.0,39355
2074-03-19,228.5,230.0,228.25,229.75,28914
2074-03-20,229.25,229.75,223.5,223.75,28040
2074-03-21,224.0,225.75,221.0,225.25,25036
2074-03-22,225.25,225.5,223.0,223.25,19200
2074-03-23,223.25,225.0,221.25,222.25,26299
2074-03-24,220.5,221.0,218.0,219.5,28826
2074-03-25,220.0,223.75,220.0,223.25,24422
2074-03-26,223.25,225.0,219.5,220.75,22739
2074-03-27,221.0,221.5,214.5,215.0,24612
2074-03-28,215.0,216.0,213.0,213.25,21824
2074-03-29,213.0,214.5,211.5,212.0,18410
2074-03-30,211.5,212.75,208.25,208.5,29335
2074-03-31,208.5,209.25,207.75,208.0,17943
2074-04-01,208.0,209.0,207.0,207.25,16763
2074-04-02,207.0,207.25,205.75,206.0,15783
2074-04-03,206.0,209.5,205.0,208.25,24579
2074-04-04,208.0,210.5,207.75,208.5,16298
2074-04-05,208.25,209.0,205.25,205.5,17594
2074-04-06,205.5,208.5,205.0,205.5,19899
2074-04-07,205.5,206.75,204.5,206.5,16170
2074-04-08,207.0,210.5,207.0,209.75,17337
2074-04-09,210.25,212.75,210.0,210.0,600
2074-04-10,210.0,210.0,207.5,207.75,144
2074-04-11,207.75,208.5,205.25,206.0,205
2074-04-12,206.0,210.5,206.0,206.75,120
2074-04-13,207.25,210.5,206.5,209.5,252
2074-04-14,209.75,211.25,208.25,209.5,328
2074-04-15,209.75,212.0,209.25,211.5,243
2074-04-16,211.5,213.75,210.75,212.25,243
2074-04-17,212.25,214.0,212.0,212.75,163
2074-04-18,212.25,214.0,209.0,209.5,151
2074-04-19,209.0,223.0,209.0,219.75,310
2074-04-20,219.25,221.25,218.75,220.0,316
2074-04-21,219.0,222.0,218.25,220.0,169
2074-04-22,220.0,220.75,218.75,220.25,205
2074-04-23,222.0,230.0,222.0,228.75,1565
2074-04-24,237.5,237.5,232.25,232.5,2568
2074-04-25,233.0,236.5,232.75,236.25,2213
2074-04-26,236.25,239.25,230.5,232.5,1984
2074-04-27,232.25,237.0,232.0,235.25,775
2074-04-28,235.75,236.5,233.5,235.5,1613
2074-04-29,240.0,243.5,234.75,235.75,5717
2074-04-30,235.75,237.25,233.25,237.0,714
2074-05-01,236.5,239.25,235.5,238.75,652
2074-05-02,238.0,242.0,236.5,241.75,1179
2074-05-03,238.5,240.25,236.5,240.0,1517
2074-05-04,241.0,244.75,240.5,244.25,711
2074-05-05,244.0,247.25,243.25,247.0,798
2074-05-06,246.5,247.0,242.5,243.0,515
2074-05-07,242.5,244.75,239.5,240.25,609
2074-05-08,240.25,243.0,240.25,242.75,1052
2074-05-09,227.0,228.25,224.0,224.25,679
2074-05-10,224.0,225.5,223.0,223.75,37980
2074-05-11,223.75,225.0,223.5,223.75,632
2074-05-12,223.75,227.0,222.5,226.0,400
2074-05-13,225.5,228.0,225.5,227.75,798
2074-05-14,227.75,227.75,223.5,223.75,685
2074-05-15,223.75,225.25,221.5,224.25,850
2074-05-16,224.25,228.5,224.25,226.25,365
2074-05-17,226.0,227.5,225.0,226.25,692
2074-05-18,226.0,228.25,223.75,226.0,786
2074-05-19,226.0,226.0,220.0,220.25,583
2074-05-20,220.25,221.0,218.5,220.25,995
2074-05-21,220.0,223.5,220.0,220.25,1259
2074-05-22,220.0,224.5,219.75,223.0,1119
2074-05-23,221.5,222.75,220.5,221.25,655
2074-05-24,221.0,224.75,220.75,223.5,240
2074-05-25,223.25,224.0,221.0,221.5,282
2074-05-26,221.5,222.25,221.0,221.75,168
2074-05-27,221.25,221.5,215.5,216.25,719
2074-05-28,216.0,218.25,215.5,217.5,31865
2074-05-29,217.5,219.5,215.5,218.5,812
2074-05-30,218.0,218.5,215.75,216.5,1118
2074-05-31,216.25,217.25,214.25,214.75,255
2074-06-01,215.0,217.0,214.0,214.25,634
2074-06-02,214.0,214.75,213.25,213.75,688
2074-06-03,213.5,217.5,213.25,215.75,88940
2074-06-04,215.0,221.75,215.0,220.25,1271
2074-06-05,220.25,238.5,220.25,235.0,1670
2074-06-06,233.5,237.5,232.25,235.0,2714
2074-06-07,234.75,242.75,234.5,235.25,2487
2074-06-08,234.5,241.0,232.75,240.25,1449
2074-06-09,240.0,250.0,239.5,248.25,2720
2074-06-10,248.0,251.0,246.0,247.75,4853
2074-06-11,247.0,248.0,243.0,247.25,161957
2074-06-12,246.0,247.25,239.5,240.0,127598
2074-06-13,239.0,239.75,231.5,232.25,164301
2074-06-14,231.75,238.0,229.0,236.75,69943
2074-06-15,237.25,247.0,234.0,234.25,48924
2074-06-16,233.25,237.75,231.25,235.25,90264
2074-06-17,234.25,235.25,232.25,232.75,40385
2074-06-18,232.5,234.25,231.0,232.5,43315
2074-06-19,232.0,245.0,232.0,240.25,60888
2074-06-20,240.25,244.25,239.0,240.75,102538
2074-06-21,240.5,242.0,239.25,240.5,38435
2074-06-22,240.0,241.75,236.5,238.25,96954
2074-06-23,237.5,239.25,234.5,235.75,52021
2074-06-24,241.5,242.0,237.25,237.5,33564
2074-06-25,237.0,241.5,236.75,241.0,36896
2074-06-26,240.5,242.25,238.5,241.0,43028
2074-06-27,240.25,241.5,238.75,239.5,49413
2074-06-28,239.5,245.0,237.75,244.5,75921
2074-06-29,245.5,248.0,245.0,247.25,62802
2074-06-30,303.0,305.0,300.5,302.75,52492
2074-07-01,302.5,306.25,295.0,295.75,71112
2074-07-02,295.0,299.0,294.0,297.75,51587
2074-07-03,297.5,300.25,294.5,297.0,50840
2074-07-04,296.75,299.0,295.0,297.25,32255
2074-07-05,297.25,297.75,291.0,292.5,49990
2074-07-06,292.0,301.75,292.0,301.5,51259
2074-07-07,307.0,308.75,304.25,305.25,44509
2074-07-08,305.25,309.25,303.25,308.25,42305
2074-07-09,308.0,313.5,307.5,312.0,47322
2074-07-10,311.75,314.75,309.75,312.0,38074
2074-07-11,313.25,319.0,313.25,318.5,50573
2074-07-12,318.0,318.0,311.0,315.75,33273
2074-07-13,315.25,318.5,307.5,309.5,54511
2074-07-14,309.5,311.75,305.5,306.75,46611
2074-07-15,307.0,308.75,303.25,305.5,36312
2074-07-16,305.0,306.5,301.75,305.0,30196
2074-07-17,305.0,312.75,304.75,312.25,45226
2074-07-18,311.5,321.75,311.25,320.0,73865
2074-07-19,319.75,331.25,319.25,325.75,61390
2074-07-20,325.25,331.25,325.25,330.5,52816
2074-07-21,330.75,335.5,326.5,329.5,62919
2074-07-22,329.0,329.5,325.0,326.75,43649
2074-07-23,327.0,332.5,327.0,330.0,39963
2074-07-24,330.5,335.25,329.0,330.5,46182
2074-07-25,330.0,331.25,321.5,322.25,49235
2074-07-26,322.25,322.25,311.5,311.75,61991
2074-07-27,311.25,318.0,309.5,316.5,49159
2074-07-28,317.0,320.5,296.5,307.5,46540
2074-07-29,307.5,320.0,307.0,314.5,29667
2074-07-30,314.75,317.0,310.5,311.25,17532
2074-07-31,317.5,318.0,313.75,315.0,33762
2074-08-01,315.0,315.75,304.75,309.0,37884
2074-08-02,309.0,313.0,308.5,309.75,67292
2074-08-03,309.75,312.5,307.0,309.75,33361
2074-08-04,309.25,309.25,303.0,307.25,29011
2074-08-05,306.5,320.0,306.5,315.5,45291
2074-08-06,315.25,317.75,310.5,314.25,36912
2074-08-07,314.25,320.5,312.0,319.75,31539
2074-08-08,319.5,328.0,318.0,320.25,77880
2074-08-09,321.25,325.5,319.75,324.0,49654
2074-08-10,323.75,326.5,321.5,323.75,46726
2074-08-11,323.25,324.0,316.5,319.75,45874
2074-08-12,319.25,320.0,310.0,310.25,57020
2074-08-13,310.75,313.0,304.5,311.0,61416
2074-08-14,311.5,312.0,298.0,298.5,81804
2074-08-15,299.25,300.5,296.5,299.25,62660
2074-08-16,299.25,303.5,291.25,297.5,85548
2074-08-17,298.0,299.75,293.0,295.25,64182
2074-08-18,295.75,296.75,290.0,292.25,65542
2074-08-19,291.25,295.5,288.25,295.25,62438
2074-08-20,295.5,298.0,289.75,292.0,43038
2074-08-21,292.5,298.75,292.0,298.5,42688
2074-08-22,298.5,300.0,289.0,292.25,62946
2074-08-23,292.25,293.75,287.5,290.0,45340
2074-08-24,290.25,296.75,290.25,296.0,60494
2074-08-25,296.0,305.0,296.0,303.75,53250
2074-08-26,304.0,305.0,300.0,300.75,31392
2074-08-27,299.75,304.25,297.0,298.75,49166
2074-08-28,298.75,306.0,296.0,304.0,96978
2074-08-29,307.5,324.0,307.5,324.0,58364
2074-08-30,325.5,327.5,320.0,321.75,90476
2074-08-31,320.0,320.5,310.0,310.75,81916
2074-09-01,310.0,313.0,307.25,308.25,75010
2074-09-02,304.0,304.0,295.0,300.25,78508
2074-09-03,299.75,301.25,296.5,297.0,73942
2074-09-04,286.25,287.25,280.0,280.25,55644
2074-09-05,280.75,284.0,280.0,281.5,49444
2074-09-06,285.0,287.5,279.0,281.25,33032
2074-09-07,281.0,283.5,277.5,278.25,27736
2074-09-08,277.75,280.0,273.75,279.0,45646
2074-09-09,279.0,279.75,271.75,272.5,55296
2074-09-10,272.0,279.75,270.0,279.25,41884
2074-09-11,280.25,282.5,270.0,277.75,40952
2074-09-12,277.25,281.0,277.25,280.5,36834
2074-09-13,279.0,279.0,274.0,275.0,57470
2074-09-14,275.0,278.25,271.5,272.5,76876
2074-09-15,272.0,273.0,260.0,262.5,77720
2074-09-16,262.5,264.25,258.0,263.0,61172
2074-09-17,262.5,262.5,256.0,259.25,61005
2074-09-18,256.5,257.0,252.5,254.0,57510
2074-09-19,254.0,256.5,252.5,253.75,41166
2074-09-20,254.0,254.5,247.5,248.5,38388
2074-09-21,248.0,249.0,246.0,246.25,29580
2074-09-22,245.5,248.5,242.0,248.0,37850
2074-09-23,248.0,248.25,244.25,244.75,39818
2074-09-24,244.75,247.75,244.0,246.5,38142
2074-09-25,246.5,246.75,242.0,242.5,34000
2074-09-26,242.0,242.0,238.75,239.0,33032
2074-09-27,238.25,238.5,235.5,237.0,33414
2074-09-28,236.5,237.5,232.75,234.0,32736
2074-09-29,233.5,234.0,225.75,226.25,46188
2074-09-30,226.0,226.25,219.0,219.25,52824
2074-10-01,219.25,225.25,219.25,223.75,36100
2074-10-02,223.5,223.5,212.0,223.25,33540
2074-10-03,223.0,224.0,220.75,222.25,28062
2074-10-04,222.0,223.25,217.5,218.5,29062
2074-10-05,218.5,222.5,218.0,218.5,32036
2074-10-06,218.75,221.5,216.5,217.25,23720
2074-10-07,218.0,219.25,216.5,218.25,38198
2074-10-08,218.5,219.75,216.25,219.25,34198
2074-10-09,219.0,222.5,217.75,221.25,36076
2074-10-10,221.25,225.0,220.0,224.0,37618
2074-10-11,224.5,227.25,223.5,225.75,47214
2074-10-12,226.25,228.25,225.75,227.0,40640
2074-10-13,226.75,227.0,223.5,224.5,44804
2074-10-14,224.5,225.75,220.5,220.75,82878
2074-10-15,221.0,222.5,216.0,218.0,57836
2074-10-16,218.0,218.5,215.5,217.75,20084
2074-10-17,217.0,222.5,215.25,222.25,28080
2074-10-18,223.0,230.25,223.0,228.5,37976
2074-10-19,239.0,239.25,235.25,236.25,92178
2074-10-20,236.0,240.75,235.5,240.25,88764
2074-10-21,240.25,242.0,237.25,241.75,67052
2074-10-22,240.25,245.25,238.5,244.25,89168
2074-10-23,244.25,244.25,240.5,242.0,95578
2074-10-24,242.0,244.75,235.5,237.0,131918
2074-10-25,237.0,237.75,233.5,234.0,78274
2074-10-26,234.0,235.5,228.5,229.0,124084
2074-10-27,228.75,239.0,228.25,235.25,149420
2074-10-28,236.25,238.0,233.25,237.75,104516
2074-10-29,237.0,245.0,236.25,242.75,159630
2074-10-30,242.5,243.5,235.5,236.25,99742
2074-10-31,236.0,236.0,230.5,231.0,145422
2074-11-01,229.0,229.0,225.0,226.5,127644
2074-11-02,226.75,228.0,225.25,226.75,82232
2074-11-03,226.5,227.25,226.0,226.5,67454
2074-11-04,226.0,226.25,220.75,222.25,194864
2074-11-05,221.0,222.0,218.75,220.5,114406
2074-11-06,220.0,221.0,217.75,218.0,90776
2074-11-07,217.5,220.0,217.25,218.5,74390
2074-11-08,218.25,219.75,216.0,216.25,72176
2074-11-09,216.25,217.5,215.0,215.25,63854
2074-11-10,215.0,215.25,212.5,212.75,73850
2074-11-11,212.5,214.0,212.25,212.75,75116
2074-11-12,212.75,213.75,210.0,210.25,87908
2074-11-13,210.0,210.5,207.0,207.75,81928
2074-11-14,207.75,208.0,205.0,205.25,85530
2074-11-15,205.0,211.0,204.75,207.75,117560
2074-11-16,207.25,209.75,206.5,208.5,64176
2074-11-17,208.5,210.25,206.75,207.25,70374
2074-11-18,207.0,207.0,204.0,205.5,90962
2074-11-19,205.5,207.25,205.0,206.0,62318
2074-11-20,205.25,206.0,202.5,202.75,84410
2074-11-21,203.0,206.0,202.5,204.5,82828
2074-11-22,204.25,209.0,203.0,207.25,96266
2074-11-23,207.0,209.5,205.75,206.0,66244
2074-11-24,205.75,206.0,204.25,204.5,65108
2074-11-25,204.5,204.75,197.0,202.5,181826
2074-11-26,202.5,205.75,202.0,205.25,96802
2074-11-27,205.0,207.25,203.0,204.25,90026
2074-11-28,204.0,207.5,203.0,206.75,95186
2074-11-29,206.0,206.5,203.75,204.0,73964
2074-11-30,204.0,208.0,202.75,207.0,102994
2074-12-01,206.75,209.5,205.5,206.0,83706
2074-12-02,206.25,208.75,204.0,204.25,97516
2074-12-03,204.25,204.5,201.5,201.75,90404
2074-12-04,201.5,206.5,201.0,205.25,96204
2074-12-05,204.75,207.75,203.75,206.75,77448
2074-12-06,206.5,208.0,205.5,206.25,60590
2074-12-07,206.0,207.25,205.25,206.25,54696
2074-12-08,206.0,207.5,201.5,202.5,137170
2074-12-09,202.0,202.5,199.25,200.0,110274
2074-12-10,200.0,201.5,199.25,199.75,65512
2074-12-11,199.75,201.0,198.75,199.0,78764
2074-12-12,199.0,199.25,197.25,197.5,93074
2074-12-13,197.75,200.75,197.25,199.5,134880
2074-12-14,198.5,199.25,197.25,198.0,107774
2074-12-15,198.0,199.0,197.5,198.0,94876
2074-12-16,198.0,204.0,198.0,198.25,161560
2074-12-17,198.0,198.5,196.75,197.25,114482
2074-12-18,197.0,201.0,192.0,200.0,144358
2074-12-19,199.25,205.0,199.25,202.5,148452
2074-12-20,202.25,204.0,201.5,203.0,100876
2074-12-21,214.5,219.0,214.0,217.5,71266
2074-12-22,217.0,217.0,214.25,215.0,52418
2074-12-23,214.5,215.0,210.0,210.25,86660
2074-12-24,210.5,211.75,208.0,208.25,106834
2074-12-25,208.0,209.0,207.75,208.25,87460
2074-12-26,208.5,209.25,208.0,208.25,121437
2074-12-27,207.0,207.5,203.75,204.75,222280
2074-12-28,204.5,205.5,203.5,203.75,132180
2074-12-29,204.0,205.75,203.0,203.25,119910
2074-12-30,203.0,204.5,202.5,204.0,82066
2074-12-31,204.25,207.5,204.0,207.25,89170
2075-01-01,207.25,209.5,207.25,209.0,77476
2075-01-02,208.5,209.0,202.0,203.25,136880
2075-01-03,203.0,205.0,201.5,204.0,84814
2075-01-04,204.0,204.75,202.25,203.0,48494
2075-01-05,202.5,204.5,201.0,201.25,76640
2075-01-06,201.0,205.5,201.0,204.75,87316
2075-01-07,204.25,206.25,203.75,206.0,66264
2075-01-08,205.5,207.75,204.5,205.0,73920
2075-01-09,205.0,205.0,202.5,203.5,59286
2075-01-10,203.25,204.75,202.0,204.5,49740
2075-01-11,204.5,208.0,204.5,206.5,80362
2075-01-12,206.0,206.25,205.0,205.75,40544
2075-01-13,205.25,206.0,204.0,205.5,46062
2075-01-14,205.25,207.25,205.25,207.0,17545
2075-01-15,206.75,208.75,206.0,207.5,69472
2075-01-16,207.0,207.25,205.25,207.0,41674
2075-01-17,206.75,207.0,203.0,203.25,69718
2075-01-18,203.25,205.25,202.0,204.75,37343
2075-01-19,203.5,203.5,201.0,201.75,90754
2075-01-20,201.25,201.75,200.25,201.0,81122
2075-01-21,201.0,202.75,200.5,201.5,47384
2075-01-22,201.5,209.5,201.5,208.75,125794
2075-01-23,207.5,209.75,205.75,206.75,193478
2075-01-24,206.5,207.0,204.5,206.75,76954
2075-01-25,206.75,207.75,206.0,206.75,62386
2075-01-26,206.25,206.5,200.0,200.5,195798
2075-01-27,200.5,201.0,198.25,200.0,108472
2075-01-28,200.0,200.25,197.0,197.25,147780
2075-01-29,197.5,197.5,195.25,196.0,77342
2075-01-30,196.0,197.5,196.0,196.75,64252
2075-01-31,196.75,198.25,196.0,197.75,84960
2075-02-01,198.0,198.25,196.25,197.0,89721
2075-02-02,197.0,199.75,197.0,197.75,82800
2075-02-03,197.5,199.75,197.0,199.0,63152
2075-02-04,199.0,200.75,198.5,198.75,73712
2075-02-05,198.0,198.25,195.25,195.75,100198
2075-02-06,195.5,199.75,195.25,195.75,24608
2075-02-07,195.5,197.5,195.0,197.0,37568
2075-02-08,197.25,198.25,196.75,197.0,47032
2075-02-09,196.5,196.75,195.0,195.25,36189
2075-02-10,195.0,195.5,194.25,195.0,33806
2075-02-11,195.0,195.25,194.5,195.0,30581
2075-02-12,194.75,197.25,194.75,196.25,51266
2075-02-13,196.0,196.75,194.5,194.75,50458
2075-02-14,194.5,195.75,194.0,195.0,45712
2075-02-15,195.25,199.75,195.25,198.25,94537
2075-02-16,197.75,199.0,196.5,198.25,57648
2075-02-17,198.0,201.75,198.0,200.5,47530
2075-02-18,200.25,200.5,198.75,200.0,48834
2075-02-19,199.75,200.0,196.75,197.0,62316
2075-02-20,204.25,207.5,204.25,207.0,61464
2075-02-21,206.75,208.75,206.0,207.75,51908
2075-02-22,208.5,217.0,208.5,215.25,150422
2075-02-23,213.75,214.25,212.25,213.75,79057
2075-02-24,213.5,214.75,212.25,213.5,77302
2075-02-25,213.25,223.0,212.75,221.5,165863
2075-02-26,220.5,225.0,219.5,222.75,138644
2075-02-27,220.75,221.75,218.75,219.25,72406
2075-02-28,218.75,224.0,217.75,219.0,75093
2075-03-01,217.5,218.25,216.0,218.0,60521
2075-03-02,217.75,219.25,216.5,217.0,41923
2075-03-03,217.0,218.0,212.75,213.25,53120
2075-03-04,212.75,215.25,211.75,214.25,58359
2075-03-05,214.25,216.5,213.25,216.25,47719
2075-03-06,215.5,220.5,214.5,220.0,66540
2075-03-07,219.25,225.0,219.25,224.75,83533
2075-03-08,222.0,224.0,220.25,221.0,50031
2075-03-09,221.0,231.0,220.75,228.5,100439
2075-03-10,228.0,229.75,225.25,225.5,85001
2075-03-11,225.25,226.25,221.0,223.5,65106
2075-03-12,223.75,225.5,219.25,219.75,41271
2075-03-13,218.75,219.5,213.0,214.5,73180
2075-03-14,214.75,216.25,213.75,214.0,39042
2075-03-15,214.0,214.0,209.25,210.75,73158
2075-03-16,210.75,210.75,209.25,210.5,40567
2075-03-17,210.0,213.25,209.25,212.75,34886
2075-03-18,212.25,214.5,211.5,213.0,32331
2075-03-19,212.75,214.5,212.25,212.5,33167
2075-03-20,212.0,218.25,210.75,213.0,67807
2075-03-21,213.75,214.5,209.0,212.75,64188
2075-03-22,212.0,213.0,209.5,209.75,43424
2075-03-23,209.75,209.75,205.25,205.5,70914
2075-03-24,205.75,208.25,205.5,207.25,41296
2075-03-25,207.0,208.0,205.25,205.5,55753
2075-03-26,205.75,206.5,203.0,204.0,62469
2075-03-27,204.0,206.0,203.0,205.75,56793
2075-03-28,206.0,208.0,205.0,206.75,61462
2075-03-29,206.5,206.75,203.75,205.75,61827
2075-03-30,206.5,209.0,205.5,207.5,54585
2075-03-31,207.25,208.25,204.75,206.25,51331
2075-04-01,206.25,206.75,204.0,204.25,40210
2075-04-02,212.75,218.25,212.5,217.75,75823
2075-04-03,217.5,219.5,217.25,219.0,57529
2075-04-04,218.75,220.0,217.25,219.5,45377
2075-04-05,219.0,219.5,217.0,217.5,41653
2075-04-06,218.25,223.75,218.25,222.25,95928
2075-04-07,221.5,222.5,220.25,221.75,46786
2075-04-08,222.0,222.5,216.25,217.0,77485
2075-04-09,217.0,219.0,212.5,213.0,86364
2075-04-10,213.0,215.0,212.5,213.5,60495
2075-04-11,214.25,214.25,208.5,209.0,94872
2075-04-12,209.0,209.5,204.5,205.0,112759
2075-04-13,205.25,207.75,205.0,206.0,69822
2075-04-14,206.75,208.5,205.0,208.0,69192
2075-04-15,208.5,209.0,206.0,208.25,44769
2075-04-16,209.0,210.25,206.5,207.75,46734
2075-04-17,208.0,209.75,207.5,208.25,49495
2075-04-18,208.5,209.0,205.75,206.5,37068
2075-04-19,206.25,206.5,203.0,204.25,59620
2075-04-20,204.25,204.5,203.0,203.5,35489
2075-04-21,204.0,207.5,204.0,207.0,47610
2075-04-22,207.25,207.75,205.5,207.5,32498
2075-04-23,207.5,212.5,206.75,210.75,66421
2075-04-24,210.75,212.5,209.25,209.5,43657
2075-04-25,208.75,214.25,208.75,213.25,59773
2075-04-26,214.0,225.0,214.0,224.5,187154
2075-04-27,223.0,224.5,220.25,221.25,82515
2075-04-28,220.75,227.5,218.5,222.75,120407
2075-04-29,222.0,225.5,220.5,225.0,58816
2075-04-30,225.0,227.0,220.5,221.25,55182
2075-05-01,226.0,228.0,219.75,222.0,85412
2075-05-02,221.25,225.5,220.25,224.5,65665
2075-05-03,223.0,223.75,216.0,217.0,88187
2075-05-04,216.5,219.0,215.25,218.25,59846
2075-05-05,220.75,225.5,220.5,220.75,83074
2075-05-06,219.25,223.5,218.75,220.25,70046
2075-05-07,218.75,219.25,214.75,216.0,76074
2075-05-08,213.25,216.75,212.5,215.5,76297
2075-05-09,215.0,217.75,209.0,210.0,103106
2075-05-10,211.75,217.0,211.5,215.0,98234
2075-05-11,213.0,219.25,212.25,219.0,72457
2075-05-12,219.0,226.75,218.25,224.25,85931
2075-05-13,223.75,227.5,223.0,225.75,77291
2075-05-14,234.25,238.75,234.0,238.5,30227
2075-05-15,239.5,246.0,239.5,245.25,31805
2075-05-16,244.0,244.75,240.5,242.0,28519
2075-05-17,242.25,247.0,238.0,238.75,21074
2075-05-18,238.5,240.25,235.25,235.75,29238
2075-05-19,235.5,242.75,235.0,242.0,37075
2075-05-20,243.0,243.25,225.0,231.25,42524
2075-05-21,231.5,232.0,226.0,227.75,59783
2075-05-22,227.75,231.0,224.75,226.0,57532
2075-05-23,225.75,225.75,219.0,222.25,45165
2075-05-24,222.0,226.0,222.0,225.5,43769
2075-05-25,227.75,244.0,227.0,240.0,51699
2075-05-26,239.0,243.0,238.5,239.75,44191
2075-05-27,239.75,244.5,228.25,241.75,42834
2075-05-28,240.75,240.75,233.0,234.75,40315
2075-05-29,229.75,237.5,226.75,235.25,31407
2075-05-30,236.5,237.0,231.0,235.5,32793
2075-05-31,235.5,247.0,233.5,244.75,41929
2075-06-01,243.75,254.5,242.5,250.5,43573
2075-06-02,249.5,258.5,248.5,257.75,60552
2075-06-03,260.0,263.25,251.75,260.0,46115
2075-06-04,258.5,260.0,245.0,248.5,46988
2075-06-05,248.0,249.0,238.0,241.5,36933
2075-06-06,242.5,243.0,232.75,234.0,32651
2075-06-07,234.25,238.0,232.0,233.5,35428
2075-06-08,233.75,234.25,227.75,230.5,33095
2075-06-09,231.5,238.75,230.75,234.25,26631
2075-06-10,232.75,237.0,232.25,236.5,18277
2075-06-11,236.5,241.5,236.5,241.0,20598
2075-06-12,241.0,243.0,236.0,236.5,37633
2075-06-13,238.0,239.5,231.25,231.75,49951
2075-06-14,233.75,235.5,229.75,232.5,40416
2075-06-15,232.5,233.25,225.0,227.0,42340
2075-06-16,227.0,227.0,224.0,224.5,34238
2075-06-17,224.5,226.25,220.0,220.5,46950
2075-06-18,225.75,227.0,221.0,222.0,41429
2075-06-19,222.5,223.0,217.5,218.75,51697
2075-06-20,219.0,223.5,218.75,223.0,52113
2075-06-21,223.0,226.0,223.0,225.0,52545
2075-06-22,224.25,225.0,217.5,217.75,41397
2075-06-23,217.25,217.5,210.0,210.5,45999
2075-06-24,210.5,212.75,209.25,209.5,30222
2075-06-25,222.5,226.75,221.25,226.5,80471
2075-06-26,226.5,228.0,224.5,224.75,54390
2075-06-27,224.75,226.0,222.0,223.5,67300
2075-06-28,223.75,226.75,223.5,226.0,38829
2075-06-29,227.0,229.25,223.5,224.0,50072
2075-06-30,224.0,224.5,221.75,222.25,52785
2075-07-01,222.0,223.5,218.75,219.75,80755
2075-07-02,219.75,220.25,217.0,217.75,81462
2075-07-03,218.0,222.5,217.75,219.5,85432
2075-07-04,218.5,221.75,218.0,218.5,96256
2075-07-05,218.5,220.5,215.0,216.5,116315
2075-07-06,216.5,222.5,216.5,222.25,78954
2075-07-07,221.75,222.75,216.75,217.25,63682
2075-07-08,217.0,222.25,217.0,221.25,66671
2075-07-09,220.75,221.0,216.5,217.5,62353
2075-07-10,217.5,218.25,215.75,216.25,55304
2075-07-11,216.25,217.25,215.75,216.0,42077
2075-07-12,215.75,216.0,206.5,211.5,113038
2075-07-13,211.0,211.5,208.5,210.0,57592
2075-07-14,209.75,210.0,207.0,207.75,52926
2075-07-15,207.5,208.0,205.75,206.5,49144
2075-07-16,206.0,208.0,205.5,206.25,729
2075-07-17,205.75,207.5,205.5,206.25,37502
2075-07-18,206.25,207.5,205.75,206.75,33513
2075-07-19,206.75,207.5,205.0,206.5,45855
2075-07-20,206.5,210.0,205.5,208.25,58936
2075-07-21,208.0,209.75,206.75,207.25,36899
2075-07-22,206.5,207.0,204.25,204.5,45459
2075-07-23,204.5,204.5,203.0,203.25,47255
2075-07-24,203.0,205.25,202.75,203.25,43388
2075-07-25,203.5,204.75,202.5,203.5,39038
2075-07-26,203.25,207.0,203.0,205.5,53277
2075-07-27,205.25,209.5,205.0,208.75,66749
2075-07-28,207.75,208.25,204.75,205.75,51989
2075-07-29,205.75,207.75,204.5,204.75,36426
2075-07-30,204.75,206.75,203.75,204.25,34820
2075-07-31,204.25,205.0,202.25,202.5,33787
2075-08-01,202.0,204.5,201.75,202.5,38968
2075-08-02,202.5,207.5,201.75,205.75,68755
2075-08-03,205.0,205.5,202.75,203.5,45199
2075-08-04,203.0,203.75,201.25,203.5,68275
2075-08-05,203.0,204.5,201.25,203.75,48461
2075-08-06,203.25,204.25,201.75,202.0,43069
2075-08-07,202.0,202.25,201.25,201.75,35406
2075-08-08,201.75,203.0,201.0,202.75,35941
2075-08-09,202.25,202.5,201.0,201.5,40217
2075-08-10,201.25,201.5,199.25,199.5,67795
2075-08-11,199.5,200.5,198.75,199.5,49804
2075-08-12,199.0,199.5,198.0,198.25,40174
2075-08-13,198.25,198.5,197.5,197.75,34395
2075-08-14,197.5,198.25,196.75,197.0,35474
2075-08-15,197.0,197.25,196.0,196.25,66624
2075-08-16,196.25,198.5,196.0,196.75,67929
2075-08-17,196.25,196.75,195.5,196.0,46854
2075-08-18,196.0,197.5,196.0,196.25,48090
2075-08-19,196.25,197.0,195.25,195.5,59462
2075-08-20,195.25,195.5,194.25,194.75,78096
2075-08-21,194.5,195.75,194.25,195.25,63061
2075-08-22,195.0,196.25,194.5,195.25,69504
2075-08-23,195.0,195.5,193.5,193.75,84823
2075-08-24,193.75,196.0,193.25,195.5,81176
2075-08-25,195.75,199.5,195.75,196.75,96499
2075-08-26,196.5,198.5,195.5,195.75,54861
2075-08-27,195.75,196.5,192.25,192.75,94388
2075-08-28,206.75,206.75,205.5,206.5,45407
2075-08-29,206.0,206.5,205.0,205.25,34045
2075-08-30,205.0,206.0,204.75,205.25,54459
2075-08-31,205.0,206.5,204.75,205.25,714
2075-09-01,205.0,205.25,204.0,204.25,88050
2075-09-02,202.75,203.0,201.25,201.75,84857
2075-09-03,201.75,202.0,200.25,200.5,106696
2075-09-04,200.5,202.0,200.25,201.75,57866
2075-09-05,202.25,204.0,200.5,203.75,74242
2075-09-06,203.25,204.75,202.75,203.25,43629
2075-09-07,203.0,208.25,202.5,206.75,84657
2075-09-08,206.0,207.0,203.25,204.25,67441
2075-09-09,203.75,204.25,200.25,201.0,63479
2075-09-10,201.0,202.5,200.25,201.75,38734
2075-09-11,201.5,204.0,199.5,203.75,55634
2075-09-12,203.75,209.25,203.75,207.75,113184
2075-09-13,207.0,209.0,204.25,208.75,64918
2075-09-14,208.25,210.0,206.5,207.25,61290
2075-09-15,206.5,206.75,204.5,204.75,45271
2075-09-16,204.5,208.75,204.0,207.5,46787
2075-09-17,207.0,209.75,206.5,208.75,41389
2075-09-18,208.5,212.0,208.25,209.75,68274
2075-09-19,209.25,210.25,207.75,210.0,36270
2075-09-20,209.5,213.0,209.5,212.75,54106
2075-09-21,212.5,214.25,212.0,214.0,53527
2075-09-22,213.25,216.0,212.5,215.5,55135
2075-09-23,215.0,217.0,214.75,216.25,50428
2075-09-24,216.0,216.0,210.25,211.0,53717
2075-09-25,210.75,217.0,209.25,215.75,61369
2075-09-26,215.25,221.0,215.0,220.0,128901
2075-09-27,219.0,219.75,216.25,218.25,77331
2075-09-28,218.0,218.0,213.0,215.5,69685
2075-09-29,215.0,216.5,213.5,214.25,53374
2075-09-30,213.0,213.0,209.75,211.0,85443
2075-10-01,211.5,213.5,210.0,213.25,60641
2075-10-02,213.0,214.75,212.5,214.5,53166
2075-10-03,214.0,214.0,209.5,212.75,75343
2075-10-04,212.75,214.0,211.75,213.5,42828
2075-10-05,213.0,213.5,208.25,208.75,78606
2075-10-06,208.5,208.75,205.0,205.75,70829
2075-10-07,206.0,207.0,204.75,205.0,59128
2075-10-08,205.25,205.75,203.5,205.0,80648
2075-10-09,204.75,208.5,204.75,208.25,69515
2075-10-10,208.5,213.5,207.75,213.25,84712
2075-10-11,212.5,218.25,212.5,216.5,124029
2075-10-12,215.5,217.25,213.75,217.0,57412
2075-10-13,216.5,220.75,216.25,218.75,113823
2075-10-14,218.25,222.0,216.75,217.75,80941
2075-10-15,217.25,219.25,216.25,218.75,106958
2075-10-16,217.75,218.5,215.25,216.5,80970
2075-10-17,216.0,221.0,215.5,220.5,83920
2075-10-18,220.0,225.75,220.0,225.25,137333
2075-10-19,224.5,227.5,221.75,222.75,87594
2075-10-20,222.5,224.75,217.75,218.0,117096
2075-10-21,218.0,224.5,216.0,221.25,110404
2075-10-22,222.0,226.5,221.5,225.5,108650
2075-10-23,226.0,226.75,220.0,221.25,102248
2075-10-24,222.0,223.5,218.5,220.75,86332
2075-10-25,221.0,221.25,217.25,218.75,71317
2075-10-26,218.5,222.5,217.0,222.0,94930
2075-10-27,221.5,224.25,221.0,223.5,70147
2075-10-28,234.0,237.75,233.5,237.25,49543
2075-10-29,236.25,237.5,235.0,237.0,78120
2075-10-30,236.75,238.0,232.0,232.5,71278
2075-10-31,232.5,235.25,230.0,233.75,97189
2075-11-01,233.75,239.25,233.75,238.75,111178
2075-11-02,239.0,239.75,236.5,239.0,106008
2075-11-03,238.75,239.75,237.75,238.75,75597
2075-11-04,237.75,238.5,234.0,234.75,275566
2075-11-05,234.5,239.75,233.0,239.25,88237
2075-11-06,238.75,240.0,237.75,239.5,66806
2075-11-07,238.5,238.5,231.75,232.75,98349
2075-11-08,232.75,233.75,230.25,230.5,60113
2075-11-09,230.5,231.25,227.75,228.0,69322
2075-11-10,228.0,232.5,227.5,232.0,56693
2075-11-11,232.25,235.75,230.0,234.5,61718
2075-11-12,233.25,233.5,228.0,228.75,60225
2075-11-13,228.75,232.0,225.75,231.75,69953
2075-11-14,231.5,233.0,227.5,229.25,50138
2075-11-15,229.0,229.5,224.0,224.5,73836
2075-11-16,224.75,225.25,220.75,221.5,111792
2075-11-17,221.5,222.0,217.0,218.25,100490
2075-11-18,218.25,224.0,217.5,223.5,82760
2075-11-19,223.0,225.25,221.0,222.5,63860
2075-11-20,222.0,222.25,218.75,219.25,53121
2075-11-21,219.5,221.25,218.25,218.75,44670
2075-11-22,219.0,223.0,218.25,221.75,80498
2075-11-23,221.25,223.0,220.5,222.25,51324
2075-11-24,222.0,225.0,222.0,224.25,53162
2075-11-25,224.0,228.0,223.75,227.75,58235
2075-11-26,227.25,243.0,226.75,236.0,168330
2075-11-27,235.25,238.5,234.0,236.5,95732
2075-11-28,236.0,236.25,233.5,234.5,62038
2075-11-29,234.0,236.75,233.5,236.25,62843
2075-11-30,236.25,241.75,236.0,241.5,95901
2075-12-01,241.25,243.75,238.0,243.0,114355
2075-12-02,243.0,244.0,239.25,241.25,96286
2075-12-03,240.75,242.5,239.0,242.0,89282
2075-12-04,242.0,242.5,236.5,237.0,112858
2075-12-05,237.0,237.75,235.0,236.25,87941
2075-12-06,237.5,240.75,235.5,236.5,62471
2075-12-07,236.5,240.5,236.0,239.25,49662
2075-12-08,239.25,242.25,238.25,238.5,36917
2075-12-09,249.25,250.5,245.25,247.5,98653
2075-12-10,246.5,249.5,245.25,248.0,57302
2075-12-11,247.5,251.5,243.75,244.25,87912
2075-12-12,243.75,245.25,241.0,242.25,95857
2075-12-13,242.0,244.75,241.5,243.25,79401
2075-12-14,243.25,243.75,240.25,242.75,105653
2075-12-15,242.75,250.25,242.0,249.0,116692
2075-12-16,254.25,255.0,248.0,254.5,790
2075-12-17,247.0,247.75,243.25,243.5,89558
2075-12-18,243.5,246.5,240.5,242.5,93947
2075-12-19,242.25,243.75,238.75,239.25,93570
2075-12-20,239.75,244.0,239.5,240.5,81817
2075-12-21,240.0,241.5,235.5,237.0,90712
2075-12-22,237.0,240.75,237.0,238.0,102865
2075-12-23,238.25,243.0,238.25,240.0,78894
2075-12-24,240.0,247.5,239.5,247.0,81455
2075-12-25,246.0,262.0,246.0,258.25,181990
2075-12-26,259.25,261.5,255.75,260.0,112697
2075-12-27,259.5,260.0,256.5,259.0,78280
2075-12-28,259.0,263.5,257.5,263.0,107914
2075-12-29,263.5,264.25,259.5,260.25,72350
2075-12-30,259.5,259.75,252.5,252.75,109327
2075-12-31,254.0,255.0,248.0,254.5,98425
2076-01-01,254.0,256.0,250.5,253.0,85043
2076-01-02,252.0,252.25,248.0,249.5,68715
2076-01-03,250.0,253.75,247.5,253.25,63990
2076-01-04,253.25,257.5,253.25,254.0,72640
2076-01-05,254.0,257.75,252.5,254.5,64562
2076-01-06,254.25,255.25,250.0,251.25,102795
2076-01-07,251.25,255.75,247.5,254.5,96403
2076-01-08,254.5,260.0,252.25,259.5,86262
2076-01-09,255.5,258.0,252.0,253.0,80604
2076-01-10,252.0,252.75,247.5,247.75,103387
2076-01-11,247.75,251.75,244.5,251.0,166284
2076-01-12,251.0,251.75,245.0,245.5,124696
2076-01-13,245.75,247.5,240.25,242.0,145550
2076-01-14,249.0,251.25,246.5,247.5,125827
2076-01-15,247.75,248.0,242.25,243.25,130063
2076-01-16,244.0,245.25,236.75,237.0,100669
2076-01-17,237.5,238.75,232.0,233.0,102101
2076-01-18,234.0,237.25,233.75,235.5,68658
2076-01-19,246.25,246.75,240.75,241.0,43796
2076-01-20,241.75,242.25,239.0,241.25,37287
2076-01-21,241.25,244.75,241.0,244.25,25488
2076-01-22,244.0,245.5,241.0,241.75,32211
2076-01-23,241.75,242.5,239.5,239.75,31249
2076-01-24,238.5,238.5,232.25,234.5,63784
2076-01-25,234.0,237.0,232.5,236.5,52577
2076-01-26,236.5,240.25,234.25,237.0,59679
2076-01-27,237.0,241.5,236.75,239.75,64211
2076-01-28,240.25,247.0,240.25,246.0,67957
2076-01-29,250.0,254.5,247.75,253.5,60459
2076-01-30,257.0,257.75,248.0,249.5,56745
2076-01-31,249.25,256.75,249.0,255.0,54498
2076-02-01,255.0,256.75,248.0,251.0,38745
2076-02-02,253.25,261.25,252.5,257.25,57154
2076-02-03,257.5,265.0,257.5,264.0,61666
2076-02-04,263.5,268.75,259.25,268.25,72609
2076-02-05,265.75,266.5,260.0,260.25,50612
2076-02-06,258.0,263.5,255.75,260.75,45439
2076-02-07,259.5,259.5,251.5,251.75,38648
2076-02-08,252.0,253.75,244.25,246.5,56981
2076-02-09,246.75,247.25,238.75,244.75,60771
2076-02-10,243.25,248.25,241.0,242.5,35324
2076-02-11,242.0,243.25,235.25,237.25,48826
2076-02-12,237.25,240.5,235.25,239.0,33382
2076-02-13,240.5,244.25,239.25,239.5,40600
2076-02-14,240.0,242.25,235.75,236.0,39839
2076-02-15,236.0,238.5,235.5,237.75,34847
2076-02-16,238.0,239.25,236.5,237.25,27160
2076-02-17,239.25,240.5,237.0,239.0,73588
2076-02-18,239.75,242.0,237.25,240.5,54866
2076-02-19,240.75,248.5,240.75,247.25,74671
2076-02-20,246.0,247.25,244.0,245.0,29240
2076-02-21,245.0,248.75,243.75,245.0,36453
2076-02-22,243.0,243.0,238.75,239.75,60630
2076-02-23,239.25,239.5,235.0,235.75,65023
2076-02-24,236.0,240.25,235.5,239.75,66672
2076-02-25,240.0,240.75,238.5,238.75,57190
2076-02-26,238.75,240.0,224.25,224.75,87263
2076-02-27,224.75,224.75,218.0,222.0,64735
2076-02-28,222.0,223.25,216.75,222.0,37896
2076-02-29,222.0,225.25,221.25,221.5,39132
2076-03-01,238.0,240.25,234.0,235.5,104049
2076-03-02,235.5,237.0,233.5,235.75,66958
2076-03-03,235.5,237.75,235.0,237.5,47671
2076-03-04,237.25,238.25,234.75,236.0,59806
2076-03-05,235.75,241.75,235.0,240.0,75662
2076-03-06,240.25,244.75,240.0,244.25,92668
2076-03-07,243.75,244.75,239.75,241.75,89516
2076-03-08,241.0,244.0,240.5,241.0,70839
2076-03-09,241.0,241.75,238.5,238.75,81018
2076-03-10,238.75,245.25,238.0,244.75,131810
2076-03-11,244.75,248.25,243.0,248.0,127652
2076-03-12,247.75,248.0,245.25,245.75,103808
2076-03-13,245.5,249.75,243.5,244.25,135300
2076-03-14,244.25,247.0,240.5,240.75,129800
2076-03-15,240.75,246.5,238.25,245.75,151512
2076-03-16,245.5,248.25,244.5,246.0,93275
2076-03-17,246.25,247.0,239.75,243.5,108731
2076-03-18,243.0,243.25,237.0,237.75,144688
2076-03-19,237.75,240.5,236.0,237.75,99653
2076-03-20,237.75,240.25,236.75,237.25,80797
2076-03-21,236.0,242.75,236.0,241.75,118051
2076-03-22,242.75,248.75,242.25,247.75,128010
2076-03-23,247.25,249.5,244.5,246.5,96579
2076-03-24,246.5,249.75,245.5,249.0,100698
2076-03-25,248.75,257.75,248.25,257.25,181278
2076-03-26,256.5,257.75,254.5,255.25,121985
2076-03-27,253.5,255.75,252.5,254.75,108272
2076-03-28,254.5,260.0,254.5,259.0,104028
2076-03-29,259.0,261.0,253.5,253.75,108283
2076-03-30,254.0,265.0,253.75,264.25,188503
2076-03-31,264.0,268.0,261.5,262.5,171610
2076-04-01,263.25,270.0,263.25,267.75,116699
2076-04-02,267.25,267.25,261.75,264.0,103122
2076-04-03,264.0,276.0,261.5,274.25,151674
2076-04-04,273.0,276.25,269.25,271.75,208602
2076-04-05,271.0,276.0,269.75,271.0,119016
2076-04-06,271.25,291.0,270.0,289.5,169932
2076-04-07,288.5,293.0,275.0,275.5,181400
2076-04-08,275.5,289.5,275.25,284.0,166837
2076-04-09,284.0,304.0,279.5,298.25,188897
2076-04-10,298.25,317.0,298.25,314.5,157129
2076-04-11,313.75,317.75,309.25,316.75,153613
2076-04-12,316.5,324.5,315.75,321.0,136188
2076-04-13,319.75,320.5,313.5,315.5,113220
2076-04-14,315.0,321.75,314.0,316.0,111408
2076-04-15,316.0,319.0,311.5,312.75,82029
2076-04-16,311.5,320.5,307.0,318.25,119007
2076-04-17,318.0,326.75,316.0,324.25,119745
2076-04-18,324.75,334.0,324.25,327.0,122980
2076-04-19,326.0,328.5,321.75,327.0,104275
2076-04-20,327.0,334.0,326.5,332.5,93245
2076-04-21,330.0,333.0,327.25,329.5,112433
2076-04-22,329.25,330.25,320.0,320.75,169574
2076-04-23,320.75,335.0,320.5,333.5,143871
2076-04-24,335.25,353.5,335.25,344.75,202637
2076-04-25,343.75,348.0,339.75,342.25,138424
2076-04-26,342.25,346.5,338.75,343.5,121805
2076-04-27,344.0,352.5,341.25,351.0,167133
2076-04-28,351.25,367.0,350.75,357.75,224927
2076-04-29,358.75,362.25,349.0,350.0,214632
2076-04-30,349.5,350.25,342.0,343.25,150277
2076-05-01,341.0,352.25,340.25,342.5,168042
2076-05-02,342.0,361.75,341.5,357.75,168204
2076-05-03,358.0,366.0,354.0,358.25,158431
2076-05-04,356.75,365.0,349.5,351.5,163360
2076-05-05,365.5,372.0,360.25,370.5,85210
2076-05-06,372.0,386.0,371.25,375.0,127765
2076-05-07,375.0,378.0,372.0,377.25,94884
2076-05-08,377.25,382.0,373.25,378.25,32299
2076-05-09,378.25,386.75,378.0,386.0,55583
2076-05-10,386.75,393.5,383.25,388.25,153182
2076-05-11,388.0,389.75,380.5,384.75,123542
2076-05-12,384.25,388.0,377.0,385.25,144081
2076-05-13,386.0,393.0,377.0,390.5,153495
2076-05-14,389.75,392.0,384.5,387.0,102928
2076-05-15,385.25,385.75,372.25,375.5,62473
2076-05-16,374.75,379.0,370.5,378.0,47825
2076-05-17,377.0,377.75,364.5,366.0,132524
2076-05-18,365.0,373.75,362.0,372.5,110880
2076-05-19,372.75,375.0,368.0,368.5,78293
2076-05-20,368.0,374.5,363.5,370.75,96543
2076-05-21,371.75,376.0,370.75,372.75,89597
2076-05-22,372.0,372.75,365.5,368.25,123593
2076-05-23,368.0,374.0,366.0,371.75,88519
2076-05-24,371.75,372.5,366.5,369.0,70488
2076-05-25,368.75,369.75,362.0,365.75,80190
2076-05-26,365.25,373.25,364.0,373.0,92099
2076-05-27,372.75,376.0,370.0,372.75,74684
2076-05-28,373.0,378.5,372.75,377.75,72698
2076-05-29,377.75,384.25,377.75,384.0,54816
2076-05-30,385.0,389.0,384.5,388.0,58259
2076-05-31,388.0,389.0,383.5,386.75,56128
2076-06-01,386.25,392.0,385.5,388.5,58968
2076-06-02,388.25,391.0,387.5,390.25,56589
2076-06-03,389.25,390.5,387.5,390.25,3039
2076-06-04,388.0,388.25,370.25,370.5,168209
2076-06-05,371.0,372.5,360.5,362.25,161086
2076-06-06,361.25,368.75,359.0,368.25,116004
2076-06-07,369.0,369.75,361.25,363.5,96052
2076-06-08,362.0,363.0,354.0,354.5,189189
2076-06-09,354.0,363.5,352.5,360.25,159595
2076-06-10,362.0,380.25,362.0,376.5,176828
2076-06-11,377.0,396.5,374.25,396.5,50222
2076-06-12,416.5,416.5,402.5,403.0,233402
2076-06-13,402.75,420.5,402.5,408.0,162171
2076-06-14,411.5,418.0,405.25,412.25,152001
2076-06-15,412.5,414.5,405.75,406.75,122918
2076-06-16,405.0,409.25,399.0,404.25,109302
2076-06-17,404.75,410.75,404.75,409.0,133331
2076-06-18,409.0,411.0,397.25,400.75,119799
2076-06-19,402.25,407.5,398.75,407.0,119288
2076-06-20,407.75,408.75,402.0,405.5,85775
2076-06-21,406.0,407.75,396.0,400.0,103623
2076-06-22,400.0,405.75,396.0,404.75,106276
2076-06-23,405.25,409.25,402.5,404.0,112851
2076-06-24,404.25,408.5,396.5,398.0,114591
2076-06-25,398.0,405.75,394.5,402.0,99602
2076-06-26,404.0,407.0,397.75,402.0,73038
2076-06-27,402.0,403.25,396.25,396.5,96543
2076-06-28,396.5,399.75,391.5,392.25,167016
2076-06-29,393.0,401.25,392.75,399.75,141168
2076-06-30,400.25,409.75,397.25,406.25,149066
2076-07-01,406.25,409.5,403.0,404.75,114649
2076-07-02,404.25,411.75,403.25,411.0,111384
2076-07-03,412.0,414.0,405.25,408.25,122064
2076-07-04,408.75,412.75,404.75,407.5,119725
2076-07-05,408.75,418.0,405.75,417.0,104078
2076-07-06,429.0,432.5,426.5,428.25,79868
2076-07-07,428.0,441.25,426.0,439.0,128561
2076-07-08,438.5,448.5,438.0,447.5,141640
2076-07-09,446.25,447.5,441.0,442.5,119974
2076-07-10,443.5,450.25,438.0,438.5,169178
2076-07-11,438.0,438.75,418.75,424.25,208549
2076-07-12,423.75,436.5,421.75,435.5,129447
2076-07-13,436.5,439.75,416.75,428.0,169091
2076-07-14,428.0,430.0,418.5,421.0,122780
2076-07-15,419.75,427.5,412.5,426.75,134740
2076-07-16,427.25,430.5,421.25,422.0,108427
2076-07-17,421.0,428.0,419.0,424.5,104725
2076-07-18,425.0,429.5,420.75,421.5,107131
2076-07-19,422.0,423.75,416.25,417.5,91353
2076-07-20,418.5,419.0,407.0,409.25,131664
2076-07-21,409.5,412.5,402.0,406.75,132059
2076-07-22,406.25,406.75,396.25,404.75,133548
2076-07-23,405.0,408.75,397.25,397.75,96367
2076-07-24,397.0,405.5,392.25,399.5,134136
2076-07-25,400.25,404.0,393.25,398.0,107659
2076-07-26,398.5,406.0,395.0,405.25,106967
2076-07-27,406.25,411.5,403.75,409.75,98400
2076-07-28,409.75,410.5,406.0,409.5,56126
2076-07-29,410.0,412.5,402.5,403.25,85477
2076-07-30,400.5,403.0,385.0,391.0,111673
2076-07-31,391.75,394.0,387.0,392.5,81598
2076-08-01,392.75,396.25,384.5,388.5,98238
2076-08-02,388.0,398.0,385.0,394.5,98183
2076-08-03,394.0,397.75,374.5,374.5,50296
2076-08-04,357.0,359.5,354.5,354.75,112288
2076-08-05,356.0,359.25,343.0,346.25,159835
2076-08-06,347.0,363.75,347.0,359.25,114770
2076-08-07,359.75,367.5,357.25,366.0,85671
2076-08-08,375.5,385.25,360.5,363.5,135532
2076-08-09,364.75,374.25,357.25,369.0,136562
2076-08-10,368.25,372.5,359.0,360.75,123296
2076-08-11,359.5,361.5,349.0,358.75,172001
2076-08-12,360.75,369.75,355.0,369.0,114972
2076-08-13,366.5,369.0,360.5,364.25,64810
2076-08-14,369.0,369.75,352.25,353.25,59604
2076-08-15,354.0,366.5,351.0,363.5,77977
2076-08-16,375.5,384.5,372.25,382.25,142728
2076-08-17,381.75,387.0,369.75,372.0,102026
2076-08-18,369.0,370.0,360.75,364.0,81953
2076-08-19,367.5,372.75,363.0,371.25,111947
2076-08-20,372.5,391.25,372.0,381.75,156855
2076-08-21,383.25,389.0,369.0,375.25,131244
2076-08-22,375.0,376.5,367.25,373.75,125909
2076-08-23,369.75,372.25,362.5,367.5,101019
2076-08-24,373.5,378.25,364.0,377.5,123453
2076-08-25,379.5,383.75,374.5,382.0,106405
2076-08-26,381.5,396.75,379.75,389.25,137965
2076-08-27,389.75,393.0,385.75,390.75,117440
2076-08-28,398.0,401.0,376.75,379.0,59332
2076-08-29,373.0,373.0,362.5,363.5,163560
2076-08-30,361.25,368.0,361.25,366.25,98357
2076-08-31,367.5,369.5,354.0,354.5,92789
2076-09-01,354.75,370.25,352.0,369.25,99347
2076-09-02,368.75,372.25,362.75,363.25,72970
2076-09-03,358.5,374.5,355.25,371.5,96181
2076-09-04,370.5,377.75,368.5,376.0,113444
2076-09-05,376.5,378.75,371.0,373.0,109439
2076-09-06,373.0,381.25,370.0,371.25,81129
2076-09-07,370.25,382.75,368.25,381.0,83760
2076-09-08,377.0,380.5,367.75,369.5,106630
2076-09-09,369.25,374.75,367.25,368.5,80651
2076-09-10,369.5,378.25,369.25,376.5,85055
2076-09-11,376.0,379.75,370.75,376.0,79333
2076-09-12,374.25,376.0,363.25,364.75,94943
2076-09-13,364.0,384.75,363.5,382.25,142793
2076-09-14,383.0,395.75,380.5,390.25,149044
2076-09-15,390.0,395.0,385.5,386.75,100008
2076-09-16,385.25,390.0,383.0,383.75,81290
2076-09-17,384.0,390.0,377.0,380.25,120360
2076-09-18,380.25,384.0,371.25,374.75,122008
2076-09-19,375.25,386.5,372.0,384.75,117833
2076-09-20,385.5,388.5,376.5,382.0,117580
2076-09-21,396.75,400.75,389.5,396.0,146505
2076-09-22,393.5,397.25,387.5,393.5,141427
2076-09-23,393.5,406.5,389.5,404.5,166542
2076-09-24,404.0,414.0,402.5,409.5,117081
2076-09-25,409.0,423.5,409.0,419.0,90433
2076-09-26,424.25,428.75,414.0,416.0,72223
2076-09-27,424.0,425.5,404.0,404.0,64950
2076-09-28,400.0,410.0,396.5,404.25,51605
2076-09-29,408.5,412.0,392.25,394.75,53518
2076-09-30,395.5,397.75,375.0,376.75,61131
2076-10-01,376.0,377.25,366.5,367.0,77161
2076-10-02,367.5,374.0,366.25,367.0,80834
2076-10-03,366.25,369.25,351.0,353.75,87086
2076-10-04,355.5,356.5,348.5,350.0,79170
2076-10-05,350.0,357.5,333.5,340.0,95267
2076-10-06,340.25,348.75,334.75,339.75,102795
2076-10-07,340.0,341.5,326.5,328.5,85685
2076-10-08,333.5,336.75,329.75,332.5,54231
2076-10-09,333.0,342.75,332.0,341.5,60919
2076-10-10,342.5,345.25,332.5,339.25,43595
2076-10-11,339.0,348.0,334.25,345.5,74393
2076-10-12,345.5,346.75,341.5,343.0,43969
2076-10-13,343.0,352.0,337.5,351.5,56528
2076-10-14,351.0,357.0,346.75,354.75,44882
2076-10-15,347.0,348.25,334.75,334.75,28135
2076-10-16,331.5,334.5,317.5,322.5,71888
2076-10-17,322.75,328.25,321.5,327.0,61066
2076-10-18,327.5,329.5,316.25,321.25,49205
2076-10-19,322.0,327.5,315.25,318.25,41072
2076-10-20,317.0,317.0,308.5,310.0,43738
2076-10-21,311.5,316.5,309.5,311.5,45202
2076-10-22,311.5,316.5,310.75,311.5,30644
2076-10-23,312.25,326.0,311.5,317.5,63099
2076-10-24,318.0,322.25,315.0,321.0,33653
2076-10-25,323.5,324.75,313.5,323.5,42477
2076-10-26,324.75,326.5,321.5,325.75,49076
2076-10-27,327.0,328.0,316.75,319.0,46500
2076-10-28,324.0,328.0,322.25,324.0,37016
2076-10-29,324.0,330.0,322.0,326.5,39801
2076-10-30,323.5,327.0,316.5,325.75,44631
2076-10-31,324.75,335.75,323.5,335.25,65024
2076-11-01,334.75,342.75,333.25,341.0,90676
2076-11-02,339.25,343.0,330.75,332.25,88345
2076-11-03,331.0,337.0,324.75,333.0,77909
2076-11-04,336.5,340.5,330.0,331.0,71176
2076-11-05,331.0,335.0,324.25,327.5,63714
2076-11-06,327.75,333.5,324.25,328.0,38052
2076-11-07,326.75,326.75,309.5,321.5,70522
2076-11-08,338.0,346.25,334.0,345.75,96269
2076-11-09,344.25,349.5,341.0,348.75,65502
2076-11-10,347.0,357.5,346.75,355.0,93556
2076-11-11,354.0,365.0,354.0,364.25,118698
2076-11-12,363.75,372.0,360.5,362.0,115133
2076-11-13,361.75,363.0,358.0,358.75,81836
2076-11-14,355.0,355.0,341.0,353.0,89841
2076-11-15,350.5,355.0,343.0,344.75,109525
2076-11-16,343.75,346.75,339.0,340.25,107096
2076-11-17,339.75,348.0,332.5,339.75,147938
2076-11-18,339.25,346.75,337.5,340.0,97260
2076-11-19,342.5,357.25,341.5,353.25,139205
2076-11-20,353.25,358.0,345.0,345.75,140915
2076-11-21,345.75,348.0,337.25,339.25,105650
2076-11-22,339.25,349.25,335.5,347.5,98778
2076-11-23,347.25,353.75,342.5,346.0,65666
2076-11-24,344.75,347.0,338.5,341.25,93421
2076-11-25,341.0,358.75,338.25,356.5,177377
2076-11-26,355.5,358.75,343.75,346.75,105709
2076-11-27,346.75,354.25,345.25,349.0,73929
2076-11-28,348.25,354.25,347.75,352.25,64014
2076-11-29,351.75,354.25,344.25,352.25,87820
2076-11-30,352.0,358.75,347.0,358.25,87917
2076-12-01,357.5,375.5,357.0,369.25,146815
2076-12-02,369.25,377.0,367.75,376.5,87996
2076-12-03,375.25,380.5,370.5,373.5,112053
2076-12-04,372.5,375.5,370.75,371.75,85800
2076-12-05,370.75,376.0,368.25,375.0,87757
2076-12-06,376.0,389.5,374.5,386.75,140641
2076-12-07,386.25,387.5,370.0,373.0,152167
2076-12-08,373.0,376.5,368.0,368.75,90510
2076-12-09,368.25,368.75,348.75,348.75,127613
2076-12-10,347.25,351.5,342.25,344.5,141891
2076-12-11,346.0,349.75,341.0,342.25,82576
2076-12-12,342.25,343.75,339.5,342.25,72785
2076-12-13,342.25,342.5,335.0,339.75,76053
2076-12-14,339.0,348.75,338.25,342.5,91221
2076-12-15,343.5,348.5,343.25,347.25,57417
2076-12-16,347.0,349.75,341.25,343.75,84971
2076-12-17,343.0,358.0,340.75,351.0,118685
2076-12-18,351.25,362.5,350.0,362.0,97233
2076-12-19,361.75,362.0,354.75,360.5,87385
2076-12-20,360.0,360.75,355.5,358.0,87831
2076-12-21,357.75,367.5,356.5,367.25,92341
2076-12-22,366.5,371.25,363.75,370.25,97554
2076-12-23,367.75,368.75,359.0,364.5,83355
2076-12-24,364.25,368.75,359.5,361.0,21180
2076-12-25,361.0,362.5,355.75,356.5,80925
2076-12-26,356.5,367.5,356.25,366.25,75638
2076-12-27,365.75,374.5,365.0,372.0,101647
2076-12-28,372.0,379.0,371.25,376.0,99818
2076-12-29,375.25,375.75,368.75,370.25,96399
2076-12-30,369.25,380.0,368.0,375.5,101922
2076-12-31,375.5,379.5,366.5,368.75,106371
2077-01-01,368.75,380.75,368.25,377.0,129202
2077-01-02,374.5,377.75,372.0,375.25,102424
2077-01-03,374.75,387.75,374.25,385.75,136450
2077-01-04,385.25,393.0,382.25,384.25,188871
2077-01-05,383.75,390.0,382.5,389.5,127721
2077-01-06,388.75,389.5,380.5,386.75,163436
2077-01-07,385.25,385.5,377.75,379.0,119833
2077-01-08,378.25,382.0,374.0,374.75,110668
2077-01-09,374.5,385.0,373.75,383.0,100275
2077-01-10,382.5,383.5,374.25,374.75,158534
2077-01-11,374.75,381.5,374.25,379.5,92508
2077-01-12,395.75,401.75,393.25,394.5,49915
2077-01-13,394.0,403.0,391.0,398.25,89220
2077-01-14,398.0,400.0,394.25,398.75,46160
2077-01-15,398.0,406.75,398.0,405.75,69635
2077-01-16,405.75,411.0,399.25,403.25,101136
2077-01-17,402.25,403.5,398.5,400.75,79832
2077-01-18,400.5,405.0,397.0,404.5,92379
2077-01-19,404.0,407.25,399.5,400.75,122563
2077-01-20,400.25,405.0,395.5,401.5,132996
2077-01-21,401.0,410.0,399.75,403.5,134121
2077-01-22,403.5,414.0,403.5,411.25,133456
2077-01-23,410.25,413.25,408.25,411.25,91672
2077-01-24,409.5,413.0,408.0,412.0,68797
2077-01-25,412.0,418.0,411.5,417.25,98685
2077-01-26,415.75,419.75,414.5,417.75,88187
2077-01-27,416.75,425.0,415.5,424.0,129463
2077-01-28,421.75,433.75,419.5,433.25,117098
2077-01-29,432.25,438.75,428.75,435.0,136078
2077-01-30,434.25,440.0,433.0,438.25,97136
2077-01-31,437.75,443.25,431.5,438.75,111030
2077-02-01,438.0,438.5,431.25,432.0,86405
2077-02-02,430.5,436.5,430.25,434.75,81811
2077-02-03,434.25,438.0,431.75,437.5,64576
2077-02-04,437.0,448.0,436.5,443.5,88032
2077-02-05,442.75,444.5,440.25,444.0,23607
2077-02-06,446.75,455.0,446.75,452.25,63151
2077-02-07,451.75,455.0,450.5,454.75,67658
2077-02-08,453.5,457.0,451.75,452.0,63172
2077-02-09,450.0,457.0,447.75,455.5,59952
2077-02-10,456.25,469.5,456.0,462.5,113299
2077-02-11,462.5,469.0,460.75,466.0,97102
2077-02-12,466.0,469.0,459.0,466.75,96418
2077-02-13,466.0,468.5,462.0,466.25,83976
2077-02-14,465.5,480.0,465.5,478.75,107648
2077-02-15,477.75,482.0,475.5,477.25,100357
2077-02-16,476.25,478.25,471.0,475.0,116787
2077-02-17,474.0,495.0,473.5,495.0,9717
2077-02-18,505.0,515.0,503.0,512.0,28246
2077-02-19,510.25,519.25,505.0,509.0,35118
2077-02-20,507.25,509.0,496.0,502.5,23024
2077-02-21,502.5,513.75,500.25,502.0,16224
2077-02-22,500.75,502.5,494.75,498.25,62697
2077-02-23,491.5,498.5,478.25,489.0,302127
2077-02-24,487.75,493.75,469.0,469.25,351650
2077-02-25,474.25,489.25,473.25,489.25,249587
2077-02-26,491.25,504.5,491.25,498.25,108062
2077-02-27,496.75,503.75,490.0,502.25,201739
2077-02-28,503.25,507.5,497.0,501.0,206920
2077-03-01,501.5,502.5,494.25,498.5,198616
2077-03-02,497.75,505.25,492.0,501.25,236427
2077-03-03,503.0,509.75,499.25,500.5,95433
2077-03-04,501.25,511.0,501.25,510.5,203795
2077-03-05,510.0,512.0,505.0,509.25,243894
2077-03-06,510.0,528.75,500.0,501.5,392689
2077-03-07,500.0,504.5,491.0,499.5,418293
2077-03-08,502.0,519.0,501.5,508.0,163572
2077-03-09,510.5,512.75,491.25,503.5,310760
2077-03-10,503.5,506.5,495.0,497.75,328149
2077-03-11,496.0,498.75,492.5,497.0,223982
2077-03-12,497.0,512.5,496.5,511.0,344333
2077-03-13,511.75,517.0,509.75,514.75,242488
2077-03-14,514.5,524.75,514.25,520.0,286018
2077-03-15,532.5,536.5,526.0,536.0,238438
2077-03-16,535.5,541.5,529.25,537.5,251763
2077-03-17,537.0,538.0,531.75,535.0,152773
2077-03-18,535.0,555.0,534.0,547.0,309805
2077-03-19,546.5,552.75,527.0,544.0,318735
2077-03-20,543.25,546.0,531.25,538.0,261305
2077-03-21,537.5,557.25,533.75,556.25,393704
2077-03-22,554.0,559.75,552.0,556.5,253350
2077-03-23,556.0,573.75,555.5,566.5,225578
2077-03-24,566.25,572.25,546.5,554.5,320510
2077-03-25,555.75,574.25,551.25,567.0,323052
2077-03-26,569.5,574.0,557.25,567.25,238822
2077-03-27,565.75,566.5,547.25,547.25,169976
2077-03-28,542.0,566.5,527.25,565.75,309790
2077-03-29,566.25,579.5,558.0,572.5,272942
2077-03-30,570.5,572.75,561.0,567.25,185108
2077-03-31,566.75,579.5,563.0,569.5,184898
2077-04-01,568.0,575.0,549.5,559.25,240052
2077-04-02,559.0,567.25,539.25,539.25,135560
2077-04-03,533.25,549.5,528.0,547.25,181688
2077-04-04,547.0,548.75,527.25,527.25,234962
2077-04-05,525.0,526.5,507.25,507.5,299978
2077-04-06,509.75,525.5,503.25,524.75,201936
2077-04-07,526.0,544.75,524.75,544.75,135416
2077-04-08,548.0,561.0,541.5,552.25,202136
2077-04-09,550.25,557.5,546.5,555.5,133632
2077-04-10,553.75,562.75,547.25,560.5,156128
2077-04-11,561.25,588.0,557.0,567.25,338168
2077-04-12,570.5,587.75,561.25,584.0,292824
2077-04-13,584.25,599.25,582.0,595.75,245042
2077-04-14,595.75,602.75,590.25,600.0,229292
2077-04-15,599.75,601.5,595.5,598.0,162976
2077-04-16,595.25,601.0,587.0,590.0,270828
2077-04-17,588.25,594.25,586.5,591.25,367281
2077-04-18,592.75,616.0,592.0,605.0,343386
2077-04-19,605.0,612.25,593.0,594.25,312014
2077-04-20,595.25,598.0,583.0,584.25,284144
2077-04-21,587.5,594.75,579.25,591.75,258006
2077-04-22,593.25,609.5,592.75,606.0,267750
2077-04-23,606.0,609.0,599.75,603.5,175180
2077-04-24,617.0,623.0,611.75,617.0,180244
2077-04-25,616.75,619.5,603.75,613.0,169792
2077-04-26,610.75,610.75,583.0,593.75,271358
2077-04-27,597.0,615.0,590.75,607.75,275174
2077-04-28,607.5,610.5,599.5,601.5,200290
2077-04-29,601.5,604.5,585.5,589.5,355318
2077-04-30,589.0,606.5,579.25,590.75,286302
2077-05-01,599.5,614.5,596.25,613.5,328804
2077-05-02,620.0,624.0,600.25,604.5,403172
2077-05-03,606.25,615.75,603.5,612.25,314860
2077-05-04,614.0,618.75,603.0,617.25,289408
2077-05-05,615.0,624.25,611.25,613.5,258370
2077-05-06,616.25,618.75,584.0,594.0,323074
2077-05-07,597.5,622.25,595.0,606.25,354362
2077-05-08,606.25,618.0,606.25,613.0,234156
2077-05-09,613.5,634.0,612.5,630.25,292688
2077-05-10,629.5,639.0,623.25,629.25,281476
2077-05-11,627.25,631.5,613.75,614.75,223890
2077-05-12,614.25,614.75,595.0,607.25,282924
2077-05-13,607.75,607.75,595.25,596.25,189626
2077-05-14,596.25,599.75,585.25,599.0,227128
2077-05-15,599.5,608.5,587.5,591.0,179030
2077-05-16,587.0,593.5,582.0,586.75,173354
2077-05-17,590.0,603.5,586.25,589.75,204478
2077-05-18,589.25,609.0,589.0,607.25,197276
2077-05-19,608.0,611.25,595.0,595.75,230824
2077-05-20,594.75,602.0,593.0,599.75,146124
2077-05-21,604.75,607.0,592.5,598.0,137272
2077-05-22,593.0,596.75,585.0,592.5,217332
2077-05-23,592.5,594.75,572.75,582.25,309340
2077-05-24,580.0,603.25,577.0,599.25,248248
2077-05-25,597.0,618.0,595.75,615.75,298160
2077-05-26,610.0,618.75,601.75,608.0,314854
2077-05-27,608.5,615.25,602.25,614.5,221636
2077-05-28,615.0,643.75,614.5,643.25,337020
2077-05-29,643.0,663.25,641.75,650.75,399518
2077-05-30,660.75,673.0,656.5,657.25,273460
2077-05-31,657.0,674.0,655.25,673.25,329132
2077-06-01,674.0,703.25,673.25,703.25,216002
2077-06-02,715.5,725.5,696.5,709.0,462560
2077-06-03,712.0,737.5,701.0,731.75,306694
2077-06-04,752.0,760.0,724.0,732.5,309106
2077-06-05,730.0,743.75,725.25,742.25,212226
2077-06-06,758.0,768.0,746.75,760.25,108956
2077-06-07,760.25,767.5,731.75,741.75,247060
2077-06-08,741.0,752.0,731.75,735.5,123104
2077-06-09,730.0,740.75,718.25,738.75,109364
2077-06-10,742.75,743.5,723.75,727.0,177198
2077-06-11,725.25,745.25,722.75,744.5,133418
2077-06-12,748.5,774.5,744.75,768.25,216812
2077-06-13,767.5,779.0,760.25,767.75,219890
2077-06-14,766.5,773.0,737.75,737.75,185702
2077-06-15,733.0,735.5,716.25,732.25,183518
2077-06-16,733.0,762.25,727.5,761.0,183220
2077-06-17,761.0,763.5,742.25,757.75,117788
2077-06-18,757.75,757.75,757.75,757.75,151303
2077-06-19,745.25,745.25,727.75,727.75,76378
2077-06-20,714.0,714.0,684.0,704.5,258228
2077-06-21,705.0,707.75,687.0,694.75,137134
2077-06-22,695.0,697.25,683.5,686.5,110190
2077-06-23,689.0,697.5,677.0,691.0,141682
2077-06-24,678.0,678.25,662.0,663.75,109836
2077-06-25,661.5,672.5,643.25,648.25,129034
2077-06-26,647.25,660.25,639.0,658.5,129878
2077-06-27,658.5,663.5,629.25,631.25,113882
2077-06-28,630.5,637.25,608.25,609.5,60867
2077-06-29,606.25,609.25,584.0,589.25,50636
2077-06-30,589.0,594.0,571.25,573.5,65580
2077-07-01,574.0,589.0,543.75,571.5,70462
2077-07-02,571.5,584.0,561.75,573.0,40898
2077-07-03,573.25,585.5,569.0,577.25,40878
2077-07-04,584.5,590.75,574.75,582.0,48579
2077-07-05,582.5,596.75,570.75,594.0,45821
2077-07-06,598.5,605.0,586.75,601.5,46615
2077-07-07,602.5,603.25,585.0,587.5,62035
2077-07-08,589.0,589.5,561.5,565.0,58123
2077-07-09,560.75,565.0,535.0,535.5,48767
2077-07-10,532.5,547.5,516.5,525.25,76493
2077-07-11,524.75,529.75,502.75,508.0,70443
2077-07-12,509.75,524.75,503.5,522.25,67250
2077-07-13,523.5,526.5,494.25,498.5,63919
2077-07-14,500.75,504.75,492.75,497.25,66873
2077-07-15,498.25,516.0,485.25,509.0,98323
2077-07-16,511.0,539.0,509.5,539.0,67616
2077-07-17,548.0,559.5,530.0,557.75,83099
2077-07-18,556.5,557.0,527.75,529.75,48093
2077-07-19,536.0,559.25,536.0,553.0,31620
2077-07-20,570.75,593.25,561.0,584.5,124836
2077-07-21,584.0,597.75,583.75,595.0,106330
2077-07-22,595.5,625.0,594.0,617.5,133779
2077-07-23,616.75,617.0,601.5,606.5,110021
2077-07-24,615.5,628.75,598.25,600.0,120231
2077-07-25,600.5,603.0,588.0,594.0,136798
2077-07-26,595.0,604.5,585.75,596.0,156517
2077-07-27,596.5,597.5,581.25,587.75,125294
2077-07-28,587.25,599.75,580.75,585.0,111554
2077-07-29,576.0,577.25,555.0,569.25,133737
2077-07-30,572.0,576.75,550.0,562.25,139590
2077-07-31,562.75,572.25,555.25,564.5,102518
2077-08-01,562.5,562.75,542.5,548.5,117864
2077-08-02,559.0,561.0,544.0,549.0,85480
2077-08-03,545.0,550.0,531.0,544.5,143489
2077-08-04,540.75,548.0,535.25,536.75,86928
2077-08-05,536.25,538.75,531.0,533.25,80681
2077-08-06,533.5,563.25,531.75,563.25,125790
2077-08-07,570.0,579.75,545.75,562.0,155947
2077-08-08,561.5,565.0,532.0,532.25,156918
2077-08-09,532.25,560.0,526.0,554.0,192345
2077-08-10,552.5,560.0,524.0,527.25,176651
2077-08-11,530.25,548.0,527.25,542.25,107830
2077-08-12,541.25,564.5,535.25,558.5,125398
2077-08-13,557.75,561.75,549.5,560.25,109990
2077-08-14,561.0,574.0,555.0,563.0,94573
2077-08-15,563.0,565.5,555.0,558.25,103299
2077-08-16,557.75,559.0,539.25,543.0,106618
2077-08-17,541.25,542.25,513.0,513.0,112025
2077-08-18,507.0,524.75,485.5,487.5,216889
2077-08-19,494.0,500.0,482.75,484.0,141925
2077-08-20,485.0,488.0,454.0,454.0,150592
2077-08-21,454.0,468.5,453.0,454.0,119134
2077-08-22,444.0,448.0,424.0,424.0,137525
2077-08-23,418.5,429.75,412.75,417.0,154002
2077-08-24,417.75,432.5,407.0,427.5,139482
2077-08-25,426.5,442.5,425.0,438.25,119918
2077-08-26,427.75,429.0,408.25,408.25,39848
2077-08-27,405.0,423.0,398.25,411.5,105583
2077-08-28,418.25,428.5,410.5,411.25,99419
2077-08-29,412.0,416.0,384.75,388.0,130944
2077-08-30,385.25,391.75,371.0,384.5,137828
2077-08-31,392.0,410.0,387.0,403.0,107661
2077-09-01,404.0,420.0,404.0,418.5,99746
2077-09-02,421.75,427.75,406.5,411.0,147870
2077-09-03,412.5,414.0,381.75,385.0,127533
2077-09-04,386.25,401.75,379.0,390.25,125163
2077-09-05,395.25,407.5,372.0,372.75,133207
2077-09-06,380.0,387.0,364.0,385.25,114823
2077-09-07,387.0,409.75,385.75,390.75,144318
2077-09-08,400.5,420.75,396.25,420.75,107041
2077-09-09,420.75,433.0,402.25,409.5,182927
2077-09-10,408.5,410.5,395.5,401.5,140875
2077-09-11,398.0,418.0,394.5,403.0,127418
2077-09-12,401.0,422.0,398.0,413.0,125971
2077-09-13,412.5,416.0,390.0,390.25,139558
2077-09-14,390.25,391.5,374.5,378.0,163866
2077-09-15,379.25,388.0,375.0,375.5,124495
2077-09-16,383.25,390.0,372.75,383.5,144708
2077-09-17,383.0,384.0,360.25,374.25,162316
2077-09-18,370.5,389.5,363.25,369.5,175006
2077-09-19,365.75,379.0,363.0,377.0,141034
2077-09-20,384.75,386.25,370.5,380.25,105148
2077-09-21,375.0,389.5,375.0,385.75,109970
2077-09-22,384.25,386.75,378.5,380.0,100584
2077-09-23,395.75,401.5,391.5,395.25,71779
2077-09-24,390.0,391.25,376.5,380.0,65282
2077-09-25,375.0,378.75,352.25,354.25,108174
2077-09-26,359.0,377.75,354.75,371.0,100511
2077-09-27,371.0,373.5,363.5,370.5,115863
2077-09-28,370.5,375.0,367.0,371.0,117534
2077-09-29,370.0,375.75,362.25,365.75,56985
2077-09-30,366.25,368.5,345.0,348.75,101295
2077-10-01,346.25,354.0,345.0,348.25,111264
2077-10-02,348.0,354.5,345.0,348.25,91569
2077-10-03,348.75,349.0,333.25,334.0,105375
2077-10-04,333.25,333.25,305.5,309.25,178024
2077-10-05,311.0,334.75,311.0,330.0,107247
2077-10-06,330.0,336.75,324.0,327.75,81315
2077-10-07,327.5,344.5,327.0,342.0,98825
2077-10-08,341.25,357.75,338.5,351.5,100855
2077-10-09,349.0,379.5,337.0,373.5,155696
2077-10-10,374.0,393.25,373.5,375.25,104152
2077-10-11,373.0,399.0,370.25,394.0,127605
2077-10-12,397.75,402.75,381.75,389.5,132993
2077-10-13,388.0,394.5,380.0,389.5,73190
2077-10-14,385.5,385.75,375.25,380.75,77698
2077-10-15,380.0,386.25,376.25,381.75,68015
2077-10-16,380.5,395.0,377.75,394.75,66192
2077-10-17,393.0,398.25,391.25,398.0,29930
2077-10-18,398.75,414.5,398.25,412.25,48090
2077-10-19,413.75,423.75,390.0,393.5,83438
2077-10-20,392.25,400.75,385.0,396.25,61557
2077-10-21,395.25,408.0,389.0,407.0,72613
2077-10-22,404.0,415.5,399.5,412.25,62516
2077-10-23,412.25,416.0,402.0,411.25,92204
2077-10-24,410.25,429.0,407.25,427.5,127908
2077-10-25,424.25,427.0,413.25,416.5,108227
2077-10-26,413.5,418.5,405.75,406.75,103424
2077-10-27,408.0,418.25,407.5,410.75,126302
2077-10-28,411.0,415.0,380.75,380.75,77022
2077-10-29,373.0,379.25,361.75,362.5,148744
2077-10-30,364.75,369.5,358.75,366.5,96607
2077-10-31,366.5,369.25,359.75,365.25,91411
2077-11-01,365.25,393.0,365.25,391.0,105581
2077-11-02,389.0,407.0,376.25,383.5,148423
2077-11-03,382.25,391.75,378.0,390.25,116622
2077-11-04,389.75,394.75,378.5,387.5,88256
2077-11-05,385.0,401.0,380.5,390.5,94688
2077-11-06,393.75,402.5,383.75,393.75,87724
2077-11-07,392.75,396.25,376.75,377.5,107667
2077-11-08,378.0,386.0,372.5,384.5,88637
2077-11-09,384.0,384.25,378.0,381.75,84486
2077-11-10,382.0,385.75,377.5,379.0,93639
2077-11-11,378.0,378.0,363.0,370.5,119323
2077-11-12,370.0,372.25,356.0,361.75,115473
2077-11-13,361.25,369.25,355.75,358.25,129510
2077-11-14,358.0,372.25,356.5,371.25,119519
2077-11-15,370.75,380.75,369.75,377.25,112285
2077-11-16,375.0,383.0,372.5,377.5,105968
2077-11-17,374.5,380.0,368.0,376.75,143000
2077-11-18,373.25,376.5,368.0,368.5,104800
2077-11-19,368.75,377.75,366.0,366.25,153366
2077-11-20,367.25,371.0,363.0,363.25,81286
2077-11-21,362.75,365.5,346.25,349.25,112378
2077-11-22,349.0,352.25,346.0,349.25,129407
2077-11-23,357.5,364.75,357.0,362.0,87398
2077-11-24,362.0,363.25,350.5,359.0,88704
2077-11-25,359.0,368.5,358.25,360.75,78969
2077-11-26,359.5,363.25,354.0,363.0,85980
2077-11-27,363.0,377.75,359.25,372.25,142459
2077-11-28,371.25,380.5,365.75,370.5,132517
2077-11-29,369.25,369.5,357.0,359.0,123610
2077-11-30,357.25,362.75,344.5,350.25,116413
2077-12-01,349.0,354.25,347.0,350.5,97330
2077-12-02,349.0,365.0,347.0,363.5,122179
2077-12-03,363.25,364.75,355.5,358.5,70656
2077-12-04,358.0,366.25,358.0,361.5,85152
2077-12-05,363.75,370.0,363.5,365.5,73571
2077-12-06,364.5,384.0,364.25,375.5,130401
2077-12-07,374.5,381.0,362.0,364.5,97764
2077-12-08,364.0,386.75,362.75,385.25,160137
2077-12-09,383.25,389.75,383.0,388.5,118179
2077-12-10,384.5,397.5,381.5,391.5,113918
2077-12-11,389.0,395.25,388.0,390.5,79442
2077-12-12,389.5,391.25,384.75,388.25,73467
2077-12-13,395.25,402.5,393.5,396.5,111298
2077-12-14,395.0,398.0,393.5,396.5,51087
2077-12-15,395.75,403.75,392.5,395.5,90415
2077-12-16,395.5,398.0,392.0,393.75,70924
2077-12-17,393.5,394.25,384.5,385.75,70537
2077-12-18,386.0,392.0,386.0,390.75,61476
2077-12-19,390.5,390.75,385.0,387.0,54159
2077-12-20,387.75,389.5,376.75,386.25,83103
2077-12-21,386.0,406.0,381.25,404.75,180515
2077-12-22,401.5,402.25,393.0,396.0,139809
2077-12-23,395.0,407.5,394.5,402.5,123632
2077-12-24,401.0,405.0,397.5,404.5,75048
2077-12-25,404.5,407.25,399.75,405.5,71344
2077-12-26,403.75,404.75,395.5,396.25,105583
2077-12-27,396.0,402.5,390.0,397.0,126860
2077-12-28,396.5,405.0,389.25,390.25,143212
2077-12-29,390.0,390.5,383.0,387.5,85714
2077-12-30,387.0,399.0,385.25,394.25,151057
2077-12-31,394.0,394.75,384.0,384.5,88280
2078-01-01,385.25,389.5,380.75,385.75,77507
2078-01-02,385.75,387.75,376.0,376.25,85624
2078-01-03,383.25,385.5,370.0,378.75,91740
2078-01-04,379.5,387.75,377.75,383.0,88418
2078-01-05,383.5,387.25,378.75,382.5,84814
2078-01-06,382.0,390.75,378.25,390.0,94511
2078-01-07,389.5,395.0,383.0,385.75,103151
2078-01-08,383.5,384.0,370.0,380.75,110200
2078-01-09,378.75,386.0,376.75,383.5,100815
2078-01-10,384.0,402.5,383.5,401.25,151566
2078-01-11,399.0,408.5,396.0,403.5,146708
2078-01-12,401.5,415.75,401.25,413.75,131883
2078-01-13,407.75,413.75,400.5,405.5,109022
2078-01-14,405.75,409.75,396.5,405.25,110511
2078-01-15,404.0,409.5,402.5,407.5,84172
2078-01-16,407.0,420.0,406.25,412.0,162683
2078-01-17,410.75,421.5,410.25,421.0,102392
2078-01-18,420.0,421.75,413.0,421.25,8555
2078-01-19,421.25,431.75,420.0,427.5,191452
2078-01-20,427.5,434.0,421.25,426.5,155759
2078-01-21,425.0,429.25,419.75,428.25,78977
2078-01-22,427.25,431.0,416.0,417.25,102586
2078-01-23,413.25,426.0,406.25,421.5,131371
2078-01-24,421.25,429.0,420.75,425.75,102845
2078-01-25,425.0,434.75,423.0,426.0,105441
2078-01-26,425.5,429.0,417.25,424.0,79881
2078-01-27,424.0,434.0,423.5,430.25,103102
2078-01-28,426.25,433.75,421.75,427.5,135844
2078-01-29,428.0,432.25,424.25,426.0,118637
2078-01-30,425.0,434.75,422.5,428.75,167229
2078-01-31,428.25,437.0,427.0,436.25,105255
2078-02-01,434.25,446.0,434.25,445.75,122160
2078-02-02,443.25,450.0,440.5,449.5,100667
2078-02-03,448.5,450.0,430.25,432.5,154837
2078-02-04,433.75,449.0,430.0,448.5,111775
2078-02-05,447.5,448.5,440.0,444.0,96614
2078-02-06,443.0,446.75,433.25,435.0,132762
2078-02-07,435.5,445.75,434.5,444.0,145124
2078-02-08,442.75,449.75,434.75,435.75,154056
2078-02-09,437.25,447.5,436.0,441.0,144658
2078-02-10,439.5,442.75,420.75,425.5,146802
2078-02-11,422.5,424.75,405.5,406.0,136456
2078-02-12,406.75,411.0,403.0,404.0,118283
2078-02-13,413.0,417.0,406.25,416.25,50676
2078-02-14,416.0,417.0,410.0,411.75,26939
2078-02-15,411.25,415.5,406.25,407.25,45978
2078-02-16,407.75,407.75,388.25,393.5,72213
2078-02-17,394.25,398.0,389.0,397.25,64197
2078-02-18,396.0,399.5,389.5,395.0,40042
2078-02-19,395.0,396.5,388.75,390.0,65304
2078-02-20,389.75,394.0,387.25,391.75,67854
2078-02-21,390.5,391.75,383.25,384.5,80191
2078-02-22,384.0,388.75,354.5,354.5,61145
2078-02-23,351.5,361.0,349.0,356.5,80922
