Index,Open,High,Low,Close,Volume
2069-12-08,21.46,22.1,21.34,22.05,28704
2069-12-09,21.91,22.57,21.91,22.47,41736
2069-12-10,22.41,22.43,22.1,22.11,38759
2069-12-11,22.08,22.09,21.6,21.72,34230
2069-12-12,21.8,22.35,21.75,22.3,40269
2069-12-13,22.28,22.37,21.85,21.96,26690
2069-12-14,21.95,22.05,21.4,21.62,34820
2069-12-15,21.58,21.87,21.45,21.56,25179
2069-12-16,21.53,22.1,21.35,21.71,42896
2069-12-17,21.74,22.42,21.67,22.15,40729
2069-12-18,22.25,22.38,22.02,22.25,23765
2069-12-19,23.4,24.25,22.85,23.4,52620
2069-12-20,23.35,23.65,23.03,23.24,43829
2069-12-21,23.29,23.52,22.99,23.44,38266
2069-12-22,23.42,23.9,23.4,23.85,37199
2069-12-23,23.72,24.23,23.5,24.12,45084
2069-12-24,24.82,25.3,24.25,25.0,53128
2069-12-25,25.1,25.35,24.2,24.51,42710
2069-12-26,24.2,24.5,23.1,23.19,41429
2069-12-27,23.09,23.73,22.97,23.31,42176
2069-12-28,22.9,23.5,22.86,23.48,35628
2069-12-29,23.47,23.47,22.75,23.1,37340
2069-12-30,23.07,23.28,22.86,23.22,39236
2069-12-31,23.2,23.4,22.85,23.37,29659
2070-01-01,23.39,24.1,23.34,24.07,38455
2070-01-02,24.06,24.55,23.74,24.46,49157
2070-01-03,24.4,24.62,24.12,24.16,32435
2070-01-04,24.12,24.66,23.82,24.6,27346
2070-01-05,24.57,24.8,24.2,24.38,27733
2070-01-06,24.1,24.48,23.82,24.14,40059
2070-01-07,24.17,24.65,24.01,24.05,45060
2070-01-08,24.09,24.88,24.05,24.81,41680
2070-01-09,24.75,25.08,24.46,24.73,33610
2070-01-10,24.72,25.28,24.72,25.24,32776
2070-01-11,25.29,25.6,24.97,25.54,38035
2070-01-12,25.42,25.53,24.9,25.07,35805
2070-01-13,25.04,25.05,24.22,24.26,51656
2070-01-14,24.26,24.7,24.24,24.66,31093
2070-01-15,25.57,25.72,25.22,25.42,26146
2070-01-16,25.37,25.7,24.7,25.17,32745
2070-01-17,25.21,25.54,24.9,25.42,26997
2070-01-18,25.41,25.86,25.41,25.79,21595
2070-01-19,25.79,26.05,25.55,25.92,28551
2070-01-20,25.9,26.1,25.38,25.75,35013
2070-01-21,24.01,24.01,23.64,23.66,25979
2070-01-22,23.66,24.23,23.5,24.2,44337
2070-01-23,24.15,24.55,23.2,23.33,74793
2070-01-24,23.4,23.95,23.33,23.84,3233
2070-01-25,23.87,24.32,23.55,23.75,39414
2070-01-26,23.65,23.95,23.25,23.49,35345
2070-01-27,23.48,23.83,23.28,23.62,34299
2070-01-28,23.67,23.95,23.52,23.75,24780
2070-01-29,23.9,24.85,23.52,24.8,40820
2070-01-30,24.76,25.0,24.41,24.93,41607
2070-01-31,24.94,25.18,24.57,24.8,45587
2070-02-01,24.92,25.7,24.9,25.58,44660
2070-02-02,25.58,25.7,24.9,25.62,40837
2070-02-03,25.51,25.59,24.97,25.3,32656
2070-02-04,25.24,25.27,24.28,24.42,50013
2070-02-05,24.43,24.47,23.15,23.38,57716
2070-02-06,23.36,23.82,23.33,23.72,32379
2070-02-07,23.72,24.5,23.72,24.47,38502
2070-02-08,24.45,25.95,24.45,25.74,45936
2070-02-09,25.0,25.12,24.73,25.0,33253
2070-02-10,25.0,25.32,24.37,25.26,47653
2070-02-11,25.21,25.5,24.98,25.45,45704
2070-02-12,25.35,25.5,25.05,25.08,28929
2070-02-13,25.1,25.17,24.67,24.79,20153
2070-02-14,24.7,25.15,24.64,25.1,9265
2070-02-15,24.97,25.38,24.94,25.22,15562
2070-02-16,25.17,25.55,25.12,25.37,22353
2070-02-17,25.29,25.97,25.22,25.92,21477
2070-02-18,25.72,25.78,25.35,25.59,25043
2070-02-19,25.72,26.47,25.63,26.37,43196
2070-02-20,26.27,26.45,26.07,26.23,36554
2070-02-21,26.2,26.65,25.85,26.62,50755
2070-02-22,26.6,26.74,26.25,26.37,43247
2070-02-23,26.32,26.42,25.97,26.09,41900
2070-02-24,26.2,26.5,25.15,25.19,57966
2070-02-25,25.22,25.35,24.9,25.11,34884
2070-02-26,25.12,26.15,24.65,25.95,64702
2070-02-27,25.85,26.0,25.4,25.52,36379
2070-02-28,24.75,24.8,24.25,24.43,49125
2070-03-01,24.38,24.66,24.15,24.22,53336
2070-03-02,24.22,24.58,23.8,24.24,58141
2070-03-03,24.21,24.75,24.15,24.18,45919
2070-03-04,24.1,24.4,24.03,24.05,28430
2070-03-05,24.15,24.26,23.63,23.94,44441
2070-03-06,23.92,24.17,23.84,23.9,23532
2070-03-07,23.89,24.55,23.82,24.47,39325
2070-03-08,24.5,25.0,24.43,24.87,41663
2070-03-09,24.87,24.87,24.1,24.15,51647
2070-03-10,24.09,24.35,23.98,24.15,33582
2070-03-11,24.15,24.43,23.82,24.02,41365
2070-03-12,24.04,24.23,23.8,23.91,37049
2070-03-13,23.92,23.92,23.05,23.1,56676
2070-03-14,23.06,23.23,22.15,22.23,68652
2070-03-15,22.34,22.5,21.65,22.46,55802
2070-03-16,22.43,22.62,22.25,22.42,34449
2070-03-17,22.42,22.75,21.8,21.86,62773
2070-03-18,21.9,22.1,21.5,22.02,44218
2070-03-19,22.12,22.48,22.09,22.41,32520
2070-03-20,21.92,22.27,21.56,22.12,37223
2070-03-21,22.1,22.36,22.0,22.33,32857
2070-03-22,22.28,22.3,21.65,21.69,57403
2070-03-23,21.69,21.75,21.33,21.39,36313
2070-03-24,21.36,21.45,20.65,20.71,52626
2070-03-25,20.68,21.32,20.68,21.0,50258
2070-03-26,21.01,21.4,20.74,21.11,60703
2070-03-27,21.11,21.29,20.84,20.89,30770
2070-03-28,20.84,20.86,20.2,20.3,41922
2070-03-29,20.29,20.5,19.95,20.25,46027
2070-03-30,20.27,20.9,20.08,20.66,55366
2070-03-31,20.64,20.96,20.33,20.49,50658
2070-04-01,20.55,21.15,20.25,20.94,60247
2070-04-02,20.95,21.37,20.8,21.28,49023
2070-04-03,21.24,21.27,20.45,20.49,46648
2070-04-04,20.64,20.64,20.05,20.11,42829
2070-04-05,20.16,20.85,19.85,20.62,55217
2070-04-06,20.65,21.11,20.62,20.7,37720
2070-04-07,20.65,21.45,20.6,21.29,54823
2070-04-08,21.28,21.4,20.85,20.92,26081
2070-04-09,20.85,21.9,20.79,21.77,64694
2070-04-10,21.77,22.35,21.63,21.82,73767
2070-04-11,21.82,22.1,21.46,21.85,58647
2070-04-12,21.74,22.22,21.43,21.51,40982
2070-04-13,21.51,21.59,21.02,21.06,35393
2070-04-14,21.03,21.28,20.95,20.99,39132
2070-04-15,21.01,21.42,20.6,20.64,61168
2070-04-16,20.6,20.85,20.53,20.7,44969
2070-04-17,20.84,20.88,20.35,20.41,32061
2070-04-18,20.41,20.65,20.2,20.28,42606
2070-04-19,20.32,20.42,19.35,19.47,73594
2070-04-20,19.55,19.79,19.38,19.47,53627
2070-04-21,19.47,19.71,18.86,19.12,51286
2070-04-22,19.25,19.62,19.15,19.23,49836
2070-04-23,19.25,19.5,19.2,19.35,32706
2070-04-24,19.38,19.77,19.1,19.27,54103
2070-04-25,19.2,19.95,18.96,19.57,64653
2070-04-26,19.55,19.74,19.45,19.53,31584
2070-04-27,19.62,20.04,19.61,19.9,37084
2070-04-28,19.88,20.1,19.59,19.83,45912
2070-04-29,19.82,19.85,19.33,19.35,33494
2070-04-30,19.38,19.58,19.1,19.42,31789
2070-05-01,19.36,19.73,19.34,19.67,43337
2070-05-02,19.51,20.22,19.51,20.07,55230
2070-05-03,20.09,20.27,19.55,19.59,64730
2070-05-04,19.63,19.78,19.4,19.73,38220
2070-05-05,19.7,20.05,19.67,20.03,34020
2070-05-06,20.06,20.22,19.82,19.99,38059
2070-05-07,19.95,20.03,19.82,19.91,20026
2070-05-08,19.92,20.49,19.83,20.44,55392
2070-05-09,20.4,20.54,20.15,20.21,45978
2070-05-10,20.16,20.3,19.86,19.91,38207
2070-05-11,19.91,20.0,19.34,19.6,60812
2070-05-12,19.58,19.88,19.55,19.63,31838
2070-05-13,19.65,19.84,19.48,19.66,40542
2070-05-14,19.66,19.9,19.57,19.62,35918
2070-05-15,19.63,20.38,19.6,20.34,67862
2070-05-16,20.35,20.55,20.18,20.43,48470
2070-05-17,20.52,21.55,20.48,21.38,58318
2070-05-18,21.38,21.47,21.12,21.37,40839
2070-05-19,21.33,21.48,20.85,21.39,45231
2070-05-20,21.31,21.48,21.18,21.3,34796
2070-05-21,21.27,22.5,21.18,22.18,62798
2070-05-22,22.13,22.15,21.8,21.9,61851
2070-05-23,21.9,22.15,21.52,21.59,67598
2070-05-24,21.63,21.96,21.46,21.86,50261
2070-05-25,21.8,22.08,21.76,21.86,35923
2070-05-26,21.85,21.97,21.53,21.63,38950
2070-05-27,21.57,21.57,20.65,20.79,63556
2070-05-28,20.98,20.98,20.65,20.79,39918
2070-05-29,20.8,21.28,20.57,20.97,54684
2070-05-30,21.03,21.05,20.76,20.88,31765
2070-05-31,20.64,21.17,20.64,20.98,26617
2070-06-01,21.0,21.02,20.28,20.33,72840
2070-06-02,20.28,20.38,20.0,20.12,42854
2070-06-03,20.12,20.2,19.6,19.66,44645
2070-06-04,19.72,19.85,18.7,18.79,74572
2070-06-05,18.86,18.96,18.58,18.68,46161
2070-06-06,18.65,18.98,18.55,18.67,32330
2070-06-07,18.69,19.2,18.4,18.53,57406
2070-06-08,18.56,18.81,18.52,18.69,39404
2070-06-09,18.81,19.17,18.71,18.83,54701
2070-06-10,18.87,19.18,18.77,19.01,32109
2070-06-11,19.01,19.47,19.01,19.23,32952
2070-06-12,19.23,19.3,18.85,18.96,44618
2070-06-13,19.02,19.24,18.8,18.92,54524
2070-06-14,18.93,19.03,18.65,18.89,47044
2070-06-15,19.04,19.22,18.86,19.14,30926
2070-06-16,19.17,19.45,18.92,19.03,37625
2070-06-17,19.0,19.75,18.85,19.52,60492
2070-06-18,19.55,19.6,19.03,19.09,42128
2070-06-19,19.16,19.55,19.12,19.46,41507
2070-06-20,19.4,19.9,19.4,19.8,37018
2070-06-21,19.82,20.27,19.79,20.12,50566
2070-06-22,20.15,20.39,19.91,20.34,56554
2070-06-23,20.33,20.38,19.46,19.56,46727
2070-06-24,19.53,20.4,19.28,19.52,33990
2070-06-25,19.57,19.78,19.45,19.73,34820
2070-06-26,19.71,19.76,19.3,19.46,49504
2070-06-27,19.42,19.52,19.07,19.22,47296
2070-06-28,19.01,19.44,19.01,19.33,30565
2070-06-29,19.42,19.68,18.93,18.99,39269
2070-06-30,18.97,19.8,18.88,19.67,61633
2070-07-01,19.65,19.8,19.47,19.65,48246
2070-07-02,19.61,20.24,19.53,19.99,57722
2070-07-03,20.01,20.04,19.4,19.43,51015
2070-07-04,19.43,19.49,19.25,19.42,41372
2070-07-05,19.44,19.64,19.39,19.48,49752
2070-07-06,19.48,19.71,19.4,19.63,36823
2070-07-07,19.7,19.82,19.58,19.77,27442
2070-07-08,19.67,20.2,19.6,19.89,72842
2070-07-09,19.93,20.07,19.63,19.81,44340
2070-07-10,19.77,20.01,19.77,19.85,27445
2070-07-11,19.86,20.33,19.85,20.3,52222
2070-07-12,20.36,20.5,19.65,20.14,77136
2070-07-13,20.15,20.32,19.88,20.28,36142
2070-07-14,20.3,20.92,19.95,20.75,68019
2070-07-15,20.85,20.94,20.55,20.81,47977
2070-07-16,20.78,20.92,20.4,20.46,42988
2070-07-17,20.46,20.63,20.07,20.09,49648
2070-07-18,20.1,20.15,19.49,19.54,66112
2070-07-19,19.6,19.75,19.55,19.69,29598
2070-07-20,19.7,20.02,19.68,19.99,34110
2070-07-21,19.99,20.3,19.75,20.19,46683
2070-07-22,20.15,20.45,20.06,20.08,49089
2070-07-23,20.03,20.17,19.86,20.07,42677
2070-07-24,20.15,20.2,19.92,20.15,31007
2070-07-25,20.15,20.55,20.14,20.33,44587
2070-07-26,20.33,20.46,20.1,20.21,55152
2070-07-27,20.19,20.22,19.59,19.66,66133
2070-07-28,19.66,19.88,19.63,19.7,40040
2070-07-29,19.75,19.77,19.14,19.26,71007
2070-07-30,19.28,19.42,19.16,19.28,44357
2070-07-31,19.35,19.85,19.17,19.73,67743
2070-08-01,19.8,19.95,19.46,19.58,41292
2070-08-02,19.61,19.76,19.53,19.61,25154
2070-08-03,19.6,19.88,19.38,19.65,39628
2070-08-04,19.65,19.79,19.54,19.61,34597
2070-08-05,19.57,19.69,19.36,19.4,49386
2070-08-06,19.42,19.99,19.32,19.63,67896
2070-08-07,19.65,19.75,19.41,19.45,41857
2070-08-08,19.45,19.61,19.37,19.42,32299
2070-08-09,19.45,19.63,19.35,19.42,41858
2070-08-10,19.39,19.72,19.3,19.37,52342
2070-08-11,19.39,19.47,19.27,19.32,28540
2070-08-12,19.45,19.45,19.23,19.27,31610
2070-08-13,19.26,19.85,19.24,19.61,59103
2070-08-14,19.62,19.67,19.4,19.42,41544
2070-08-15,19.58,19.73,19.5,19.53,35282
2070-08-16,19.5,19.58,19.49,19.53,25337
2070-08-17,19.57,19.87,19.53,19.74,65082
2070-08-18,19.82,19.98,19.75,19.79,40040
2070-08-19,19.82,20.04,19.64,19.94,40401
2070-08-20,19.95,20.47,19.95,20.39,66807
2070-08-21,20.35,20.92,20.3,20.87,70918
2070-08-22,20.87,21.3,20.71,21.26,71233
2070-08-23,21.16,21.48,21.15,21.18,59258
2070-08-24,21.16,21.33,21.01,21.05,46641
2070-08-25,21.03,21.85,20.87,21.77,56963
2070-08-26,21.83,23.15,21.77,22.76,86316
2070-08-27,22.85,23.03,21.65,21.93,63045
2070-08-28,21.83,22.27,21.8,21.96,43294
2070-08-29,21.96,22.34,21.77,22.18,53250
2070-08-30,22.17,22.3,21.81,22.12,54281
2070-08-31,22.03,22.2,21.88,22.1,34327
2070-09-01,21.3,21.54,20.51,20.7,76523
2070-09-02,20.72,20.88,20.5,20.57,44709
2070-09-03,20.59,21.02,20.47,20.97,39484
2070-09-04,21.15,21.75,20.7,20.74,56786
2070-09-05,20.74,20.96,20.62,20.91,48089
2070-09-06,20.88,21.04,20.8,20.86,41110
2070-09-07,20.83,21.57,20.83,21.42,66063
2070-09-08,21.42,21.55,21.05,21.09,39430
2070-09-09,21.12,21.46,20.91,20.97,50002
2070-09-10,20.97,21.42,20.97,21.07,27427
2070-09-11,21.06,21.08,20.15,20.46,95275
2070-09-12,20.41,20.95,20.36,20.71,48477
2070-09-13,20.72,21.25,20.72,21.22,49689
2070-09-14,21.2,21.42,21.06,21.08,36397
2070-09-15,21.3,21.55,20.85,20.96,37274
2070-09-16,20.94,21.03,20.65,20.7,27969
2070-09-17,20.68,20.75,20.28,20.31,41966
2070-09-18,20.55,20.6,20.33,20.39,36687
2070-09-19,20.45,21.06,20.4,20.77,56797
2070-09-20,20.87,21.1,20.35,20.4,43953
2070-09-21,20.54,20.6,20.4,20.49,27621
2070-09-22,20.48,20.79,20.41,20.7,37408
2070-09-23,20.73,21.15,20.7,21.0,51530
2070-09-24,20.9,20.92,20.1,20.26,46537
2070-09-25,20.55,20.63,20.15,20.29,51977
2070-09-26,20.3,20.34,20.05,20.14,53050
2070-09-27,20.16,20.24,19.43,19.59,79581
2070-09-28,19.67,19.82,19.35,19.76,41497
2070-09-29,19.79,19.85,19.63,19.83,20774
2070-09-30,19.89,19.93,19.7,19.73,25592
2070-10-01,19.71,19.72,18.96,19.15,61448
2070-10-02,19.07,19.07,18.56,18.66,54933
2070-10-03,18.75,18.88,18.66,18.76,35526
2070-10-04,18.78,18.91,18.47,18.8,46296
2070-10-05,18.79,18.93,18.55,18.6,40299
2070-10-06,18.55,19.0,18.44,18.71,44873
2070-10-07,18.76,19.07,18.75,18.84,24596
2070-10-08,18.85,18.89,18.62,18.67,30792
2070-10-09,18.65,18.8,18.05,18.14,54826
2070-10-10,18.24,18.33,17.95,18.15,45357
2070-10-11,18.17,18.43,18.15,18.21,32360
2070-10-12,18.16,18.33,18.12,18.17,32699
2070-10-13,18.17,18.25,17.97,18.17,37014
2070-10-14,18.38,18.58,18.15,18.39,41884
2070-10-15,18.43,18.86,18.38,18.74,52883
2070-10-16,18.72,18.88,18.38,18.54,56129
2070-10-17,18.51,18.59,18.3,18.32,21564
2070-10-18,18.28,18.45,18.2,18.33,23370
2070-10-19,18.34,18.42,18.21,18.35,9816
2070-10-20,18.17,18.2,17.58,17.62,39734
2070-10-21,17.61,17.77,17.5,17.6,835
2070-10-22,17.6,17.84,17.5,17.64,24611
2070-10-23,17.35,17.35,16.85,16.89,45390
2070-10-24,16.84,17.32,16.77,16.91,56224
2070-10-25,16.85,17.08,16.62,16.82,52467
2070-10-26,16.82,17.13,16.82,16.97,49350
2070-10-27,16.96,17.1,16.6,16.63,47138
2070-10-28,16.7,16.7,16.3,16.47,55839
2070-10-29,16.5,16.85,16.4,16.43,42769
2070-10-30,16.48,16.7,16.38,16.45,69010
2070-10-31,16.5,16.81,16.31,16.34,43461
2070-11-01,16.55,16.79,16.49,16.69,50953
2070-11-02,17.02,17.06,16.52,16.56,61963
2070-11-03,16.52,16.64,16.3,16.36,52178
2070-11-04,16.36,16.39,15.9,16.04,55616
2070-11-05,16.06,16.25,15.7,15.74,59770
2070-11-06,15.8,17.32,15.8,16.82,94552
2070-11-07,16.8,17.4,16.72,16.98,81045
2070-11-08,16.98,17.49,16.85,17.31,58158
2070-11-09,17.31,18.06,17.31,17.82,73106
2070-11-10,17.84,17.94,16.9,17.21,63739
2070-11-11,17.16,17.2,16.7,17.05,53420
2070-11-12,17.04,17.17,16.45,16.5,48092
2070-11-13,16.55,16.66,16.25,16.37,47618
2070-11-14,16.37,16.88,16.32,16.58,45504
2070-11-15,16.58,17.0,16.54,16.7,51792
2070-11-16,16.61,16.85,16.55,16.63,23653
2070-11-17,16.61,16.73,16.4,16.43,36277
2070-11-18,16.43,16.66,16.05,16.15,56061
2070-11-19,16.15,16.18,15.92,15.96,47570
2070-11-20,15.95,16.23,15.9,16.02,42629
2070-11-21,15.85,15.88,15.52,15.66,49366
2070-11-22,15.95,16.6,15.68,16.45,65514
2070-11-23,16.42,16.84,16.27,16.32,67981
2070-11-24,16.28,16.53,16.15,16.24,60183
2070-11-25,15.88,16.03,15.35,15.37,80132
2070-11-26,15.4,15.56,15.2,15.31,47616
2070-11-27,15.31,15.68,15.26,15.45,46554
2070-11-28,15.48,15.86,15.3,15.35,57787
2070-11-29,15.4,15.58,15.21,15.44,58528
2070-11-30,15.5,15.7,15.32,15.34,32540
2070-12-01,15.31,15.6,15.17,15.27,56588
2070-12-02,15.26,15.47,15.07,15.32,52971
2070-12-03,15.33,15.55,15.26,15.33,39906
2070-12-04,15.33,15.39,14.88,14.91,63457
2070-12-05,14.83,14.83,14.15,14.33,71041
2070-12-06,14.39,14.52,14.22,14.26,46085
2070-12-07,14.26,14.56,14.15,14.18,55601
2070-12-08,14.18,14.36,13.97,14.2,49376
2070-12-09,14.25,14.38,14.01,14.06,37071
2070-12-10,14.05,14.05,13.26,13.28,67455
2070-12-11,13.3,13.37,12.8,13.21,47962
2070-12-12,13.56,14.75,13.56,14.61,96602
2070-12-13,14.55,14.99,14.41,14.6,85539
2070-12-14,14.57,14.82,14.34,14.61,76466
2070-12-15,15.75,17.5,15.75,16.51,110907
2070-12-16,16.36,16.53,15.87,15.92,66219
2070-12-17,15.95,16.5,15.7,16.48,61619
2070-12-18,16.53,17.2,16.48,16.83,101643
2070-12-19,16.9,17.04,16.68,16.76,43644
2070-12-20,16.75,16.9,16.07,16.21,44039
2070-12-21,16.23,16.26,15.56,15.61,66516
2070-12-22,15.6,15.78,15.31,15.54,60874
2070-12-23,15.6,15.8,15.48,15.74,49255
2070-12-24,15.78,16.08,15.75,15.99,51816
2070-12-25,15.95,15.95,15.34,15.45,51773
2070-12-26,15.45,15.48,15.17,15.22,46311
2070-12-27,15.24,15.68,15.16,15.55,53953
2070-12-28,15.56,15.8,15.52,15.56,46893
2070-12-29,15.48,15.68,15.28,15.32,26857
2070-12-30,15.3,15.35,15.1,15.12,43839
2070-12-31,15.33,15.6,15.02,15.46,61770
2071-01-01,16.28,16.57,15.85,15.91,73987
2071-01-02,15.82,16.07,15.82,15.91,47501
2071-01-03,15.91,16.22,15.76,15.98,77888
2071-01-04,15.97,16.0,15.5,15.54,49923
2071-01-05,15.55,15.7,15.03,15.19,97354
2071-01-06,15.26,15.36,15.04,15.09,52867
2071-01-07,15.09,15.45,14.95,15.32,56208
2071-01-08,15.39,15.8,15.37,15.74,47785
2071-01-09,15.75,15.8,15.25,15.32,55704
2071-01-10,15.31,15.49,15.06,15.39,47105
2071-01-11,15.48,16.3,15.44,16.13,91541
2071-01-12,16.1,16.1,15.74,15.95,48746
2071-01-13,15.82,15.92,15.23,15.47,80351
2071-01-14,15.44,15.54,15.16,15.37,57721
2071-01-15,15.31,15.68,15.2,15.24,70226
2071-01-16,15.23,15.37,15.11,15.13,44375
2071-01-17,15.11,15.49,14.9,15.17,54128
2071-01-18,15.2,15.39,15.11,15.24,34515
2071-01-19,15.24,15.32,14.9,14.95,49521
2071-01-20,14.93,15.3,14.77,15.08,51762
2071-01-21,15.81,15.89,15.25,15.32,68387
2071-01-22,15.32,15.38,14.98,15.11,72082
2071-01-23,15.12,15.42,14.9,15.01,92393
2071-01-24,14.7,15.08,14.13,14.18,90840
2071-01-25,14.27,14.67,14.18,14.63,77385
2071-01-26,14.62,14.9,14.41,14.78,58644
2071-01-27,14.83,14.9,14.31,14.82,49865
2071-01-28,14.89,15.07,14.76,14.99,47787
2071-01-29,14.99,15.07,14.66,14.85,46773
2071-01-30,14.87,15.25,14.7,15.2,56749
2071-01-31,15.2,15.23,14.74,14.96,57993
2071-02-01,14.96,15.1,14.78,14.84,31183
2071-02-02,14.84,14.95,14.47,14.81,57295
2071-02-03,14.86,15.57,14.85,15.12,86751
2071-02-04,15.15,15.4,15.02,15.07,41935
2071-02-05,15.02,15.02,14.53,14.55,54592
2071-02-06,14.5,14.55,13.81,13.85,76419
2071-02-07,13.77,13.94,13.12,13.48,70515
2071-02-08,13.45,13.6,12.7,12.75,66644
2071-02-09,12.67,12.99,12.5,12.59,52227
2071-02-10,12.7,12.7,11.4,11.56,67278
2071-02-11,11.7,12.35,11.55,11.98,58573
2071-02-12,12.15,13.1,12.05,12.6,74203
2071-02-13,13.64,13.68,13.05,13.13,56941
2071-02-14,13.15,13.4,13.06,13.17,55083
2071-02-15,13.2,13.99,13.15,13.65,83172
2071-02-16,13.66,14.83,13.66,14.52,95796
2071-02-17,14.55,14.83,14.12,14.6,67029
2071-02-18,14.5,14.55,13.75,14.03,67502
2071-02-19,14.08,14.3,13.86,14.13,40895
2071-02-20,14.15,14.45,13.87,14.07,23683
2071-02-21,14.12,14.55,14.09,14.18,47912
2071-02-22,14.3,14.4,14.13,14.37,35223
2071-02-23,14.37,14.67,14.36,14.5,34154
2071-02-24,14.45,14.74,13.88,13.92,40127
2071-02-25,13.89,13.92,13.6,13.62,50333
2071-02-26,13.7,14.16,13.58,13.85,60220
2071-02-27,13.87,14.14,13.75,13.88,49986
2071-02-28,13.88,14.08,13.85,13.87,34614
2071-03-01,13.65,14.05,13.55,13.91,47442
2071-03-02,13.93,14.74,13.91,14.55,77006
2071-03-03,14.56,15.0,14.56,14.87,62896
2071-03-04,14.88,14.93,14.48,14.52,46467
2071-03-05,14.7,14.75,14.25,14.3,52517
2071-03-06,14.3,14.33,13.55,13.63,77373
2071-03-07,13.74,14.08,13.64,14.04,66731
2071-03-08,14.15,14.24,13.62,14.16,52666
2071-03-09,14.16,14.28,13.75,13.88,67035
2071-03-10,13.87,13.96,13.71,13.87,44911
2071-03-11,13.95,14.25,13.92,14.22,31281
2071-03-12,14.29,14.45,14.1,14.27,46813
2071-03-13,14.26,14.28,13.96,14.09,35420
2071-03-14,14.07,14.48,13.97,14.21,57544
2071-03-15,14.21,14.35,14.11,14.21,30546
2071-03-16,14.23,14.25,13.64,13.7,62055
2071-03-17,13.67,13.88,13.67,13.75,37558
2071-03-18,13.81,14.15,13.54,13.68,77145
2071-03-19,13.68,13.92,13.64,13.76,35578
2071-03-20,13.78,13.95,13.76,13.8,30473
2071-03-21,13.81,13.85,13.02,13.05,70219
2071-03-22,13.09,13.1,12.56,12.76,68744
2071-03-23,12.9,12.97,12.69,12.71,38635
2071-03-24,12.71,13.5,12.69,13.21,59477
2071-03-25,13.24,13.42,12.99,13.35,56970
2071-03-26,13.39,13.5,13.09,13.2,41635
2071-03-27,13.48,13.54,13.17,13.2,39433
2071-03-28,13.22,13.48,13.22,13.36,54215
2071-03-29,13.38,13.89,13.3,13.8,86359
2071-03-30,13.8,14.0,13.2,13.37,52099
2071-03-31,13.37,13.67,13.29,13.64,34026
2071-04-01,13.66,13.85,13.55,13.77,42256
2071-04-02,13.75,13.84,13.36,13.58,45185
2071-04-03,13.6,13.6,13.0,13.23,63603
2071-04-04,13.25,13.52,13.08,13.5,46521
2071-04-05,13.5,13.58,13.18,13.34,37531
2071-04-06,13.27,13.78,13.14,13.73,80043
2071-04-07,13.7,13.78,13.55,13.67,54593
2071-04-08,13.67,14.76,13.62,14.67,87593
2071-04-09,14.7,14.97,14.44,14.59,54897
2071-04-10,14.4,14.58,14.21,14.29,41819
2071-04-11,14.23,14.49,14.1,14.12,53261
2071-04-12,14.16,14.89,14.13,14.67,66319
2071-04-13,14.65,15.11,14.28,14.34,68976
2071-04-14,14.34,14.68,14.34,14.42,43002
2071-04-15,14.4,14.75,14.32,14.57,46934
2071-04-16,14.57,14.78,14.41,14.53,58436
2071-04-17,14.58,14.92,14.53,14.86,46367
2071-04-18,14.97,15.67,14.97,15.62,72190
2071-04-19,15.61,15.88,15.46,15.67,62725
2071-04-20,15.64,15.95,15.45,15.84,62725
2071-04-21,15.85,16.1,15.7,15.81,62767
2071-04-22,15.79,16.2,15.61,15.98,74836
2071-04-23,15.98,16.11,15.66,15.75,50039
2071-04-24,15.8,16.1,15.52,15.64,38478
2071-04-25,15.7,16.0,15.43,15.98,65946
2071-04-26,15.98,16.18,15.78,16.14,52805
2071-04-27,16.15,16.36,15.25,15.43,98523
2071-04-28,15.46,15.67,15.23,15.64,46691
2071-04-29,15.65,15.73,15.11,15.39,51376
2071-04-30,15.38,15.56,15.17,15.5,148786
2071-05-01,15.52,15.59,15.02,15.06,51614
2071-05-02,15.06,15.08,14.37,14.42,84070
2071-05-03,14.48,14.62,14.14,14.58,57912
2071-05-04,14.36,14.58,14.05,14.23,52090
2071-05-05,14.26,14.34,14.0,14.05,46838
2071-05-06,14.06,14.18,13.88,14.05,48266
2071-05-07,14.27,14.48,14.2,14.33,38004
2071-05-08,14.33,14.57,13.5,13.53,113783
2071-05-09,13.51,13.7,13.28,13.52,88973
2071-05-10,13.51,14.4,13.4,14.08,96399
2071-05-11,14.08,14.18,13.83,13.97,53961
2071-05-12,13.96,14.32,13.94,14.05,40736
2071-05-13,14.08,14.49,14.05,14.23,54871
2071-05-14,14.23,14.58,13.9,14.13,74468
2071-05-15,14.15,14.3,13.92,14.29,47225
2071-05-16,14.32,14.42,14.05,14.24,42855
2071-05-17,14.24,14.45,13.86,14.42,72251
2071-05-18,14.73,14.81,14.3,14.36,60911
2071-05-19,14.36,14.42,14.1,14.2,50299
2071-05-20,14.23,14.3,13.92,14.14,58100
2071-05-21,14.12,14.2,13.84,13.97,57660
2071-05-22,13.9,14.24,13.75,13.87,83136
2071-05-23,14.12,14.12,13.34,13.38,58096
2071-05-24,13.35,13.64,13.23,13.52,58322
2071-05-25,13.54,13.94,13.52,13.84,55004
2071-05-26,13.85,14.22,13.45,13.57,89261
2071-05-27,13.3,13.44,12.78,12.82,62128
2071-05-28,12.79,12.91,12.4,12.45,44021
2071-05-29,12.75,13.05,12.38,12.76,102376
2071-05-30,12.78,12.98,12.68,12.74,68146
2071-05-31,12.74,12.95,12.58,12.89,34170
2071-06-01,13.0,13.1,12.4,12.45,53827
2071-06-02,12.44,12.53,12.11,12.12,47468
2071-06-03,12.13,12.36,11.63,11.86,69884
2071-06-04,11.85,11.98,10.82,11.22,76038
2071-06-05,11.28,11.43,10.85,11.13,63854
2071-06-06,11.13,11.32,10.95,11.24,46590
2071-06-07,11.28,11.65,11.15,11.19,75012
2071-06-08,11.18,11.36,11.11,11.17,37022
2071-06-09,11.22,11.55,10.83,11.47,72768
2071-06-10,11.54,11.83,11.26,11.3,72039
2071-06-11,11.31,11.46,11.12,11.16,54097
2071-06-12,11.15,11.25,10.68,10.72,93692
2071-06-13,10.74,11.02,10.65,10.79,51055
2071-06-14,11.0,11.34,10.84,11.29,64536
2071-06-15,11.29,11.69,11.18,11.55,58199
2071-06-16,11.52,12.6,11.5,12.38,88398
2071-06-17,12.72,12.94,11.3,11.37,86352
2071-06-18,11.4,11.57,11.05,11.26,70850
2071-06-19,11.15,11.44,10.75,11.02,72177
2071-06-20,11.0,11.25,10.98,11.12,32121
2071-06-21,11.12,11.47,11.12,11.33,31427
2071-06-22,11.33,11.4,11.15,11.23,17137
2071-06-23,11.25,11.56,11.24,11.46,27812
2071-06-24,11.54,11.74,11.45,11.72,35194
2071-06-25,11.75,11.81,11.43,11.75,34351
2071-06-26,11.7,12.14,11.6,12.05,30851
2071-06-27,12.15,12.42,12.06,12.34,59106
2071-06-28,12.37,12.42,11.93,11.99,19539
2071-06-29,12.02,12.85,12.02,12.8,81376
2071-06-30,12.82,13.25,12.55,13.09,99359
2071-07-01,13.01,13.25,12.78,13.07,59846
2071-07-02,13.03,13.75,12.92,13.44,72751
2071-07-03,13.5,13.5,12.85,12.89,59863
2071-07-04,12.81,12.95,12.17,12.31,74441
2071-07-05,12.32,12.54,12.1,12.15,60480
2071-07-06,12.21,12.35,12.06,12.11,28631
2071-07-07,12.15,12.58,12.08,12.19,68534
2071-07-08,12.18,12.23,11.84,11.87,84222
2071-07-09,11.9,12.55,11.86,12.46,102884
2071-07-10,12.49,12.81,12.12,12.69,87323
2071-07-11,12.75,12.78,12.38,12.44,37243
2071-07-12,12.45,12.55,11.96,12.06,58903
2071-07-13,12.1,12.44,11.95,12.32,64087
2071-07-14,12.35,12.47,12.21,12.45,30630
2071-07-15,12.45,12.8,12.35,12.75,53292
2071-07-16,12.79,12.9,12.33,12.37,57121
2071-07-17,12.33,12.35,12.11,12.3,46202
2071-07-18,12.29,12.69,12.11,12.38,62878
2071-07-19,12.38,12.43,11.99,12.02,57065
2071-07-20,12.0,12.1,11.7,11.8,78864
2071-07-21,11.81,11.94,11.57,11.67,52207
2071-07-22,11.67,11.79,11.54,11.68,43121
2071-07-23,11.68,11.94,11.62,11.75,49081
2071-07-24,11.76,11.98,11.68,11.85,51437
2071-07-25,11.91,12.07,11.85,11.88,34697
2071-07-26,11.92,11.96,11.33,11.37,59581
2071-07-27,11.37,11.65,11.26,11.53,58609
2071-07-28,11.63,12.33,11.53,12.17,69434
2071-07-29,12.13,12.19,11.88,11.9,56625
2071-07-30,11.95,12.18,11.86,12.07,53321
2071-07-31,12.13,12.57,12.12,12.48,82882
2071-08-01,12.49,12.74,12.26,12.61,65511
2071-08-02,12.62,12.8,12.41,12.68,67581
2071-08-03,12.69,12.73,12.24,12.27,64878
2071-08-04,12.35,12.55,12.18,12.24,43553
2071-08-05,12.24,12.55,12.18,12.51,48377
2071-08-06,12.56,12.99,12.54,12.93,94238
2071-08-07,12.93,13.5,12.78,13.35,104796
2071-08-08,13.34,13.5,13.26,13.3,65398
2071-08-09,13.42,14.03,13.41,13.63,97317
2071-08-10,13.63,14.03,13.36,13.85,91433
2071-08-11,13.83,14.75,13.68,14.69,111556
2071-08-12,14.65,14.8,14.27,14.31,80366
2071-08-13,14.25,15.11,14.23,14.49,86492
2071-08-14,14.5,14.7,14.23,14.45,57408
2071-08-15,14.46,14.52,14.3,14.46,42774
2071-08-16,14.42,15.15,14.4,15.05,58430
2071-08-17,15.55,15.62,14.9,15.1,92480
2071-08-18,15.1,15.4,14.93,15.36,61320
2071-08-19,15.38,15.77,15.1,15.74,77768
2071-08-20,15.55,15.73,15.43,15.51,62449
2071-08-21,15.72,15.83,15.07,15.34,86790
2071-08-22,15.27,15.73,15.12,15.67,70121
2071-08-23,15.95,16.2,15.68,16.17,70868
2071-08-24,16.3,16.48,15.93,16.44,61730
2071-08-25,16.34,16.84,16.17,16.8,63898
2071-08-26,16.5,17.05,16.4,16.76,75019
2071-08-27,16.45,16.69,16.28,16.64,53751
2071-08-28,16.6,17.03,16.52,16.95,46803
2071-08-29,16.8,16.95,16.65,16.81,51371
2071-08-30,16.55,16.64,15.98,16.03,83075
2071-08-31,16.1,16.25,15.61,15.83,77180
2071-09-01,16.09,16.84,16.0,16.57,84868
2071-09-02,16.48,16.62,16.33,16.4,44028
2071-09-03,16.64,16.8,16.43,16.72,65336
2071-09-04,16.51,16.51,16.12,16.47,86640
2071-09-05,16.68,17.0,16.42,16.87,75114
2071-09-06,16.9,17.5,16.72,17.34,94165
2071-09-07,17.35,17.8,17.3,17.63,87297
2071-09-08,17.6,17.78,17.4,17.48,90176
2071-09-09,17.41,18.05,17.31,17.92,90512
2071-09-10,17.88,18.22,17.75,18.18,63030
2071-09-11,18.17,18.18,17.83,17.94,59722
2071-09-12,17.91,17.99,17.45,17.66,59356
2071-09-13,17.7,17.83,17.55,17.81,54960
2071-09-14,17.94,18.54,17.94,18.45,76095
2071-09-15,18.4,18.58,18.26,18.53,57591
2071-09-16,18.53,18.83,18.1,18.66,89800
2071-09-17,18.59,19.0,18.5,18.85,55409
2071-09-18,18.85,18.98,18.7,18.92,60529
2071-09-19,18.9,19.05,18.45,18.98,90239
2071-09-20,18.93,18.93,18.2,18.32,91975
2071-09-21,18.34,18.35,17.85,18.22,78173
2071-09-22,18.3,18.55,18.0,18.5,56076
2071-09-23,18.55,18.6,17.75,18.06,88295
2071-09-24,18.0,18.06,17.33,17.57,91579
2071-09-25,17.51,18.1,17.4,18.03,71523
2071-09-26,18.03,18.4,17.77,18.04,65169
2071-09-27,17.91,18.0,17.63,17.94,58073
2071-09-28,17.72,17.74,16.96,17.05,91696
2071-09-29,17.07,17.25,16.85,16.89,70989
2071-09-30,16.85,17.36,16.71,17.07,117797
2071-10-01,17.12,17.43,17.08,17.41,51897
2071-10-02,17.35,17.43,17.04,17.06,54527
2071-10-03,17.0,17.18,16.77,17.14,63919
2071-10-04,17.12,17.55,17.1,17.35,62486
2071-10-05,17.34,17.48,17.15,17.17,45740
2071-10-06,17.15,17.19,16.8,16.84,49746
2071-10-07,16.8,16.88,16.21,16.34,80764
2071-10-08,16.31,16.74,16.25,16.65,57803
2071-10-09,16.69,16.75,16.48,16.74,50060
2071-10-10,16.76,17.38,16.72,17.32,69479
2071-10-11,17.31,18.08,17.28,17.86,75781
2071-10-12,17.87,18.07,17.63,17.66,68599
2071-10-13,17.67,18.03,17.46,17.99,79189
2071-10-14,17.93,18.17,17.77,17.85,63866
2071-10-15,17.8,18.45,17.7,18.43,84408
2071-10-16,18.52,18.75,18.25,18.33,51456
2071-10-17,18.28,18.65,18.16,18.55,52482
2071-10-18,18.55,18.74,17.9,17.94,89595
2071-10-19,17.99,18.25,17.86,18.19,71275
2071-10-20,18.51,18.55,18.08,18.18,58590
2071-10-21,18.18,18.2,17.76,17.91,67685
2071-10-22,17.9,18.05,17.72,17.75,79348
2071-10-23,17.75,18.49,17.73,18.45,83396
2071-10-24,18.4,18.63,18.24,18.29,57533
2071-10-25,18.29,18.42,18.21,18.39,35127
2071-10-26,18.39,18.41,18.18,18.23,34046
2071-10-27,18.21,18.5,18.2,18.44,48292
2071-10-28,18.45,19.37,18.43,19.29,109532
2071-10-29,19.35,19.56,19.22,19.39,75627
2071-10-30,19.31,19.7,19.25,19.69,47374
2071-10-31,19.95,20.08,19.51,19.78,78569
2071-11-01,19.78,19.84,19.57,19.77,58941
2071-11-02,19.8,20.25,19.65,19.71,73013
2071-11-03,19.75,19.98,19.43,19.94,66745
2071-11-04,19.93,19.97,19.66,19.91,11689
2071-11-05,19.91,20.25,19.86,20.15,68914
2071-11-06,20.15,20.45,19.82,19.92,87819
2071-11-07,19.91,20.25,19.58,20.16,85783
2071-11-08,20.42,20.8,20.21,20.72,93424
2071-11-09,20.62,20.87,20.51,20.65,84532
2071-11-10,20.61,20.61,19.55,19.75,146923
2071-11-11,19.75,19.86,19.22,19.65,112778
2071-11-12,19.71,19.98,19.52,19.94,66981
2071-11-13,19.99,20.65,19.99,20.63,70477
2071-11-14,20.45,20.69,20.31,20.52,50891
2071-11-15,20.49,20.51,20.09,20.38,66177
2071-11-16,20.35,20.75,20.2,20.54,79130
2071-11-17,20.57,21.12,20.56,20.97,82039
2071-11-18,20.96,21.1,20.45,20.53,58138
2071-11-19,20.4,20.57,20.1,20.45,61877
2071-11-20,20.46,20.56,20.12,20.3,51941
2071-11-21,20.3,20.75,20.1,20.44,58939
2071-11-22,20.45,20.64,20.31,20.56,38895
2071-11-23,20.61,20.92,20.37,20.88,67216
2071-11-24,20.82,21.3,20.76,21.27,53953
2071-11-25,21.26,21.35,20.99,21.3,66276
2071-11-26,21.2,21.79,21.15,21.52,89140
2071-11-27,21.47,21.63,21.32,21.48,66636
2071-11-28,21.44,21.93,21.3,21.67,83708
2071-11-29,21.75,21.75,21.33,21.36,47475
2071-11-30,21.32,21.78,21.16,21.74,77470
2071-12-01,21.88,21.95,21.66,21.73,51806
2071-12-02,21.75,22.12,21.67,21.97,75586
2071-12-03,21.97,22.16,21.76,21.88,99818
2071-12-04,21.88,22.11,21.74,21.84,51594
2071-12-05,21.84,21.93,21.42,21.47,46623
2071-12-06,21.46,21.58,20.4,20.58,113076
2071-12-07,20.6,21.0,20.49,20.95,59821
2071-12-08,21.02,21.3,20.77,21.27,57070
2071-12-09,21.35,22.08,21.2,22.01,82645
2071-12-10,21.9,22.28,21.8,22.11,68136
2071-12-11,22.11,22.29,21.76,21.99,66413
2071-12-12,21.9,21.9,21.42,21.49,58636
2071-12-13,21.5,22.04,21.49,22.0,36880
2071-12-14,22.04,22.75,21.96,22.61,65479
2071-12-15,22.59,22.87,22.37,22.66,57589
2071-12-16,22.58,23.35,22.58,23.2,89497
2071-12-17,23.19,23.6,22.95,23.55,73976
2071-12-18,23.5,24.3,23.0,24.21,94488
2071-12-19,24.12,24.41,23.53,23.86,98672
2071-12-20,23.85,24.51,23.35,24.13,89195
2071-12-21,24.09,24.8,24.03,24.51,69560
2071-12-22,24.02,24.66,23.88,24.18,69081
2071-12-23,24.1,24.44,23.81,23.85,57927
2071-12-24,23.82,24.32,23.48,23.94,102665
2071-12-25,23.9,24.38,23.9,24.12,59546
2071-12-26,24.16,24.99,24.16,24.87,67491
2071-12-27,24.65,24.96,24.55,24.76,57596
2071-12-28,24.7,24.82,24.45,24.61,48430
2071-12-29,24.58,24.63,24.15,24.33,59293
2071-12-30,24.3,25.12,24.26,24.69,74859
2071-12-31,24.57,24.7,24.24,24.51,55041
2072-01-01,24.45,24.85,24.4,24.54,36147
2072-01-02,24.43,24.54,23.65,23.76,66405
2072-01-03,23.72,23.79,22.78,23.45,110324
2072-01-04,23.5,23.6,23.18,23.27,52108
2072-01-05,23.27,23.3,22.35,22.45,85062
2072-01-06,22.42,22.46,20.75,20.9,109647
2072-01-07,21.43,22.35,21.43,22.3,82913
2072-01-08,22.4,23.16,22.33,23.06,81819
2072-01-09,22.92,23.1,22.4,22.45,66756
2072-01-10,22.45,22.9,21.93,22.82,69870
2072-01-11,22.85,23.0,22.45,22.71,64160
2072-01-12,22.62,22.8,22.28,22.34,83804
2072-01-13,22.48,22.72,22.04,22.48,88853
2072-01-14,22.46,22.84,22.39,22.61,45009
2072-01-15,22.63,23.52,22.63,23.45,77410
2072-01-16,23.45,23.86,23.3,23.35,58631
2072-01-17,23.3,23.54,23.16,23.19,58357
2072-01-18,23.16,23.34,22.9,22.92,79075
2072-01-19,22.9,22.95,21.64,21.68,111744
2072-01-20,21.65,22.05,21.55,21.75,80547
2072-01-21,22.0,22.55,21.77,22.51,60501
2072-01-22,22.51,22.77,22.3,22.39,66506
2072-01-23,22.31,22.83,22.15,22.56,78909
2072-01-24,22.59,23.23,22.52,23.13,80425
2072-01-25,23.12,23.5,22.8,23.0,75316
2072-01-26,22.94,23.33,22.73,23.27,59531
2072-01-27,23.27,24.07,23.27,24.03,89519
2072-01-28,24.11,24.98,24.0,24.47,86251
2072-01-29,24.32,24.95,24.06,24.91,69649
2072-01-30,24.9,25.45,24.9,25.12,68779
2072-01-31,25.16,25.76,24.94,25.7,94712
2072-02-01,25.75,26.72,25.75,26.6,79384
2072-02-02,26.55,26.8,25.75,25.8,62101
2072-02-03,25.8,27.0,25.63,26.56,106949
2072-02-04,26.14,27.15,26.14,27.07,76254
2072-02-05,27.05,27.05,26.38,26.44,87499
2072-02-06,26.38,27.1,26.38,26.87,49606
2072-02-07,26.35,26.35,25.96,25.96,53665
2072-02-08,25.89,26.3,24.5,24.59,113361
2072-02-09,24.63,25.25,24.05,25.0,80895
2072-02-10,25.0,25.85,24.97,25.82,66112
2072-02-11,25.77,26.0,25.63,25.81,57534
2072-02-12,25.82,26.72,25.77,26.66,68663
2072-02-13,26.66,26.67,26.0,26.22,73433
2072-02-14,25.45,25.8,25.25,25.73,56939
2072-02-15,25.86,26.9,25.78,26.36,74359
2072-02-16,26.3,26.95,26.15,26.83,59709
2072-02-17,26.86,27.0,25.95,26.74,62199
2072-02-18,26.74,26.74,26.35,26.54,42917
2072-02-19,26.32,26.4,26.05,26.26,30866
2072-02-20,26.3,26.45,25.4,25.5,46073
2072-02-21,25.5,26.0,25.12,25.87,31677
2072-02-22,26.01,26.38,25.92,26.33,19211
2072-02-23,26.35,26.85,26.31,26.82,31812
2072-02-24,26.75,26.85,26.25,26.47,16566
2072-02-25,26.3,26.55,25.3,25.6,52930
2072-02-26,25.2,25.69,24.71,25.55,74788
2072-02-27,25.5,25.61,24.87,24.91,70944
2072-02-28,24.8,25.35,24.51,24.78,85252
2072-02-29,24.65,25.0,24.15,24.22,91828
2072-03-01,24.22,24.75,24.02,24.67,68901
2072-03-02,24.71,25.8,24.67,25.77,106490
2072-03-03,25.73,26.55,25.38,26.28,93757
2072-03-04,26.28,27.12,26.2,26.69,90217
2072-03-05,26.8,28.1,26.61,28.02,68806
2072-03-06,28.03,29.0,27.96,28.85,65196
2072-03-07,28.8,29.68,28.55,29.54,69987
2072-03-08,29.4,29.95,28.8,29.66,96694
2072-03-09,27.85,29.1,27.7,28.2,90972
2072-03-10,28.23,28.55,27.51,27.83,57640
2072-03-11,27.78,28.55,27.35,28.28,54486
2072-03-12,28.29,28.7,27.8,27.84,67173
2072-03-13,27.78,28.1,27.19,27.32,89124
2072-03-14,27.22,27.55,26.95,27.22,67368
2072-03-15,27.6,28.4,27.6,28.22,76405
2072-03-16,28.22,28.65,27.45,27.55,97352
2072-03-17,27.56,28.4,27.41,28.03,77935
2072-03-18,28.17,28.87,27.75,28.82,67033
2072-03-19,28.71,28.9,28.25,28.45,60114
2072-03-20,28.44,28.49,27.91,28.02,66132
2072-03-21,28.0,28.85,27.7,28.77,86908
2072-03-22,28.6,29.48,28.6,29.43,75868
2072-03-23,29.42,29.94,29.02,29.44,76425
2072-03-24,29.44,30.3,29.35,30.25,58300
2072-03-25,30.28,30.45,29.8,30.06,56968
2072-03-26,30.02,30.24,29.35,30.05,85800
2072-03-27,29.41,29.6,29.05,29.51,36481
2072-03-28,29.2,30.3,28.85,29.62,165143
2072-03-29,28.88,29.45,28.7,29.39,54122
2072-03-30,29.3,30.15,29.3,29.97,70505
2072-03-31,29.92,30.85,29.7,30.35,75783
2072-04-01,30.2,30.59,29.82,30.13,56874
2072-04-02,30.19,30.63,30.1,30.43,50372
2072-04-03,30.49,31.8,30.33,31.77,73329
2072-04-04,31.74,32.15,31.26,31.69,58870
2072-04-05,31.61,31.84,30.92,31.51,63191
2072-04-06,31.34,32.2,31.11,32.18,57809
2072-04-07,32.11,34.25,32.07,34.13,77859
2072-04-08,32.05,32.25,31.2,31.69,67268
2072-04-09,31.71,31.92,30.6,30.72,65989
2072-04-10,30.67,31.2,30.13,31.09,72177
2072-04-11,31.12,31.4,30.56,30.91,53851
2072-04-12,30.71,30.71,29.3,29.43,63583
2072-04-13,29.6,29.65,27.25,28.0,87271
2072-04-14,27.8,28.25,27.25,27.46,79373
2072-04-15,27.4,27.78,27.2,27.31,55693
2072-04-16,27.32,28.15,27.32,28.02,59199
2072-04-17,28.0,28.02,27.18,27.79,39487
2072-04-18,27.71,27.94,27.01,27.09,64091
2072-04-19,27.09,27.26,26.05,26.45,64091
2072-04-20,26.45,26.75,26.24,26.7,47790
2072-04-21,26.6,27.15,26.23,26.9,75234
2072-04-22,26.85,27.12,26.35,26.43,31459
2072-04-23,26.39,26.39,25.45,25.45,69048
2072-04-24,25.32,25.87,25.11,25.83,79626
2072-04-25,25.85,26.1,25.53,25.69,48987
2072-04-26,25.64,25.78,24.85,25.04,69402
2072-04-27,24.9,24.9,23.7,23.85,75603
2072-04-28,23.89,24.38,23.79,24.14,68693
2072-04-29,24.24,25.5,24.07,25.41,71022
2072-04-30,25.41,25.96,25.2,25.38,77397
2072-05-01,25.27,25.8,25.1,25.57,66748
2072-05-02,26.0,26.27,25.4,26.11,45650
2072-05-03,25.95,27.5,25.8,27.35,126718
2072-05-04,25.79,25.98,25.49,25.88,47697
2072-05-05,25.88,26.18,25.82,26.04,24245
2072-05-06,26.06,26.07,25.3,25.33,51322
2072-05-07,25.31,25.35,24.6,24.65,77426
2072-05-08,24.66,25.5,24.6,25.42,58659
2072-05-09,25.45,26.09,25.45,25.74,60470
2072-05-10,25.74,26.0,25.52,25.87,29437
2072-05-11,25.86,27.08,25.8,26.89,80094
2072-05-12,26.89,27.39,26.65,26.75,71083
2072-05-13,26.68,27.25,26.54,26.98,50930
2072-05-14,26.99,27.4,26.76,27.29,46031
2072-05-15,27.3,28.15,27.05,28.09,60203
2072-05-16,28.15,28.93,27.7,28.65,70408
2072-05-17,28.65,28.69,28.03,28.1,62977
2072-05-18,28.13,29.42,28.0,29.11,83212
2072-05-19,29.12,30.0,28.82,29.62,80404
2072-05-20,29.42,30.04,29.13,29.92,47413
2072-05-21,29.82,30.25,29.6,29.73,51959
2072-05-22,29.73,29.85,29.07,29.32,67347
2072-05-23,29.42,30.48,29.3,30.33,49335
2072-05-24,30.4,30.44,29.35,29.89,40407
2072-05-25,29.76,29.8,28.18,28.61,73850
2072-05-26,28.7,28.93,28.35,28.78,51693
2072-05-27,28.86,30.0,28.86,29.93,71060
2072-05-28,30.05,30.55,29.67,30.51,60373
2072-05-29,30.53,30.82,29.7,30.0,48226
2072-05-30,30.0,30.45,29.91,30.35,49355
2072-05-31,30.15,30.77,28.95,29.01,89817
2072-06-01,29.0,30.25,28.87,30.14,67232
2072-06-02,30.14,30.67,29.78,30.35,59863
2072-06-03,30.19,30.19,29.47,29.7,64810
2072-06-04,29.66,30.23,29.52,29.75,51278
2072-06-05,29.84,30.18,28.9,29.95,85183
2072-06-06,29.98,30.47,29.5,29.78,77283
2072-06-07,29.75,30.3,29.52,30.2,53424
2072-06-08,30.48,31.8,30.27,31.74,76201
2072-06-09,31.8,32.85,31.65,32.56,100474
2072-06-10,31.61,33.4,31.36,33.05,201642
2072-06-11,30.52,31.95,30.25,31.37,88912
2072-06-12,31.37,32.25,30.97,32.19,59229
2072-06-13,32.25,32.7,31.9,32.25,62021
2072-06-14,32.26,32.7,31.59,31.63,44551
2072-06-15,31.58,32.42,31.06,32.06,69098
2072-06-16,32.09,32.5,31.75,31.9,51322
2072-06-17,31.88,32.9,31.6,32.72,60457
2072-06-18,32.77,32.95,32.4,32.5,54557
2072-06-19,31.15,31.3,30.25,30.67,72080
2072-06-20,30.76,31.4,29.8,29.99,86321
2072-06-21,30.1,30.38,29.48,30.28,66051
2072-06-22,29.99,30.15,29.53,29.69,57690
2072-06-23,29.75,29.79,29.18,29.7,81310
2072-06-24,29.71,30.4,29.25,30.32,81089
2072-06-25,30.32,31.5,30.05,31.47,113773
2072-06-26,31.5,31.6,31.02,31.4,58630
2072-06-27,31.05,31.15,30.62,30.83,52380
2072-06-28,30.74,32.35,30.68,31.94,72244
2072-06-29,31.82,32.03,30.98,31.42,61534
2072-06-30,31.3,31.68,30.25,30.93,192160
2072-07-01,29.66,29.72,28.51,28.56,83570
2072-07-02,28.51,28.69,27.96,28.02,70041
2072-07-03,28.01,28.4,27.87,27.95,53044
2072-07-04,27.96,28.5,27.74,27.81,64074
2072-07-05,27.93,28.3,27.77,28.02,47976
2072-07-06,28.12,28.59,28.01,28.18,56882
2072-07-07,28.17,28.33,27.35,27.43,64980
2072-07-08,27.36,28.03,27.26,27.79,62861
2072-07-09,27.79,28.6,27.75,28.26,65175
2072-07-10,28.24,28.9,28.15,28.66,64134
2072-07-11,28.75,30.0,28.7,29.96,82552
2072-07-12,29.91,30.16,28.82,28.91,56351
2072-07-13,28.8,29.34,28.66,29.12,53680
2072-07-14,29.15,30.48,29.11,30.35,75505
2072-07-15,30.35,31.52,30.09,31.34,81740
2072-07-16,31.23,31.85,30.9,31.02,79682
2072-07-17,31.03,32.0,30.64,31.94,65445
2072-07-18,31.9,32.7,31.55,31.67,62650
2072-07-19,31.69,31.9,31.1,31.8,55779
2072-07-20,31.76,32.75,31.76,31.94,64298
2072-07-21,31.94,32.43,31.6,31.99,52651
2072-07-22,31.91,33.0,31.82,32.47,45770
2072-07-23,32.42,32.88,31.1,31.22,95207
2072-07-24,31.19,32.8,31.1,32.02,79385
2072-07-25,32.13,32.25,31.4,31.63,72978
2072-07-26,31.63,32.15,31.47,32.03,44601
2072-07-27,31.96,32.9,31.83,32.87,46770
2072-07-28,32.87,33.04,32.56,32.74,49131
2072-07-29,32.7,33.4,32.15,33.32,79214
2072-07-30,33.26,33.7,32.97,33.12,56895
2072-07-31,33.0,33.45,32.75,33.38,45869
2072-08-01,33.68,34.1,33.45,33.83,55722
2072-08-02,33.83,34.95,33.83,34.9,74692
2072-08-03,34.96,35.46,34.45,35.39,74105
2072-08-04,35.39,35.4,33.4,33.63,88415
2072-08-05,33.6,35.85,32.7,35.14,101518
2072-08-06,35.14,35.84,34.1,34.28,91911
2072-08-07,36.75,37.0,36.15,36.51,62731
2072-08-08,36.45,37.8,36.31,37.2,96536
2072-08-09,35.25,35.46,33.9,34.0,110851
2072-08-10,33.71,34.4,32.5,32.68,85083
2072-08-11,32.2,32.2,30.86,31.57,104683
2072-08-12,31.6,32.05,31.4,31.5,67727
2072-08-13,31.52,32.23,31.4,31.46,86160
2072-08-14,31.4,31.45,30.26,30.34,77513
2072-08-15,30.25,30.95,30.2,30.84,57628
2072-08-16,30.97,32.33,30.95,32.18,59618
2072-08-17,32.1,32.3,31.7,32.07,48238
2072-08-18,32.07,32.23,31.35,31.43,58088
2072-08-19,31.2,31.2,30.19,30.53,97911
2072-08-20,30.7,30.97,30.6,30.86,46276
2072-08-21,31.86,33.2,31.86,33.18,78801
2072-08-22,33.13,34.0,32.96,33.25,78565
2072-08-23,33.19,37.0,32.86,36.06,116368
2072-08-24,36.04,36.55,34.8,34.99,116368
2072-08-25,34.54,34.8,32.7,32.92,60396
2072-08-26,32.9,33.45,32.4,32.99,77365
2072-08-27,33.0,33.5,32.8,32.97,100945
2072-08-28,33.69,33.95,33.4,33.72,119976
2072-08-29,33.37,33.73,33.25,33.5,94301
2072-08-30,32.97,33.7,32.9,33.69,92293
2072-08-31,33.85,33.86,33.45,33.68,190648
2072-09-01,32.9,32.9,32.54,32.8,133534
2072-09-02,32.85,33.01,32.77,32.92,143000
2072-09-03,32.69,33.2,32.65,33.12,152943
2072-09-04,33.17,33.3,32.37,32.75,95915
2072-09-05,32.55,32.77,32.33,32.65,184432
2072-09-06,32.48,32.75,32.22,32.37,148956
2072-09-07,33.02,33.1,32.9,33.1,174788
2072-09-08,33.39,33.54,33.21,33.25,200419
2072-09-09,33.24,33.49,33.19,33.49,205400
2072-09-10,33.93,34.0,33.61,33.7,158182
2072-09-11,34.15,34.5,33.92,34.25,120834
2072-09-12,34.48,34.68,34.35,34.35,189084
2072-09-13,34.85,35.37,34.55,35.27,199282
2072-09-14,35.08,35.7,34.42,35.45,108171
2072-09-15,34.98,35.84,34.98,35.22,68250
2072-09-16,35.18,35.7,34.9,35.16,54869
2072-09-17,35.2,35.64,34.67,35.4,45768
2072-09-18,35.18,35.69,35.02,35.38,50390
2072-09-19,35.34,35.34,34.19,34.22,70027
2072-09-20,34.19,34.9,33.87,34.63,82486
2072-09-21,34.64,35.1,33.7,33.82,79900
2072-09-22,33.76,34.15,31.9,32.02,96057
2072-09-23,32.1,32.75,30.95,31.22,92267
2072-09-24,31.2,31.53,29.5,29.53,103335
2072-09-25,29.5,30.2,28.25,29.85,96057
2072-09-26,29.88,30.35,29.06,29.35,39650
2072-09-27,29.3,29.42,27.85,28.44,80715
2072-09-28,28.2,29.55,28.2,29.5,77299
2072-09-29,29.56,29.9,28.95,29.68,60269
2072-09-30,29.3,29.75,28.75,29.33,45504
2072-10-01,27.65,27.94,25.65,25.77,64487
2072-10-02,25.65,26.48,25.58,25.98,52292
2072-10-03,26.05,27.25,25.95,26.18,41154
2072-10-04,26.6,27.0,26.41,26.47,34003
2072-10-05,26.48,26.58,25.77,25.85,34439
2072-10-06,25.77,26.95,25.62,26.8,35529
2072-10-07,27.21,28.14,27.08,28.0,66628
2072-10-08,27.99,28.72,27.67,28.14,74383
2072-10-09,28.14,28.78,27.86,27.95,63852
2072-10-10,28.12,28.38,27.2,27.32,76058
2072-10-11,27.4,27.72,26.92,27.64,69916
2072-10-12,27.73,29.6,27.6,29.48,93000
2072-10-13,29.47,29.9,29.0,29.41,67374
2072-10-14,29.35,30.15,29.34,30.05,47023
2072-10-15,30.3,30.61,29.85,30.29,66392
2072-10-16,30.3,30.49,29.02,29.6,75568
2072-10-17,29.59,30.51,29.35,30.45,44842
2072-10-18,30.5,32.4,30.14,32.19,42815
2072-10-19,32.25,32.7,31.75,32.19,165086
2072-10-20,29.69,29.75,29.07,29.57,73113
2072-10-21,29.6,29.8,28.65,29.05,91773
2072-10-22,29.05,29.47,28.81,29.36,61551
2072-10-23,29.4,29.98,29.27,29.77,53751
2072-10-24,29.77,30.13,28.86,29.06,64714
2072-10-25,29.12,29.34,28.68,29.06,55220
2072-10-26,29.08,29.41,28.27,28.66,85659
2072-10-27,28.7,29.85,28.4,29.82,77052
2072-10-28,29.85,31.27,29.53,31.19,79001
2072-10-29,31.19,31.25,30.21,30.55,67618
2072-10-30,30.52,30.88,30.16,30.35,57981
2072-10-31,30.37,31.35,30.06,31.27,85694
2072-11-01,31.28,31.87,31.11,31.59,68125
2072-11-02,31.49,31.68,30.85,31.03,55244
2072-11-03,30.9,31.1,30.4,30.51,69227
2072-11-04,30.52,30.52,29.73,30.36,85072
2072-11-05,30.3,30.85,29.65,29.71,89483
2072-11-06,28.86,29.3,28.78,29.16,41379
2072-11-07,29.42,29.58,28.4,28.58,61577
2072-11-08,28.7,29.0,28.31,28.53,55059
2072-11-09,28.55,29.2,28.36,28.82,86691
2072-11-10,28.82,29.43,28.51,29.04,61454
2072-11-11,28.9,29.18,28.4,28.42,62142
2072-11-12,28.4,28.4,27.72,28.13,95832
2072-11-13,28.03,28.4,27.36,27.39,82364
2072-11-14,27.41,27.87,27.16,27.62,62801
2072-11-15,27.69,28.2,27.6,27.84,61545
2072-11-16,27.96,28.83,27.91,28.6,49216
2072-11-17,28.65,28.7,28.21,28.32,50980
2072-11-18,28.3,29.1,28.18,29.0,86394
2072-11-19,28.92,29.15,28.33,28.39,80771
2072-11-20,28.31,28.45,27.92,28.01,57964
2072-11-21,27.92,28.24,27.67,28.0,54249
2072-11-22,27.98,27.98,27.51,27.59,54249
2072-11-23,26.15,26.49,25.7,25.96,145990
2072-11-24,26.29,26.47,25.5,25.59,55182
2072-11-25,25.6,26.47,25.48,26.19,74089
2072-11-26,26.22,27.3,25.48,27.12,77935
2072-11-27,27.22,27.8,25.48,27.26,80086
2072-11-28,27.25,27.8,26.85,27.06,46546
2072-11-29,27.02,27.7,27.01,27.28,59981
2072-11-30,27.32,28.64,27.0,28.45,59981
2072-12-01,28.45,28.45,27.94,28.18,60599
2072-12-02,28.19,28.84,28.19,28.25,61083
2072-12-03,28.11,29.04,28.05,28.79,54348
2072-12-04,29.0,29.0,28.15,28.24,58990
2072-12-05,28.29,28.29,27.04,27.95,73590
2072-12-06,27.88,27.96,27.45,27.82,49915
2072-12-07,27.82,28.0,26.8,26.98,36629
2072-12-08,27.58,27.93,27.4,27.61,59963
2072-12-09,27.64,27.98,26.8,26.86,76352
2072-12-10,26.8,27.38,26.75,27.29,65944
2072-12-11,27.32,28.65,27.29,28.44,77569
2072-12-12,28.49,28.64,28.15,28.27,57334
2072-12-13,28.39,28.99,28.13,28.46,40223
2072-12-14,28.43,28.98,28.25,28.94,57564
2072-12-15,28.95,29.05,27.76,27.8,69856
2072-12-16,28.55,28.55,27.37,28.45,68101
2072-12-17,28.5,28.73,28.15,28.36,49654
2072-12-18,28.34,28.58,27.72,27.77,56162
2072-12-19,27.78,28.0,27.35,27.39,57551
2072-12-20,27.4,28.25,27.05,28.23,81008
2072-12-21,28.25,28.85,28.15,28.52,66192
2072-12-22,28.52,28.75,28.28,28.55,51638
2072-12-23,28.85,29.07,28.61,28.98,50905
2072-12-24,29.07,29.25,28.45,28.86,62822
2072-12-25,28.75,29.02,28.62,28.91,45148
2072-12-26,29.06,29.99,28.92,29.91,44887
2072-12-27,30.15,30.2,29.61,29.95,41589
2072-12-28,29.95,30.05,29.58,29.74,78799
2072-12-29,29.7,30.05,29.55,29.58,4175
2072-12-30,29.56,29.67,28.2,28.41,115754
2072-12-31,28.26,28.58,28.1,28.38,50983
2073-01-01,28.7,29.05,28.35,28.66,58861
2073-01-02,28.71,28.95,28.43,28.55,65023
2073-01-03,27.95,28.72,27.55,28.37,101694
2073-01-04,28.16,28.6,27.58,27.93,75150
2073-01-05,28.55,28.74,28.04,28.13,74230
2073-01-06,28.15,28.33,27.8,28.24,60554
2073-01-07,27.55,28.37,27.25,27.72,100545
2073-01-08,27.5,28.1,27.41,27.75,59703
2073-01-09,28.03,28.4,27.8,28.4,47763
2073-01-10,28.65,29.34,28.4,29.04,85621
2073-01-11,28.85,29.38,28.75,29.18,62998
2073-01-12,27.55,27.82,27.3,27.48,57940
2073-01-13,27.4,27.6,26.0,26.1,44471
2073-01-14,26.46,26.77,25.85,26.56,102254
2073-01-15,26.85,27.1,26.42,26.83,73342
2073-01-16,26.85,27.32,26.78,27.25,57677
2073-01-17,27.1,27.49,26.82,26.98,63048
2073-01-18,26.25,26.97,25.2,25.61,109855
2073-01-19,25.3,25.75,25.1,25.56,89642
2073-01-20,25.65,26.4,25.64,26.24,86303
2073-01-21,26.4,26.7,25.38,25.95,77415
2073-01-22,25.75,26.3,25.65,26.24,53665
2073-01-23,26.48,27.05,26.34,27.02,70236
2073-01-24,27.35,28.29,27.0,28.21,97108
2073-01-25,27.83,28.26,27.5,27.59,91890
2073-01-26,27.55,27.69,27.2,27.49,67953
2073-01-27,27.16,27.59,26.92,27.11,78818
2073-01-28,26.42,27.1,25.94,26.8,80397
2073-01-29,26.7,26.98,26.22,26.59,70344
2073-01-30,26.28,26.58,25.72,26.06,73134
2073-01-31,26.2,26.32,25.53,25.57,78904
2073-02-01,26.41,26.6,26.31,26.32,91967
2073-02-02,26.1,26.18,26.01,26.16,126228
2073-02-03,26.31,26.65,26.19,26.6,140737
2073-02-04,26.8,27.0,26.7,26.72,87151
2073-02-05,26.65,26.82,26.4,26.43,90169
2073-02-06,27.0,27.05,26.85,26.88,117628
2073-02-07,26.6,26.63,26.37,26.5,185817
2073-02-08,26.35,26.85,26.35,26.67,98539
2073-02-09,26.77,27.5,26.74,27.42,102611
2073-02-10,27.75,27.92,27.6,27.6,198984
2073-02-11,27.5,27.63,27.45,27.54,118891
2073-02-12,27.72,28.2,27.66,28.19,174877
2073-02-13,27.94,28.28,27.91,27.99,159090
2073-02-14,27.53,27.65,27.38,27.4,175059
2073-02-15,27.69,27.94,27.65,27.87,186967
2073-02-16,28.04,28.27,28.04,28.18,170887
2073-02-17,27.77,27.88,27.67,27.85,175763
2073-02-18,28.0,28.2,27.95,28.06,110744
2073-02-19,27.51,27.58,27.39,27.57,91001
2073-02-20,26.6,27.25,26.35,27.18,53562
2073-02-21,27.1,28.1,27.1,27.91,65177
2073-02-22,27.12,27.25,26.35,26.37,93777
2073-02-23,26.52,26.72,26.28,26.63,59594
2073-02-24,26.63,27.15,26.63,26.9,79958
2073-02-25,26.95,27.17,26.44,26.67,58962
2073-02-26,26.65,27.38,26.51,27.17,71885
2073-02-27,27.32,27.6,26.77,27.05,81961
2073-02-28,26.75,27.09,26.52,26.55,54164
2073-03-01,26.55,27.25,26.55,27.2,47548
2073-03-02,26.98,27.18,26.76,26.93,55640
2073-03-03,26.81,27.23,26.76,26.95,60595
2073-03-04,27.15,27.65,26.88,27.58,87936
2073-03-05,27.6,28.15,27.43,28.03,98291
2073-03-06,27.73,28.0,27.57,27.63,68191
2073-03-07,28.2,28.86,27.6,27.7,69950
2073-03-08,27.25,27.95,25.8,26.72,93873
2073-03-09,26.6,27.1,25.9,26.59,47306
2073-03-10,26.8,27.05,25.9,25.97,97581
2073-03-11,25.9,25.9,21.8,22.01,108959
2073-03-12,22.15,23.15,21.25,21.81,90612
2073-03-13,22.17,22.5,20.3,22.38,90612
2073-03-14,22.71,22.94,21.95,22.74,56833
2073-03-15,22.76,23.49,22.76,23.43,60080
2073-03-16,23.5,23.53,22.4,23.28,50970
2073-03-17,23.2,23.34,22.75,22.79,42332
2073-03-18,22.68,22.68,21.72,22.08,60413
2073-03-19,22.15,22.9,21.94,22.63,56132
2073-03-20,22.6,23.22,22.3,22.39,57970
2073-03-21,22.42,22.62,22.2,22.48,46246
2073-03-22,22.44,22.92,22.35,22.53,49156
2073-03-23,22.54,23.4,22.46,23.34,63486
2073-03-24,23.23,23.98,22.06,22.5,93048
2073-03-25,22.6,22.76,22.12,22.29,51155
2073-03-26,22.31,22.6,21.95,22.0,46494
2073-03-27,22.04,22.39,21.55,21.81,56738
2073-03-28,22.2,22.47,22.02,22.36,60834
2073-03-29,21.83,21.85,21.41,21.59,106638
2073-03-30,22.21,22.42,22.12,22.29,117286
2073-03-31,21.98,22.16,21.83,21.97,93103
2073-04-01,22.19,22.55,22.19,22.39,103430
2073-04-02,22.09,22.22,21.94,22.15,99000
2073-04-03,21.84,21.92,21.7,21.8,85966
2073-04-04,21.26,21.28,21.11,21.12,154322
2073-04-05,20.35,20.61,20.18,20.3,90055
2073-04-06,20.18,20.4,20.18,20.27,59695
2073-04-07,19.95,20.09,19.78,19.78,101815
2073-04-08,19.87,20.06,19.68,20.03,173980
2073-04-09,20.13,20.97,20.11,20.63,153350
2073-04-10,21.1,22.41,21.1,22.12,88004
2073-04-11,21.21,21.37,20.9,21.29,154963
2073-04-12,21.6,21.6,19.96,20.01,177080
2073-04-13,17.55,18.25,17.3,18.03,66721
2073-04-14,18.46,18.51,17.12,18.43,87935
2073-04-15,18.46,19.56,18.27,19.15,77042
2073-04-16,19.08,19.55,18.8,18.96,68382
2073-04-17,19.36,19.36,18.35,18.69,53657
2073-04-18,18.68,19.8,18.55,19.48,88162
2073-04-19,19.55,19.65,18.96,19.22,91757
2073-04-20,19.14,19.4,18.51,18.62,61745
2073-04-21,18.6,19.55,18.4,19.44,71678
2073-04-22,19.32,20.5,19.02,20.09,80890
2073-04-23,20.25,20.46,19.62,19.65,76991
2073-04-24,19.65,20.78,19.3,19.49,72548
2073-04-25,19.57,19.93,18.2,18.54,80176
2073-04-26,18.67,19.09,17.92,19.04,73257
2073-04-27,19.12,19.23,18.15,18.37,61037
2073-04-28,18.3,18.45,17.92,18.08,66894
2073-04-29,19.15,19.5,19.07,19.36,171183
2073-04-30,19.54,20.18,19.43,19.8,70955
2073-05-01,19.79,20.15,19.17,19.28,67602
2073-05-02,19.24,19.75,19.2,19.62,46791
2073-05-03,19.64,21.43,19.64,21.27,61256
2073-05-04,21.1,21.3,20.32,20.9,49650
2073-05-05,20.85,21.5,20.38,20.41,58326
2073-05-06,20.36,20.44,19.66,19.84,36403
2073-05-07,19.9,21.07,19.72,21.01,69560
2073-05-08,21.04,21.23,20.32,20.37,64010
2073-05-09,20.41,21.7,20.4,21.62,84832
2073-05-10,21.53,22.0,21.2,21.48,64080
2073-05-11,21.45,21.5,20.97,21.25,59541
2073-05-12,21.25,21.35,20.11,20.18,98408
2073-05-13,20.17,20.48,19.85,20.38,69788
2073-05-14,20.48,20.58,19.6,19.68,65806
2073-05-15,19.68,19.77,18.65,18.89,89429
2073-05-16,18.85,19.43,18.76,18.9,72231
2073-05-17,18.86,19.2,18.29,18.86,84392
2073-05-18,18.9,19.15,17.85,17.97,67448
2073-05-19,18.03,18.5,17.9,18.0,45383
2073-05-20,18.05,18.76,18.0,18.34,128983
2073-05-21,18.98,19.7,18.98,19.5,77790
2073-05-22,19.48,19.88,19.17,19.7,83907
2073-05-23,19.73,20.17,19.28,19.99,77987
2073-05-24,20.06,20.37,19.81,20.05,75269
2073-05-25,19.95,20.12,19.48,19.58,67139
2073-05-26,19.58,19.61,18.56,19.08,93923
2073-05-27,19.14,19.5,18.95,19.48,73520
2073-05-28,19.47,20.55,19.09,20.38,122999
2073-05-29,20.34,20.36,19.93,20.07,59644
2073-05-30,20.0,20.1,19.73,20.07,60424
2073-05-31,20.01,20.35,19.73,19.78,79320
2073-06-01,19.7,19.79,19.27,19.64,68275
2073-06-02,19.71,20.28,19.65,20.26,74748
2073-06-03,20.27,21.6,19.96,21.41,89214
2073-06-04,21.36,21.5,20.67,20.73,83735
2073-06-05,20.58,21.75,20.31,21.18,99165
2073-06-06,21.18,21.6,21.05,21.23,69434
2073-06-07,21.25,21.55,21.0,21.5,57209
2073-06-08,21.22,21.22,20.85,20.88,53799
2073-06-09,20.9,20.9,20.15,20.29,89649
2073-06-10,25.05,25.25,24.7,24.88,45524
2073-06-11,25.05,25.62,24.7,24.9,41028
2073-06-12,24.95,25.64,24.6,25.61,84385
2073-06-13,25.63,25.85,25.2,25.35,72805
2073-06-14,25.35,25.35,24.7,24.99,62975
2073-06-15,25.0,25.45,24.73,25.36,68558
2073-06-16,25.4,25.95,25.37,25.87,70567
2073-06-17,25.83,26.38,25.58,26.31,94042
2073-06-18,26.46,27.4,26.46,26.88,75570
2073-06-19,26.79,28.1,26.79,27.71,96819
2073-06-20,27.71,27.76,27.15,27.56,67829
2073-06-21,27.54,28.35,26.45,26.58,124694
2073-06-22,26.55,27.18,25.0,26.21,128123
2073-06-23,26.4,27.23,26.27,26.54,89698
2073-06-24,26.57,26.66,25.62,25.82,85388
2073-06-25,25.81,26.3,25.3,26.13,78861
2073-06-26,26.1,26.17,24.92,24.99,91627
2073-06-27,25.0,25.12,23.31,23.47,107582
2073-06-28,24.25,24.6,23.6,24.57,91996
2073-06-29,24.55,25.15,24.4,24.75,63752
2073-06-30,24.83,25.99,24.8,25.94,77858
2073-07-01,25.91,26.65,25.85,26.18,53055
2073-07-02,26.15,26.5,25.55,26.38,43787
2073-07-03,26.4,26.8,25.78,26.27,133950
2073-07-04,26.39,26.88,26.28,26.62,84735
2073-07-05,26.6,26.68,25.9,26.38,71283
2073-07-06,26.43,27.2,26.14,26.73,91408
2073-07-07,26.68,27.15,26.38,27.11,66177
2073-07-08,26.92,27.64,26.65,27.57,74728
2073-07-09,27.5,27.6,27.07,27.29,91603
2073-07-10,27.25,27.39,26.6,26.75,82535
2073-07-11,26.75,26.75,25.55,26.24,115257
2073-07-12,26.3,26.75,25.93,26.62,77340
2073-07-13,26.31,26.32,25.62,26.12,66351
2073-07-14,26.15,26.73,25.9,26.63,102456
2073-07-15,26.63,28.05,26.6,27.85,131472
2073-07-16,27.75,28.2,27.27,27.68,99314
2073-07-17,27.72,28.27,27.68,27.99,81056
2073-07-18,27.75,28.48,27.35,28.38,79146
2073-07-19,28.41,29.45,28.4,29.36,92828
2073-07-20,29.28,29.54,27.9,28.15,94526
2073-07-21,28.26,28.55,27.2,27.95,93916
2073-07-22,27.98,28.25,27.1,28.18,51136
2073-07-23,28.2,28.54,27.78,28.33,59717
2073-07-24,28.23,28.25,27.0,27.33,172673
2073-07-25,26.36,26.72,26.15,26.37,94506
2073-07-26,26.43,26.8,26.03,26.15,90710
2073-07-27,26.15,26.28,25.45,25.88,75877
2073-07-28,25.63,25.84,25.17,25.27,75323
2073-07-29,25.2,25.8,24.77,25.76,81993
2073-07-30,25.7,25.7,24.4,24.67,93622
2073-07-31,24.74,25.48,24.68,25.31,91770
2073-08-01,25.26,25.44,24.85,25.08,46563
2073-08-02,25.05,25.47,25.0,25.33,59607
2073-08-03,25.3,25.35,24.65,24.89,71889
2073-08-04,24.92,25.4,24.2,24.79,225
2073-08-05,24.88,24.99,24.45,24.75,62466
2073-08-06,24.51,24.7,24.2,24.29,64609
2073-08-07,24.25,24.37,23.8,24.12,78478
2073-08-08,26.0,26.15,25.35,25.43,54329
2073-08-09,25.37,25.97,25.2,25.31,58779
2073-08-10,25.31,25.7,25.1,25.53,79351
2073-08-11,25.95,26.4,25.21,25.82,117304
2073-08-12,25.7,26.68,25.7,26.47,84379
2073-08-13,26.6,27.05,26.28,26.32,92024
2073-08-14,26.34,26.85,25.85,26.76,113254
2073-08-15,26.75,26.99,26.53,26.86,83716
2073-08-16,26.81,26.99,26.33,26.86,76097
2073-08-17,26.89,27.15,26.61,26.81,43853
2073-08-18,26.82,27.15,26.63,26.77,64641
2073-08-19,26.8,26.95,26.38,26.8,62869
2073-08-20,26.77,26.86,25.9,26.07,75606
2073-08-21,26.1,26.2,25.73,26.09,84852
2073-08-22,26.09,27.08,26.08,26.77,97914
2073-08-23,26.74,27.0,26.61,26.83,68630
2073-08-24,26.83,27.53,26.83,27.48,79858
2073-08-25,27.6,27.98,26.96,27.07,82132
2073-08-26,27.02,27.83,26.9,27.75,91317
2073-08-27,27.72,28.1,27.4,27.88,95724
2073-08-28,27.92,28.08,27.42,27.57,47748
2073-08-29,27.52,27.9,27.15,27.83,52888
2073-08-30,27.75,27.75,26.27,26.6,56303
2073-08-31,26.74,26.9,26.25,26.31,95985
2073-09-01,26.34,26.94,25.95,26.87,119298
2073-09-02,26.85,27.01,26.5,26.77,77084
2073-09-03,26.68,26.71,26.16,26.54,77208
2073-09-04,26.52,26.66,26.32,26.55,40501
2073-09-05,26.52,27.54,26.46,27.36,99519
2073-09-06,27.4,27.67,26.92,27.02,80323
2073-09-07,27.0,27.2,26.42,26.47,90196
2073-09-08,26.47,26.95,26.0,26.84,86753
2073-09-09,26.83,27.02,26.32,26.58,57855
2073-09-10,26.5,27.19,26.45,27.17,69997
2073-09-11,27.17,27.38,26.25,26.5,98451
2073-09-12,26.45,26.83,26.28,26.67,67364
2073-09-13,26.7,26.95,26.45,26.86,63831
2073-09-14,26.9,27.96,26.47,27.86,115665
2073-09-15,27.79,28.1,27.65,27.9,84880
2073-09-16,27.93,28.49,27.82,28.15,86360
2073-09-17,28.22,29.1,28.02,29.06,88688
2073-09-18,29.31,29.95,29.07,29.84,71751
2073-09-19,29.83,30.32,29.6,30.11,157512
2073-09-20,28.65,29.62,28.34,29.24,112193
2073-09-21,29.22,29.39,28.8,28.84,65778
2073-09-22,28.85,28.85,28.45,28.63,68064
2073-09-23,28.68,29.49,28.61,29.28,77471
2073-09-24,29.25,29.65,28.68,28.83,107534
2073-09-25,28.87,29.0,28.17,28.34,96651
2073-09-26,28.37,28.98,28.15,28.92,74524
2073-09-27,29.0,29.0,27.7,27.79,108086
2073-09-28,27.79,28.55,27.62,28.27,6763
2073-09-29,28.34,29.0,28.26,28.98,75147
2073-09-30,29.01,30.19,28.94,29.61,97863
2073-10-01,29.57,30.2,29.31,29.73,71398
2073-10-02,29.78,30.2,29.62,29.73,88228
2073-10-03,29.6,29.6,28.24,29.08,85894
2073-10-04,29.06,29.75,29.06,29.48,45421
2073-10-05,29.48,29.75,29.16,29.5,48810
2073-10-06,29.5,30.0,29.45,29.61,163731
2073-10-07,30.0,30.93,30.0,30.71,88670
2073-10-08,30.73,31.39,30.64,30.77,94152
2073-10-09,30.71,30.9,30.3,30.64,80282
2073-10-10,30.66,30.95,30.06,30.41,76279
2073-10-11,30.39,30.75,30.15,30.54,76301
2073-10-12,30.45,30.9,30.4,30.45,68291
2073-10-13,30.45,31.18,30.45,30.83,97932
2073-10-14,30.82,31.05,30.2,30.49,100866
2073-10-15,30.43,30.66,29.6,29.76,103426
2073-10-16,29.74,29.95,29.35,29.62,87634
2073-10-17,29.72,30.1,29.4,29.64,69618
2073-10-18,29.73,29.79,29.03,29.48,87763
2073-10-19,29.5,29.78,29.26,29.35,74571
2073-10-20,29.36,29.5,28.52,28.97,91013
2073-10-21,29.0,29.4,28.8,29.37,68090
2073-10-22,30.01,30.2,29.58,29.72,71539
2073-10-23,29.67,29.87,29.18,29.47,60915
2073-10-24,29.45,29.77,29.05,29.62,61627
2073-10-25,29.65,29.71,29.28,29.6,45144
2073-10-26,29.42,29.5,28.2,28.37,61967
2073-10-27,28.37,28.41,27.75,27.92,103586
2073-10-28,28.09,28.39,27.85,28.18,91970
2073-10-29,28.18,28.45,28.05,28.2,71182
2073-10-30,28.15,28.3,26.9,27.05,140626
2073-10-31,27.12,27.43,26.62,27.29,103266
2073-11-01,27.22,27.35,26.8,26.86,70205
2073-11-02,26.72,27.29,26.53,26.81,107849
2073-11-03,26.83,27.35,26.77,27.22,73556
2073-11-04,27.2,27.56,26.95,27.13,87317
2073-11-05,26.97,27.4,26.66,26.95,101816
2073-11-06,26.89,27.0,26.08,26.14,99398
2073-11-07,26.14,26.34,25.55,25.77,109427
2073-11-08,25.73,26.5,25.25,25.38,102204
2073-11-09,25.34,25.95,25.16,25.78,102515
2073-11-10,25.96,26.2,25.76,25.9,77589
2073-11-11,25.9,26.26,24.82,25.19,116923
2073-11-12,25.2,25.5,24.85,25.29,97828
2073-11-13,25.35,25.58,25.1,25.51,67561
2073-11-14,25.53,26.75,25.52,26.71,83906
2073-11-15,26.65,27.08,26.35,26.42,3536
2073-11-16,26.36,27.25,26.3,26.98,131176
2073-11-17,26.08,26.55,26.05,26.35,83335
2073-11-18,26.34,26.84,26.2,26.76,74617
2073-11-19,26.85,27.12,26.08,26.11,81342
2073-11-20,26.09,26.5,26.04,26.4,58893
2073-11-21,26.4,26.96,26.32,26.89,74072
2073-11-22,26.9,27.45,26.7,27.24,92475
2073-11-23,27.25,27.71,27.1,27.3,90640
2073-11-24,27.32,27.59,26.57,26.71,113979
2073-11-25,26.71,27.45,26.71,27.29,68103
2073-11-26,27.34,27.5,26.82,26.93,78572
2073-11-27,27.1,27.43,27.0,27.2,66646
2073-11-28,27.25,27.9,26.73,27.74,128672
2073-11-29,30.05,31.25,29.71,30.44,64164
2073-11-30,30.4,31.1,30.15,30.56,175871
2073-12-01,30.25,30.38,29.86,30.3,83445
2073-12-02,30.41,31.95,30.41,31.75,68872
2073-12-03,31.63,32.6,31.42,32.49,41147
2073-12-04,32.58,32.76,32.05,32.72,61580
2073-12-05,32.75,33.65,31.14,31.37,82023
2073-12-06,31.4,31.67,30.05,31.2,58723
2073-12-07,31.6,32.09,31.4,31.85,62480
2073-12-08,31.98,33.25,31.9,33.08,68416
2073-12-09,33.08,33.33,31.91,32.1,98247
2073-12-10,32.11,32.4,30.51,31.08,124279
2073-12-11,31.05,31.3,29.75,30.56,108037
2073-12-12,30.6,32.05,30.6,31.99,111722
2073-12-13,31.99,32.38,31.35,31.68,98555
2073-12-14,31.3,32.38,31.13,32.26,90730
2073-12-15,32.25,32.9,31.88,32.37,113996
2073-12-16,33.15,33.33,32.28,33.21,111645
2073-12-17,33.15,33.98,33.0,33.66,71774
2073-12-18,33.05,33.24,32.76,33.08,123533
2073-12-19,32.86,33.0,32.74,32.8,185603
2073-12-20,32.25,32.5,32.13,32.27,166863
2073-12-21,33.34,33.53,33.03,33.05,180041
2073-12-22,32.39,32.84,32.29,32.7,186789
2073-12-23,32.73,32.94,32.3,32.5,193608
2073-12-24,33.63,33.73,33.34,33.56,175483
2073-12-25,33.88,33.88,33.5,33.57,113241
2073-12-26,33.33,33.47,33.05,33.06,157151
2073-12-27,32.76,32.92,32.55,32.9,189873
2073-12-28,33.53,33.98,33.48,33.88,184193
2073-12-29,33.93,34.43,33.78,34.35,117205
2073-12-30,34.12,34.64,34.12,34.49,190862
2073-12-31,34.9,35.38,34.69,35.03,169189
2074-01-01,34.55,34.65,34.34,34.63,80627
2074-01-02,35.4,35.74,35.4,35.62,123634
2074-01-03,35.7,36.29,35.7,36.19,182951
2074-01-04,36.49,36.7,36.16,36.38,113548
2074-01-05,36.38,37.05,36.0,36.96,47153
2074-01-06,36.71,37.45,36.36,37.16,61384
2074-01-07,37.21,37.55,36.1,36.79,105808
2074-01-08,34.8,35.95,34.7,35.58,76700
2074-01-09,35.47,36.58,35.47,36.48,71129
2074-01-10,36.53,37.1,35.9,36.06,111118
2074-01-11,36.06,37.93,35.96,37.7,122297
2074-01-12,37.8,39.99,37.1,37.2,158955
2074-01-13,37.22,37.55,36.3,36.6,95700
2074-01-14,28.25,28.62,26.3,26.91,99957
2074-01-15,27.37,28.9,27.21,28.66,71666
2074-01-16,28.65,29.7,27.8,27.97,91288
2074-01-17,28.1,28.95,28.06,28.63,73970
2074-01-18,28.73,30.45,28.55,30.37,76329
2074-01-19,30.4,31.05,29.85,30.16,62050
2074-01-20,30.24,31.3,30.07,31.04,46661
2074-01-21,31.16,31.32,29.58,29.78,61232
2074-01-22,29.78,29.83,28.18,28.56,66964
2074-01-23,28.5,29.24,27.66,28.97,63351
2074-01-24,28.98,29.07,27.82,28.62,56568
2074-01-25,28.0,28.7,27.15,27.96,64667
2074-01-26,27.89,28.38,27.31,28.0,59963
2074-01-27,28.1,28.95,27.78,28.85,69047
2074-01-28,28.85,28.92,27.3,27.46,87443
2074-01-29,27.47,28.35,27.02,28.14,67666
2074-01-30,28.15,28.65,27.57,28.63,62486
2074-01-31,28.55,29.44,28.28,29.29,67844
2074-02-01,29.31,29.65,28.52,29.18,75181
2074-02-02,29.1,30.65,29.1,30.55,52777
2074-02-03,30.25,31.25,30.06,30.87,44295
2074-02-04,30.8,30.85,29.6,29.91,50022
2074-02-05,27.9,28.22,26.36,26.65,103204
2074-02-06,26.6,26.94,25.61,26.64,101497
2074-02-07,26.68,27.05,26.0,26.26,78214
2074-02-08,26.2,26.2,25.3,25.49,72986
2074-02-09,25.35,25.55,25.04,25.24,67745
2074-02-10,25.27,26.5,25.25,25.8,106185
2074-02-11,25.95,26.38,25.8,26.03,63783
2074-02-12,26.1,26.6,25.42,25.67,76386
2074-02-13,25.52,26.53,25.5,26.49,64682
2074-02-14,26.51,26.51,25.46,25.72,82880
2074-02-15,25.7,26.35,25.5,26.23,80449
2074-02-16,26.23,27.35,26.0,26.98,114422
2074-02-17,26.98,27.95,26.86,27.72,92479
2074-02-18,27.59,28.45,27.22,27.35,91932
2074-02-19,27.4,28.55,27.26,28.5,82522
2074-02-20,28.45,29.35,27.95,29.17,97028
2074-02-21,29.21,29.48,28.5,28.74,84178
2074-02-22,28.6,29.2,28.25,29.14,57534
2074-02-23,29.16,29.48,28.52,28.83,73843
2074-02-24,28.85,29.45,28.45,29.28,7707
2074-02-25,28.35,29.6,28.3,29.03,101803
2074-02-26,29.04,29.04,28.38,28.85,69157
2074-02-27,28.86,29.45,28.75,29.16,43787
2074-02-28,29.16,29.63,28.55,29.35,82032
2074-03-01,29.26,29.32,28.5,28.58,60401
2074-03-02,28.56,29.38,28.27,29.1,90655
2074-03-03,29.02,29.65,29.02,29.56,64261
2074-03-04,29.49,30.84,29.49,30.71,90954
2074-03-05,30.65,30.86,30.33,30.67,58998
2074-03-06,30.78,31.0,29.9,30.05,96894
2074-03-07,30.05,30.8,29.65,30.74,81561
2074-03-08,30.78,31.3,30.65,31.28,71448
2074-03-09,31.28,31.85,30.79,31.45,70201
2074-03-10,31.4,31.76,30.9,31.73,72429
2074-03-11,31.13,31.35,30.8,31.07,52175
2074-03-12,31.05,31.08,29.8,30.36,61959
2074-03-13,30.32,30.33,29.7,29.96,54083
2074-03-14,29.88,30.95,29.85,30.82,162786
2074-03-15,29.53,29.76,28.86,29.17,57350
2074-03-16,29.14,29.2,28.53,28.78,61196
2074-03-17,28.78,30.05,28.61,29.95,97941
2074-03-18,29.95,30.02,28.86,29.01,84874
2074-03-19,29.01,29.49,28.83,29.27,62785
2074-03-20,29.3,30.21,29.1,30.19,74539
2074-03-21,30.12,30.5,29.7,30.4,66776
2074-03-22,30.32,30.7,29.9,30.15,63596
2074-03-23,30.14,30.98,30.07,30.42,67503
2074-03-24,30.15,30.25,29.82,30.13,50769
2074-03-25,30.13,30.31,29.52,30.22,78101
2074-03-26,30.22,30.92,30.0,30.88,92227
2074-03-27,30.88,31.6,30.82,31.06,93475
2074-03-28,31.01,31.75,30.9,31.28,77341
2074-03-29,31.15,31.42,30.65,31.27,72329
2074-03-30,31.34,31.73,30.95,31.62,89782
2074-03-31,31.65,32.05,30.91,31.05,96852
2074-04-01,31.03,31.6,31.0,31.41,66721
2074-04-02,31.44,32.0,31.16,31.96,43674
2074-04-03,32.0,32.1,31.25,31.78,52738
2074-04-04,31.72,31.73,29.7,30.19,136281
2074-04-05,29.47,29.83,29.17,29.67,82772
2074-04-06,29.72,30.25,29.4,30.22,74874
2074-04-07,30.21,30.45,29.91,30.17,59914
2074-04-08,29.97,30.35,29.6,30.11,46995
2074-04-09,30.1,30.4,29.76,30.24,53712
2074-04-10,30.2,30.8,30.0,30.68,79811
2074-04-11,30.7,30.98,30.4,30.54,69186
2074-04-12,30.58,32.38,30.5,32.31,124906
2074-04-13,32.15,32.4,31.8,31.84,81255
2074-04-14,31.79,32.49,31.67,32.22,70116
2074-04-15,32.27,32.8,31.45,31.7,104572
2074-04-16,31.67,32.44,31.67,32.39,90528
2074-04-17,32.39,32.85,31.7,32.18,103578
2074-04-18,32.14,32.15,31.83,32.01,64463
2074-04-19,32.0,32.35,30.9,31.92,118300
2074-04-20,31.88,32.16,30.7,30.78,128093
2074-04-21,30.81,31.15,30.1,31.09,95120
2074-04-22,31.2,31.51,30.63,31.05,60479
2074-04-23,31.31,31.6,30.8,30.89,54155
2074-04-24,30.89,31.08,30.36,30.7,67645
2074-04-25,30.75,31.2,30.44,30.95,115289
2074-04-26,31.0,32.4,31.0,31.88,109829
2074-04-27,31.95,32.1,31.7,31.84,56114
2074-04-28,31.94,32.3,31.35,31.56,61371
2074-04-29,31.5,32.05,31.35,31.95,73736
2074-04-30,31.95,32.07,31.1,31.21,84059
2074-05-01,31.23,31.65,31.12,31.5,70881
2074-05-02,31.45,32.05,31.4,31.57,70881
2074-05-03,31.28,31.4,29.25,29.41,162822
2074-05-04,29.5,29.87,29.15,29.49,93340
2074-05-05,29.45,29.6,28.51,28.98,111967
2074-05-06,28.96,29.1,28.65,28.88,61634
2074-05-07,28.93,29.39,28.55,28.85,89494
2074-05-08,28.87,29.25,28.76,29.18,64555
2074-05-09,28.14,28.25,27.37,27.56,67041
2074-05-10,27.56,27.73,26.8,27.03,74604
2074-05-11,27.02,27.3,26.66,27.17,59316
2074-05-12,27.14,27.28,26.65,27.03,58548
2074-05-13,26.97,27.28,26.72,26.96,2165
2074-05-14,27.15,27.69,27.1,27.13,72918
2074-05-15,27.15,28.59,26.93,28.24,108963
2074-05-16,28.24,28.7,28.18,28.29,66072
2074-05-17,28.3,28.37,27.87,28.16,53658
2074-05-18,28.24,28.62,28.24,28.4,48533
2074-05-19,28.38,29.38,28.31,29.2,101282
2074-05-20,29.15,29.5,28.85,29.39,87292
2074-05-21,29.5,29.98,29.31,29.84,69885
2074-05-22,29.82,30.44,29.47,30.4,82090
2074-05-23,30.51,30.8,30.32,30.47,63038
2074-05-24,30.47,30.58,30.08,30.41,74837
2074-05-25,30.44,30.5,29.45,29.81,90271
2074-05-26,29.8,31.2,29.48,31.01,92470
2074-05-27,31.05,32.6,30.81,31.97,105368
2074-05-28,31.97,32.05,31.6,31.95,54867
2074-05-29,31.9,32.49,31.45,31.82,79140
2074-05-30,31.78,32.05,31.51,31.77,47666
2074-05-31,31.77,32.0,31.26,31.54,54043
2074-06-01,31.5,31.54,29.9,30.68,55591
2074-06-02,30.67,30.67,29.72,30.35,38278
2074-06-03,30.33,30.65,30.05,30.18,11701
2074-06-04,30.28,30.65,29.87,29.92,93903
2074-06-05,29.92,30.37,29.4,30.3,99011
2074-06-06,30.34,30.8,29.88,30.16,82752
2074-06-07,30.1,30.32,29.7,29.92,66221
2074-06-08,29.88,29.99,29.52,29.56,77442
2074-06-09,29.55,29.99,28.8,28.91,120117
2074-06-10,28.95,28.98,28.26,28.47,94680
2074-06-11,28.5,29.15,28.47,29.11,70843
2074-06-12,29.13,29.55,28.8,28.9,62830
2074-06-13,28.85,28.9,28.47,28.75,53557
2074-06-14,28.77,30.38,28.7,30.3,126757
2074-06-15,30.25,30.7,29.95,30.26,101788
2074-06-16,30.27,31.14,30.22,30.85,96469
2074-06-17,31.14,31.29,30.63,30.88,63431
2074-06-18,30.92,31.23,30.68,31.15,68441
2074-06-19,31.15,31.35,30.75,31.33,92218
2074-06-20,31.31,31.95,30.95,31.9,104199
2074-06-21,31.9,32.5,31.81,32.37,89471
2074-06-22,32.37,32.37,31.53,31.73,78253
2074-06-23,31.67,33.35,31.38,33.28,74238
2074-06-24,33.2,33.5,32.7,32.92,92327
2074-06-25,32.9,33.55,32.5,32.86,53401
2074-06-26,31.75,32.27,31.42,31.61,81958
2074-06-27,31.47,31.47,29.65,29.74,124076
2074-06-28,29.9,30.14,29.3,29.77,123182
2074-06-29,29.75,30.45,29.75,30.41,81120
2074-06-30,36.16,36.98,35.8,36.86,84599
2074-07-01,36.8,36.98,36.4,36.66,56553
2074-07-02,36.65,36.8,35.41,35.8,99745
2074-07-03,35.81,36.85,35.68,36.64,91985
2074-07-04,36.7,37.45,36.7,37.26,151423
2074-07-05,37.26,37.51,36.35,36.57,74933
2074-07-06,36.5,36.93,36.06,36.28,88589
2074-07-07,37.42,37.8,37.02,37.48,85244
2074-07-08,37.44,38.35,37.33,38.18,101251
2074-07-09,38.2,38.25,37.4,37.93,59792
2074-07-10,37.88,38.5,37.63,38.08,176517
2074-07-11,38.09,38.09,36.85,37.11,67657
2074-07-12,37.05,37.6,36.6,37.45,74192
2074-07-13,37.41,37.78,36.65,37.01,82227
2074-07-14,37.0,37.05,35.4,35.51,122171
2074-07-15,35.58,35.93,34.75,35.73,251656
2074-07-16,35.68,35.68,35.02,35.45,58473
2074-07-17,35.4,36.45,35.25,36.25,86099
2074-07-18,36.24,36.77,34.85,35.76,139023
2074-07-19,35.82,35.87,33.9,34.27,120025
2074-07-20,34.33,34.65,33.3,34.39,227787
2074-07-21,34.2,34.64,33.93,34.38,53690
2074-07-22,34.4,35.0,34.17,34.97,64434
2074-07-23,34.99,36.6,34.69,36.15,137272
2074-07-24,36.17,37.3,36.13,37.14,169621
2074-07-25,37.24,37.95,37.11,37.84,91677
2074-07-26,37.82,37.85,37.0,37.21,104636
2074-07-27,37.15,37.27,36.25,36.72,117596
2074-07-28,36.7,37.65,36.44,37.57,121768
2074-07-29,37.56,37.95,37.17,37.74,69263
2074-07-30,37.65,38.3,37.3,37.42,79571
2074-07-31,37.45,37.75,37.05,37.6,107878
2074-08-01,36.46,36.49,35.35,35.73,118358
2074-08-02,35.74,37.15,35.7,36.71,110465
2074-08-03,36.79,36.9,36.1,36.46,70289
2074-08-04,36.75,37.15,36.55,36.97,72079
2074-08-05,36.93,37.7,36.87,37.53,93210
2074-08-06,37.54,38.18,36.81,37.46,107962
2074-08-07,37.33,37.44,36.63,37.31,86615
2074-08-08,37.42,38.03,37.25,37.38,69879
2074-08-09,37.39,38.3,37.25,38.21,67882
2074-08-10,38.18,39.15,37.93,38.98,96799
2074-08-11,38.95,39.74,38.49,39.57,105651
2074-08-12,39.62,39.97,39.15,39.37,81128
2074-08-13,39.43,40.0,39.37,39.93,84270
2074-08-14,39.84,39.95,38.28,38.93,106499
2074-08-15,38.88,40.1,38.47,40.06,104486
2074-08-16,40.21,40.92,39.82,40.77,107913
2074-08-17,40.73,41.1,40.3,41.08,91882
2074-08-18,41.08,41.56,40.75,41.38,94622
2074-08-19,41.28,41.85,40.8,41.55,91397
2074-08-20,41.55,41.58,40.35,40.54,64124
2074-08-21,40.45,41.55,39.9,41.5,81705
2074-08-22,41.57,41.7,40.75,40.92,205942
2074-08-23,40.68,40.96,39.65,39.93,118040
2074-08-24,40.0,41.82,39.45,41.72,121471
2074-08-25,41.7,41.83,40.75,41.14,100013
2074-08-26,41.13,41.65,40.52,40.7,109886
2074-08-27,40.65,40.69,39.0,39.44,135396
2074-08-28,39.44,39.94,39.06,39.88,200267
2074-08-29,40.4,42.38,40.27,42.33,131220
2074-08-30,42.31,42.45,39.9,39.96,123542
2074-08-31,39.88,40.85,38.15,39.28,177597
2074-09-01,39.25,39.46,38.31,38.49,115921
2074-09-02,38.44,38.9,37.75,38.66,101247
2074-09-03,38.7,39.14,37.2,37.28,110335
2074-09-04,37.59,38.4,36.9,37.19,87403
2074-09-05,37.16,37.67,37.0,37.32,67703
2074-09-06,37.34,38.6,37.29,38.46,77070
2074-09-07,38.48,38.83,38.15,38.75,44603
2074-09-08,38.65,39.05,37.5,37.63,43702
2074-09-09,37.63,38.2,37.4,38.11,153954
2074-09-10,38.19,38.52,37.32,37.57,97291
2074-09-11,37.65,38.1,37.45,37.93,69806
2074-09-12,37.95,38.02,37.1,37.55,73627
2074-09-13,37.29,37.42,35.9,36.24,103488
2074-09-14,36.25,36.38,35.62,35.66,75606
2074-09-15,35.63,37.1,35.52,37.05,108614
2074-09-16,37.05,39.1,36.69,38.74,143286
2074-09-17,38.7,39.05,38.26,38.39,71639
2074-09-18,38.79,39.7,38.75,39.65,80281
2074-09-19,39.58,39.84,38.75,39.08,85517
2074-09-20,39.19,40.4,38.85,40.33,114496
2074-09-21,40.18,40.45,39.91,39.96,72661
2074-09-22,39.76,40.75,39.42,39.5,97975
2074-09-23,39.4,39.77,38.98,39.44,87631
2074-09-24,39.5,41.05,39.2,40.97,115282
2074-09-25,40.97,41.12,40.5,40.77,75873
2074-09-26,40.7,41.8,40.4,41.25,65130
2074-09-27,41.19,41.9,40.72,41.64,82225
2074-09-28,41.63,42.3,40.51,40.86,9992
2074-09-29,40.4,41.15,40.25,40.58,82120
2074-09-30,40.57,41.65,40.42,41.36,84354
2074-10-01,41.4,41.83,41.2,41.71,64917
2074-10-02,41.75,41.95,41.05,41.44,59193
2074-10-03,41.43,42.22,41.31,41.84,70722
2074-10-04,41.85,43.05,41.66,42.9,107257
2074-10-05,42.9,42.98,42.1,42.75,74547
2074-10-06,42.72,43.85,42.65,43.8,77427
2074-10-07,43.69,43.94,43.27,43.82,71103
2074-10-08,43.84,44.24,43.5,44.15,88814
2074-10-09,44.15,44.34,42.8,42.83,110781
2074-10-10,42.81,44.5,42.62,44.41,118579
2074-10-11,44.35,44.77,43.75,43.95,109419
2074-10-12,43.81,44.98,43.55,44.84,100845
2074-10-13,44.82,45.04,44.2,44.52,95869
2074-10-14,44.52,44.96,43.3,44.8,130503
2074-10-15,44.77,45.75,44.55,45.5,101452
2074-10-16,45.47,46.65,45.3,46.58,124031
2074-10-17,46.6,46.91,45.9,46.05,108909
2074-10-18,46.05,46.95,45.63,46.75,112110
2074-10-19,46.75,47.39,46.5,47.27,86308
2074-10-20,47.35,48.75,47.2,48.7,97467
2074-10-21,48.82,49.4,47.6,47.86,171025
2074-10-22,46.81,47.22,46.01,46.05,82477
2074-10-23,46.0,46.13,44.75,45.21,102517
2074-10-24,45.17,45.58,43.22,43.47,134615
2074-10-25,43.54,44.15,42.5,43.1,128055
2074-10-26,43.05,43.59,42.75,43.18,85345
2074-10-27,43.31,43.5,41.3,42.28,92281
2074-10-28,42.25,42.39,41.45,42.12,87970
2074-10-29,42.11,44.4,42.11,44.0,110636
2074-10-30,43.9,45.37,43.75,44.06,101453
2074-10-31,44.07,44.45,43.6,43.99,61441
2074-11-01,43.57,43.69,42.73,43.31,73478
2074-11-02,43.22,43.7,42.4,42.77,89745
2074-11-03,42.73,44.75,42.49,44.61,132536
2074-11-04,44.55,45.09,42.52,42.81,108493
2074-11-05,43.13,44.45,42.95,43.87,94667
2074-11-06,43.8,44.85,43.67,44.39,112719
2074-11-07,44.44,45.3,43.4,43.58,131693
2074-11-08,43.75,44.2,42.75,43.88,101898
2074-11-09,44.01,45.8,43.91,45.59,78906
2074-11-10,45.59,46.4,45.3,46.35,72383
2074-11-11,46.35,47.4,46.05,47.1,116142
2074-11-12,46.75,48.65,46.42,48.35,146003
2074-11-13,48.35,49.0,47.5,48.46,124912
2074-11-14,48.46,48.9,47.9,48.88,69258
2074-11-15,48.75,49.75,48.64,49.64,76423
2074-11-16,49.57,50.47,49.52,49.9,102585
2074-11-17,49.86,50.2,48.4,49.51,118801
2074-11-18,49.5,50.1,49.15,49.64,82583
2074-11-19,49.64,50.15,49.2,50.12,77708
2074-11-20,49.9,49.97,49.44,49.91,52022
2074-11-21,49.83,51.29,49.8,51.09,88112
2074-11-22,51.18,52.15,50.75,52.02,109985
2074-11-23,52.0,53.0,51.92,52.67,103188
2074-11-24,52.55,53.4,51.85,53.31,116857
2074-11-25,53.64,54.45,52.37,52.51,137494
2074-11-26,52.6,53.95,51.49,53.64,122256
2074-11-27,53.65,54.88,53.35,54.76,114720
2074-11-28,54.71,55.0,54.14,54.93,108852
2074-11-29,54.8,55.33,53.12,53.67,76096
2074-11-30,53.64,53.64,52.59,53.29,76473
2074-12-01,53.29,55.2,53.23,54.92,107840
2074-12-02,54.27,54.95,54.01,54.47,79230
2074-12-03,54.5,55.5,54.45,55.17,83302
2074-12-04,55.05,55.67,54.2,54.54,82511
2074-12-05,54.49,55.25,53.85,55.17,97015
2074-12-06,55.18,55.65,52.1,52.46,172524
2074-12-07,52.45,52.8,50.82,50.92,150846
2074-12-08,50.85,51.8,50.47,51.76,105368
2074-12-09,51.82,52.5,49.3,50.13,133138
2074-12-10,50.19,50.42,49.55,49.62,82754
2074-12-11,49.61,51.2,48.65,50.88,143701
2074-12-12,50.88,51.06,48.77,48.82,121094
2074-12-13,48.81,49.7,48.3,49.61,115766
2074-12-14,49.6,49.6,48.6,49.09,77257
2074-12-15,49.02,49.43,47.2,47.37,128889
2074-12-16,47.35,49.0,46.96,48.86,129900
2074-12-17,48.8,48.9,47.1,47.42,92977
2074-12-18,47.55,48.05,47.1,47.32,74996
2074-12-19,47.11,47.45,45.25,46.87,99068
2074-12-20,46.89,47.4,46.07,46.11,85982
2074-12-21,46.16,47.1,45.4,46.84,83143
2074-12-22,46.75,47.15,45.65,46.22,71121
2074-12-23,46.2,48.9,46.0,48.44,149678
2074-12-24,48.82,49.55,48.35,48.64,85969
2074-12-25,48.48,50.25,48.22,48.94,96048
2074-12-26,48.84,49.6,47.8,49.44,188075
2074-12-27,49.4,49.95,49.12,49.76,57760
2074-12-28,49.65,50.4,48.68,49.13,100734
2074-12-29,49.07,49.12,45.35,45.49,146703
2074-12-30,45.49,45.9,42.5,43.25,158715
2074-12-31,43.33,43.75,42.05,42.54,109157
2075-01-01,42.5,43.6,42.26,42.98,82611
2075-01-02,43.02,43.19,41.03,41.46,109069
2075-01-03,41.41,42.5,40.45,41.94,127247
2075-01-04,42.05,43.2,41.95,42.53,99433
2075-01-05,42.5,43.29,40.25,40.71,118142
2075-01-06,40.9,41.65,40.25,41.01,95852
2075-01-07,41.12,41.89,40.85,41.82,88753
2075-01-08,41.8,44.45,41.8,44.19,119634
2075-01-09,44.7,45.03,43.3,44.51,84071
2075-01-10,44.55,46.65,44.26,46.57,101549
2075-01-11,46.5,46.5,45.1,45.78,79557
2075-01-12,45.65,46.15,45.31,45.76,56910
2075-01-13,45.75,45.95,43.65,44.24,77629
2075-01-14,44.18,44.4,43.75,44.18,365
2075-01-15,43.87,43.87,41.2,41.32,56520
2075-01-16,41.25,42.32,41.0,41.77,48608
2075-01-17,41.81,43.8,41.4,43.64,84045
2075-01-18,43.61,43.8,42.52,43.45,1490
2075-01-19,43.1,43.1,41.25,42.12,69484
2075-01-20,42.18,44.13,41.85,43.91,100665
2075-01-21,43.9,44.0,42.6,43.39,91011
2075-01-22,43.39,45.75,42.8,45.56,122411
2075-01-23,45.38,46.1,44.75,45.43,99725
2075-01-24,45.6,47.3,45.0,45.33,103573
2075-01-25,45.23,46.15,44.95,45.68,90540
2075-01-26,45.73,46.6,45.0,46.37,117369
2075-01-27,46.5,48.4,46.3,48.04,108475
2075-01-28,47.87,48.65,47.6,48.38,518
2075-01-29,48.6,49.48,47.8,48.48,120267
2075-01-30,48.49,48.6,47.75,47.86,106533
2075-01-31,47.84,47.89,46.71,47.31,126929
2075-02-01,47.3,48.95,47.27,48.53,109387
2075-02-02,48.88,49.24,47.8,48.81,82895
2075-02-03,48.82,49.75,48.35,49.64,77796
2075-02-04,49.51,49.74,47.9,48.78,115698
2075-02-05,48.95,49.65,48.6,48.84,85862
2075-02-06,48.84,48.85,46.8,47.18,106856
2075-02-07,46.6,48.25,46.01,48.2,107498
2075-02-08,48.21,48.24,47.05,47.12,83502
2075-02-09,47.19,47.55,46.45,46.69,85112
2075-02-10,46.57,46.73,45.75,46.45,70135
2075-02-11,46.5,47.25,46.25,46.48,75969
2075-02-12,46.32,46.47,45.1,45.28,103691
2075-02-13,45.4,45.7,44.78,45.4,99803
2075-02-14,45.45,46.4,44.6,45.46,139765
2075-02-15,45.54,47.3,45.42,47.1,107519
2075-02-16,46.97,47.48,46.75,47.16,83654
2075-02-17,47.05,47.75,46.6,47.44,76756
2075-02-18,47.34,47.8,47.1,47.26,68241
2075-02-19,47.28,48.65,46.95,48.33,94711
2075-02-20,48.98,49.24,48.05,48.22,85741
2075-02-21,48.3,49.25,48.25,49.01,82190
2075-02-22,49.24,51.7,49.17,51.42,134450
2075-02-23,51.2,51.6,50.86,51.17,88112
2075-02-24,51.21,52.05,50.46,51.39,114186
2075-02-25,51.45,51.9,50.95,51.49,74335
2075-02-26,51.8,52.28,51.1,51.75,77726
2075-02-27,51.77,51.98,50.65,51.68,91603
2075-02-28,51.7,53.1,51.45,53.05,107976
2075-03-01,53.04,55.2,52.85,53.57,147324
2075-03-02,53.6,54.0,52.9,53.78,82919
2075-03-03,53.56,53.95,52.91,53.89,90228
2075-03-04,53.87,55.15,53.26,54.59,101554
2075-03-05,54.54,55.65,54.16,54.77,121574
2075-03-06,54.54,54.62,52.9,53.54,114000
2075-03-07,53.6,54.6,52.5,54.43,112324
2075-03-08,54.45,55.05,53.52,54.95,88000
2075-03-09,54.9,55.45,54.25,55.05,89775
2075-03-10,55.0,56.6,54.4,56.46,93525
2075-03-11,57.05,58.16,56.8,56.91,124354
2075-03-12,56.85,57.45,56.49,57.24,113632
2075-03-13,57.15,57.63,56.68,57.46,99506
2075-03-14,57.36,57.58,55.69,56.03,93381
2075-03-15,55.93,55.93,53.4,53.81,158704
2075-03-16,54.12,54.9,53.48,54.84,90490
2075-03-17,54.44,54.65,53.6,54.05,59674
2075-03-18,53.9,54.5,53.45,54.23,72903
2075-03-19,54.28,54.46,52.5,53.99,122512
2075-03-20,54.03,56.1,53.93,55.4,114755
2075-03-21,55.25,57.7,54.96,57.27,112997
2075-03-22,57.15,58.28,56.6,57.01,88354
2075-03-23,56.96,57.2,55.9,56.04,84117
2075-03-24,55.99,56.9,55.3,55.85,94458
2075-03-25,55.78,56.84,53.77,54.11,132876
2075-03-26,54.12,54.2,52.7,53.32,122490
2075-03-27,53.26,53.85,52.1,53.71,97925
2075-03-28,53.8,54.05,51.7,51.86,129490
2075-03-29,51.77,51.77,50.06,50.22,134518
2075-03-30,50.3,51.4,49.75,51.13,108278
2075-03-31,51.05,51.28,50.0,50.49,102520
2075-04-01,52.0,52.45,51.01,51.47,110062
2075-04-02,51.5,53.75,51.5,53.57,112537
2075-04-03,53.51,54.5,53.25,54.03,120966
2075-04-04,53.87,54.3,53.0,54.2,99239
2075-04-05,54.23,55.9,54.2,55.39,113285
2075-04-06,55.15,56.0,54.3,54.57,80454
2075-04-07,54.34,54.4,53.35,54.2,100865
2075-04-08,54.3,54.4,51.55,51.61,123080
2075-04-09,51.56,51.89,49.8,51.77,128059
2075-04-10,51.81,52.28,49.1,49.72,91921
2075-04-11,49.28,51.05,49.03,50.92,98520
2075-04-12,51.0,51.01,49.3,49.5,97500
2075-04-13,49.52,50.95,48.8,50.13,133688
2075-04-14,50.17,50.95,49.5,50.83,96261
2075-04-15,50.97,52.23,50.25,50.96,143891
2075-04-16,51.28,52.25,50.65,52.03,99262
2075-04-17,52.0,53.1,51.65,52.07,119608
2075-04-18,51.77,51.95,50.25,50.45,111016
2075-04-19,50.41,50.42,48.3,48.54,129131
2075-04-20,48.7,49.11,47.75,48.67,99228
2075-04-21,48.67,48.7,47.6,48.61,78186
2075-04-22,48.64,49.0,48.05,48.97,90755
2075-04-23,50.64,50.99,48.9,49.13,140949
2075-04-24,49.05,49.85,48.65,48.74,121725
2075-04-25,48.8,49.4,48.2,48.65,107934
2075-04-26,48.25,49.5,48.05,49.16,91193
2075-04-27,49.15,49.94,48.92,49.67,87029
2075-04-28,49.63,51.6,49.58,50.98,132791
2075-04-29,50.95,51.7,50.65,51.01,92360
2075-04-30,50.9,52.0,50.83,51.85,69866
2075-05-01,51.98,52.05,50.9,51.97,91943
2075-05-02,51.95,54.7,51.93,54.6,117597
2075-05-03,54.54,55.4,53.5,53.63,126015
2075-05-04,53.51,55.15,53.42,55.03,88726
2075-05-05,55.2,55.55,53.9,54.49,85859
2075-05-06,54.48,54.75,53.58,53.76,101219
2075-05-07,53.84,55.0,52.45,52.54,128022
2075-05-08,52.51,54.5,52.22,54.28,111430
2075-05-09,54.41,54.95,53.35,53.54,105658
2075-05-10,53.43,55.8,53.05,55.62,103592
2075-05-11,55.55,55.8,54.83,55.0,96779
2075-05-12,54.94,56.75,54.94,55.57,101553
2075-05-13,55.51,56.9,55.12,56.58,85975
2075-05-14,57.35,59.3,57.26,59.18,87348
2075-05-15,59.0,60.02,58.7,59.88,104541
2075-05-16,59.75,59.95,58.95,59.04,106639
2075-05-17,58.92,59.55,57.85,58.09,106890
2075-05-18,58.15,60.0,58.14,59.42,93099
2075-05-19,59.4,60.0,59.17,59.84,86110
2075-05-20,59.9,60.95,59.9,60.54,79216
2075-05-21,60.44,60.47,57.9,58.2,113646
2075-05-22,58.26,58.35,56.9,57.26,119267
2075-05-23,57.23,57.8,55.9,56.5,157689
2075-05-24,56.56,59.15,56.45,58.75,90493
2075-05-25,58.89,60.1,58.8,59.59,90505
2075-05-26,59.6,61.35,59.6,61.28,112573
2075-05-27,61.28,62.1,57.2,60.73,133519
2075-05-28,60.72,61.9,59.55,59.63,113009
2075-05-29,59.4,59.5,58.02,58.92,111543
2075-05-30,59.15,61.25,58.92,60.62,124148
2075-05-31,60.55,61.3,59.8,60.01,113298
2075-06-01,59.99,60.14,57.25,57.8,131775
2075-06-02,57.87,58.9,57.33,58.09,107137
2075-06-03,59.04,59.98,57.8,58.42,89843
2075-06-04,58.32,58.85,57.92,58.69,115904
2075-06-05,58.69,59.65,57.45,58.02,145901
2075-06-06,58.15,58.17,56.5,57.13,106235
2075-06-07,57.27,58.7,57.13,58.65,83067
2075-06-08,58.75,59.15,57.65,59.0,78479
2075-06-09,59.1,59.88,58.5,59.2,86851
2075-06-10,59.15,59.7,58.6,59.11,93281
2075-06-11,59.21,60.15,58.8,59.94,83720
2075-06-12,59.93,61.05,59.81,60.57,100656
2075-06-13,60.51,62.3,60.51,61.57,104282
2075-06-14,61.59,61.95,60.87,61.89,84877
2075-06-15,61.94,62.5,60.7,60.86,107880
2075-06-16,60.78,62.1,60.6,61.38,83416
2075-06-17,61.42,62.45,61.42,62.31,103856
2075-06-18,62.31,64.0,62.21,63.94,117473
2075-06-19,63.91,64.27,63.0,63.07,113868
2075-06-20,63.12,65.0,62.91,64.9,138316
2075-06-21,64.95,66.0,64.42,65.8,124631
2075-06-22,65.82,67.1,65.6,66.86,121665
2075-06-23,66.85,67.0,65.35,66.27,84415
2075-06-24,66.26,66.85,65.5,66.08,108865
2075-06-25,66.14,66.6,63.15,63.25,121220
2075-06-26,64.4,64.41,62.75,63.77,113251
2075-06-27,63.86,66.0,63.86,65.79,127357
2075-06-28,65.77,66.6,65.4,65.65,99788
2075-06-29,65.56,66.2,64.65,65.71,83182
2075-06-30,65.79,67.4,65.3,67.32,98722
2075-07-01,67.41,68.0,66.4,67.49,78799
2075-07-02,67.49,67.95,65.9,66.13,92781
2075-07-03,68.6,70.8,66.3,67.2,151039
2075-07-04,67.4,70.85,67.26,69.81,178298
2075-07-05,69.95,70.65,67.8,68.94,143723
2075-07-06,68.75,69.6,68.25,69.47,102649
2075-07-07,69.4,69.66,66.9,67.57,5
2075-07-08,66.6,67.56,65.65,65.96,112845
2075-07-09,65.83,66.5,63.9,64.37,116133
2075-07-10,64.44,65.15,63.1,64.49,123332
2075-07-11,64.67,65.35,63.55,64.08,104978
2075-07-12,64.15,64.41,62.55,63.34,109142
2075-07-13,63.31,63.85,62.65,63.11,110403
2075-07-14,63.09,65.2,63.05,65.09,116776
2075-07-15,65.05,65.66,63.9,64.75,111656
2075-07-16,65.12,65.2,63.25,63.34,105760
2075-07-17,63.37,67.64,63.37,67.51,152018
2075-07-18,67.25,67.65,65.0,66.2,134613
2075-07-19,66.22,68.27,66.15,66.8,108751
2075-07-20,66.85,68.14,66.05,66.5,92997
2075-07-21,66.58,66.8,63.85,64.19,96318
2075-07-22,63.44,65.9,62.65,65.82,108135
2075-07-23,65.7,66.17,64.6,65.07,425
2075-07-24,64.94,67.4,64.6,66.35,125181
2075-07-25,66.34,67.2,65.52,66.79,121353
2075-07-26,66.79,67.03,65.3,66.24,114729
2075-07-27,66.2,66.62,64.99,65.47,69179
2075-07-28,65.4,65.49,63.0,63.9,94277
2075-07-29,63.81,64.8,62.6,62.79,87283
2075-07-30,62.72,62.83,60.7,61.36,116497
2075-07-31,61.6,62.23,61.1,61.84,90342
2075-08-01,62.02,63.6,61.88,63.53,121482
2075-08-02,63.59,64.7,63.4,64.12,128614
2075-08-03,64.15,64.39,62.45,63.08,110795
2075-08-04,63.05,63.1,61.2,62.63,79485
2075-08-05,62.95,64.4,62.72,64.36,73275
2075-08-06,63.47,63.54,62.1,62.44,123463
2075-08-07,62.3,62.8,60.6,61.51,148905
2075-08-08,61.4,61.65,59.32,60.02,124319
2075-08-09,59.85,60.7,59.15,60.63,103721
2075-08-10,60.06,60.5,59.3,60.32,78770
2075-08-11,60.23,62.55,59.98,62.44,101666
2075-08-12,62.3,62.95,60.6,60.66,109993
2075-08-13,60.88,61.5,60.25,61.09,99579
2075-08-14,61.1,61.48,60.55,61.22,89726
2075-08-15,61.2,61.39,59.27,59.76,103815
2075-08-16,59.76,60.3,59.05,59.85,95972
2075-08-17,59.9,60.4,58.75,59.75,97860
2075-08-18,59.7,61.85,59.56,61.78,100006
2075-08-19,61.75,62.15,60.5,60.58,92736
2075-08-20,60.11,60.44,58.6,59.47,126389
2075-08-21,59.47,59.85,58.9,59.71,99616
2075-08-22,59.7,60.4,58.6,58.93,133271
2075-08-23,58.8,58.96,57.4,57.8,104739
2075-08-24,57.77,58.2,56.93,57.53,100707
2075-08-25,57.8,58.2,57.35,57.69,68821
2075-08-26,57.72,58.4,56.9,56.98,102686
2075-08-27,56.98,58.25,56.7,57.88,81905
2075-08-28,58.41,59.06,57.1,57.15,110448
2075-08-29,57.3,57.47,56.35,57.21,111722
2075-08-30,57.42,58.18,57.1,57.7,68601
2075-08-31,57.8,59.0,57.55,58.84,81621
2075-09-01,58.75,59.15,57.95,58.71,345
2075-09-02,58.11,58.3,56.7,57.36,98709
2075-09-03,57.31,57.75,56.25,56.5,98126
2075-09-04,56.35,57.55,55.72,57.32,131180
2075-09-05,57.4,58.8,57.02,58.47,112884
2075-09-06,58.47,59.55,58.15,59.32,114720
2075-09-07,59.41,60.8,59.41,59.91,106593
2075-09-08,59.77,60.45,59.55,59.94,80399
2075-09-09,60.01,60.68,59.11,59.21,129029
2075-09-10,59.35,60.8,59.05,60.66,104846
2075-09-11,60.76,61.5,59.03,59.39,123432
2075-09-12,59.51,61.35,59.5,61.3,113722
2075-09-13,61.29,61.9,60.76,61.37,102192
2075-09-14,61.28,61.75,60.8,60.85,84305
2075-09-15,60.85,61.2,59.95,59.99,100827
2075-09-16,61.05,61.15,58.9,59.05,109931
2075-09-17,58.9,59.55,57.75,58.05,106300
2075-09-18,58.1,58.7,57.9,58.09,89980
2075-09-19,58.11,58.7,57.55,58.56,84506
2075-09-20,58.6,59.29,57.72,58.28,60474
2075-09-21,58.26,58.5,57.65,58.43,37520
2075-09-22,58.3,58.3,57.3,58.16,55477
2075-09-23,58.19,60.45,57.76,59.82,87694
2075-09-24,59.89,60.85,59.4,60.32,64915
2075-09-25,60.39,61.25,59.73,61.04,72714
2075-09-26,61.04,63.8,60.81,63.14,130635
2075-09-27,63.0,63.65,62.26,63.42,105194
2075-09-28,63.4,63.74,62.6,62.79,104035
2075-09-29,62.6,64.45,62.6,64.21,110763
2075-09-30,64.15,64.61,62.9,63.5,115558
2075-10-01,63.38,64.2,63.05,63.37,111890
2075-10-02,63.35,64.8,62.6,63.94,166379
2075-10-03,63.98,65.05,63.86,63.94,111400
2075-10-04,63.97,64.33,63.13,63.92,115
2075-10-05,64.82,66.45,64.6,66.31,117433
2075-10-06,67.0,67.5,65.75,66.25,133628
2075-10-07,66.33,67.3,65.8,67.19,115971
2075-10-08,67.12,69.15,67.12,68.48,149990
2075-10-09,68.45,69.2,67.6,68.1,84184
2075-10-10,68.1,68.11,67.0,67.06,100194
2075-10-11,67.1,67.1,65.45,65.85,138328
2075-10-12,65.85,66.9,65.31,66.26,124697
2075-10-13,66.49,67.95,66.35,67.76,112320
2075-10-14,67.85,68.45,67.25,68.35,92440
2075-10-15,68.4,68.65,67.35,67.92,118865
2075-10-16,67.8,69.0,66.3,66.56,140025
2075-10-17,66.2,67.19,64.4,64.68,150155
2075-10-18,64.7,65.4,63.95,65.37,110816
2075-10-19,65.6,66.62,64.9,65.11,97538
2075-10-20,65.1,65.1,63.0,63.09,145683
2075-10-21,63.19,63.49,62.3,62.55,150436
2075-10-22,62.57,63.7,62.34,62.62,133578
2075-10-23,62.64,63.0,61.2,61.84,146060
2075-10-24,62.1,62.18,60.85,61.24,91961
2075-10-25,61.18,61.3,59.5,59.57,132021
2075-10-26,59.49,60.05,57.6,57.65,136092
2075-10-27,59.6,60.5,59.2,60.13,116422
2075-10-28,60.45,61.46,60.36,61.29,113532
2075-10-29,62.51,62.95,61.9,62.74,114878
2075-10-30,62.5,62.59,60.52,61.01,106291
2075-10-31,60.91,61.15,59.7,60.54,122119
2075-11-01,60.5,63.25,60.47,62.91,134353
2075-11-02,62.8,62.85,60.85,61.0,93771
2075-11-03,60.9,61.8,60.3,61.41,133720
2075-11-04,61.58,62.35,61.46,61.97,91941
2075-11-05,61.96,63.5,61.8,63.36,97323
2075-11-06,63.53,63.79,62.7,63.67,97539
2075-11-07,63.75,63.92,61.8,62.41,98681
2075-11-08,62.32,62.75,61.1,61.58,120050
2075-11-09,61.55,61.68,59.25,60.02,132359
2075-11-10,60.01,60.9,59.55,60.47,118689
2075-11-11,60.56,60.78,59.7,59.96,98521
2075-11-12,60.05,61.9,59.58,61.77,127869
2075-11-13,61.75,63.37,61.27,63.1,108475
2075-11-14,62.94,63.2,62.0,62.17,96651
2075-11-15,62.05,63.9,61.65,63.58,100866
2075-11-16,65.05,65.3,64.1,64.2,77651
2075-11-17,64.39,64.45,61.7,61.96,113054
2075-11-18,62.1,62.7,61.25,62.34,117421
2075-11-19,62.28,62.85,61.61,61.77,96044
2075-11-20,61.9,64.0,61.87,63.91,136666
2075-11-21,63.87,64.75,63.4,64.26,91950
2075-11-22,64.4,64.55,63.45,64.16,62115
2075-11-23,64.22,66.2,64.05,66.07,101384
2075-11-24,66.1,66.7,65.58,66.45,112102
2075-11-25,66.51,67.3,66.05,67.15,95673
2075-11-26,67.05,67.14,65.6,66.63,139335
2075-11-27,66.43,67.9,66.2,66.74,94634
2075-11-28,66.65,66.65,65.6,66.23,108407
2075-11-29,66.2,67.25,65.74,67.07,99786
2075-11-30,67.11,68.2,67.1,67.94,111112
2075-12-01,67.85,67.85,66.65,67.39,109202
2075-12-02,67.4,68.95,67.22,68.74,108018
2075-12-03,68.67,69.45,68.0,68.98,125615
2075-12-04,68.95,69.6,68.45,68.62,123407
2075-12-05,68.52,69.5,67.87,69.32,119373
2075-12-06,69.55,70.45,69.3,70.4,98598
2075-12-07,71.93,73.2,71.71,73.09,128316
2075-12-08,73.05,74.4,72.65,74.12,161860
2075-12-09,74.0,74.5,72.7,73.69,141724
2075-12-10,73.5,75.35,72.73,75.17,100736
2075-12-11,75.35,75.35,72.95,73.33,125457
2075-12-12,73.28,74.0,71.75,72.88,146843
2075-12-13,72.85,73.22,71.85,71.93,107094
2075-12-14,71.93,72.01,70.75,70.97,108953
2075-12-15,70.99,72.65,70.49,71.88,155575
2075-12-16,71.7,73.85,71.42,73.7,83652
2075-12-17,73.8,74.9,73.5,74.61,112597
2075-12-18,74.63,74.99,72.2,72.28,119109
2075-12-19,72.17,72.47,69.3,69.94,158815
2075-12-20,70.2,70.7,69.7,70.19,119448
2075-12-21,70.05,70.56,68.25,69.77,122344
2075-12-22,69.84,71.45,69.62,70.69,149147
2075-12-23,70.65,72.25,69.65,72.13,151862
2075-12-24,72.13,73.9,71.98,73.32,135853
2075-12-25,73.1,73.35,71.65,72.04,101826
2075-12-26,71.87,72.04,69.3,69.41,118931
2075-12-27,69.21,70.7,68.51,69.53,118763
2075-12-28,69.35,70.1,68.2,68.69,128969
2075-12-29,69.65,70.25,68.7,70.14,86622
2075-12-30,70.2,70.66,68.65,69.29,117457
2075-12-31,69.28,70.25,68.17,69.96,116410
2076-01-01,70.05,72.15,69.85,71.76,113472
2076-01-02,71.58,71.65,69.8,69.86,118268
2076-01-03,69.91,71.38,69.36,71.32,87142
2076-01-04,71.3,71.9,70.86,71.37,71611
2076-01-05,71.31,72.75,71.2,72.03,81012
2076-01-06,71.95,72.16,70.05,71.29,149098
2076-01-07,71.26,71.9,70.05,70.34,129406
2076-01-08,70.25,72.7,70.07,72.33,113070
2076-01-09,72.7,73.84,72.1,72.6,89820
2076-01-10,72.64,72.9,71.35,72.5,94602
2076-01-11,72.4,72.58,70.5,70.82,128508
2076-01-12,70.86,70.9,69.1,70.35,131031
2076-01-13,70.28,71.8,69.95,71.63,112121
2076-01-14,71.6,72.32,70.2,70.36,113767
2076-01-15,70.24,70.43,68.3,68.56,147275
2076-01-16,68.45,69.4,68.1,69.14,107293
2076-01-17,69.03,70.25,69.0,69.5,135911
2076-01-18,70.02,70.85,69.15,70.2,75619
2076-01-19,70.14,70.39,68.75,69.55,102022
2076-01-20,69.58,70.27,68.85,69.34,99145
2076-01-21,69.34,70.75,68.8,70.33,118193
2076-01-22,70.34,71.2,70.05,70.84,102920
2076-01-23,70.85,71.3,70.28,70.87,77733
2076-01-24,70.86,71.9,70.4,71.8,95883
2076-01-25,71.74,72.5,71.6,71.92,81239
2076-01-26,71.91,72.77,71.6,72.19,90122
2076-01-27,72.2,73.55,72.15,73.52,81818
2076-01-28,73.51,74.15,73.35,73.93,1314
2076-01-29,73.95,74.03,73.8,73.93,918
2076-01-30,73.95,75.4,73.38,75.19,91574
2076-01-31,75.2,75.35,74.3,75.14,92581
2076-02-01,75.02,75.78,73.85,74.09,102426
2076-02-02,73.94,73.95,72.9,73.61,104857
2076-02-03,73.51,74.6,73.34,74.16,98074
2076-02-04,74.03,75.05,73.8,74.95,122018
2076-02-05,74.98,76.85,74.91,76.7,144012
2076-02-06,76.67,78.4,76.67,77.03,122621
2076-02-07,76.91,77.74,75.2,75.3,120244
2076-02-08,76.81,78.15,75.15,75.26,99734
2076-02-09,75.6,75.97,73.51,74.77,151156
2076-02-10,74.77,75.39,73.92,74.27,6842
2076-02-11,74.07,75.2,73.9,74.43,78119
2076-02-12,74.45,75.2,73.5,75.05,76886
2076-02-13,75.1,75.78,73.55,73.75,84882
2076-02-14,73.8,74.8,73.52,73.94,82009
2076-02-15,73.9,74.92,73.72,74.54,79261
2076-02-16,74.5,74.85,72.8,73.24,88585
2076-02-17,73.5,74.5,72.77,74.4,100528
2076-02-18,74.4,75.45,74.02,74.91,87114
2076-02-19,74.92,76.5,74.9,75.81,92494
2076-02-20,76.0,76.19,74.65,75.46,85477
2076-02-21,75.6,75.68,74.15,74.76,76388
2076-02-22,74.78,77.3,74.55,76.98,129001
2076-02-23,77.05,77.45,76.15,76.31,92343
2076-02-24,76.33,77.4,76.2,76.35,137251
2076-02-25,76.25,76.52,73.9,74.0,142299
2076-02-26,74.0,74.81,73.75,74.35,117634
2076-02-27,73.95,73.95,72.6,73.53,82045
2076-02-28,73.38,73.9,72.82,73.05,76424
2076-02-29,72.93,73.15,71.7,71.89,90069
2076-03-01,71.65,71.75,70.0,70.06,104170
2076-03-02,71.96,72.46,71.0,72.1,73173
2076-03-03,72.13,73.35,72.13,73.3,90677
2076-03-04,73.23,73.48,72.6,73.1,77594
2076-03-05,72.85,72.94,71.1,71.76,89380
2076-03-06,71.65,72.5,71.37,72.36,53961
2076-03-07,72.8,73.75,72.38,72.51,77210
2076-03-08,71.87,71.9,70.15,70.61,75576
2076-03-09,70.46,70.9,69.3,69.71,81668
2076-03-10,69.77,70.25,68.65,70.03,80215
2076-03-11,70.45,70.82,69.35,70.26,89594
2076-03-12,70.29,70.66,69.01,69.19,53471
2076-03-13,69.25,69.59,67.77,68.6,78920
2076-03-14,68.65,68.85,67.45,67.5,112103
2076-03-15,67.55,67.98,66.76,67.32,98575
2076-03-16,67.2,67.6,66.0,66.25,120861
2076-03-17,66.01,66.5,64.85,65.61,140696
2076-03-18,65.59,66.44,63.66,63.76,150651
2076-03-19,63.84,64.75,63.5,63.97,168426
2076-03-20,64.27,64.65,63.0,63.22,151783
2076-03-21,63.45,63.66,62.03,63.33,137545
2076-03-22,64.2,65.2,63.5,64.45,101883
2076-03-23,64.5,65.15,62.05,62.17,156684
2076-03-24,62.17,62.34,60.62,60.74,156614
2076-03-25,60.81,61.8,60.65,61.59,105730
2076-03-26,61.71,62.26,60.19,60.55,122447
2076-03-27,60.25,62.15,59.52,61.45,122239
2076-03-28,61.44,62.0,60.6,61.01,132651
2076-03-29,61.14,63.1,60.1,62.96,148245
2076-03-30,62.99,64.0,62.55,62.76,150186
2076-03-31,62.7,63.1,61.45,62.91,145461
2076-04-01,62.98,63.32,60.84,61.03,108503
2076-04-02,60.9,61.15,58.43,58.68,169192
2076-04-03,58.5,59.78,57.75,59.41,178944
2076-04-04,59.76,60.97,59.34,60.03,152685
2076-04-05,60.04,60.28,58.84,59.76,166499
2076-04-06,59.97,61.3,59.78,59.96,156175
2076-04-07,59.95,60.68,58.4,58.52,170229
2076-04-08,58.52,59.1,57.37,57.59,180440
2076-04-09,57.4,58.47,57.22,57.86,162865
2076-04-10,58.34,59.46,58.06,58.57,127404
2076-04-11,58.87,60.12,58.06,59.94,139797
2076-04-12,60.05,60.54,58.65,58.93,171709
2076-04-13,60.96,61.25,59.03,59.3,161338
2076-04-14,59.36,61.0,59.2,60.5,193145
2076-04-15,60.52,61.34,59.1,59.33,185243
2076-04-16,59.4,59.47,58.12,58.81,149818
2076-04-17,58.89,59.7,58.42,59.35,132908
2076-04-18,59.5,61.65,59.23,61.4,190639
2076-04-19,61.58,61.79,60.1,60.36,165972
2076-04-20,60.3,61.0,59.85,60.75,149482
2076-04-21,60.75,61.05,58.22,58.36,168398
2076-04-22,58.41,58.8,57.05,58.73,211035
2076-04-23,58.6,59.45,57.8,58.71,181844
2076-04-24,58.6,58.96,57.6,57.88,183137
2076-04-25,57.86,59.35,57.77,59.14,169658
2076-04-26,59.11,60.56,58.5,60.02,193570
2076-04-27,60.12,60.2,58.89,58.93,237073
2076-04-28,59.16,60.3,58.88,59.83,242868
2076-04-29,60.0,61.33,59.9,61.16,230433
2076-04-30,61.03,61.17,59.45,59.59,195450
2076-05-01,59.58,59.92,58.25,58.58,220010
2076-05-02,58.6,59.15,58.15,58.28,242605
2076-05-03,58.45,59.4,58.3,58.76,188951
2076-05-04,60.72,61.4,58.3,58.57,262829
2076-05-05,58.47,59.03,57.8,58.97,165139
2076-05-06,58.8,59.04,57.97,58.8,142502
2076-05-07,58.96,60.4,58.61,60.17,145381
2076-05-08,60.05,60.35,58.35,59.24,172821
2076-05-09,59.34,60.17,58.66,59.24,26255
2076-05-10,59.9,60.44,59.26,60.32,143843
2076-05-11,60.4,61.2,60.21,60.99,151496
2076-05-12,60.99,62.54,60.95,62.46,215398
2076-05-13,62.32,63.77,62.2,63.13,220010
2076-05-14,62.85,63.7,62.24,63.43,176603
2076-05-15,63.8,63.82,61.9,62.44,162006
2076-05-16,62.42,63.25,61.53,62.43,227430
2076-05-17,62.42,63.01,61.84,62.19,221144
2076-05-18,62.31,62.76,61.55,62.49,255423
2076-05-19,62.75,63.65,61.95,62.03,217504
2076-05-20,62.14,62.21,61.05,61.22,197111
2076-05-21,61.3,62.01,60.65,61.02,210421
2076-05-22,60.97,61.85,60.74,61.37,215432
2076-05-23,61.52,62.8,61.41,62.51,186372
2076-05-24,63.37,64.15,63.0,64.09,106423
2076-05-25,63.86,64.08,62.62,62.79,165839
2076-05-26,62.73,64.0,62.28,63.46,170757
2076-05-27,63.5,64.15,63.18,63.72,179708
2076-05-28,63.58,63.59,62.3,62.66,142107
2076-05-29,62.67,63.09,62.1,62.41,80124
2076-05-30,62.44,63.2,60.5,61.1,121339
2076-05-31,60.91,61.34,60.25,60.34,108794
2076-06-01,60.41,60.85,60.05,60.53,111098
2076-06-02,60.5,61.2,59.9,61.05,105641
2076-06-03,60.98,61.55,60.41,61.05,41686
2076-06-04,60.95,60.97,57.72,58.32,248547
2076-06-05,58.35,58.58,55.39,55.59,324010
2076-06-06,55.41,56.4,54.9,56.31,250130
2076-06-07,56.31,57.72,55.1,56.09,298727
2076-06-08,56.12,56.2,53.88,55.64,333330
2076-06-09,55.75,55.81,53.44,54.02,282508
2076-06-10,53.59,54.73,51.8,51.88,341657
2076-06-11,52.07,53.11,51.56,52.99,317900
2076-06-12,52.95,53.55,50.53,51.21,276095
2076-06-13,51.2,52.4,50.28,52.24,244372
2076-06-14,53.15,53.65,51.11,51.81,232583
2076-06-15,51.79,53.5,51.48,53.4,199331
2076-06-16,53.57,54.65,52.07,52.58,268288
2076-06-17,52.64,55.15,52.41,55.04,243676
2076-06-18,54.97,55.45,53.66,55.37,250596
2076-06-19,55.39,55.9,54.1,54.23,214449
2076-06-20,54.33,55.58,54.2,55.42,167981
2076-06-21,55.61,55.96,53.75,54.01,209141
2076-06-22,53.87,57.05,53.82,56.97,279880
2076-06-23,56.9,58.2,55.75,58.14,315015
2076-06-24,57.89,58.86,57.1,57.3,282637
2076-06-25,57.39,59.25,57.05,59.02,213512
2076-06-26,59.25,59.95,58.46,58.74,251449
2076-06-27,58.9,59.99,58.5,58.88,276430
2076-06-28,59.12,59.85,57.25,57.71,335594
2076-06-29,57.73,59.87,57.3,59.71,301777
2076-06-30,59.78,60.8,59.3,59.89,316792
2076-07-01,59.69,59.76,57.38,57.81,277173
2076-07-02,57.61,59.6,57.24,59.06,266256
2076-07-03,59.03,59.26,57.5,58.0,254613
2076-07-04,58.63,59.05,57.11,58.51,163601
2076-07-05,58.57,59.91,58.07,59.86,186489
2076-07-06,59.61,59.86,57.78,58.85,236649
2076-07-07,58.89,60.63,58.07,60.07,243533
2076-07-08,60.13,61.25,59.61,60.95,259092
2076-07-09,60.72,61.8,60.5,61.14,261829
2076-07-10,61.04,61.75,60.65,61.39,203506
2076-07-11,61.44,62.25,60.06,61.46,291700
2076-07-12,60.28,62.1,59.92,61.79,270667
2076-07-13,61.82,62.49,60.8,62.0,242342
2076-07-14,61.84,62.4,61.16,61.64,178215
2076-07-15,61.3,61.3,59.55,60.07,230675
2076-07-16,59.89,60.8,59.65,60.69,223855
2076-07-17,60.79,62.1,60.64,61.82,253462
2076-07-18,61.74,62.3,61.2,61.64,239556
2076-07-19,61.71,61.83,59.87,60.05,248690
2076-07-20,59.96,59.96,58.6,58.91,256103
2076-07-21,59.01,59.95,57.75,57.93,291848
2076-07-22,58.17,58.44,57.3,58.16,226839
2076-07-23,58.2,58.64,57.4,57.55,197137
2076-07-24,59.96,61.0,58.8,59.58,167514
2076-07-25,59.39,60.35,59.2,59.7,224527
2076-07-26,59.87,60.18,59.15,59.25,234310
2076-07-27,59.65,60.13,59.21,59.61,199403
2076-07-28,60.02,62.05,59.95,61.69,236870
2076-07-29,61.97,62.65,61.25,62.28,210693
2076-07-30,62.34,63.3,62.34,62.91,229559
2076-07-31,62.83,68.09,62.24,62.93,191030
2076-08-01,64.4,64.96,63.36,64.08,245554
2076-08-02,64.03,66.5,63.5,66.03,301254
2076-08-03,66.05,66.78,65.51,65.87,247788
2076-08-04,66.18,66.69,65.08,65.94,208921
2076-08-05,65.8,65.94,63.96,64.64,200459
2076-08-06,64.52,65.09,63.56,64.38,254552
2076-08-07,64.39,64.94,63.6,64.28,203939
2076-08-08,63.85,63.98,61.35,61.51,274016
2076-08-09,61.72,62.28,61.35,61.89,241522
2076-08-10,61.81,62.56,61.53,62.01,248043
2076-08-11,61.92,63.96,61.86,63.85,269305
2076-08-12,63.9,64.58,63.38,63.63,229094
2076-08-13,63.5,64.21,62.55,63.61,231803
2076-08-14,63.6,64.64,63.05,63.1,217730
2076-08-15,64.64,64.79,63.5,64.38,217366
2076-08-16,64.29,64.84,63.0,63.32,217168
2076-08-17,63.1,64.27,62.63,64.11,170314
2076-08-18,64.09,65.96,63.7,65.89,190337
2076-08-19,65.75,66.3,64.1,64.58,253742
2076-08-20,64.61,65.92,64.52,65.84,199322
2076-08-21,65.68,66.4,64.82,65.06,213017
2076-08-22,65.3,66.7,64.58,66.46,218282
2076-08-23,66.38,66.65,65.53,65.71,225414
2076-08-24,65.66,66.15,64.15,64.4,263825
2076-08-25,64.43,64.67,63.05,63.68,239556
2076-08-26,63.48,64.09,62.74,63.19,213561
2076-08-27,63.25,63.44,61.56,61.93,232525
2076-08-28,61.7,62.06,60.85,61.47,248499
2076-08-29,61.64,62.58,61.21,62.26,277666
2076-08-30,62.18,62.48,60.68,61.55,275338
2076-08-31,61.57,62.5,61.38,61.81,256968
2076-09-01,61.89,62.56,61.68,62.37,216920
2076-09-02,62.48,63.07,62.14,62.46,200433
2076-09-03,62.54,63.3,62.07,63.17,185334
2076-09-04,63.15,63.3,61.9,62.55,216160
2076-09-05,62.62,65.09,62.48,64.86,267955
2076-09-06,65.9,66.44,65.59,65.98,168618
2076-09-07,65.94,67.1,65.28,66.87,192779
2076-09-08,66.8,67.0,65.4,65.51,201705
2076-09-09,65.61,66.2,65.05,65.77,230829
2076-09-10,65.72,66.15,63.82,64.18,212993
2076-09-11,64.48,65.3,64.21,65.2,144492
2076-09-12,64.99,65.24,62.54,63.15,221016
2076-09-13,63.26,63.87,62.88,63.49,215024
2076-09-14,63.31,64.27,62.43,64.01,275955
2076-09-15,64.23,65.25,63.8,65.08,225803
2076-09-16,64.87,66.48,64.53,66.21,228630
2076-09-17,66.05,66.2,65.23,65.61,200804
2076-09-18,65.67,66.31,65.21,65.96,222155
2076-09-19,65.9,67.42,65.82,66.93,275768
2076-09-20,66.7,66.83,64.56,64.76,284370
2076-09-21,64.69,66.07,64.52,65.97,234653
2076-09-22,65.88,66.08,64.87,65.35,187698
2076-09-23,65.22,66.48,64.91,66.26,231771
2076-09-24,66.03,67.89,65.95,67.65,228281
2076-09-25,67.69,68.3,67.24,68.0,194410
2076-09-26,68.68,69.66,67.96,69.62,148988
2076-09-27,69.51,69.97,68.9,69.54,201006
2076-09-28,69.36,69.6,67.65,68.86,257224
2076-09-29,68.7,69.88,68.28,68.65,228408
2076-09-30,68.66,69.5,68.17,69.14,191213
2076-10-01,68.83,69.45,67.55,69.18,240247
2076-10-02,69.02,69.19,67.6,67.77,199705
2076-10-03,67.83,69.36,67.07,68.97,259461
2076-10-04,69.0,70.52,68.92,69.57,261461
2076-10-05,69.58,71.06,69.46,70.68,200610
2076-10-06,70.48,71.34,69.57,71.09,217108
2076-10-07,71.28,71.49,70.7,71.41,140582
2076-10-08,71.25,72.35,70.8,71.81,226307
2076-10-09,71.8,72.94,71.56,72.81,219298
2076-10-10,72.69,73.0,71.81,72.19,227743
2076-10-11,72.05,73.08,71.6,72.81,214253
2076-10-12,72.61,73.03,72.08,72.56,207520
2076-10-13,72.45,73.8,71.92,72.5,250479
2076-10-14,72.72,74.01,72.26,73.93,243393
2076-10-15,74.11,74.5,73.63,74.15,203487
2076-10-16,74.28,75.35,73.5,74.02,262637
2076-10-17,74.28,75.46,73.95,75.3,199595
2076-10-18,75.25,76.18,74.89,76.07,241493
2076-10-19,76.11,76.39,75.4,75.79,173789
2076-10-20,75.66,75.69,74.44,74.89,166780
2076-10-21,74.89,74.93,72.91,73.56,243495
2076-10-22,73.35,76.38,73.1,75.88,216078
2076-10-23,76.31,77.24,74.6,74.95,269575
2076-10-24,75.05,77.12,74.7,77.02,216573
2076-10-25,76.91,77.33,76.05,76.83,189456
2076-10-26,76.7,78.28,76.6,78.21,196464
2076-10-27,77.94,78.77,76.09,76.53,306683
2076-10-28,76.74,77.44,75.52,76.86,214006
2076-10-29,76.89,77.36,75.04,75.48,233021
2076-10-30,75.06,75.06,71.6,72.06,292987
2076-10-31,72.06,72.62,71.14,72.42,284128
2076-11-01,72.38,73.2,71.85,72.15,263747
2076-11-02,72.27,72.4,70.5,71.59,269865
2076-11-03,71.59,71.69,70.1,71.47,226674
2076-11-04,71.53,73.19,71.12,71.62,245898
2076-11-05,71.55,72.77,71.36,72.38,231544
2076-11-06,72.69,74.23,72.32,73.33,280131
2076-11-07,73.14,73.14,70.1,71.0,293836
2076-11-08,71.42,72.42,70.82,71.82,143493
2076-11-09,71.51,71.55,69.93,70.96,199913
2076-11-10,70.8,71.55,68.9,69.57,248510
2076-11-11,69.64,70.3,68.63,69.26,207894
2076-11-12,69.35,70.08,69.03,69.83,170980
2076-11-13,70.02,71.35,69.52,71.09,164270
2076-11-14,71.04,72.14,70.2,71.97,186005
2076-11-15,72.12,72.25,71.2,71.73,181538
2076-11-16,71.58,73.64,71.41,73.51,213070
2076-11-17,73.5,73.96,72.75,73.36,180828
2076-11-18,73.6,74.44,73.4,74.04,166662
2076-11-19,73.9,75.25,73.48,75.08,221913
2076-11-20,75.12,75.92,74.75,75.73,226377
2076-11-21,75.88,77.43,75.33,76.3,330624
2076-11-22,76.59,77.0,75.63,76.7,222964
2076-11-23,76.46,78.47,75.52,77.49,296680
2076-11-24,77.79,78.37,76.92,78.23,291803
2076-11-25,78.16,80.18,78.01,79.91,302927
2076-11-26,79.65,80.2,79.19,80.09,237513
2076-11-27,79.92,80.36,78.75,79.1,257062
2076-11-28,79.03,80.92,78.25,80.57,270760
2076-11-29,79.63,81.11,78.92,80.23,199449
2076-11-30,80.98,81.19,79.78,80.85,291889
2076-12-01,80.52,81.92,80.26,81.78,232184
2076-12-02,81.78,82.4,80.55,81.62,225621
2076-12-03,81.3,81.6,80.37,80.95,200779
2076-12-04,80.61,80.62,78.96,79.53,249620
2076-12-05,79.32,80.82,78.44,80.3,342097
2076-12-06,80.63,83.09,80.5,82.88,292697
2076-12-07,82.95,83.76,81.39,81.66,294397
2076-12-08,81.75,82.02,79.45,80.24,269038
2076-12-09,80.22,80.43,78.87,80.05,219221
2076-12-10,80.23,80.88,79.57,79.94,227305
2076-12-11,79.68,81.75,78.91,81.44,252123
2076-12-12,81.4,81.68,80.51,81.22,230873
2076-12-13,81.11,81.11,78.35,79.02,253108
2076-12-14,79.26,81.1,78.39,80.26,324878
2076-12-15,80.22,81.35,79.72,81.3,264143
2076-12-16,81.32,83.67,81.25,83.08,289289
2076-12-17,82.87,84.05,82.69,83.69,205946
2076-12-18,83.91,86.71,83.5,86.13,238654
2076-12-19,86.5,88.2,86.13,87.61,340705
2076-12-20,87.5,89.0,86.91,87.4,323886
2076-12-21,85.9,88.3,85.84,88.04,228996
2076-12-22,88.06,88.49,86.26,86.95,276394
2076-12-23,86.75,87.0,84.73,86.02,310584
2076-12-24,85.77,86.79,84.82,85.27,262304
2076-12-25,85.17,87.79,84.68,87.1,296425
2076-12-26,87.63,90.6,87.54,90.46,282486
2076-12-27,90.36,92.22,90.2,91.86,318748
2076-12-28,91.72,93.8,91.52,93.53,279080
2076-12-29,93.67,93.68,89.53,90.38,300422
2076-12-30,89.72,95.28,88.92,94.53,402154
2076-12-31,95.15,96.24,92.06,93.49,349181
2077-01-01,93.65,96.03,93.05,95.93,254477
2077-01-02,95.93,96.12,93.72,93.98,279964
2077-01-03,94.53,97.1,94.41,96.7,302215
2077-01-04,96.89,98.62,94.62,96.37,448361
2077-01-05,95.85,97.7,94.93,95.46,347189
2077-01-06,95.91,96.68,94.54,96.32,329488
2077-01-07,96.02,96.2,93.54,94.62,317037
2077-01-08,93.59,94.7,90.13,91.17,502947
2077-01-09,91.35,94.37,91.21,94.09,280743
2077-01-10,92.7,93.3,90.5,92.07,261367
2077-01-11,92.36,94.36,91.81,93.84,252035
2077-01-12,93.85,95.15,93.16,94.64,240219
2077-01-13,94.88,98.62,93.99,98.03,286533
2077-01-14,98.11,99.29,96.31,97.29,287607
2077-01-15,97.38,98.47,96.16,98.18,82085
2077-01-16,98.31,99.11,96.5,97.7,231374
2077-01-17,96.88,97.28,94.21,94.42,266497
2077-01-18,94.56,95.22,90.33,90.62,353776
2077-01-19,91.42,95.17,90.43,91.01,409509
2077-01-20,91.19,91.52,88.45,88.71,298158
2077-01-21,88.73,89.99,87.14,89.31,308010
2077-01-22,89.65,89.98,87.34,88.32,281146
2077-01-23,88.24,90.39,86.82,87.49,295118
2077-01-24,87.26,90.73,85.82,90.23,279601
2077-01-25,90.54,90.68,87.07,88.28,288371
2077-01-26,88.27,89.8,87.09,87.86,288602
2077-01-27,88.22,90.55,87.92,90.02,260035
2077-01-28,89.45,94.85,89.26,94.39,358039
2077-01-29,94.21,94.85,91.85,92.25,339594
2077-01-30,92.57,93.38,90.6,91.27,234006
2077-01-31,91.55,92.19,89.85,91.05,193576
2077-02-01,91.36,93.0,89.15,90.08,262878
2077-02-02,90.35,92.35,89.7,91.24,207862
2077-02-03,91.39,92.25,90.57,91.06,165409
2077-02-04,91.04,93.84,90.83,93.31,189546
2077-02-05,93.58,94.23,92.5,94.13,55642
2077-02-06,93.99,96.54,93.99,95.97,119876
2077-02-07,95.81,97.79,95.22,96.62,148819
2077-02-08,96.84,97.92,95.87,96.0,143679
2077-02-09,96.12,96.78,94.73,95.98,108597
2077-02-10,96.05,100.0,96.05,99.62,227099
2077-02-11,99.23,100.09,98.45,99.18,241269
2077-02-12,99.17,99.41,97.1,97.91,231790
2077-02-13,97.79,98.4,94.47,95.09,258890
2077-02-14,95.35,97.54,95.26,96.33,287519
2077-02-15,96.24,97.97,95.42,95.67,346504
2077-02-16,95.79,96.24,93.25,93.71,315910
2077-02-17,94.24,94.65,92.31,92.69,293791
2077-02-18,92.92,94.43,92.41,94.2,257790
2077-02-19,94.24,94.38,90.98,91.9,316087
2077-02-20,91.68,91.9,89.26,90.84,353599
2077-02-21,91.0,92.19,89.57,90.13,209723
2077-02-22,89.38,90.8,89.1,89.92,194417
2077-02-23,89.92,90.34,85.42,89.21,347366
2077-02-24,89.15,89.44,86.65,86.99,261820
2077-02-25,87.72,89.75,87.0,89.41,286687
2077-02-26,89.55,91.38,89.35,90.71,279271
2077-02-27,90.62,91.36,88.78,90.99,261940
2077-02-28,91.05,92.42,90.33,91.64,216738
2077-03-01,92.37,92.71,91.24,92.33,241095
2077-03-02,91.77,92.3,89.58,91.75,316987
2077-03-03,91.36,92.12,88.46,88.96,261289
2077-03-04,88.66,90.83,88.07,90.02,229467
2077-03-05,89.98,90.0,87.5,88.41,259716
2077-03-06,88.27,88.94,86.66,87.14,301813
2077-03-07,87.06,88.4,86.24,88.11,281570
2077-03-08,88.29,91.98,88.0,91.77,305957
2077-03-09,91.76,94.72,90.92,93.59,320857
2077-03-10,93.61,94.15,92.06,92.78,294314
2077-03-11,92.5,93.89,91.9,93.27,270308
2077-03-12,93.29,95.6,93.25,95.46,271470
2077-03-13,95.24,96.59,94.64,95.45,172975
2077-03-14,95.46,99.85,95.12,99.7,281935
2077-03-15,99.58,100.86,97.99,99.7,275362
2077-03-16,100.01,100.33,96.87,98.23,312097
2077-03-17,97.5,99.37,97.16,98.81,245946
2077-03-18,98.99,99.7,97.75,99.23,206041
2077-03-19,99.35,101.43,98.46,100.93,265974
2077-03-20,101.2,102.08,99.43,99.64,267762
2077-03-21,99.63,102.97,98.91,102.59,287914
2077-03-22,102.55,103.05,101.36,101.84,225732
2077-03-23,101.63,103.95,100.77,102.45,281850
2077-03-24,102.35,103.33,98.87,99.52,366724
2077-03-25,99.88,104.95,99.55,104.52,414308
2077-03-26,104.64,105.97,102.85,105.47,337767
2077-03-27,105.58,106.54,103.91,105.15,321205
2077-03-28,105.25,108.21,104.08,107.9,340551
2077-03-29,107.91,109.72,106.61,108.75,349815
2077-03-30,108.65,110.2,107.09,109.92,342575
2077-03-31,110.06,111.0,108.76,110.33,327857
2077-04-01,110.24,110.92,108.84,110.21,293217
2077-04-02,108.74,110.35,101.75,104.23,254712
2077-04-03,104.64,108.9,104.24,108.5,317657
2077-04-04,107.88,107.89,102.15,102.54,386956
2077-04-05,102.1,102.69,98.65,101.84,332794
2077-04-06,101.7,102.42,99.95,100.86,190177
2077-04-07,100.43,101.6,99.13,101.22,303743
2077-04-08,101.55,106.2,101.43,105.9,330867
2077-04-09,106.0,108.22,105.03,107.58,311980
2077-04-10,107.19,107.63,104.71,105.62,261687
2077-04-11,105.12,106.78,100.25,101.58,332269
2077-04-12,101.57,102.55,99.55,100.98,299407
2077-04-13,100.83,105.1,99.84,104.83,295756
2077-04-14,104.53,106.44,103.21,103.83,322592
2077-04-15,104.26,106.38,104.03,106.23,231012
2077-04-16,106.12,109.48,105.86,109.09,278967
2077-04-17,108.88,109.64,107.64,108.5,307800
2077-04-18,108.75,112.21,107.95,110.87,326218
2077-04-19,110.7,112.2,108.75,110.11,312662
2077-04-20,110.06,110.82,108.92,110.14,240810
2077-04-21,110.0,111.99,109.56,111.76,199908
2077-04-22,111.8,114.08,111.8,113.79,222349
2077-04-23,113.85,115.14,112.19,114.93,297359
2077-04-24,115.0,115.54,114.1,114.86,227415
2077-04-25,114.55,116.46,112.33,116.16,202904
2077-04-26,116.54,117.02,115.01,116.63,225830
2077-04-27,116.74,118.98,115.94,118.07,281258
2077-04-28,118.33,118.69,116.45,118.3,243832
2077-04-29,117.93,118.3,114.25,116.06,319982
2077-04-30,115.95,119.55,114.51,118.52,288727
2077-05-01,118.95,119.93,118.16,118.75,201651
2077-05-02,118.84,118.84,114.95,115.63,303543
2077-05-03,115.36,116.7,113.3,113.46,313044
2077-05-04,114.6,115.23,110.3,112.52,291258
2077-05-05,112.25,116.8,111.78,116.32,287460
2077-05-06,116.5,120.36,116.05,119.97,265273
2077-05-07,119.9,122.73,119.33,121.84,331913
2077-05-08,121.76,123.93,120.54,123.53,366207
2077-05-09,123.81,124.61,121.58,123.69,387993
2077-05-10,124.28,126.27,124.08,125.96,338771
2077-05-11,125.84,126.4,123.7,124.23,347942
2077-05-12,123.76,126.98,123.1,125.8,375770
2077-05-13,125.97,126.04,123.77,124.22,313213
2077-05-14,123.83,126.64,120.75,124.12,411677
2077-05-15,124.22,127.42,123.74,126.04,194411
2077-05-16,126.15,127.47,125.1,126.72,272601
2077-05-17,126.86,129.29,126.28,128.98,315556
2077-05-18,129.1,134.15,128.6,133.17,362022
2077-05-19,133.89,135.09,130.07,130.81,425099
2077-05-20,130.75,133.71,130.16,132.19,321344
2077-05-21,131.68,133.65,128.18,128.85,326598
2077-05-22,128.3,131.58,125.96,131.03,369868
2077-05-23,130.75,133.12,126.11,126.62,424268
2077-05-24,126.59,128.3,124.67,127.35,309342
2077-05-25,127.63,129.35,125.22,127.76,304809
2077-05-26,127.5,127.98,123.87,124.31,301116
2077-05-27,124.23,125.1,121.84,122.3,335547
2077-05-28,122.23,128.38,121.61,127.79,333372
2077-05-29,128.2,139.12,127.81,138.54,508749
2077-05-30,137.97,138.25,133.0,134.35,348554
2077-05-31,135.02,137.98,130.8,131.31,394361
2077-06-01,131.79,138.3,131.35,136.38,374434
2077-06-02,136.54,137.46,131.55,136.74,418094
2077-06-03,136.97,137.08,133.46,134.86,262875
2077-06-04,134.41,139.89,132.84,134.61,291340
2077-06-05,133.6,135.23,132.0,134.01,307170
2077-06-06,134.0,137.34,132.41,137.17,215757
2077-06-07,136.55,138.36,132.09,132.6,359406
2077-06-08,132.41,137.5,131.75,135.36,278598
2077-06-09,134.8,138.14,134.05,136.74,248739
2077-06-10,137.25,138.75,135.9,137.0,229371
2077-06-11,137.07,137.58,131.95,134.55,290400
2077-06-12,134.52,140.39,133.68,139.64,295773
2077-06-13,139.44,142.99,138.61,140.21,277517
2077-06-14,140.6,143.67,139.17,140.0,253428
2077-06-15,140.18,143.33,139.95,140.97,238751
2077-06-16,141.44,144.32,140.01,143.57,253397
2077-06-17,144.19,145.85,143.22,145.29,193841
2077-06-18,145.3,145.68,143.7,145.29,14233
2077-06-19,144.27,144.53,139.5,141.37,304148
2077-06-20,141.59,142.44,135.14,136.04,382404
2077-06-21,136.0,138.28,135.34,136.05,299142
2077-06-22,135.8,142.13,135.43,141.65,294339
2077-06-23,141.8,147.27,141.44,145.08,334940
2077-06-24,144.69,146.37,142.49,145.18,252605
2077-06-25,145.19,146.73,135.92,138.74,392225
2077-06-26,138.77,139.3,132.0,134.6,293858
2077-06-27,135.11,136.75,129.0,129.29,379076
2077-06-28,130.25,132.86,128.95,129.47,179837
2077-06-29,129.5,132.75,129.12,131.82,247598
2077-06-30,131.98,132.9,126.37,128.42,293435
2077-07-01,128.5,128.7,124.12,124.44,293200
2077-07-02,124.46,126.44,123.5,125.49,267709
2077-07-03,125.6,126.51,122.5,123.26,217950
2077-07-04,123.41,125.22,122.63,124.73,197074
2077-07-05,124.94,125.85,120.42,122.19,263546
2077-07-06,121.9,127.39,120.8,126.77,309078
2077-07-07,126.9,127.89,122.71,124.08,280832
2077-07-08,124.06,128.6,122.1,125.1,277311
2077-07-09,125.98,126.35,119.5,121.41,294048
2077-07-10,121.0,121.23,118.0,119.17,316589
2077-07-11,118.75,120.49,117.11,118.58,307994
2077-07-12,118.8,121.78,117.91,120.02,304204
2077-07-13,119.9,120.08,114.62,115.2,297330
2077-07-14,115.2,116.9,112.72,114.45,295334
2077-07-15,114.53,115.95,112.31,113.01,303791
2077-07-16,113.09,117.46,112.87,116.0,322967
2077-07-17,116.39,117.42,112.59,115.01,268197
2077-07-18,114.83,115.2,111.34,113.77,276806
2077-07-19,114.01,115.49,112.03,112.89,155055
2077-07-20,113.2,116.7,111.66,114.54,240865
2077-07-21,115.24,117.0,112.6,115.56,274859
2077-07-22,115.86,122.04,115.4,121.18,308114
2077-07-23,121.55,121.86,114.18,114.59,276216
2077-07-24,114.69,116.06,113.68,115.11,174446
2077-07-25,115.5,117.89,112.36,116.27,311866
2077-07-26,116.04,119.63,115.64,118.15,265812
2077-07-27,118.16,120.5,114.08,115.59,272322
2077-07-28,115.75,118.76,115.0,115.46,216481
2077-07-29,116.65,118.6,105.46,109.71,389706
2077-07-30,110.24,110.3,107.22,109.35,247584
2077-07-31,109.4,110.6,106.52,107.89,264187
2077-08-01,107.48,108.1,105.13,106.23,249111
2077-08-02,107.75,109.89,104.7,106.34,317923
2077-08-03,106.66,106.77,101.74,103.26,332463
2077-08-04,102.2,104.97,101.36,102.58,331516
2077-08-05,102.78,103.95,100.1,100.87,311505
2077-08-06,101.15,102.89,99.99,101.18,273124
2077-08-07,101.0,101.19,94.0,95.71,334900
2077-08-08,94.23,94.32,90.51,91.15,327157
2077-08-09,92.81,97.63,91.36,97.16,343691
2077-08-10,96.82,101.94,95.5,97.54,212338
2077-08-11,97.58,103.25,97.02,102.75,291888
2077-08-12,102.48,110.45,101.98,109.37,335101
2077-08-13,108.98,109.58,104.05,106.61,316025
2077-08-14,106.93,109.5,104.8,105.73,233417
2077-08-15,105.53,108.67,103.22,108.02,245163
2077-08-16,107.7,108.11,104.25,106.89,168454
2077-08-17,106.89,106.91,95.04,96.37,248522
2077-08-18,95.4,102.46,93.36,100.64,252741
2077-08-19,101.86,102.84,95.95,98.53,280295
2077-08-20,98.73,100.37,93.56,93.97,223270
2077-08-21,93.85,96.03,91.3,93.88,238984
2077-08-22,92.5,92.68,87.56,87.81,281987
2077-08-23,88.96,93.02,87.87,90.06,342917
2077-08-24,89.56,90.99,86.05,88.95,339344
2077-08-25,88.8,89.82,84.19,86.59,248211
2077-08-26,84.93,85.13,77.09,77.7,363996
2077-08-27,80.12,82.52,79.45,81.19,210714
2077-08-28,82.0,84.83,78.31,78.63,266143
2077-08-29,78.75,79.17,73.55,74.54,221136
2077-08-30,73.6,74.5,68.57,69.85,283094
2077-08-31,72.68,74.5,70.06,72.13,188743
2077-09-01,72.7,76.24,71.96,74.39,237629
2077-09-02,75.9,76.04,70.3,72.18,232994
2077-09-03,71.47,71.8,66.2,66.75,272317
2077-09-04,67.21,69.42,65.9,67.84,256890
2077-09-05,69.42,69.5,62.65,64.15,253812
2077-09-06,64.78,65.77,61.3,63.22,234150
2077-09-07,62.24,65.2,61.61,62.73,222083
2077-09-08,64.5,69.24,63.65,67.5,315415
2077-09-09,68.11,70.6,64.04,65.96,279196
2077-09-10,65.58,68.6,63.12,67.81,256881
2077-09-11,67.37,69.19,63.63,63.91,236426
2077-09-12,63.8,71.77,62.25,70.53,329187
2077-09-13,70.0,70.46,65.0,65.3,272470
2077-09-14,65.02,65.5,60.16,60.77,292018
2077-09-15,60.67,62.82,59.97,61.04,236045
2077-09-16,61.8,65.56,59.1,62.41,286648
2077-09-17,62.14,62.28,58.32,59.33,258306
2077-09-18,59.0,59.5,55.5,56.16,261423
2077-09-19,55.44,59.66,54.67,58.24,322685
2077-09-20,59.39,59.96,55.69,57.04,245858
2077-09-21,56.74,58.98,54.72,54.95,337536
2077-09-22,55.43,56.46,54.35,54.76,156195
2077-09-23,55.08,55.75,53.36,54.1,219553
2077-09-24,53.46,53.8,48.52,49.42,274669
2077-09-25,48.57,51.12,48.25,49.93,213647
2077-09-26,50.97,55.3,48.8,54.5,233065
2077-09-27,54.3,54.66,50.52,50.77,228413
2077-09-28,50.65,54.97,50.15,54.44,243440
2077-09-29,54.3,55.98,51.12,54.43,129155
2077-09-30,54.62,54.62,48.62,49.28,217048
2077-10-01,48.85,50.25,46.82,46.96,233248
2077-10-02,47.76,48.1,46.26,46.79,217573
2077-10-03,47.0,47.27,43.36,43.67,232447
2077-10-04,43.78,44.47,40.5,40.81,327140
2077-10-05,41.64,44.7,41.55,43.71,289529
2077-10-06,44.05,44.57,41.83,42.07,240867
2077-10-07,42.4,46.17,41.89,43.52,362393
2077-10-08,44.05,49.12,43.28,47.98,317267
2077-10-09,47.0,47.51,43.32,46.28,291629
2077-10-10,46.77,50.05,44.1,44.51,256308
2077-10-11,44.95,46.53,42.56,43.6,259901
2077-10-12,46.82,48.98,44.44,44.61,253901
2077-10-13,44.66,45.64,41.55,41.67,233663
2077-10-14,42.17,43.25,40.9,42.36,194858
2077-10-15,42.79,43.44,39.5,39.91,149135
2077-10-16,39.55,40.65,37.79,38.98,146203
2077-10-17,39.15,39.69,35.13,35.35,93376
2077-10-18,35.7,38.03,35.6,37.71,64554
2077-10-19,38.4,42.2,37.53,40.02,150601
2077-10-20,40.01,40.39,37.93,39.03,137263
2077-10-21,39.17,45.54,36.94,44.6,188601
2077-10-22,43.72,46.74,41.05,46.34,184679
2077-10-23,47.04,49.28,45.56,48.81,258762
2077-10-24,48.4,50.47,47.6,48.58,331307
2077-10-25,48.41,49.09,42.41,42.63,306262
2077-10-26,42.63,43.63,40.54,41.7,312485
2077-10-27,42.45,42.7,39.38,40.83,277431
2077-10-28,40.55,40.8,37.48,37.59,272828
2077-10-29,37.49,39.5,36.1,37.78,340615
2077-10-30,38.72,39.45,35.52,37.28,311078
2077-10-31,37.34,37.99,33.2,35.4,179925
2077-11-01,43.36,44.48,42.03,42.57,258845
2077-11-02,42.43,43.79,39.11,40.84,354707
2077-11-03,40.91,44.43,40.24,43.55,276261
2077-11-04,44.21,45.1,40.41,43.67,317569
2077-11-05,43.26,47.0,41.4,46.47,269756
2077-11-06,46.05,48.59,45.25,45.73,277496
2077-11-07,45.65,47.49,41.41,41.58,308439
2077-11-08,41.99,43.6,40.6,42.16,291416
2077-11-09,42.22,42.32,40.18,41.44,245854
2077-11-10,41.65,43.44,41.02,41.68,237726
2077-11-11,41.75,42.31,39.83,40.08,263645
2077-11-12,40.28,41.17,39.65,40.78,244615
2077-11-13,40.93,41.92,39.74,40.32,254203
2077-11-14,40.3,41.25,39.46,41.17,229734
2077-11-15,41.0,42.68,38.6,40.17,518382
2077-11-16,39.88,42.43,39.42,39.56,317497
2077-11-17,39.76,41.8,37.35,37.55,359674
2077-11-18,38.15,38.47,35.65,35.94,315650
2077-11-19,35.92,36.25,33.55,33.98,326176
2077-11-20,34.36,38.25,33.81,37.51,281710
2077-11-21,37.81,38.49,34.45,34.93,153708
2077-11-22,38.32,38.95,37.22,37.41,219110
2077-11-23,37.54,40.27,37.12,40.18,285979
2077-11-24,39.6,40.13,37.54,40.03,244809
2077-11-25,39.73,41.49,37.87,38.44,285905
2077-11-26,38.1,40.13,37.65,39.96,238188
2077-11-27,39.92,42.83,39.4,42.5,323428
2077-11-28,42.39,45.3,42.27,45.22,287202
2077-11-29,44.59,44.91,42.55,44.76,274579
2077-11-30,44.34,44.49,39.84,40.15,245234
2077-12-01,40.1,42.07,39.44,41.65,241538
2077-12-02,41.38,45.76,41.04,45.38,319761
2077-12-03,45.42,45.7,42.86,43.61,306347
2077-12-04,43.61,46.3,43.45,45.52,258063
2077-12-05,45.76,48.83,44.97,47.07,390590
2077-12-06,47.25,48.32,45.33,45.71,289157
2077-12-07,45.57,46.04,42.08,42.33,339876
2077-12-08,42.73,47.22,42.51,47.03,316566
2077-12-09,47.21,48.14,45.6,46.25,221028
2077-12-10,45.2,47.63,43.62,47.35,240078
2077-12-11,47.06,49.82,46.53,49.16,214930
2077-12-12,49.41,50.6,47.71,48.9,212517
2077-12-13,50.5,52.98,49.55,52.04,277465
2077-12-14,51.68,52.72,51.0,52.07,180152
2077-12-15,52.13,54.05,51.62,53.8,229890
2077-12-16,53.83,54.06,52.45,53.98,212790
2077-12-17,53.73,54.18,51.86,52.77,283727
2077-12-18,52.84,54.66,52.76,54.34,196916
2077-12-19,54.0,54.28,51.64,52.38,181165
2077-12-20,52.25,52.25,48.11,48.41,222171
2077-12-21,48.64,50.0,47.77,49.66,240254
2077-12-22,48.96,48.96,47.26,48.39,234224
2077-12-23,48.45,52.87,48.45,52.64,270270
2077-12-24,52.36,53.9,51.02,52.51,212172
2077-12-25,52.4,53.6,49.81,51.05,228983
2077-12-26,51.39,51.82,48.4,49.15,254031
2077-12-27,48.47,51.3,47.37,49.38,352611
2077-12-28,49.96,52.45,49.72,52.24,294835
2077-12-29,52.0,52.15,48.84,50.05,290456
2077-12-30,49.96,51.12,48.85,49.41,284710
2077-12-31,49.16,50.79,48.91,49.25,228056
2078-01-01,49.7,50.48,49.11,49.98,196957
2078-01-02,52.0,53.21,51.64,52.47,163651
2078-01-03,52.26,52.41,48.19,48.51,255098
2078-01-04,48.24,49.29,46.72,48.55,287925
2078-01-05,48.68,49.09,47.7,48.85,238729
2078-01-06,48.49,49.92,48.37,49.62,227296
2078-01-07,49.65,51.75,49.06,51.55,230865
2078-01-08,51.45,51.45,48.01,50.14,265293
2078-01-09,50.1,50.19,48.55,49.92,186823
2078-01-10,49.25,51.42,49.12,50.97,234826
2078-01-11,50.79,51.94,50.21,51.12,208296
2078-01-12,50.95,53.65,50.43,53.2,248750
2078-01-13,52.62,54.64,52.56,54.47,229782
2078-01-14,54.46,54.83,53.5,53.84,234306
2078-01-15,54.12,56.47,53.57,56.34,334302
2078-01-16,56.3,58.57,55.46,56.71,377826
2078-01-17,56.5,58.75,56.15,58.63,291819
2078-01-18,58.49,58.63,56.78,58.5,290030
2078-01-19,58.1,60.08,57.81,58.85,305957
2078-01-20,59.29,59.9,57.41,58.02,311802
2078-01-21,57.73,59.0,56.55,58.62,260456
2078-01-22,59.3,59.6,56.74,57.0,163458
2078-01-23,57.22,59.92,56.76,59.59,222291
2078-01-24,59.74,60.99,58.93,60.1,252709
2078-01-25,60.18,62.26,59.86,62.04,270022
2078-01-26,61.68,61.87,59.92,61.05,237412
2078-01-27,61.05,61.98,60.5,61.67,186302
2078-01-28,61.5,62.54,59.53,62.45,267127
2078-01-29,62.87,63.82,62.19,63.45,261888
2078-01-30,62.91,65.44,62.75,65.08,281439
2078-01-31,64.77,66.64,64.68,66.31,261370
2078-02-01,66.48,68.68,66.23,68.58,234080
2078-02-02,68.04,69.05,67.5,68.55,266861
2078-02-03,68.25,68.95,64.95,66.12,322365
2078-02-04,66.09,69.6,65.92,68.81,304674
2078-02-05,68.73,70.32,67.54,68.44,329259
2078-02-06,68.32,68.95,66.78,68.09,289278
2078-02-07,68.69,70.69,68.43,70.01,316884
2078-02-08,70.51,71.79,70.43,71.33,346248
2078-02-09,71.46,73.23,71.32,72.68,314790
2078-02-10,72.43,72.63,70.8,72.04,224601
2078-02-11,72.2,72.35,69.58,70.62,242211
2078-02-12,70.31,72.77,69.8,70.47,266350
2078-02-13,70.26,71.28,69.0,71.03,265584
2078-02-14,71.42,72.33,70.82,71.91,150454
2078-02-15,71.88,72.85,69.4,70.02,271060
2078-02-16,70.2,70.3,66.67,67.5,278468
2078-02-17,67.15,69.68,66.37,69.24,279901
2078-02-18,68.55,69.86,68.06,68.67,242855
2078-02-19,68.29,70.93,68.11,70.23,254942
2078-02-20,70.34,71.29,68.81,69.16,208025
2078-02-21,69.25,71.92,68.36,71.49,229882
2078-02-22,71.6,73.38,68.9,69.89,331550
2078-02-23,70.45,71.85,68.52,69.31,304636
