Index,Open,High,Low,Close,Volume
2069-12-08,5.085,5.085,5.055,5.077,9364
2069-12-09,5.08,5.24,5.06,5.21,36892
2069-12-10,5.21,5.23,5.17,5.21,17577
2069-12-11,5.21,5.22,5.165,5.17,11632
2069-12-12,5.165,5.245,5.16,5.22,20509
2069-12-13,5.22,5.24,5.185,5.197,13677
2069-12-14,5.21,5.27,5.19,5.253,21066
2069-12-15,5.26,5.28,5.21,5.238,15528
2069-12-16,5.23,5.235,5.15,5.172,12802
2069-12-17,5.255,5.27,5.235,5.255,15303
2069-12-18,5.25,5.265,5.18,5.25,17870
2069-12-19,5.25,5.29,5.205,5.208,9587
2069-12-20,5.21,5.25,5.195,5.23,10219
2069-12-21,5.235,5.25,5.155,5.193,12014
2069-12-22,5.19,5.22,5.145,5.158,15621
2069-12-23,5.12,5.15,5.105,5.143,10201
2069-12-24,5.135,5.135,5.03,5.06,29034
2069-12-25,5.06,5.11,5.045,5.053,14781
2069-12-26,5.06,5.09,5.05,5.085,5945
2069-12-27,5.085,5.125,5.065,5.078,11585
2069-12-28,5.075,5.105,5.065,5.098,6378
2069-12-29,5.1,5.12,4.925,4.94,45310
2069-12-30,4.95,4.96,4.84,4.863,32225
2069-12-31,4.885,4.92,4.86,4.895,7847
2070-01-01,4.88,4.94,4.88,4.935,9366
2070-01-02,4.94,4.96,4.91,4.922,8700
2070-01-03,4.93,4.93,4.875,4.885,11344
2070-01-04,4.88,4.955,4.855,4.92,15807
2070-01-05,4.915,4.93,4.86,4.877,8819
2070-01-06,4.88,4.955,4.85,4.91,16695
2070-01-07,4.905,4.98,4.9,4.927,13759
2070-01-08,4.925,4.945,4.885,4.905,10086
2070-01-09,4.905,4.935,4.87,4.875,12567
2070-01-10,4.86,4.91,4.86,4.888,6183
2070-01-11,4.89,4.925,4.885,4.898,7361
2070-01-12,4.905,4.995,4.88,4.973,22416
2070-01-13,4.98,5.095,4.955,5.06,28196
2070-01-14,5.06,5.065,5.005,5.058,13690
2070-01-15,5.03,5.065,5.005,5.045,11453
2070-01-16,5.045,5.08,5.015,5.02,13663
2070-01-17,5.015,5.025,4.88,4.902,28163
2070-01-18,4.905,4.93,4.88,4.897,7216
2070-01-19,4.9,4.955,4.895,4.937,9258
2070-01-20,4.955,5.0,4.935,4.99,10633
2070-01-21,4.94,4.94,4.87,4.883,12738
2070-01-22,4.88,4.885,4.855,4.873,8657
2070-01-23,4.87,4.965,4.865,4.945,19590
2070-01-24,4.93,4.945,4.805,4.84,28838
2070-01-25,4.815,4.875,4.815,4.835,15050
2070-01-26,4.82,4.825,4.69,4.72,23606
2070-01-27,4.74,4.74,4.68,4.714,19452
2070-01-28,4.79,4.805,4.735,4.785,15170
2070-01-29,4.76,4.775,4.72,4.742,9472
2070-01-30,4.72,4.85,4.71,4.845,18186
2070-01-31,4.825,4.885,4.815,4.862,16871
2070-02-01,4.86,4.915,4.77,4.892,22832
2070-02-02,4.89,4.93,4.8,4.805,16170
2070-02-03,4.8,4.84,4.78,4.807,5173
2070-02-04,4.8,4.89,4.8,4.872,7563
2070-02-05,4.865,4.92,4.79,4.86,19845
2070-02-06,4.86,4.89,4.835,4.86,7802
2070-02-07,4.87,4.895,4.83,4.85,5596
2070-02-08,4.845,4.85,4.82,4.835,3845
2070-02-09,4.84,4.955,4.82,4.893,22606
2070-02-10,4.895,4.92,4.85,4.893,10408
2070-02-11,4.89,4.915,4.875,4.885,5231
2070-02-12,4.88,4.94,4.825,4.858,14294
2070-02-13,4.855,4.875,4.85,4.863,2580
2070-02-14,4.86,4.875,4.855,4.873,1009
2070-02-15,4.92,4.945,4.9,4.913,9519
2070-02-16,4.905,4.92,4.8,4.815,16754
2070-02-17,4.83,4.835,4.71,4.79,20875
2070-02-18,4.73,4.745,4.67,4.685,19783
2070-02-19,4.635,4.7,4.635,4.652,11305
2070-02-20,4.66,4.76,4.655,4.71,13009
2070-02-21,4.71,4.71,4.64,4.66,13756
2070-02-22,4.67,4.76,4.66,4.735,16278
2070-02-23,4.735,4.785,4.735,4.765,14048
2070-02-24,4.75,4.795,4.675,4.717,16585
2070-02-25,4.72,4.745,4.67,4.675,9609
2070-02-26,4.68,4.715,4.61,4.685,14552
2070-02-27,4.67,4.775,4.665,4.74,12935
2070-02-28,4.745,4.81,4.735,4.772,12054
2070-03-01,4.735,4.79,4.705,4.715,12511
2070-03-02,4.715,4.745,4.69,4.723,10703
2070-03-03,4.72,4.9,4.71,4.875,31858
2070-03-04,4.87,5.0,4.855,4.977,37123
2070-03-05,4.97,5.055,4.94,5.047,28429
2070-03-06,5.05,5.06,4.945,4.963,19486
2070-03-07,4.965,4.965,4.895,4.94,15105
2070-03-08,4.94,4.975,4.86,4.955,20818
2070-03-09,4.945,4.98,4.81,4.92,22046
2070-03-10,4.92,4.93,4.84,4.902,11568
2070-03-11,4.905,4.92,4.84,4.857,9487
2070-03-12,4.86,4.895,4.81,4.872,8970
2070-03-13,4.88,4.9,4.815,4.857,11789
2070-03-14,4.845,4.97,4.79,4.942,24861
2070-03-15,4.95,4.97,4.905,4.96,8417
2070-03-16,4.955,4.96,4.8,4.838,27888
2070-03-17,4.85,5.22,4.81,5.135,51275
2070-03-18,5.13,5.185,5.105,5.142,22380
2070-03-19,5.14,5.275,5.13,5.252,30143
2070-03-20,5.22,5.255,5.19,5.215,13740
2070-03-21,5.22,5.24,5.155,5.19,15218
2070-03-22,5.19,5.26,5.14,5.23,20190
2070-03-23,5.23,5.27,5.185,5.19,17017
2070-03-24,5.19,5.225,5.185,5.2,17666
2070-03-25,5.195,5.23,5.16,5.227,18798
2070-03-26,5.225,5.34,5.15,5.197,37040
2070-03-27,5.245,5.395,5.235,5.295,29111
2070-03-28,5.29,5.38,5.25,5.36,18387
2070-03-29,5.345,5.435,5.31,5.34,19354
2070-03-30,5.335,5.35,5.25,5.265,14070
2070-03-31,5.26,5.28,5.17,5.24,21053
2070-04-01,5.245,5.3,5.185,5.227,17280
2070-04-02,5.23,5.24,5.165,5.185,15678
2070-04-03,5.18,5.3,5.11,5.275,11699
2070-04-04,5.275,5.305,5.235,5.285,11361
2070-04-05,5.28,5.305,5.21,5.228,10619
2070-04-06,5.225,5.34,5.225,5.313,23511
2070-04-07,5.31,5.345,5.27,5.283,10203
2070-04-08,5.28,5.29,5.23,5.238,11496
2070-04-09,5.23,5.245,5.115,5.203,31771
2070-04-10,5.2,5.28,5.19,5.24,15486
2070-04-11,5.25,5.275,5.185,5.22,16479
2070-04-12,5.22,5.23,5.145,5.165,17681
2070-04-13,5.17,5.21,5.12,5.197,12934
2070-04-14,5.19,5.2,5.1,5.12,17024
2070-04-15,5.12,5.19,5.1,5.165,14095
2070-04-16,5.17,5.18,5.12,5.147,10074
2070-04-17,5.16,5.17,5.03,5.075,22717
2070-04-18,5.075,5.085,4.965,5.005,26770
2070-04-19,5.01,5.035,4.86,4.87,22214
2070-04-20,4.87,4.89,4.655,4.73,48557
2070-04-21,4.74,4.78,4.71,4.742,17602
2070-04-22,4.7,4.805,4.7,4.79,9757
2070-04-23,4.79,4.825,4.75,4.78,12554
2070-04-24,4.79,4.805,4.76,4.775,6058
2070-04-25,4.765,4.8,4.76,4.782,3940
2070-04-26,4.795,4.8,4.68,4.72,15172
2070-04-27,4.71,4.745,4.7,4.723,5925
2070-04-28,4.72,4.725,4.66,4.708,12165
2070-04-29,4.715,4.795,4.705,4.77,13688
2070-04-30,4.775,4.83,4.67,4.695,33982
2070-05-01,4.705,4.755,4.67,4.713,10524
2070-05-02,4.72,4.755,4.72,4.735,11771
2070-05-03,4.745,4.77,4.705,4.715,9427
2070-05-04,4.71,4.74,4.675,4.725,9096
2070-05-05,4.73,4.73,4.675,4.693,17172
2070-05-06,4.69,4.735,4.685,4.72,10439
2070-05-07,4.705,4.73,4.57,4.61,20663
2070-05-08,4.67,4.695,4.645,4.67,18711
2070-05-09,4.68,4.76,4.67,4.693,16957
2070-05-10,4.7,4.8,4.67,4.768,16408
2070-05-11,4.77,4.775,4.72,4.728,8623
2070-05-12,4.73,4.79,4.72,4.768,5735
2070-05-13,4.765,4.79,4.72,4.733,10094
2070-05-14,4.73,4.78,4.73,4.758,3969
2070-05-15,4.76,4.88,4.76,4.86,19071
2070-05-16,4.855,4.925,4.84,4.88,15613
2070-05-17,4.885,4.93,4.83,4.835,11708
2070-05-18,4.84,4.905,4.82,4.878,10433
2070-05-19,4.885,4.895,4.83,4.838,6357
2070-05-20,4.84,4.87,4.835,4.858,5677
2070-05-21,4.855,4.865,4.665,4.693,28862
2070-05-22,4.72,4.72,4.625,4.713,13122
2070-05-23,4.71,4.735,4.68,4.713,7063
2070-05-24,4.715,4.72,4.67,4.695,5322
2070-05-25,4.7,4.705,4.66,4.678,4278
2070-05-26,4.685,4.785,4.64,4.738,11768
2070-05-27,4.73,4.76,4.725,4.748,5481
2070-05-28,4.73,4.77,4.65,4.73,13472
2070-05-29,4.735,4.845,4.71,4.838,25800
2070-05-30,4.825,4.85,4.67,4.675,20593
2070-05-31,4.675,4.73,4.675,4.698,10208
2070-06-01,4.705,4.745,4.69,4.728,8385
2070-06-02,4.74,4.74,4.69,4.7,12561
2070-06-03,4.7,4.82,4.685,4.77,18648
2070-06-04,4.78,4.93,4.77,4.783,29168
2070-06-05,4.78,4.82,4.695,4.74,12625
2070-06-06,4.745,4.785,4.725,4.745,9459
2070-06-07,4.75,4.77,4.72,4.745,4616
2070-06-08,4.75,4.75,4.705,4.708,7249
2070-06-09,4.7,4.74,4.65,4.675,18934
2070-06-10,4.68,4.7,4.675,4.687,5837
2070-06-11,4.71,4.805,4.68,4.762,22515
2070-06-12,4.765,4.78,4.675,4.695,16437
2070-06-13,4.695,4.78,4.62,4.745,25292
2070-06-14,4.75,4.755,4.69,4.712,11651
2070-06-15,4.685,4.82,4.675,4.812,25162
2070-06-16,4.81,4.83,4.73,4.75,16341
2070-06-17,4.75,4.785,4.745,4.755,14297
2070-06-18,4.76,4.775,4.68,4.74,25603
2070-06-19,4.79,4.795,4.72,4.725,17033
2070-06-20,4.715,4.745,4.63,4.648,28075
2070-06-21,4.655,4.71,4.65,4.678,12619
2070-06-22,4.675,4.7,4.64,4.645,9218
2070-06-23,4.64,4.68,4.56,4.57,15368
2070-06-24,4.57,4.575,4.25,4.285,36321
2070-06-25,4.3,4.38,4.175,4.335,23155
2070-06-26,4.335,4.345,4.25,4.32,16638
2070-06-27,4.32,4.395,4.305,4.383,10080
2070-06-28,4.37,4.395,4.325,4.36,7858
2070-06-29,4.36,4.375,4.26,4.275,11151
2070-06-30,4.275,4.345,4.235,4.297,12716
2070-07-01,4.295,4.335,4.18,4.185,13704
2070-07-02,4.19,4.285,4.145,4.245,16087
2070-07-03,4.22,4.34,4.22,4.27,233
2070-07-04,4.3,4.32,4.25,4.258,5155
2070-07-05,4.26,4.36,4.255,4.303,13083
2070-07-06,4.32,4.33,4.255,4.295,8488
2070-07-07,4.29,4.45,4.26,4.28,16850
2070-07-08,4.28,4.35,4.195,4.32,12850
2070-07-09,4.325,4.38,4.305,4.358,8212
2070-07-10,4.37,4.37,4.28,4.325,13191
2070-07-11,4.325,4.405,4.32,4.373,9327
2070-07-12,4.365,4.5,4.36,4.49,24067
2070-07-13,4.48,4.5,4.42,4.47,13638
2070-07-14,4.47,4.54,4.455,4.507,7718
2070-07-15,4.49,4.5,4.29,4.315,23732
2070-07-16,4.325,4.36,4.305,4.333,5570
2070-07-17,4.335,4.39,4.31,4.375,8571
2070-07-18,4.37,4.475,4.31,4.375,15753
2070-07-19,4.4,4.45,4.37,4.44,7615
2070-07-20,4.44,4.445,4.38,4.425,8274
2070-07-21,4.44,4.545,4.42,4.507,20543
2070-07-22,4.5,4.52,4.365,4.405,19604
2070-07-23,4.41,4.57,4.39,4.56,20118
2070-07-24,4.565,4.57,4.47,4.502,12421
2070-07-25,4.48,4.53,4.475,4.512,8088
2070-07-26,4.5,4.52,4.425,4.49,12873
2070-07-27,4.49,4.545,4.465,4.505,12310
2070-07-28,4.515,4.7,4.465,4.682,38059
2070-07-29,4.655,4.67,4.595,4.612,11661
2070-07-30,4.615,4.665,4.6,4.657,18005
2070-07-31,4.66,4.66,4.61,4.64,15558
2070-08-01,4.675,4.86,4.675,4.71,31715
2070-08-02,4.72,4.77,4.66,4.685,13940
2070-08-03,4.705,4.74,4.645,4.662,8560
2070-08-04,4.66,4.735,4.635,4.707,11009
2070-08-05,4.71,4.75,4.655,4.71,12160
2070-08-06,4.715,4.78,4.66,4.73,14315
2070-08-07,4.72,4.74,4.68,4.702,6093
2070-08-08,4.705,4.775,4.68,4.76,12406
2070-08-09,4.755,4.77,4.725,4.748,5687
2070-08-10,4.755,4.85,4.745,4.765,16397
2070-08-11,4.765,4.815,4.725,4.775,11484
2070-08-12,4.765,4.78,4.735,4.757,4580
2070-08-13,4.765,4.77,4.58,4.615,27822
2070-08-14,4.595,4.64,4.57,4.605,15123
2070-08-15,4.605,4.72,4.605,4.685,18054
2070-08-16,4.695,4.74,4.685,4.705,9906
2070-08-17,4.715,4.715,4.66,4.673,4567
2070-08-18,4.68,4.705,4.65,4.695,8129
2070-08-19,4.7,4.76,4.7,4.755,9068
2070-08-20,4.755,4.825,4.735,4.785,15510
2070-08-21,4.79,4.84,4.755,4.822,15860
2070-08-22,4.82,5.12,4.82,5.105,45279
2070-08-23,5.105,5.33,5.075,5.232,40399
2070-08-24,5.23,5.25,5.15,5.185,15728
2070-08-25,5.17,5.23,5.165,5.17,14949
2070-08-26,5.18,5.315,5.15,5.303,17159
2070-08-27,5.31,5.31,5.19,5.207,9767
2070-08-28,5.195,5.24,5.16,5.202,8192
2070-08-29,5.205,5.32,5.185,5.23,17641
2070-08-30,5.235,5.285,5.085,5.125,20232
2070-08-31,5.14,5.2,5.115,5.195,7270
2070-09-01,5.135,5.145,5.055,5.08,11618
2070-09-02,5.085,5.085,4.99,5.067,14474
2070-09-03,5.07,5.115,4.895,4.91,31062
2070-09-04,4.925,4.975,4.88,4.958,11182
2070-09-05,4.95,4.96,4.87,4.938,11637
2070-09-06,4.93,4.99,4.92,4.978,8678
2070-09-07,4.965,5.08,4.945,5.033,18410
2070-09-08,5.03,5.08,4.925,4.938,18874
2070-09-09,4.945,4.95,4.77,4.785,29993
2070-09-10,4.785,4.855,4.74,4.79,17339
2070-09-11,4.79,4.82,4.63,4.805,50203
2070-09-12,4.8,4.83,4.725,4.795,15736
2070-09-13,4.78,4.895,4.745,4.867,19892
2070-09-14,4.835,4.865,4.72,4.737,16524
2070-09-15,4.75,4.87,4.71,4.845,17559
2070-09-16,4.83,4.89,4.81,4.848,13409
2070-09-17,4.845,4.885,4.83,4.873,7715
2070-09-18,4.87,4.945,4.825,4.897,14398
2070-09-19,4.905,4.96,4.81,4.85,15330
2070-09-20,4.85,4.885,4.825,4.863,5611
2070-09-21,4.905,4.97,4.88,4.903,9174
2070-09-22,4.89,5.15,4.88,5.135,24802
2070-09-23,5.135,5.22,4.99,5.08,26812
2070-09-24,5.085,5.155,5.085,5.118,17044
2070-09-25,5.12,5.13,5.06,5.1,12727
2070-09-26,5.1,5.27,5.085,5.218,31107
2070-09-27,5.22,5.24,5.17,5.228,15455
2070-09-28,5.225,5.495,5.21,5.418,49879
2070-09-29,5.44,5.465,5.34,5.375,26404
2070-09-30,5.345,5.38,5.15,5.221,15786
2070-10-01,5.3,5.315,5.225,5.298,16982
2070-10-02,5.3,5.35,5.205,5.345,13316
2070-10-03,5.36,5.38,5.32,5.348,8772
2070-10-04,5.355,5.4,5.25,5.323,13697
2070-10-05,5.315,5.34,5.275,5.305,6998
2070-10-06,5.3,5.495,5.3,5.428,17868
2070-10-07,5.44,5.46,5.365,5.395,11556
2070-10-08,5.395,5.46,5.33,5.448,17262
2070-10-09,5.455,5.885,5.455,5.875,34458
2070-10-10,5.905,6.22,5.775,5.81,20674
2070-10-11,5.795,5.96,5.76,5.878,13060
2070-10-12,5.89,6.045,5.865,5.905,9479
2070-10-13,5.9,5.99,5.81,5.965,14061
2070-10-14,5.99,6.095,5.915,5.968,12521
2070-10-15,5.97,6.08,5.93,6.073,14853
2070-10-16,6.08,6.13,6.0,6.055,8892
2070-10-17,6.05,6.08,6.015,6.025,4887
2070-10-18,6.03,6.25,6.015,6.243,15996
2070-10-19,6.265,6.395,6.195,6.378,8595
2070-10-20,6.35,6.35,6.2,6.33,10051
2070-10-21,6.33,6.33,6.12,6.185,13072
2070-10-22,6.175,6.175,5.8,5.988,25420
2070-10-23,5.93,5.955,5.815,5.923,16019
2070-10-24,5.93,6.19,5.835,6.065,26676
2070-10-25,6.045,6.08,5.96,6.018,12366
2070-10-26,6.01,6.08,5.64,5.773,29649
2070-10-27,5.755,5.805,5.615,5.638,16067
2070-10-28,5.61,5.64,5.405,5.475,20215
2070-10-29,5.47,5.695,5.385,5.685,16437
2070-10-30,5.685,5.81,5.595,5.688,12158
2070-10-31,5.675,5.835,5.63,5.813,14772
2070-11-01,5.83,5.89,5.755,5.783,9368
2070-11-02,5.74,5.855,5.66,5.673,10463
2070-11-03,5.67,5.815,5.66,5.803,8301
2070-11-04,5.815,5.875,5.7,5.718,10041
2070-11-05,5.76,5.94,5.715,5.893,13850
2070-11-06,5.92,5.95,5.815,5.938,12747
2070-11-07,5.945,6.11,5.92,6.103,16165
2070-11-08,6.105,6.145,5.82,6.053,24591
2070-11-09,6.07,6.11,6.0,6.03,9970
2070-11-10,6.025,6.34,5.96,6.125,33641
2070-11-11,6.135,6.26,6.115,6.248,16293
2070-11-12,6.255,6.63,6.215,6.615,32931
2070-11-13,6.615,7.08,6.56,7.02,33922
2070-11-14,7.01,7.47,6.88,7.28,34222
2070-11-15,7.25,7.5,7.03,7.06,21672
2070-11-16,7.06,7.115,6.835,6.945,13777
2070-11-17,6.95,7.17,6.885,7.1,13209
2070-11-18,7.11,7.14,6.92,6.998,12668
2070-11-19,7.015,7.1,6.925,7.0,11016
2070-11-20,7.025,7.14,6.98,7.095,11429
2070-11-21,7.07,7.205,6.7,6.77,22982
2070-11-22,6.78,6.795,6.52,6.565,23184
2070-11-23,6.595,6.84,6.48,6.82,23184
2070-11-24,6.765,6.82,6.48,6.523,20619
2070-11-25,6.52,6.53,6.36,6.473,23166
2070-11-26,6.475,6.52,6.29,6.335,23222
2070-11-27,6.35,6.385,5.99,6.007,24172
2070-11-28,6.06,6.245,6.02,6.203,25042
2070-11-29,6.21,6.5,6.205,6.48,16129
2070-11-30,6.485,6.6,6.45,6.568,11993
2070-12-01,6.57,6.57,6.3,6.383,14196
2070-12-02,6.39,6.405,6.3,6.348,9479
2070-12-03,6.345,6.415,6.26,6.363,9731
2070-12-04,6.355,6.4,6.05,6.07,18624
2070-12-05,6.07,6.12,5.905,6.093,11957
2070-12-06,6.1,6.32,6.05,6.305,14673
2070-12-07,6.315,6.335,6.11,6.125,11766
2070-12-08,6.11,6.21,6.04,6.185,14075
2070-12-09,6.195,6.23,6.035,6.135,12201
2070-12-10,6.15,6.155,6.055,6.095,6864
2070-12-11,6.1,6.125,5.8,5.835,35497
2070-12-12,5.835,5.95,5.71,5.928,11819
2070-12-13,5.92,5.99,5.57,5.89,40472
2070-12-14,5.87,6.16,5.755,6.135,14849
2070-12-15,6.135,6.395,6.12,6.38,14378
2070-12-16,6.375,6.51,6.29,6.335,20201
2070-12-17,6.32,6.36,6.16,6.19,13008
2070-12-18,6.19,6.385,6.14,6.363,12009
2070-12-19,6.365,6.43,6.305,6.32,10221
2070-12-20,6.35,6.375,6.27,6.295,7858
2070-12-21,6.29,6.49,6.23,6.467,12980
2070-12-22,6.45,6.47,6.28,6.33,12607
2070-12-23,6.33,6.57,6.3,6.533,17144
2070-12-24,6.53,6.745,6.51,6.575,15869
2070-12-25,6.57,6.63,6.26,6.37,15864
2070-12-26,6.38,6.48,6.315,6.377,10514
2070-12-27,6.415,6.485,6.33,6.393,6466
2070-12-28,6.4,6.45,6.2,6.4,15572
2070-12-29,6.38,6.4,6.31,6.353,4500
2070-12-30,6.355,6.365,6.18,6.265,8962
2070-12-31,6.23,6.32,6.19,6.3,12901
2071-01-01,6.29,6.29,6.205,6.237,6781
2071-01-02,6.25,6.28,6.18,6.215,9778
2071-01-03,6.22,6.375,6.155,6.293,14351
2071-01-04,6.295,6.34,6.23,6.263,9562
2071-01-05,6.27,6.305,6.23,6.285,8602
2071-01-06,6.285,6.29,6.18,6.225,11217
2071-01-07,6.225,6.245,6.12,6.148,18372
2071-01-08,6.135,6.18,6.075,6.115,10684
2071-01-09,6.17,6.27,6.08,6.24,14302
2071-01-10,6.25,6.34,6.17,6.23,17737
2071-01-11,6.23,6.26,6.14,6.153,10195
2071-01-12,6.17,6.27,6.125,6.247,8971
2071-01-13,6.26,6.33,6.08,6.108,16689
2071-01-14,6.11,6.17,5.88,5.918,19447
2071-01-15,6.995,6.995,5.85,5.975,11100
2071-01-16,5.975,6.04,5.955,5.962,8396
2071-01-17,5.96,5.98,5.725,5.732,17335
2071-01-18,5.75,5.79,5.5,5.565,23635
2071-01-19,5.57,5.595,5.425,5.533,19381
2071-01-20,5.53,5.62,5.52,5.56,9751
2071-01-21,5.57,5.69,5.55,5.572,9941
2071-01-22,5.575,5.575,5.28,5.287,21527
2071-01-23,5.295,5.295,5.165,5.172,20230
2071-01-24,5.18,5.335,5.09,5.235,11942
2071-01-25,5.24,5.35,5.215,5.28,8289
2071-01-26,5.28,5.33,5.25,5.255,5315
2071-01-27,5.26,5.285,5.07,5.105,14140
2071-01-28,5.1,5.205,4.995,5.168,13056
2071-01-29,5.135,5.22,5.04,5.05,11872
2071-01-30,5.04,5.1,4.92,5.085,20123
2071-01-31,5.1,5.155,4.98,5.055,10957
2071-02-01,5.05,5.2,4.985,5.168,12647
2071-02-02,5.17,5.21,5.1,5.178,7532
2071-02-03,5.18,5.23,5.12,5.22,4672
2071-02-04,5.22,5.29,5.055,5.273,19061
2071-02-05,5.27,5.425,5.125,5.418,17581
2071-02-06,5.42,5.48,5.29,5.32,23373
2071-02-07,5.32,5.38,5.295,5.318,7693
2071-02-08,5.325,5.33,5.13,5.155,12793
2071-02-09,5.14,5.205,5.065,5.103,11175
2071-02-10,5.12,5.12,5.05,5.078,6156
2071-02-11,5.07,5.22,5.04,5.183,9032
2071-02-12,5.185,5.375,5.175,5.365,16600
2071-02-13,5.365,5.4,5.21,5.26,11787
2071-02-14,5.245,5.455,5.245,5.352,16834
2071-02-15,5.31,5.34,5.26,5.325,12747
2071-02-16,5.31,5.36,5.31,5.34,9212
2071-02-17,5.335,5.34,5.24,5.262,11499
2071-02-18,5.26,5.35,5.25,5.335,14246
2071-02-19,5.335,5.385,5.215,5.293,17056
2071-02-20,5.33,5.37,5.26,5.34,11984
2071-02-21,5.325,5.585,5.325,5.535,27607
2071-02-22,5.53,5.595,5.45,5.475,12423
2071-02-23,5.47,5.515,5.28,5.332,15523
2071-02-24,5.355,5.375,5.325,5.34,4449
2071-02-25,5.345,5.445,5.34,5.408,7910
2071-02-26,5.4,5.445,5.26,5.365,9695
2071-02-27,5.35,5.385,5.285,5.355,6303
2071-02-28,5.36,5.36,5.26,5.305,6809
2071-03-01,5.31,5.405,5.235,5.333,10824
2071-03-02,5.335,5.385,5.285,5.325,7223
2071-03-03,5.34,5.36,5.29,5.343,4955
2071-03-04,5.35,5.42,5.295,5.34,8662
2071-03-05,5.335,5.395,5.285,5.373,6893
2071-03-06,5.375,5.475,5.375,5.47,8119
2071-03-07,5.47,5.575,5.405,5.54,18888
2071-03-08,5.54,5.71,5.525,5.66,15583
2071-03-09,5.67,5.85,5.645,5.802,23455
2071-03-10,5.84,5.885,5.635,5.707,22755
2071-03-11,5.71,5.72,5.61,5.65,9393
2071-03-12,5.655,5.705,5.615,5.67,8528
2071-03-13,5.68,5.75,5.58,5.593,13601
2071-03-14,5.59,5.6,5.48,5.515,10412
2071-03-15,5.52,5.54,5.425,5.458,10214
2071-03-16,5.46,5.485,5.355,5.36,11378
2071-03-17,5.365,5.48,5.35,5.453,12475
2071-03-18,5.45,5.5,5.385,5.405,9150
2071-03-19,5.41,5.48,5.395,5.43,6419
2071-03-20,5.43,5.45,5.265,5.273,16149
2071-03-21,5.275,5.325,5.265,5.31,5390
2071-03-22,5.32,5.335,5.14,5.178,12812
2071-03-23,5.17,5.25,5.12,5.14,13162
2071-03-24,5.15,5.2,5.04,5.188,20229
2071-03-25,5.18,5.2,5.1,5.15,20229
2071-03-26,5.165,5.165,5.03,5.11,5667
2071-03-27,5.12,5.12,5.04,5.07,11154
2071-03-28,5.07,5.12,5.04,5.068,6307
2071-03-29,5.065,5.18,5.025,5.145,9953
2071-03-30,5.145,5.175,5.12,5.165,6813
2071-03-31,5.175,5.175,5.12,5.125,5542
2071-04-01,5.125,5.13,4.99,5.01,20933
2071-04-02,5.01,5.085,4.895,4.965,20114
2071-04-03,4.96,4.985,4.84,4.855,15459
2071-04-04,4.9,4.935,4.675,4.675,33727
2071-04-05,4.705,4.78,4.67,4.678,10631
2071-04-06,4.68,4.885,4.605,4.79,15127
2071-04-07,4.79,4.885,4.79,4.84,9012
2071-04-08,4.84,5.0,4.75,4.95,18312
2071-04-09,4.96,5.06,4.93,5.03,9186
2071-04-10,5.04,5.055,4.86,4.913,11001
2071-04-11,4.91,4.985,4.855,4.95,11015
2071-04-12,4.95,5.11,4.94,5.05,14024
2071-04-13,5.05,5.15,4.935,5.025,17677
2071-04-14,5.005,5.03,4.94,4.96,6089
2071-04-15,4.96,5.02,4.905,4.955,8088
2071-04-16,4.94,5.005,4.91,4.92,8060
2071-04-17,4.92,5.02,4.905,4.985,6376
2071-04-18,5.0,5.01,4.94,4.975,6464
2071-04-19,4.985,5.055,4.84,4.855,11687
2071-04-20,4.87,4.925,4.865,4.89,6461
2071-04-21,4.89,5.07,4.88,5.043,16103
2071-04-22,5.05,5.175,5.025,5.153,18110
2071-04-23,5.16,5.25,5.145,5.168,16059
2071-04-24,5.21,5.3,5.12,5.29,14592
2071-04-25,5.29,5.4,5.28,5.36,25093
2071-04-26,5.36,5.4,5.24,5.36,14947
2071-04-27,5.36,5.475,5.28,5.295,20108
2071-04-28,5.295,5.345,5.195,5.207,16135
2071-04-29,5.2,5.23,5.055,5.065,16503
2071-04-30,5.07,5.12,5.05,5.09,6437
2071-05-01,5.1,5.165,5.03,5.137,10806
2071-05-02,5.15,5.23,4.95,4.997,21170
2071-05-03,5.0,5.035,4.765,4.8,25146
2071-05-04,4.84,4.88,4.82,4.84,7870
2071-05-05,4.835,4.865,4.79,4.83,7467
2071-05-06,4.845,4.935,4.765,4.895,12319
2071-05-07,4.915,4.99,4.83,4.95,17031
2071-05-08,4.935,4.95,4.88,4.885,5051
2071-05-09,4.89,4.92,4.84,4.885,7370
2071-05-10,4.88,4.94,4.865,4.885,4684
2071-05-11,4.89,4.895,4.835,4.883,5045
2071-05-12,4.885,4.91,4.855,4.875,3702
2071-05-13,4.87,5.0,4.82,4.983,11793
2071-05-14,4.98,5.03,4.915,4.945,13147
2071-05-15,4.98,5.11,4.945,5.048,14940
2071-05-16,5.05,5.13,5.02,5.075,15367
2071-05-17,5.05,5.09,5.02,5.043,7200
2071-05-18,5.05,5.07,4.995,5.03,6475
2071-05-19,5.03,5.03,4.86,4.92,16526
2071-05-20,4.965,4.965,4.895,4.942,6906
2071-05-21,4.93,5.055,4.93,5.045,9718
2071-05-22,5.045,5.085,4.99,5.01,8991
2071-05-23,5.0,5.05,4.975,5.035,5105
2071-05-24,5.04,5.045,4.975,4.993,5429
2071-05-25,5.0,5.15,4.98,5.133,25134
2071-05-26,5.135,5.15,5.005,5.025,16426
2071-05-27,5.01,5.05,4.895,4.927,18965
2071-05-28,4.935,4.96,4.905,4.927,8203
2071-05-29,4.915,5.005,4.915,4.972,11088
2071-05-30,4.965,5.01,4.94,4.95,7234
2071-05-31,4.95,4.965,4.85,4.89,17154
2071-06-01,4.9,4.91,4.865,4.892,11137
2071-06-02,4.89,4.905,4.855,4.882,20026
2071-06-03,4.88,4.985,4.865,4.882,14947
2071-06-04,4.95,4.995,4.865,4.885,14377
2071-06-05,4.9,4.94,4.875,4.91,6061
2071-06-06,4.905,4.91,4.705,4.72,30722
2071-06-07,4.74,4.8,4.585,4.795,17635
2071-06-08,4.79,4.875,4.775,4.787,10154
2071-06-09,4.79,4.85,4.76,4.808,7084
2071-06-10,4.8,4.86,4.76,4.805,10230
2071-06-11,4.805,4.865,4.785,4.79,6254
2071-06-12,4.795,4.86,4.79,4.81,4198
2071-06-13,4.825,4.84,4.72,4.8,12175
2071-06-14,4.805,4.93,4.79,4.892,14555
2071-06-15,4.895,4.92,4.875,4.892,4919
2071-06-16,4.9,5.08,4.9,5.075,22746
2071-06-17,5.07,5.11,4.895,4.96,14649
2071-06-18,4.96,5.0,4.92,4.947,8019
2071-06-19,4.96,4.98,4.895,4.905,4629
2071-06-20,4.915,4.96,4.88,4.918,5964
2071-06-21,4.925,4.93,4.84,4.903,7267
2071-06-22,4.91,4.945,4.905,4.93,2311
2071-06-23,4.925,4.945,4.915,4.935,1768
2071-06-24,4.935,5.055,4.92,5.035,13434
2071-06-25,5.03,5.095,4.995,5.032,10539
2071-06-26,5.03,5.065,5.005,5.02,3921
2071-06-27,5.03,5.04,4.86,4.94,16898
2071-06-28,4.925,5.06,4.9,5.042,18325
2071-06-29,5.04,5.24,5.04,5.165,36865
2071-06-30,5.16,5.35,5.15,5.24,26080
2071-07-01,5.235,5.305,5.175,5.288,14738
2071-07-02,5.235,5.385,5.215,5.355,12757
2071-07-03,5.355,5.41,5.225,5.245,15511
2071-07-04,5.25,5.25,5.07,5.19,1988
2071-07-05,5.19,5.2,5.08,5.175,10805
2071-07-06,5.175,5.175,5.05,5.13,6965
2071-07-07,5.13,5.18,5.06,5.133,9917
2071-07-08,5.135,5.18,5.11,5.163,8013
2071-07-09,5.165,5.21,5.085,5.123,13088
2071-07-10,5.125,5.145,5.085,5.095,6339
2071-07-11,5.09,5.19,5.085,5.182,10266
2071-07-12,5.185,5.185,5.08,5.115,10514
2071-07-13,5.105,5.135,5.06,5.103,11980
2071-07-14,5.1,5.25,5.08,5.245,19207
2071-07-15,5.245,5.29,5.21,5.235,17620
2071-07-16,5.235,5.32,5.235,5.308,14923
2071-07-17,5.24,5.48,5.24,5.468,29767
2071-07-18,5.465,5.58,5.41,5.543,35734
2071-07-19,5.54,5.8,5.49,5.76,37617
2071-07-20,5.765,5.81,5.61,5.642,16658
2071-07-21,5.625,5.635,5.555,5.622,12221
2071-07-22,5.62,5.62,5.5,5.505,16216
2071-07-23,5.51,5.565,5.46,5.488,12145
2071-07-24,5.48,5.575,5.45,5.565,16822
2071-07-25,5.56,5.7,5.56,5.662,16497
2071-07-26,5.735,5.735,5.31,5.445,24540
2071-07-27,5.44,5.475,5.345,5.408,12325
2071-07-28,5.44,5.51,5.37,5.48,10960
2071-07-29,5.495,5.615,5.495,5.6,19264
2071-07-30,5.62,5.62,5.425,5.46,23873
2071-07-31,5.55,5.55,5.44,5.46,25567
2071-08-01,5.46,5.525,5.325,5.373,30915
2071-08-02,5.4,5.62,5.38,5.565,23596
2071-08-03,5.56,5.64,5.46,5.63,18024
2071-08-04,5.625,5.66,5.49,5.525,12253
2071-08-05,5.52,5.58,5.29,5.323,28418
2071-08-06,5.34,5.36,5.17,5.245,29482
2071-08-07,5.315,5.315,5.195,5.273,11727
2071-08-08,5.27,5.325,5.13,5.203,19675
2071-08-09,5.19,5.3,5.185,5.288,5853
2071-08-10,5.29,5.325,5.21,5.24,9295
2071-08-11,5.24,5.3,5.21,5.268,8082
2071-08-12,5.275,5.35,5.265,5.343,9969
2071-08-13,5.275,5.36,5.25,5.31,9452
2071-08-14,5.29,5.3,5.08,5.098,24821
2071-08-15,5.1,5.13,4.955,5.043,32588
2071-08-16,5.045,5.07,4.985,5.04,11763
2071-08-17,5.05,5.065,4.99,5.015,7629
2071-08-18,5.01,5.095,4.99,5.045,11978
2071-08-19,5.05,5.115,5.04,5.107,5269
2071-08-20,5.105,5.135,5.035,5.11,11115
2071-08-21,5.1,5.115,5.06,5.075,3700
2071-08-22,5.075,5.12,5.04,5.105,8357
2071-08-23,5.1,5.115,5.035,5.09,6093
2071-08-24,5.09,5.18,5.05,5.115,12013
2071-08-25,5.11,5.12,4.995,5.003,16883
2071-08-26,5.01,5.06,4.96,4.97,12915
2071-08-27,4.975,5.04,4.97,5.028,5564
2071-08-28,5.03,5.04,4.905,4.918,14932
2071-08-29,4.915,4.965,4.885,4.948,9280
2071-08-30,4.95,4.985,4.935,4.96,6930
2071-08-31,4.955,4.985,4.88,4.885,13663
2071-09-01,4.88,4.945,4.845,4.93,19860
2071-09-02,4.935,5.005,4.885,4.895,10766
2071-09-03,4.895,4.94,4.825,4.905,13283
2071-09-04,4.92,4.95,4.82,4.86,10727
2071-09-05,4.855,5.03,4.85,5.01,25651
2071-09-06,5.005,5.065,4.995,5.04,11936
2071-09-07,5.05,5.17,5.045,5.15,23217
2071-09-08,5.15,5.18,5.1,5.124,12469
2071-09-09,5.13,5.17,5.085,5.155,8565
2071-09-10,5.15,5.2,5.09,5.167,11355
2071-09-11,5.17,5.19,5.12,5.145,7943
2071-09-12,5.135,5.14,5.055,5.1,11801
2071-09-13,5.1,5.19,5.085,5.183,14078
2071-09-14,5.175,5.28,5.165,5.253,16969
2071-09-15,5.275,5.42,5.265,5.413,25676
2071-09-16,5.395,5.485,5.36,5.43,24274
2071-09-17,5.425,5.47,5.38,5.385,6949
2071-09-18,5.38,5.38,5.305,5.325,7161
2071-09-19,5.325,5.41,5.305,5.397,9061
2071-09-20,5.395,5.45,5.375,5.387,8696
2071-09-21,5.395,5.455,5.2,5.445,8696
2071-09-22,5.425,5.47,5.37,5.43,10504
2071-09-23,5.455,5.48,5.38,5.415,11162
2071-09-24,5.42,5.425,5.365,5.383,9663
2071-09-25,5.375,5.58,5.365,5.57,18988
2071-09-26,5.58,5.58,5.34,5.39,18394
2071-09-27,5.39,5.435,5.375,5.39,3861
2071-09-28,5.38,5.41,5.27,5.338,14064
2071-09-29,5.34,5.345,5.255,5.285,9522
2071-09-30,5.295,5.355,5.29,5.31,5257
2071-10-01,5.305,5.335,5.19,5.21,14623
2071-10-02,5.22,5.22,5.05,5.055,23998
2071-10-03,5.055,5.105,5.05,5.06,9401
2071-10-04,5.06,5.12,5.04,5.055,8560
2071-10-05,5.055,5.06,4.93,4.94,19972
2071-10-06,4.945,4.98,4.88,4.895,19972
2071-10-07,4.9,5.01,4.885,4.985,9429
2071-10-08,4.985,5.025,4.945,4.978,8022
2071-10-09,4.97,5.0,4.92,4.938,6201
2071-10-10,4.945,4.965,4.85,4.94,16892
2071-10-11,4.94,5.0,4.94,4.98,4593
2071-10-12,4.985,4.995,4.925,4.94,6439
2071-10-13,4.955,5.03,4.91,5.027,10651
2071-10-14,5.03,5.14,5.015,5.095,16539
2071-10-15,5.095,5.13,5.05,5.115,7668
2071-10-16,5.115,5.15,5.1,5.105,12219
2071-10-17,5.1,5.12,5.02,5.05,10246
2071-10-18,5.045,5.045,4.995,5.033,6646
2071-10-19,5.03,5.08,5.02,5.073,5938
2071-10-20,5.075,5.1,4.93,4.96,17197
2071-10-21,4.96,5.055,4.95,5.015,7107
2071-10-22,5.02,5.07,5.01,5.04,7929
2071-10-23,5.045,5.12,5.025,5.105,14914
2071-10-24,5.1,5.15,5.09,5.13,17102
2071-10-25,5.12,5.15,5.05,5.065,14637
2071-10-26,5.055,5.185,5.045,5.152,22289
2071-10-27,5.17,5.24,5.14,5.207,17120
2071-10-28,5.21,5.305,5.205,5.287,21526
2071-10-29,5.3,5.38,5.26,5.302,17766
2071-10-30,5.285,5.38,5.26,5.367,14415
2071-10-31,5.31,5.32,5.18,5.23,16360
2071-11-01,5.225,5.27,5.185,5.25,7696
2071-11-02,5.25,5.33,5.23,5.27,13018
2071-11-03,5.26,5.29,5.22,5.263,6283
2071-11-04,5.255,5.28,5.24,5.26,2636
2071-11-05,5.255,5.255,5.12,5.16,14375
2071-11-06,5.155,5.16,5.07,5.11,14822
2071-11-07,5.1,5.145,5.06,5.127,13502
2071-11-08,5.12,5.155,5.08,5.105,12935
2071-11-09,5.11,5.11,5.065,5.07,4200
2071-11-10,5.07,5.105,5.025,5.082,10758
2071-11-11,5.085,5.17,5.04,5.142,13366
2071-11-12,5.15,5.19,5.09,5.162,9024
2071-11-13,5.155,5.2,5.135,5.172,5827
2071-11-14,5.17,5.185,5.115,5.165,5226
2071-11-15,5.165,5.215,5.14,5.195,8802
2071-11-16,5.19,5.275,5.16,5.265,15879
2071-11-17,5.265,5.46,5.24,5.435,29955
2071-11-18,5.435,5.49,5.41,5.465,18915
2071-11-19,5.46,5.47,5.35,5.385,10881
2071-11-20,5.38,5.495,5.37,5.462,10534
2071-11-21,5.46,5.57,5.45,5.505,21984
2071-11-22,5.51,5.56,5.405,5.435,21611
2071-11-23,5.43,5.45,5.35,5.412,11211
2071-11-24,5.39,5.405,5.305,5.337,13247
2071-11-25,5.335,5.35,5.29,5.342,6744
2071-11-26,5.345,5.425,5.335,5.415,12541
2071-11-27,5.42,5.45,5.36,5.372,7623
2071-11-28,5.37,5.385,5.305,5.322,10240
2071-11-29,5.325,5.325,5.23,5.257,12050
2071-11-30,5.26,5.285,5.22,5.27,11168
2071-12-01,5.265,5.295,5.225,5.24,10057
2071-12-02,5.235,5.245,5.15,5.22,21289
2071-12-03,5.22,5.27,5.18,5.255,11873
2071-12-04,5.25,5.285,5.14,5.145,19485
2071-12-05,5.15,5.18,5.13,5.15,14339
2071-12-06,5.145,5.165,5.07,5.095,19728
2071-12-07,5.1,5.15,5.075,5.13,15494
2071-12-08,5.13,5.145,5.09,5.1,7311
2071-12-09,5.15,5.175,5.095,5.152,14359
2071-12-10,5.15,5.27,5.115,5.22,21278
2071-12-11,5.22,5.25,5.165,5.185,9184
2071-12-12,5.175,5.275,5.15,5.255,11162
2071-12-13,5.255,5.26,5.15,5.173,12930
2071-12-14,5.175,5.235,5.175,5.225,8387
2071-12-15,5.23,5.24,5.165,5.225,9168
2071-12-16,5.225,5.285,5.21,5.24,12048
2071-12-17,5.235,5.255,5.2,5.225,6452
2071-12-18,5.225,5.23,5.155,5.182,9276
2071-12-19,5.18,5.2,5.145,5.155,7079
2071-12-20,5.16,5.17,5.105,5.115,11289
2071-12-21,5.115,5.155,5.115,5.135,4676
2071-12-22,5.13,5.15,5.11,5.123,5716
2071-12-23,5.12,5.14,5.11,5.122,2452
2071-12-24,5.12,5.29,5.115,5.282,27545
2071-12-25,5.28,5.33,5.26,5.29,15170
2071-12-26,5.29,5.32,5.25,5.275,11171
2071-12-27,5.275,5.31,5.245,5.255,13446
2071-12-28,5.26,5.4,5.26,5.355,19366
2071-12-29,5.355,5.95,5.35,5.77,65584
2071-12-30,5.77,5.805,5.595,5.607,30097
2071-12-31,5.595,5.64,5.55,5.615,12577
2072-01-01,5.61,5.715,5.52,5.582,22430
2072-01-02,5.57,5.64,5.56,5.63,10957
2072-01-03,5.64,5.765,5.545,5.563,18197
2072-01-04,5.56,5.58,5.475,5.53,10789
2072-01-05,5.535,5.63,5.535,5.595,12988
2072-01-06,5.6,5.63,5.49,5.55,13023
2072-01-07,5.53,5.61,5.525,5.567,8704
2072-01-08,5.56,5.64,5.55,5.6,7340
2072-01-09,5.61,5.675,5.3,5.34,33266
2072-01-10,5.34,5.41,5.32,5.338,14772
2072-01-11,5.36,5.38,5.205,5.24,21555
2072-01-12,5.245,5.265,5.17,5.223,14511
2072-01-13,5.225,5.28,5.2,5.205,7607
2072-01-14,5.21,5.25,5.15,5.233,20789
2072-01-15,5.23,5.26,5.2,5.25,8883
2072-01-16,5.26,5.3,5.24,5.263,7448
2072-01-17,5.265,5.31,5.18,5.21,9717
2072-01-18,5.205,5.245,5.17,5.208,11199
2072-01-19,5.2,5.29,5.2,5.28,9815
2072-01-20,5.285,5.33,5.17,5.18,14743
2072-01-21,5.205,5.23,5.155,5.22,11032
2072-01-22,5.22,5.23,5.18,5.225,6392
2072-01-23,5.225,5.245,5.205,5.227,4568
2072-01-24,5.225,5.255,5.215,5.222,3875
2072-01-25,5.22,5.235,5.08,5.085,29901
2072-01-26,5.09,5.105,5.025,5.053,20639
2072-01-27,5.055,5.12,5.055,5.088,9264
2072-01-28,5.095,5.205,5.085,5.13,15951
2072-01-29,5.12,5.12,5.05,5.055,7906
2072-01-30,5.08,5.105,5.055,5.098,6858
2072-01-31,5.085,5.185,5.08,5.165,12592
2072-02-01,5.155,5.185,5.09,5.108,9806
2072-02-02,5.115,5.155,5.11,5.15,6134
2072-02-03,5.15,5.18,5.12,5.13,10268
2072-02-04,5.13,5.215,5.125,5.2,17134
2072-02-05,5.195,5.29,5.185,5.285,27259
2072-02-06,5.285,5.285,5.215,5.235,28905
2072-02-07,5.25,5.255,5.2,5.208,15195
2072-02-08,5.21,5.31,5.21,5.24,13301
2072-02-09,5.24,5.25,5.18,5.218,6801
2072-02-10,5.22,5.23,5.11,5.135,14124
2072-02-11,5.135,5.16,5.105,5.145,5878
2072-02-12,5.14,5.16,5.055,5.155,6137
2072-02-13,5.155,5.2,5.145,5.193,20
2072-02-14,5.17,5.26,5.15,5.23,12526
2072-02-15,5.24,5.25,5.205,5.225,4655
2072-02-16,5.235,5.26,5.19,5.25,6139
2072-02-17,5.25,5.31,5.235,5.262,10637
2072-02-18,5.265,5.275,5.23,5.235,3215
2072-02-19,5.23,5.24,5.185,5.2,5994
2072-02-20,5.22,5.28,5.195,5.267,6263
2072-02-21,5.27,5.27,5.24,5.247,3271
2072-02-22,5.23,5.285,5.215,5.255,2582
2072-02-23,5.255,5.27,5.225,5.242,2460
2072-02-24,5.24,5.44,5.235,5.415,24211
2072-02-25,5.425,5.47,5.37,5.453,15646
2072-02-26,5.42,5.42,5.32,5.375,11719
2072-02-27,5.375,5.38,5.16,5.21,27560
2072-02-28,5.205,5.215,5.15,5.167,13515
2072-02-29,5.17,5.215,5.15,5.195,4729
2072-03-01,5.19,5.23,5.17,5.19,5375
2072-03-02,5.19,5.22,5.19,5.195,4278
2072-03-03,5.205,5.225,5.125,5.143,18507
2072-03-04,5.14,5.175,5.125,5.153,10288
2072-03-05,5.16,5.18,5.13,5.15,5478
2072-03-06,5.16,5.19,5.125,5.165,9314
2072-03-07,5.17,5.19,5.14,5.173,6171
2072-03-08,5.18,5.285,5.155,5.257,21749
2072-03-09,5.26,5.3,5.23,5.26,10709
2072-03-10,5.26,5.32,5.255,5.293,8764
2072-03-11,5.295,5.36,5.29,5.315,9412
2072-03-12,5.32,5.325,5.255,5.283,7333
2072-03-13,5.28,5.43,5.255,5.415,28433
2072-03-14,5.415,5.5,5.32,5.327,20618
2072-03-15,5.32,5.325,5.23,5.253,10949
2072-03-16,5.255,5.315,5.235,5.24,9726
2072-03-17,5.24,5.295,5.235,5.288,7032
2072-03-18,5.29,5.6,5.28,5.572,27759
2072-03-19,5.57,5.6,5.26,5.285,41988
2072-03-20,5.29,5.37,5.28,5.34,14932
2072-03-21,5.345,5.46,5.33,5.43,16931
2072-03-22,5.43,5.47,5.35,5.425,12926
2072-03-23,5.425,5.445,5.335,5.35,13044
2072-03-24,5.355,5.355,5.26,5.27,12518
2072-03-25,5.28,5.3,5.25,5.258,10016
2072-03-26,5.26,5.32,5.255,5.305,6097
2072-03-27,5.26,5.295,5.26,5.283,3732
2072-03-28,5.285,5.3,5.24,5.293,9437
2072-03-29,5.3,5.305,5.255,5.263,8337
2072-03-30,5.26,5.265,5.16,5.17,26513
2072-03-31,5.175,5.19,5.035,5.04,26390
2072-04-01,5.11,5.15,5.09,5.11,22602
2072-04-02,5.11,5.15,5.1,5.108,9917
2072-04-03,5.125,5.19,5.12,5.133,9253
2072-04-04,5.14,5.14,5.06,5.063,18185
2072-04-05,5.065,5.17,5.06,5.153,11099
2072-04-06,5.145,5.15,5.1,5.105,4749
2072-04-07,5.105,5.165,5.1,5.12,6767
2072-04-08,5.12,5.155,5.115,5.132,4864
2072-04-09,5.135,5.2,5.1,5.165,9381
2072-04-10,5.17,5.175,5.09,5.125,7311
2072-04-11,5.13,5.14,5.105,5.13,4433
2072-04-12,5.13,5.145,5.06,5.068,9871
2072-04-13,5.075,5.2,5.065,5.158,17429
2072-04-14,5.165,5.21,5.15,5.165,9142
2072-04-15,5.17,5.17,5.1,5.123,9119
2072-04-16,5.125,5.17,5.105,5.148,5909
2072-04-17,5.155,5.155,5.105,5.12,5369
2072-04-18,5.115,5.135,5.095,5.103,5707
2072-04-19,5.105,5.12,4.965,4.98,27897
2072-04-20,4.99,4.99,4.92,4.983,13576
2072-04-21,4.98,5.05,4.95,5.045,9811
2072-04-22,5.045,5.085,5.035,5.057,5501
2072-04-23,5.055,5.21,5.015,5.165,32562
2072-04-24,5.155,5.19,5.115,5.137,8952
2072-04-25,5.135,5.15,5.1,5.132,4581
2072-04-26,5.145,5.145,5.105,5.122,3681
2072-04-27,5.135,5.185,5.12,5.168,6228
2072-04-28,5.17,5.185,5.13,5.145,6620
2072-04-29,5.15,5.18,5.115,5.148,5951
2072-04-30,5.145,5.195,5.14,5.175,12375
2072-05-01,5.175,5.24,5.125,5.175,17906
2072-05-02,5.14,5.175,5.11,5.14,10620
2072-05-03,5.145,5.16,5.125,5.133,5442
2072-05-04,5.135,5.14,4.97,5.0,22715
2072-05-05,5.01,5.035,4.95,4.953,11738
2072-05-06,4.955,5.02,4.955,5.015,10854
2072-05-07,5.01,5.02,4.93,4.947,18258
2072-05-08,5.015,5.045,4.975,5.015,18423
2072-05-09,5.025,5.04,4.985,5.015,6180
2072-05-10,5.025,5.1,5.0,5.077,10227
2072-05-11,5.09,5.095,5.06,5.077,3711
2072-05-12,5.07,5.105,5.055,5.077,8157
2072-05-13,5.075,5.18,5.065,5.17,19118
2072-05-14,5.17,5.175,5.035,5.053,14573
2072-05-15,5.055,5.095,5.04,5.065,4885
2072-05-16,5.07,5.135,5.045,5.085,6596
2072-05-17,5.08,5.11,5.065,5.08,3372
2072-05-18,5.075,5.08,5.035,5.06,7244
2072-05-19,5.05,5.095,5.035,5.058,6543
2072-05-20,5.06,5.07,5.015,5.06,6416
2072-05-21,5.06,5.19,5.05,5.145,18967
2072-05-22,5.135,5.14,5.035,5.04,14863
2072-05-23,5.055,5.06,5.0,5.055,10921
2072-05-24,5.06,5.065,5.01,5.03,7381
2072-05-25,5.03,5.07,5.025,5.048,4517
2072-05-26,5.055,5.065,5.035,5.048,3986
2072-05-27,5.045,5.05,5.0,5.02,8373
2072-05-28,5.025,5.04,4.92,4.948,20731
2072-05-29,4.955,4.98,4.935,4.963,5723
2072-05-30,4.98,4.995,4.915,4.948,6770
2072-05-31,4.955,4.99,4.945,4.965,7302
2072-06-01,4.985,4.985,4.91,4.965,10315
2072-06-02,4.97,5.09,4.955,5.05,29823
2072-06-03,5.05,5.105,5.045,5.075,9883
2072-06-04,5.07,5.17,5.05,5.11,24055
2072-06-05,5.11,5.135,5.085,5.12,11683
2072-06-06,5.11,5.155,5.08,5.097,11238
2072-06-07,5.1,5.115,5.04,5.062,7646
2072-06-08,5.07,5.07,5.025,5.042,7800
2072-06-09,5.05,5.14,5.015,5.025,15943
2072-06-10,5.045,5.065,5.025,5.035,5844
2072-06-11,5.035,5.055,4.96,4.97,21827
2072-06-12,4.97,5.0,4.95,4.978,10240
2072-06-13,4.98,4.985,4.95,4.958,10539
2072-06-14,4.965,4.995,4.94,4.985,11937
2072-06-15,4.99,5.0,4.935,4.958,15243
2072-06-16,4.95,4.99,4.95,4.989,13248
2072-06-17,5.035,5.12,5.03,5.058,31027
2072-06-18,5.06,5.11,5.055,5.083,9586
2072-06-19,5.055,5.075,5.015,5.04,8943
2072-06-20,5.04,5.08,5.03,5.053,6093
2072-06-21,5.05,5.055,5.01,5.033,7004
2072-06-22,5.04,5.065,5.035,5.053,3900
2072-06-23,5.05,5.06,5.005,5.01,9333
2072-06-24,5.015,5.05,4.99,5.023,6960
2072-06-25,5.025,5.05,5.0,5.03,6969
2072-06-26,5.03,5.075,5.02,5.05,6969
2072-06-27,5.055,5.09,5.055,5.065,7701
2072-06-28,5.065,5.085,5.055,5.068,5059
2072-06-29,5.065,5.07,5.02,5.028,10245
2072-06-30,5.03,5.05,5.01,5.04,6984
2072-07-01,5.035,5.055,4.965,4.97,18818
2072-07-02,4.98,5.0,4.95,4.988,6280
2072-07-03,4.985,5.055,4.98,5.033,12849
2072-07-04,5.035,5.04,4.975,4.99,8566
2072-07-05,5.0,5.04,4.99,5.005,6394
2072-07-06,5.005,5.025,4.995,5.0,3513
2072-07-07,5.01,5.04,4.99,5.038,6485
2072-07-08,5.035,5.045,5.01,5.028,5117
2072-07-09,5.03,5.04,5.01,5.023,3075
2072-07-10,5.03,5.03,4.99,5.005,5983
2072-07-11,5.005,5.01,4.925,4.943,17529
2072-07-12,4.943,4.975,4.94,4.97,7289
2072-07-13,4.985,5.0,4.915,4.935,11432
2072-07-14,4.945,4.945,4.895,4.918,8694
2072-07-15,4.92,4.94,4.9,4.925,6436
2072-07-16,4.925,4.965,4.925,4.945,5957
2072-07-17,4.95,4.955,4.895,4.908,6762
2072-07-18,4.905,4.915,4.875,4.883,8453
2072-07-19,4.89,4.915,4.87,4.875,10669
2072-07-20,4.885,4.915,4.875,4.883,6891
2072-07-21,4.89,4.89,4.845,4.855,8683
2072-07-22,4.86,4.87,4.855,4.868,4321
2072-07-23,4.865,4.865,4.835,4.848,8200
2072-07-24,4.84,4.855,4.78,4.798,14165
2072-07-25,4.8,4.865,4.775,4.86,14500
2072-07-26,4.86,4.93,4.86,4.895,13215
2072-07-27,4.9,4.94,4.9,4.935,10728
2072-07-28,4.93,4.955,4.905,4.947,13822
2072-07-29,5.015,5.015,4.962,4.985,19174
2072-07-30,4.985,5.085,4.98,5.045,21895
2072-07-31,5.045,5.055,5.025,5.047,5112
2072-08-01,5.04,5.05,5.01,5.04,6996
2072-08-02,5.04,5.045,5.02,5.027,5996
2072-08-03,5.03,5.03,4.95,4.982,12356
2072-08-04,4.98,4.995,4.96,4.972,5126
2072-08-05,4.97,4.97,4.93,4.937,6263
2072-08-06,4.94,4.985,4.925,4.962,6442
2072-08-07,4.935,4.96,4.93,4.945,1964
2072-08-08,4.95,4.96,4.885,4.893,11781
2072-08-09,4.9,4.94,4.895,4.935,5769
2072-08-10,4.93,5.01,4.93,4.973,12296
2072-08-11,4.975,4.98,4.945,4.978,4001
2072-08-12,4.98,5.0,4.97,4.983,4111
2072-08-13,4.99,5.03,4.97,5.02,8920
2072-08-14,5.02,5.025,4.99,5.002,6461
2072-08-15,5.01,5.015,4.915,4.948,11989
2072-08-16,4.955,4.97,4.945,4.955,3211
2072-08-17,4.955,4.965,4.945,4.962,2448
2072-08-18,4.96,4.965,4.92,4.923,4781
2072-08-19,4.925,4.955,4.92,4.938,3392
2072-08-20,4.94,4.955,4.91,4.928,6035
2072-08-21,4.94,4.98,4.93,4.963,6933
2072-08-22,4.97,4.985,4.905,4.915,13565
2072-08-23,4.92,4.97,4.91,4.968,8923
2072-08-24,4.97,4.97,4.915,4.925,6957
2072-08-25,4.925,4.945,4.905,4.923,5617
2072-08-26,4.93,4.93,4.87,4.885,10617
2072-08-27,4.865,4.885,4.815,4.82,9708
2072-08-28,4.82,4.86,4.815,4.833,5897
2072-08-29,4.835,4.84,4.795,4.798,7071
2072-08-30,4.8,4.815,4.76,4.765,5897
2072-08-31,4.765,4.805,4.73,4.78,6612
2072-09-01,4.795,4.81,4.765,4.77,5340
2072-09-02,4.775,4.795,4.755,4.778,5346
2072-09-03,4.78,4.805,4.755,4.798,9677
2072-09-04,4.795,4.84,4.73,4.735,13408
2072-09-05,4.74,4.78,4.74,4.765,6094
2072-09-06,4.77,4.79,4.765,4.785,3695
2072-09-07,4.785,4.795,4.74,4.745,3765
2072-09-08,4.745,4.775,4.745,4.763,4532
2072-09-09,4.77,4.78,4.735,4.765,7439
2072-09-10,4.765,4.77,4.715,4.723,7969
2072-09-11,4.72,4.725,4.68,4.688,6386
2072-09-12,4.69,4.7,4.67,4.695,6602
2072-09-13,4.695,4.705,4.665,4.688,6220
2072-09-14,4.675,4.685,4.655,4.658,7306
2072-09-15,4.66,4.68,4.65,4.655,5186
2072-09-16,4.655,4.68,4.625,4.63,10692
2072-09-17,4.63,4.645,4.62,4.628,10692
2072-09-18,4.635,4.7,4.62,4.698,25187
2072-09-19,4.695,4.72,4.69,4.698,15107
2072-09-20,4.775,4.785,4.69,4.7,29224
2072-09-21,4.69,4.76,4.69,4.758,10434
2072-09-22,4.76,4.775,4.71,4.723,4658
2072-09-23,4.725,4.825,4.72,4.795,10788
2072-09-24,4.8,4.81,4.765,4.783,4097
2072-09-25,4.78,4.84,4.78,4.833,8567
2072-09-26,4.835,4.84,4.785,4.803,6358
2072-09-27,4.8,4.81,4.71,4.725,7347
2072-09-28,4.735,4.74,4.715,4.733,4743
2072-09-29,4.73,4.78,4.725,4.735,6094
2072-09-30,4.65,4.66,4.62,4.653,4574
2072-10-01,4.65,4.71,4.645,4.663,6550
2072-10-02,4.665,4.675,4.635,4.663,3046
2072-10-03,4.655,4.685,4.65,4.675,2046
2072-10-04,4.685,4.7,4.63,4.647,4311
2072-10-05,4.645,4.65,4.62,4.637,2867
2072-10-06,4.635,4.65,4.605,4.635,3620
2072-10-07,4.595,4.605,4.535,4.54,8952
2072-10-08,4.54,4.585,4.54,4.58,7272
2072-10-09,4.58,4.615,4.56,4.6,5764
2072-10-10,4.6,4.61,4.58,4.59,3301
2072-10-11,4.6,4.6,4.565,4.59,3480
2072-10-12,4.595,4.595,4.555,4.575,3373
2072-10-13,4.585,4.605,4.56,4.593,4336
2072-10-14,4.6,4.675,4.59,4.655,8124
2072-10-15,4.645,4.72,4.64,4.71,12025
2072-10-16,4.71,4.8,4.69,4.743,18012
2072-10-17,4.74,4.835,4.72,4.825,16158
2072-10-18,4.83,4.88,4.775,4.78,13962
2072-10-19,4.78,4.835,4.74,4.805,8572
2072-10-20,4.81,4.835,4.79,4.805,5558
2072-10-21,4.805,4.81,4.765,4.793,4172
2072-10-22,4.795,4.86,4.76,4.81,8487
2072-10-23,4.805,4.85,4.78,4.825,5784
2072-10-24,4.82,4.835,4.795,4.823,3034
2072-10-25,4.81,4.865,4.81,4.82,7385
2072-10-26,4.82,4.83,4.795,4.815,4501
2072-10-27,4.82,4.825,4.765,4.81,6205
2072-10-28,4.8,4.81,4.77,4.788,4244
2072-10-29,4.77,4.775,4.695,4.698,11964
2072-10-30,4.7,4.7,4.65,4.67,7409
2072-10-31,4.665,4.685,4.615,4.625,11702
2072-11-01,4.625,4.64,4.565,4.57,16749
2072-11-02,4.57,4.585,4.53,4.563,18244
2072-11-03,4.56,4.59,4.535,4.56,17241
2072-11-04,4.56,4.58,4.545,4.55,13756
2072-11-05,4.555,4.565,4.505,4.515,8225
2072-11-06,4.525,4.53,4.48,4.49,8542
2072-11-07,4.49,4.505,4.41,4.42,10306
2072-11-08,4.41,4.44,4.395,4.408,8908
2072-11-09,4.41,4.44,4.405,4.415,6890
2072-11-10,4.415,4.455,4.37,4.433,19598
2072-11-11,4.435,4.46,4.42,4.445,10782
2072-11-12,4.5,4.52,4.46,4.463,12592
2072-11-13,4.465,4.58,4.445,4.515,14252
2072-11-14,4.52,4.555,4.425,4.435,11667
2072-11-15,4.43,4.485,4.43,4.458,6523
2072-11-16,4.43,4.48,4.425,4.455,3151
2072-11-17,4.45,4.47,4.415,4.445,4338
2072-11-18,4.455,4.49,4.425,4.465,4554
2072-11-19,4.465,4.535,4.45,4.51,10074
2072-11-20,4.52,4.55,4.495,4.522,5536
2072-11-21,4.54,4.55,4.42,4.44,7890
2072-11-22,4.445,4.46,4.4,4.45,7092
2072-11-23,4.335,4.365,4.32,4.353,3648
2072-11-24,4.3,4.32,4.27,4.315,4967
2072-11-25,4.32,4.365,4.295,4.313,5331
2072-11-26,4.32,4.37,4.295,4.34,5810
2072-11-27,4.34,4.36,4.33,4.353,4395
2072-11-28,4.36,4.37,4.32,4.335,6130
2072-11-29,4.34,4.355,4.305,4.315,3127
2072-11-30,4.32,4.34,4.3,4.325,3760
2072-12-01,4.315,4.39,4.305,4.363,8517
2072-12-02,4.37,4.385,4.35,4.368,4314
2072-12-03,4.375,4.46,4.365,4.44,9933
2072-12-04,4.44,4.44,4.36,4.368,7185
2072-12-05,4.37,4.385,4.32,4.365,10080
2072-12-06,4.37,4.445,4.355,4.427,9873
2072-12-07,4.435,4.475,4.405,4.44,10671
2072-12-08,4.44,4.45,4.395,4.44,8372
2072-12-09,4.44,4.485,4.43,4.453,9747
2072-12-10,4.45,4.465,4.35,4.365,19335
2072-12-11,4.37,4.42,4.365,4.377,10480
2072-12-12,4.415,4.44,4.395,4.4,13454
2072-12-13,4.4,4.41,4.35,4.358,7065
2072-12-14,4.365,4.395,4.35,4.385,5412
2072-12-15,4.39,4.425,4.37,4.395,3894
2072-12-16,4.395,4.415,4.36,4.365,4784
2072-12-17,4.37,4.38,4.325,4.36,7467
2072-12-18,4.355,4.36,4.325,4.327,3953
2072-12-19,4.33,4.345,4.32,4.335,3439
2072-12-20,4.34,4.425,4.33,4.415,8969
2072-12-21,4.395,4.42,4.325,4.35,9200
2072-12-22,4.35,4.365,4.335,4.337,3012
2072-12-23,4.355,4.36,4.315,4.32,5545
2072-12-24,4.33,4.475,4.33,4.463,16711
2072-12-25,4.46,4.51,4.4,4.495,14580
2072-12-26,4.49,4.625,4.45,4.577,20286
2072-12-27,4.585,4.655,4.525,4.55,13880
2072-12-28,4.55,4.58,4.525,4.568,7415
2072-12-29,4.575,4.605,4.515,4.58,8529
2072-12-30,4.58,4.69,4.555,4.62,15263
2072-12-31,4.61,4.62,4.555,4.583,5394
2073-01-01,4.575,4.575,4.52,4.54,5372
2073-01-02,4.55,4.55,4.43,4.445,11706
2073-01-03,4.455,4.475,4.4,4.41,8170
2073-01-04,4.41,4.45,4.385,4.423,6531
2073-01-05,4.42,4.445,4.325,4.335,14455
2073-01-06,4.335,4.375,4.33,4.343,7506
2073-01-07,4.35,4.375,4.33,4.34,6685
2073-01-08,4.35,4.35,4.325,4.335,6194
2073-01-09,4.34,4.385,4.31,4.37,9599
2073-01-10,4.37,4.38,4.32,4.338,5403
2073-01-11,4.335,4.38,4.33,4.375,7758
2073-01-12,4.42,4.435,4.395,4.4,3507
2073-01-13,4.405,4.41,4.33,4.345,13459
2073-01-14,4.345,4.36,4.28,4.323,4463
2073-01-15,4.32,4.345,4.3,4.303,4321
2073-01-16,4.32,4.325,4.29,4.298,9701
2073-01-17,4.295,4.355,4.29,4.348,19425
2073-01-18,4.35,4.35,4.295,4.305,12381
2073-01-19,4.35,4.36,4.315,4.332,14332
2073-01-20,4.325,4.36,4.32,4.327,5141
2073-01-21,4.33,4.34,4.28,4.31,6731
2073-01-22,4.31,4.32,4.265,4.278,5756
2073-01-23,4.28,4.28,4.23,4.238,5652
2073-01-24,4.23,4.27,4.2,4.265,5652
2073-01-25,4.265,4.285,4.23,4.243,4674
2073-01-26,4.24,4.28,4.235,4.263,3269
2073-01-27,4.265,4.285,4.24,4.26,6159
2073-01-28,4.27,4.28,4.24,4.268,3220
2073-01-29,4.27,4.315,4.25,4.308,7022
2073-01-30,4.3,4.315,4.2,4.21,8644
2073-01-31,4.21,4.25,4.205,4.248,3081
2073-02-01,4.25,4.29,4.225,4.26,3934
2073-02-02,4.25,4.27,4.235,4.26,1835
2073-02-03,4.255,4.26,4.225,4.232,1703
2073-02-04,4.235,4.275,4.225,4.24,3720
2073-02-05,4.235,4.245,4.215,4.218,2562
2073-02-06,4.215,4.24,4.2,4.208,2870
2073-02-07,4.205,4.235,4.2,4.228,3371
2073-02-08,4.23,4.245,4.225,4.233,2749
2073-02-09,4.24,4.255,4.23,4.235,3626
2073-02-10,4.24,4.24,4.21,4.228,2821
2073-02-11,4.23,4.23,4.19,4.192,3316
2073-02-12,4.195,4.2,4.115,4.172,7300
2073-02-13,4.18,4.18,4.125,4.152,4042
2073-02-14,4.145,4.24,4.14,4.217,8511
2073-02-15,4.215,4.24,4.11,4.145,10159
2073-02-16,4.15,4.18,4.125,4.147,4808
2073-02-17,4.145,4.23,4.135,4.202,7714
2073-02-18,4.2,4.245,4.125,4.155,9040
2073-02-19,4.16,4.23,4.155,4.198,6095
2073-02-20,4.26,4.265,4.15,4.153,9025
2073-02-21,4.15,4.235,4.145,4.193,9683
2073-02-22,4.21,4.23,4.19,4.208,4786
2073-02-23,4.2,4.235,4.195,4.22,6743
2073-02-24,4.215,4.22,4.17,4.185,9918
2073-02-25,4.18,4.205,4.16,4.197,8596
2073-02-26,4.19,4.205,4.18,4.183,14798
2073-02-27,4.18,4.2,4.18,4.185,10190
2073-02-28,4.225,4.235,4.19,4.203,14229
2073-03-01,4.2,4.225,4.19,4.21,4350
2073-03-02,4.2,4.21,4.18,4.187,3140
2073-03-03,4.19,4.205,4.185,4.193,1624
2073-03-04,4.2,4.21,4.18,4.188,1275
2073-03-05,4.19,4.21,4.18,4.183,3021
2073-03-06,4.18,4.2,4.175,4.193,2100
2073-03-07,4.4,4.48,4.365,4.473,13696
2073-03-08,4.47,4.76,4.45,4.745,29575
2073-03-09,4.71,4.71,4.465,4.535,19546
2073-03-10,4.54,4.65,4.54,4.617,14400
2073-03-11,4.625,4.63,4.505,4.595,8036
2073-03-12,4.59,4.615,4.515,4.547,5487
2073-03-13,4.535,4.63,4.53,4.615,6904
2073-03-14,4.615,4.65,4.56,4.608,10697
2073-03-15,4.6,4.68,4.585,4.675,8538
2073-03-16,4.665,4.69,4.615,4.667,8019
2073-03-17,4.675,4.675,4.615,4.65,6606
2073-03-18,4.65,4.69,4.615,4.635,9721
2073-03-19,4.63,4.73,4.615,4.655,12317
2073-03-20,4.65,4.69,4.645,4.685,3745
2073-03-21,4.67,4.675,4.535,4.55,11363
2073-03-22,4.525,4.565,4.425,4.44,13041
2073-03-23,4.44,4.45,4.395,4.425,9736
2073-03-24,4.43,4.49,4.41,4.47,7212
2073-03-25,4.435,4.455,4.37,4.393,8053
2073-03-26,4.39,4.405,4.33,4.345,6943
2073-03-27,4.35,4.4,4.34,4.37,6382
2073-03-28,4.235,4.265,4.225,4.243,4721
2073-03-29,4.24,4.26,4.21,4.215,4731
2073-03-30,4.215,4.24,4.185,4.22,7768
2073-03-31,4.225,4.24,4.21,4.215,5699
2073-04-01,4.23,4.26,4.225,4.243,3506
2073-04-02,4.255,4.285,4.25,4.263,5031
2073-04-03,4.26,4.275,4.19,4.225,8360
2073-04-04,4.22,4.24,4.205,4.207,4390
2073-04-05,4.22,4.23,4.105,4.11,18143
2073-04-06,4.12,4.125,4.08,4.098,7021
2073-04-07,4.09,4.14,4.08,4.118,7017
2073-04-08,4.12,4.145,4.105,4.128,6591
2073-04-09,4.135,4.14,4.07,4.078,6444
2073-04-10,4.08,4.1,4.055,4.08,6187
2073-04-11,4.115,4.155,4.065,4.14,7833
2073-04-12,4.155,4.175,4.13,4.143,4978
2073-04-13,4.115,4.12,4.085,4.095,3811
2073-04-14,4.1,4.11,4.045,4.058,5854
2073-04-15,4.05,4.075,4.04,4.05,5581
2073-04-16,4.058,4.065,4.015,4.035,6731
2073-04-17,4.04,4.06,4.02,4.028,12445
2073-04-18,4.02,4.05,4.02,4.04,16630
2073-04-19,4.04,4.14,4.04,4.115,16317
2073-04-20,4.14,4.19,4.09,4.097,12700
2073-04-21,4.11,4.195,4.1,4.157,9311
2073-04-22,4.16,4.25,4.145,4.227,11452
2073-04-23,4.24,4.24,4.145,4.153,7493
2073-04-24,4.153,4.21,4.125,4.2,8518
2073-04-25,4.205,4.275,4.195,4.238,9212
2073-04-26,4.23,4.29,4.22,4.268,8208
2073-04-27,4.27,4.275,4.215,4.243,3894
2073-04-28,4.24,4.295,4.23,4.275,5485
2073-04-29,4.36,4.425,4.355,4.42,9227
2073-04-30,4.415,4.455,4.3,4.308,14396
2073-05-01,4.32,4.43,4.305,4.4,10146
2073-05-02,4.4,4.495,4.395,4.472,10146
2073-05-03,4.47,4.555,4.45,4.543,8608
2073-05-04,4.535,4.56,4.46,4.468,8791
2073-05-05,4.465,4.505,4.405,4.498,6430
2073-05-06,4.485,4.635,4.46,4.588,12777
2073-05-07,4.575,4.595,4.53,4.535,9762
2073-05-08,4.535,4.65,4.52,4.608,13014
2073-05-09,4.61,4.675,4.52,4.65,18839
2073-05-10,4.645,4.685,4.575,4.667,11080
2073-05-11,4.66,4.69,4.585,4.64,9903
2073-05-12,4.64,4.735,4.63,4.71,12368
2073-05-13,4.715,4.775,4.68,4.7,13729
2073-05-14,4.69,4.73,4.665,4.698,7817
2073-05-15,4.69,4.69,4.51,4.515,11789
2073-05-16,4.515,4.58,4.46,4.555,9936
2073-05-17,4.555,4.595,4.475,4.562,9009
2073-05-18,4.56,4.56,4.44,4.445,10546
2073-05-19,4.45,4.46,4.33,4.345,14702
2073-05-20,4.35,4.365,4.26,4.288,14272
2073-05-21,4.28,4.315,4.255,4.26,10204
2073-05-22,4.265,4.305,4.245,4.273,8772
2073-05-23,4.275,4.335,4.27,4.305,7070
2073-05-24,4.31,4.315,4.24,4.25,7630
2073-05-25,4.245,4.32,4.225,4.295,11368
2073-05-26,4.305,4.31,4.25,4.293,7705
2073-05-27,4.29,4.295,4.21,4.223,11680
2073-05-28,4.23,4.335,4.23,4.313,13421
2073-05-29,4.3,4.32,4.255,4.295,7212
2073-05-30,4.3,4.41,4.295,4.397,13718
2073-05-31,4.4,4.485,4.36,4.365,13065
2073-06-01,4.37,4.39,4.34,4.345,6482
2073-06-02,4.35,4.49,4.35,4.455,12882
2073-06-03,4.45,4.455,4.36,4.415,6661
2073-06-04,4.415,4.49,4.365,4.485,9327
2073-06-05,4.485,4.52,4.42,4.505,10446
2073-06-06,4.5,4.565,4.475,4.53,15090
2073-06-07,4.535,4.595,4.515,4.538,10330
2073-06-08,4.525,4.555,4.46,4.47,7954
2073-06-09,4.465,4.51,4.37,4.4,10533
2073-06-10,4.505,4.58,4.5,4.523,7333
2073-06-11,4.53,4.545,4.49,4.533,4816
2073-06-12,4.53,4.535,4.5,4.508,3432
2073-06-13,4.51,4.575,4.5,4.54,7562
2073-06-14,4.55,4.605,4.515,4.58,6369
2073-06-15,4.545,4.605,4.535,4.585,5032
2073-06-16,4.595,4.69,4.59,4.68,15363
2073-06-17,4.68,4.705,4.64,4.65,9634
2073-06-18,4.67,4.705,4.645,4.7,6128
2073-06-19,4.69,4.75,4.67,4.747,9197
2073-06-20,4.745,4.75,4.655,4.667,11087
2073-06-21,4.665,4.67,4.6,4.625,9223
2073-06-22,4.625,4.645,4.565,4.58,9344
2073-06-23,4.58,4.605,4.55,4.57,6218
2073-06-24,4.565,4.58,4.53,4.558,8094
2073-06-25,4.555,4.645,4.535,4.628,10974
2073-06-26,4.62,4.63,4.565,4.583,11012
2073-06-27,4.585,4.605,4.56,4.593,4273
2073-06-28,4.595,4.615,4.445,4.45,20446
2073-06-29,4.475,4.48,4.39,4.405,16709
2073-06-30,4.41,4.47,4.405,4.45,8464
2073-07-01,4.46,4.555,4.43,4.498,16385
2073-07-02,4.5,4.52,4.475,4.503,4315
2073-07-03,4.49,4.575,4.49,4.543,14690
2073-07-04,4.545,4.595,4.51,4.57,9750
2073-07-05,4.575,4.605,4.56,4.562,6572
2073-07-06,4.57,4.65,4.55,4.62,10736
2073-07-07,4.62,4.675,4.585,4.652,13379
2073-07-08,4.675,4.68,4.625,4.66,10554
2073-07-09,4.65,4.665,4.525,4.555,14713
2073-07-10,4.56,4.575,4.525,4.55,6459
2073-07-11,4.55,4.57,4.52,4.563,3730
2073-07-12,4.56,4.63,4.555,4.615,6479
2073-07-13,4.61,4.62,4.585,4.612,1848
2073-07-14,4.6,4.65,4.595,4.632,8914
2073-07-15,4.63,4.655,4.56,4.585,10208
2073-07-16,4.585,4.635,4.55,4.627,5227
2073-07-17,4.63,4.685,4.615,4.67,10157
2073-07-18,4.67,4.71,4.59,4.607,11360
2073-07-19,4.61,4.63,4.58,4.607,6157
2073-07-20,4.61,4.645,4.585,4.637,6416
2073-07-21,4.635,4.655,4.62,4.65,4807
2073-07-22,4.65,4.69,4.62,4.665,7404
2073-07-23,4.67,4.79,4.635,4.78,17628
2073-07-24,4.775,4.865,4.755,4.845,26624
2073-07-25,4.835,4.86,4.78,4.84,12213
2073-07-26,4.84,4.92,4.77,4.912,14065
2073-07-27,4.91,4.915,4.86,4.872,6052
2073-07-28,4.825,4.905,4.815,4.882,8238
2073-07-29,4.88,4.98,4.86,4.945,14202
2073-07-30,4.95,4.99,4.9,4.985,8914
2073-07-31,4.99,5.075,4.96,5.042,18883
2073-08-01,5.03,5.1,5.01,5.08,8429
2073-08-02,5.085,5.15,5.085,5.125,8414
2073-08-03,5.12,5.12,4.92,4.945,24031
2073-08-04,4.945,5.015,4.915,4.995,12043
2073-08-05,4.99,5.055,4.955,4.98,10169
2073-08-06,4.975,4.975,4.89,4.912,9209
2073-08-07,4.912,4.925,4.79,4.882,22357
2073-08-08,4.823,4.865,4.815,4.845,8694
2073-08-09,4.855,4.915,4.835,4.842,11630
2073-08-10,4.855,4.88,4.845,4.87,10912
2073-08-11,4.88,4.905,4.825,4.855,10791
2073-08-12,4.86,4.92,4.86,4.867,16028
2073-08-13,4.86,4.865,4.78,4.832,23267
2073-08-14,4.835,4.9,4.83,4.852,26309
2073-08-15,4.88,4.9,4.825,4.898,12444
2073-08-16,4.89,4.905,4.85,4.855,9347
2073-08-17,4.855,4.89,4.815,4.888,7011
2073-08-18,4.888,5.005,4.86,4.95,15889
2073-08-19,4.95,4.96,4.92,4.955,15889
2073-08-20,4.935,4.985,4.915,4.98,6069
2073-08-21,4.985,5.07,4.97,5.058,9742
2073-08-22,5.065,5.1,5.035,5.05,9419
2073-08-23,5.09,5.09,5.07,5.07,12742
2073-08-24,5.09,5.125,5.04,5.065,7238
2073-08-25,5.065,5.155,5.065,5.118,10097
2073-08-26,5.12,5.13,5.01,5.033,13537
2073-08-27,5.03,5.045,4.96,5.005,9998
2073-08-28,5.005,5.02,4.985,5.005,2661
2073-08-29,5.01,5.12,5.01,5.078,9806
2073-08-30,5.09,5.115,5.04,5.045,7017
2073-08-31,5.04,5.045,4.87,4.883,24294
2073-09-01,4.895,4.915,4.81,4.86,18076
2073-09-02,4.865,4.89,4.82,4.855,13573
2073-09-03,4.855,4.86,4.595,4.665,26625
2073-09-04,4.67,4.695,4.62,4.64,10625
2073-09-05,4.645,4.695,4.63,4.658,8487
2073-09-06,4.598,4.69,4.57,4.598,9926
2073-09-07,4.6,4.615,4.54,4.583,10439
2073-09-08,4.61,4.635,4.575,4.593,10381
2073-09-09,4.605,4.675,4.6,4.633,5529
2073-09-10,4.635,4.655,4.6,4.613,4880
2073-09-11,4.66,4.705,4.62,4.675,8401
2073-09-12,4.685,4.695,4.625,4.638,6603
2073-09-13,4.635,4.68,4.615,4.67,5314
2073-09-14,4.68,4.735,4.58,4.593,10540
2073-09-15,4.595,4.625,4.575,4.58,4806
2073-09-16,4.58,4.67,4.45,4.458,17475
2073-09-17,4.46,4.505,4.46,4.483,12720
2073-09-18,4.5,4.52,4.39,4.405,15364
2073-09-19,4.405,4.465,4.405,4.437,7594
2073-09-20,4.44,4.465,4.415,4.42,5588
2073-09-21,4.42,4.49,4.38,4.465,10263
2073-09-22,4.47,4.48,4.38,4.423,9327
2073-09-23,4.42,4.455,4.42,4.438,5520
2073-09-24,4.44,4.525,4.42,4.503,9901
2073-09-25,4.515,4.54,4.485,4.498,5374
2073-09-26,4.525,4.585,4.52,4.557,9041
2073-09-27,4.48,4.52,4.47,4.485,6932
2073-09-28,4.495,4.505,4.455,4.495,3776
2073-09-29,4.505,4.57,4.495,4.545,8802
2073-09-30,4.555,4.58,4.53,4.54,5312
2073-10-01,4.55,4.62,4.545,4.603,6991
2073-10-02,4.603,4.605,4.525,4.578,6786
2073-10-03,4.565,4.6,4.525,4.598,6955
2073-10-04,4.6,4.665,4.585,4.64,11113
2073-10-05,4.625,4.695,4.625,4.66,10522
2073-10-06,4.67,4.69,4.625,4.65,7060
2073-10-07,4.66,4.685,4.6,4.648,5631
2073-10-08,4.635,4.72,4.62,4.67,10553
2073-10-09,4.66,4.68,4.58,4.6,10566
2073-10-10,4.6,4.61,4.5,4.525,14428
2073-10-11,4.515,4.545,4.49,4.505,6833
2073-10-12,4.515,4.585,4.515,4.548,5879
2073-10-13,4.55,4.555,4.48,4.488,8738
2073-10-14,4.485,4.515,4.475,4.485,5655
2073-10-15,4.5,4.525,4.47,4.485,4395
2073-10-16,4.485,4.495,4.445,4.49,6611
2073-10-17,4.5,4.52,4.445,4.45,5231
2073-10-18,4.45,4.465,4.365,4.373,18823
2073-10-19,4.37,4.4,4.32,4.35,11746
2073-10-20,4.345,4.385,4.28,4.285,11636
2073-10-21,4.295,4.345,4.28,4.32,8032
2073-10-22,4.305,4.34,4.285,4.323,6522
2073-10-23,4.315,4.39,4.31,4.37,6635
2073-10-24,4.375,4.38,4.33,4.345,6589
2073-10-25,4.34,4.375,4.335,4.36,3060
2073-10-26,4.36,4.385,4.315,4.352,8027
2073-10-27,4.35,4.44,4.345,4.412,11406
2073-10-28,4.42,4.435,4.39,4.407,5029
2073-10-29,4.405,4.41,4.335,4.362,7230
2073-10-30,4.375,4.425,4.365,4.407,4926
2073-10-31,4.41,4.435,4.4,4.412,3720
2073-11-01,4.425,4.525,4.42,4.51,18909
2073-11-02,4.5,4.54,4.455,4.485,12549
2073-11-03,4.48,4.52,4.465,4.505,9360
2073-11-04,4.5,4.575,4.485,4.49,9108
2073-11-05,4.49,4.505,4.435,4.487,5009
2073-11-06,4.485,4.515,4.485,4.495,4741
2073-11-07,4.495,4.5,4.465,4.483,2739
2073-11-08,4.485,4.57,4.485,4.55,16581
2073-11-09,4.55,4.605,4.52,4.532,13451
2073-11-10,4.57,4.62,4.55,4.6,7614
2073-11-11,4.6,4.63,4.525,4.56,15128
2073-11-12,4.565,4.58,4.535,4.562,5505
2073-11-13,4.57,4.59,4.535,4.575,4842
2073-11-14,4.58,4.59,4.525,4.537,6168
2073-11-15,4.54,4.57,4.54,4.547,6841
2073-11-16,4.55,4.555,4.525,4.535,13879
2073-11-17,4.535,4.55,4.43,4.468,22211
2073-11-18,4.465,4.55,4.46,4.543,12621
2073-11-19,4.535,4.535,4.455,4.473,21430
2073-11-20,4.475,4.49,4.425,4.433,13830
2073-11-21,4.46,4.465,4.43,4.435,16328
2073-11-22,4.455,4.46,4.415,4.442,6303
2073-11-23,4.44,4.56,4.44,4.552,14757
2073-11-24,4.55,4.605,4.54,4.577,10766
2073-11-25,4.57,4.67,4.565,4.64,16514
2073-11-26,4.64,4.69,4.6,4.65,11495
2073-11-27,4.64,4.655,4.555,4.615,10144
2073-11-28,4.61,4.64,4.59,4.623,8236
2073-11-29,4.645,4.68,4.615,4.67,7551
2073-11-30,4.68,4.79,4.66,4.725,12035
2073-12-01,4.72,4.73,4.605,4.632,9215
2073-12-02,4.63,4.68,4.615,4.655,4812
2073-12-03,4.66,4.715,4.645,4.705,5029
2073-12-04,4.705,4.735,4.68,4.723,8886
2073-12-05,4.73,4.755,4.665,4.673,10759
2073-12-06,4.68,4.82,4.65,4.812,14825
2073-12-07,4.79,4.835,4.75,4.823,17461
2073-12-08,4.823,4.92,4.78,4.903,21814
2073-12-09,4.9,4.945,4.89,4.91,11949
2073-12-10,4.925,4.925,4.785,4.815,15721
2073-12-11,4.815,4.885,4.77,4.867,16074
2073-12-12,4.87,4.89,4.815,4.855,10743
2073-12-13,4.855,4.885,4.82,4.873,10532
2073-12-14,4.87,4.87,4.795,4.84,6347
2073-12-15,4.835,4.845,4.735,4.765,14779
2073-12-16,4.76,4.805,4.72,4.78,8843
2073-12-17,4.775,4.85,4.765,4.835,8134
2073-12-18,4.82,4.87,4.82,4.848,10246
2073-12-19,4.845,4.905,4.78,4.785,20436
2073-12-20,4.785,4.95,4.76,4.885,19895
2073-12-21,4.885,4.93,4.78,4.835,15365
2073-12-22,4.835,4.88,4.805,4.875,7423
2073-12-23,4.875,4.895,4.8,4.805,10087
2073-12-24,4.8,4.92,4.78,4.87,16127
2073-12-25,4.875,4.91,4.835,4.86,9221
2073-12-26,4.86,4.88,4.81,4.835,8143
2073-12-27,4.84,4.93,4.835,4.918,13290
2073-12-28,4.915,4.98,4.735,4.768,23723
2073-12-29,4.785,4.815,4.66,4.68,25094
2073-12-30,4.68,4.735,4.63,4.65,15219
2073-12-31,4.66,4.685,4.585,4.6,14386
2074-01-01,4.6,4.615,4.535,4.57,18046
2074-01-02,4.58,4.595,4.495,4.507,15113
2074-01-03,4.515,4.565,4.485,4.533,17603
2074-01-04,4.54,4.565,4.5,4.535,9453
2074-01-05,4.51,4.595,4.5,4.555,9185
2074-01-06,4.555,4.63,4.545,4.625,12223
2074-01-07,4.625,4.68,4.605,4.662,13498
2074-01-08,4.66,4.675,4.61,4.665,10471
2074-01-09,4.665,4.725,4.65,4.715,15051
2074-01-10,4.72,4.735,4.61,4.642,22436
2074-01-11,4.635,4.665,4.61,4.655,14022
2074-01-12,4.67,4.685,4.57,4.575,11810
2074-01-13,4.575,4.66,4.55,4.6,17157
2074-01-14,4.415,4.43,4.34,4.353,9530
2074-01-15,4.36,4.395,4.355,4.368,13080
2074-01-16,4.37,4.43,4.35,4.393,6791
2074-01-17,4.4,4.415,4.38,4.398,13469
2074-01-18,4.4,4.415,4.365,4.393,5633
2074-01-19,4.39,4.46,4.36,4.433,10935
2074-01-20,4.445,4.475,4.43,4.465,9671
2074-01-21,4.465,4.47,4.415,4.437,5020
2074-01-22,4.44,4.445,4.35,4.402,6104
2074-01-23,4.4,4.435,4.365,4.413,8398
2074-01-24,4.415,4.43,4.39,4.415,7194
2074-01-25,4.405,4.435,4.38,4.423,3272
2074-01-26,4.425,4.53,4.41,4.478,4466
2074-01-27,4.48,4.5,4.435,4.483,13677
2074-01-28,4.48,4.495,4.455,4.49,7762
2074-01-29,4.48,4.5,4.45,4.493,5639
2074-01-30,4.485,4.545,4.475,4.538,4887
2074-01-31,4.535,4.545,4.51,4.523,9764
2074-02-01,4.52,4.53,4.45,4.485,5560
2074-02-02,4.475,4.495,4.46,4.47,11239
2074-02-03,4.475,4.55,4.465,4.535,4055
2074-02-04,4.53,4.605,4.53,4.597,9491
2074-02-05,4.59,4.665,4.57,4.625,15125
2074-02-06,4.62,4.66,4.6,4.645,26918
2074-02-07,4.635,4.655,4.62,4.632,14800
2074-02-08,4.625,4.645,4.535,4.58,18402
2074-02-09,4.59,4.6,4.56,4.565,18245
2074-02-10,4.57,4.67,4.565,4.652,13733
2074-02-11,4.66,4.78,4.65,4.775,9587
2074-02-12,4.77,4.825,4.74,4.797,22034
2074-02-13,4.795,4.825,4.77,4.815,18091
2074-02-14,4.825,4.835,4.77,4.8,7538
2074-02-15,4.8,4.815,4.715,4.742,11031
2074-02-16,4.742,4.815,4.73,4.802,9995
2074-02-17,4.805,4.815,4.77,4.8,8983
2074-02-18,4.795,4.91,4.77,4.872,5006
2074-02-19,4.865,4.875,4.82,4.825,14932
2074-02-20,4.83,4.89,4.82,4.872,5847
2074-02-21,4.875,4.89,4.76,4.78,10223
2074-02-22,4.78,4.845,4.77,4.79,13050
2074-02-23,4.795,4.87,4.795,4.82,6934
2074-02-24,4.83,4.865,4.755,4.772,7638
2074-02-25,4.775,4.8,4.7,4.725,11496
2074-02-26,4.725,4.76,4.65,4.662,10893
2074-02-27,4.66,4.69,4.625,4.647,12350
2074-02-28,4.66,4.71,4.62,4.625,7065
2074-03-01,4.625,4.645,4.58,4.64,10103
2074-03-02,4.61,4.64,4.54,4.575,9847
2074-03-03,4.58,4.59,4.51,4.533,14545
2074-03-04,4.54,4.565,4.495,4.508,12466
2074-03-05,4.515,4.53,4.5,4.51,10540
2074-03-06,4.52,4.545,4.48,4.5,9045
2074-03-07,4.495,4.51,4.475,4.5,8210
2074-03-08,4.51,4.59,4.505,4.545,11442
2074-03-09,4.54,4.56,4.485,4.518,14068
2074-03-10,4.52,4.53,4.455,4.47,6834
2074-03-11,4.62,4.64,4.595,4.61,8838
2074-03-12,4.61,4.62,4.53,4.558,9441
2074-03-13,4.555,4.59,4.51,4.57,13298
2074-03-14,4.57,4.581,4.52,4.528,13298
2074-03-15,4.53,4.565,4.505,4.558,5312
2074-03-16,4.56,4.565,4.49,4.515,10757
2074-03-17,4.51,4.58,4.495,4.565,17184
2074-03-18,4.555,4.555,4.5,4.523,17711
2074-03-19,4.535,4.56,4.51,4.518,11812
2074-03-20,4.52,4.57,4.51,4.568,11249
2074-03-21,4.565,4.61,4.555,4.585,5846
2074-03-22,4.58,4.68,4.575,4.645,7140
2074-03-23,4.65,4.705,4.63,4.693,15937
2074-03-24,4.69,4.75,4.67,4.738,9561
2074-03-25,4.73,4.775,4.695,4.745,12164
2074-03-26,4.745,4.835,4.735,4.825,15552
2074-03-27,4.82,4.895,4.795,4.815,14705
2074-03-28,4.815,4.845,4.765,4.805,22154
2074-03-29,4.805,4.825,4.77,4.797,9364
2074-03-30,4.8,4.8,4.65,4.658,6768
2074-03-31,4.66,4.705,4.645,4.663,17552
2074-04-01,4.66,4.705,4.655,4.678,7355
2074-04-02,4.675,4.74,4.63,4.73,5655
2074-04-03,4.72,4.79,4.715,4.75,8949
2074-04-04,4.745,4.805,4.745,4.79,9495
2074-04-05,4.79,5.1,4.79,5.07,7896
2074-04-06,5.055,5.17,5.01,5.11,40270
2074-04-07,5.11,5.11,5.015,5.075,38609
2074-04-08,5.075,5.23,5.045,5.195,16690
2074-04-09,5.17,5.18,5.035,5.165,20419
2074-04-10,5.155,5.16,5.035,5.06,16984
2074-04-11,5.07,5.23,5.045,5.12,15835
2074-04-12,5.125,5.175,5.06,5.097,26648
2074-04-13,5.085,5.11,4.955,5.02,12987
2074-04-14,5.03,5.045,4.91,4.94,14490
2074-04-15,4.94,4.985,4.91,4.97,14786
2074-04-16,4.97,5.09,4.91,5.038,6879
2074-04-17,5.045,5.07,4.96,4.992,15769
2074-04-18,4.99,5.015,4.925,5.0,12845
2074-04-19,5.01,5.02,4.82,4.862,10855
2074-04-20,4.86,5.04,4.85,5.03,28083
2074-04-21,5.025,5.075,4.995,5.035,17747
2074-04-22,5.025,5.045,4.88,4.927,17747
2074-04-23,4.935,4.95,4.885,4.927,9094
2074-04-24,4.93,5.025,4.92,4.995,8157
2074-04-25,5.005,5.03,4.96,5.022,12134
2074-04-26,5.01,5.045,4.92,4.945,14397
2074-04-27,4.935,5.02,4.925,4.997,10980
2074-04-28,4.99,5.015,4.975,4.992,12176
2074-04-29,4.99,5.005,4.94,5.002,18270
2074-04-30,5.005,5.16,4.99,5.131,20481
2074-05-01,5.15,5.165,5.09,5.15,27836
2074-05-02,5.15,5.195,5.12,5.132,13653
2074-05-03,5.135,5.19,4.97,5.01,10461
2074-05-04,5.01,5.09,4.99,5.08,22873
2074-05-05,5.08,5.09,5.02,5.035,10253
2074-05-06,5.02,5.185,5.02,5.15,4265
2074-05-07,5.15,5.155,5.085,5.107,16028
2074-05-08,5.1,5.305,5.1,5.265,5954
2074-05-09,5.205,5.24,5.175,5.23,12977
2074-05-10,5.23,5.305,5.2,5.292,10111
2074-05-11,5.292,5.375,5.195,5.265,11562
2074-05-12,5.27,5.335,5.235,5.292,20594
2074-05-13,5.285,5.37,5.245,5.275,9848
2074-05-14,5.28,5.305,5.18,5.245,9869
2074-05-15,5.245,5.34,5.225,5.31,13626
2074-05-16,5.335,5.395,5.21,5.222,11954
2074-05-17,5.225,5.245,5.135,5.145,24790
2074-05-18,5.155,5.22,5.07,5.075,20274
2074-05-19,5.09,5.19,5.08,5.142,19345
2074-05-20,5.155,5.165,5.075,5.105,15099
2074-05-21,5.11,5.14,5.075,5.1,15921
2074-05-22,5.105,5.14,4.82,4.835,7600
2074-05-23,4.855,4.905,4.745,4.815,47185
2074-05-24,4.815,4.89,4.805,4.88,31544
2074-05-25,4.88,4.92,4.855,4.87,11675
2074-05-26,4.875,4.91,4.77,4.842,7719
2074-05-27,4.845,4.925,4.84,4.91,17522
2074-05-28,4.915,4.985,4.865,4.98,11081
2074-05-29,4.97,4.975,4.885,4.932,12961
2074-05-30,4.93,4.965,4.86,4.947,11176
2074-05-31,4.95,4.975,4.89,4.922,10979
2074-06-01,4.93,4.98,4.89,4.94,5244
2074-06-02,4.94,5.03,4.93,5.005,8478
2074-06-03,5.005,5.09,4.99,5.068,11587
2074-06-04,5.068,5.155,5.055,5.135,16666
2074-06-05,5.135,5.19,5.105,5.172,16849
2074-06-06,5.165,5.22,5.15,5.165,15193
2074-06-07,5.17,5.21,5.11,5.192,15088
2074-06-08,5.19,5.19,5.09,5.097,7501
2074-06-09,5.1,5.19,5.07,5.142,9771
2074-06-10,5.145,5.21,5.115,5.135,15635
2074-06-11,5.14,5.205,5.015,5.065,11386
2074-06-12,5.065,5.09,4.92,4.927,23804
2074-06-13,4.93,5.06,4.93,5.03,19349
2074-06-14,5.045,5.07,4.975,4.985,12142
2074-06-15,5.0,5.01,4.95,4.957,10084
2074-06-16,4.955,5.06,4.935,5.058,8966
2074-06-17,5.055,5.1,5.035,5.09,15179
2074-06-18,5.09,5.1,5.04,5.067,6532
2074-06-19,5.07,5.345,5.065,5.335,6825
2074-06-20,5.32,5.37,5.27,5.295,37233
2074-06-21,5.295,5.43,5.275,5.415,17515
2074-06-22,5.4,5.43,5.14,5.227,18910
2074-06-23,5.23,5.38,5.22,5.367,29589
2074-06-24,5.365,5.415,5.25,5.27,18167
2074-06-25,5.27,5.35,5.235,5.262,16463
2074-06-26,5.265,5.325,5.24,5.295,17390
2074-06-27,5.295,5.305,5.19,5.245,24365
2074-06-28,5.25,5.335,5.19,5.298,32784
2074-06-29,5.315,5.415,5.31,5.382,28810
2074-06-30,6.715,7.03,6.68,6.945,17894
2074-07-01,6.95,7.0,6.7,6.725,20567
2074-07-02,6.72,6.855,6.555,6.752,18542
2074-07-03,6.765,6.87,6.71,6.768,21915
2074-07-04,6.77,7.0,6.75,6.99,11043
2074-07-05,6.985,7.07,6.89,6.99,17475
2074-07-06,7.0,7.2,6.92,7.18,10561
2074-07-07,7.14,7.21,7.125,7.167,8695
2074-07-08,7.17,7.275,7.12,7.26,10209
2074-07-09,7.26,7.48,7.24,7.465,13632
2074-07-10,7.46,7.72,7.4,7.563,21735
2074-07-11,7.565,7.765,7.515,7.628,19995
2074-07-12,7.63,7.72,7.565,7.708,10875
2074-07-13,7.715,7.785,7.575,7.65,10762
2074-07-14,7.6,7.65,7.48,7.602,18863
2074-07-15,7.595,7.81,7.52,7.717,15255
2074-07-16,7.72,7.755,7.605,7.625,14516
2074-07-17,7.62,7.795,7.61,7.775,7829
2074-07-18,7.78,7.95,7.775,7.945,11140
2074-07-19,7.93,8.21,7.905,8.148,17817
2074-07-20,8.15,8.5,7.935,8.155,21492
2074-07-21,8.185,8.345,8.02,8.117,27570
2074-07-22,8.115,8.275,8.105,8.22,16836
2074-07-23,8.22,8.285,8.07,8.19,13290
2074-07-24,8.19,8.265,8.035,8.09,14718
2074-07-25,8.125,8.2,7.82,8.03,14826
2074-07-26,8.035,8.045,7.35,7.45,16249
2074-07-27,7.45,7.46,6.83,7.005,37006
2074-07-28,7.03,7.15,6.85,7.078,42405
2074-07-29,7.095,7.24,7.03,7.145,10324
2074-07-30,7.165,7.3,7.16,7.21,13863
2074-07-31,7.21,7.23,6.895,6.945,10200
2074-08-01,6.94,6.95,6.14,6.17,17891
2074-08-02,6.145,6.265,6.0,6.028,39836
2074-08-03,6.05,6.205,6.05,6.163,31034
2074-08-04,6.18,6.245,6.15,6.173,19753
2074-08-05,6.18,6.3,6.175,6.235,16361
2074-08-06,6.235,6.29,5.825,5.867,25134
2074-08-07,5.88,5.99,5.555,5.838,29651
2074-08-08,5.85,6.15,5.85,6.09,37211
2074-08-09,6.165,6.165,5.86,6.028,18906
2074-08-10,6.04,6.175,6.01,6.048,11611
2074-08-11,6.09,6.17,6.03,6.115,15224
2074-08-12,6.13,6.14,5.77,5.83,9644
2074-08-13,5.82,5.915,5.585,5.6,16140
2074-08-14,5.595,5.775,5.455,5.765,19413
2074-08-15,5.78,5.83,5.5,5.523,12162
2074-08-16,5.56,5.73,5.555,5.565,14543
2074-08-17,5.58,5.65,5.51,5.615,13423
2074-08-18,5.615,5.75,5.56,5.728,11750
2074-08-19,5.735,5.905,5.635,5.675,8934
2074-08-20,5.685,5.775,5.625,5.68,19628
2074-08-21,5.665,5.94,5.66,5.927,8958
2074-08-22,5.93,5.93,5.77,5.78,15399
2074-08-23,5.78,5.96,5.78,5.87,7384
2074-08-24,5.885,6.02,5.785,5.997,10370
2074-08-25,6.01,6.11,5.96,6.085,9897
2074-08-26,6.085,6.17,6.01,6.055,13286
2074-08-27,6.055,6.22,6.055,6.195,10471
2074-08-28,6.2,6.25,6.03,6.11,12424
2074-08-29,6.145,6.2,6.04,6.055,11195
2074-08-30,6.06,6.125,5.8,5.838,14801
2074-08-31,5.81,5.88,5.715,5.735,16933
2074-09-01,5.735,5.835,5.65,5.81,11569
2074-09-02,5.82,5.925,5.81,5.9,9978
2074-09-03,5.895,5.945,5.74,5.77,9566
2074-09-04,5.65,5.77,5.63,5.735,9496
2074-09-05,5.74,5.775,5.635,5.725,10614
2074-09-06,5.73,5.93,5.71,5.925,10196
2074-09-07,5.925,6.045,5.86,5.983,13931
2074-09-08,5.98,6.05,5.74,5.86,12014
2074-09-09,5.875,5.925,5.795,5.867,15708
2074-09-10,5.86,5.935,5.83,5.875,17062
2074-09-11,5.875,6.2,5.86,6.175,12353
2074-09-12,6.169,6.19,6.09,6.127,26302
2074-09-13,6.12,6.195,5.88,5.898,16989
2074-09-14,5.945,5.97,5.815,5.873,19860
2074-09-15,5.865,6.015,5.73,5.795,22251
2074-09-16,5.83,5.975,5.82,5.953,17618
2074-09-17,5.965,6.08,5.835,6.015,10299
2074-09-18,6.01,6.08,5.89,5.98,11353
2074-09-19,5.985,6.16,5.985,6.125,10327
2074-09-20,6.13,6.47,6.105,6.435,10922
2074-09-21,6.415,6.57,6.375,6.475,28647
2074-09-22,6.5,6.585,6.45,6.542,14401
2074-09-23,6.542,6.545,6.28,6.392,9431
2074-09-24,6.4,6.625,6.39,6.612,15205
2074-09-25,6.615,6.695,6.54,6.663,17019
2074-09-26,6.66,6.76,6.6,6.725,14213
2074-09-27,6.705,6.78,6.565,6.6,10331
2074-09-28,6.595,6.655,6.445,6.612,9668
2074-09-29,6.615,6.615,6.34,6.41,13013
2074-09-30,6.415,6.51,6.35,6.428,15773
2074-10-01,6.445,6.445,6.24,6.345,8207
2074-10-02,6.345,6.365,6.165,6.245,13558
2074-10-03,6.245,6.3,6.16,6.247,12540
2074-10-04,6.25,6.385,6.11,6.373,11348
2074-10-05,6.37,6.41,6.235,6.355,16653
2074-10-06,6.365,6.65,6.34,6.56,11059
2074-10-07,6.585,6.705,6.54,6.62,20190
2074-10-08,6.605,6.695,6.48,6.685,9356
2074-10-09,6.69,6.83,6.575,6.737,14059
2074-10-10,6.73,6.765,6.64,6.75,14012
2074-10-11,6.75,6.9,6.68,6.775,10277
2074-10-12,6.755,6.78,6.58,6.737,14170
2074-10-13,6.7,6.825,6.685,6.722,9136
2074-10-14,6.72,6.745,6.46,6.527,8105
2074-10-15,6.52,6.65,6.49,6.557,16658
2074-10-16,6.59,6.665,6.49,6.625,9215
2074-10-17,6.635,6.785,6.635,6.737,9482
2074-10-18,6.737,6.785,6.66,6.73,7989
2074-10-19,6.74,6.88,6.63,6.837,8650
2074-10-20,6.845,6.94,6.805,6.82,13614
2074-10-21,6.82,7.01,6.775,6.87,15993
2074-10-22,6.87,6.87,6.665,6.745,19928
2074-10-23,6.745,6.75,6.54,6.577,15975
2074-10-24,6.575,6.67,6.55,6.613,20785
2074-10-25,6.635,6.7,6.575,6.678,18705
2074-10-26,6.68,6.73,6.57,6.588,13951
2074-10-27,6.63,6.865,6.625,6.747,17198
2074-10-28,6.76,6.83,6.705,6.812,20267
2074-10-29,6.8,6.85,6.74,6.83,10627
2074-10-30,6.81,6.855,6.75,6.81,7266
2074-10-31,6.82,6.83,6.5,6.59,6712
2074-11-01,6.605,6.625,6.205,6.235,16697
2074-11-02,6.235,6.28,6.1,6.212,30338
2074-11-03,6.22,6.28,6.115,6.188,19714
2074-11-04,6.19,6.255,6.15,6.165,14276
2074-11-05,6.175,6.26,6.07,6.215,12708
2074-11-06,6.25,6.31,6.21,6.23,12515
2074-11-07,6.24,6.325,6.17,6.3,11079
2074-11-08,6.295,6.355,6.26,6.318,9805
2074-11-09,6.315,6.325,6.21,6.288,8069
2074-11-10,6.288,6.295,6.225,6.28,6568
2074-11-11,6.28,6.4,6.265,6.373,3709
2074-11-12,6.365,6.405,6.275,6.375,9430
2074-11-13,6.375,6.49,6.365,6.47,8354
2074-11-14,6.47,6.51,6.395,6.425,12714
2074-11-15,6.42,6.57,6.395,6.55,10242
2074-11-16,6.55,6.68,6.535,6.61,13121
2074-11-17,6.61,6.75,6.57,6.695,11026
2074-11-18,6.69,6.98,6.665,6.938,17267
2074-11-19,6.955,7.0,6.88,6.943,29979
2074-11-20,6.935,6.985,6.72,6.765,15870
2074-11-21,6.78,7.135,6.72,7.102,15213
2074-11-22,7.1,7.28,7.085,7.245,23292
2074-11-23,7.245,7.3,7.165,7.217,25870
2074-11-24,7.21,7.34,7.17,7.295,13662
2074-11-25,7.24,7.265,6.96,7.055,6577
2074-11-26,7.07,7.08,6.8,6.9,20639
2074-11-27,6.95,7.11,6.95,7.055,23220
2074-11-28,7.06,7.17,7.03,7.11,14339
2074-11-29,7.1,7.11,6.97,6.987,13307
2074-11-30,6.985,7.21,6.91,7.195,11063
2074-12-01,7.2,7.385,7.15,7.352,13238
2074-12-02,7.34,7.42,7.195,7.31,21816
2074-12-03,7.31,7.37,7.2,7.333,19011
2074-12-04,7.37,7.53,7.35,7.38,11188
2074-12-05,7.367,7.39,7.25,7.34,10998
2074-12-06,7.35,7.445,7.17,7.202,12427
2074-12-07,7.2,7.25,7.06,7.192,18231
2074-12-08,7.18,7.33,7.12,7.305,16411
2074-12-09,7.34,7.38,7.235,7.33,14016
2074-12-10,7.31,7.33,6.92,7.02,10618
2074-12-11,7.025,7.19,6.985,7.158,22638
2074-12-12,7.15,7.49,7.15,7.383,12985
2074-12-13,7.375,7.52,7.28,7.505,25836
2074-12-14,7.52,7.58,7.42,7.487,22888
2074-12-15,7.495,7.585,7.435,7.535,12143
2074-12-16,7.52,7.555,7.36,7.42,12491
2074-12-17,7.405,7.49,7.405,7.477,19197
2074-12-18,7.49,7.67,7.435,7.622,5714
2074-12-19,7.62,7.66,7.495,7.572,13787
2074-12-20,7.555,7.63,7.48,7.592,11215
2074-12-21,7.58,7.68,7.55,7.665,15847
2074-12-22,7.66,7.75,7.51,7.552,14957
2074-12-23,7.56,7.65,7.5,7.6,20760
2074-12-24,7.6,7.66,7.565,7.572,19944
2074-12-25,7.57,7.615,7.505,7.555,22669
2074-12-26,7.58,7.63,7.54,7.613,44161
2074-12-27,7.69,7.855,7.66,7.825,16371
2074-12-28,7.82,7.87,7.71,7.777,33716
2074-12-29,7.77,8.13,7.765,8.08,14021
2074-12-30,8.09,8.235,7.915,7.96,24614
2074-12-31,7.96,8.09,7.84,8.043,27586
2075-01-01,8.08,8.08,7.935,7.963,16471
2075-01-02,7.965,7.98,7.86,7.885,10002
2075-01-03,7.89,7.89,7.03,7.145,9668
2075-01-04,7.16,7.22,6.62,6.8,47336
2075-01-05,6.8,6.865,6.64,6.743,37254
2075-01-06,6.74,6.93,6.74,6.83,21247
2075-01-07,6.86,6.9,6.68,6.755,16907
2075-01-08,6.76,6.955,6.735,6.88,12537
2075-01-09,6.91,6.97,6.7,6.727,12537
2075-01-10,6.72,6.82,6.665,6.803,18477
2075-01-11,6.815,6.955,6.815,6.865,12668
2075-01-12,6.87,6.935,6.83,6.927,11941
2075-01-13,6.925,6.965,6.82,6.835,10392
2075-01-14,6.85,6.975,6.835,6.915,8752
2075-01-15,6.945,7.09,6.935,7.005,7646
2075-01-16,7.01,7.075,6.96,7.058,7799
2075-01-17,7.05,7.06,6.8,6.827,8046
2075-01-18,6.835,6.885,6.8,6.837,13225
2075-01-19,6.84,6.84,6.49,6.507,6132
2075-01-20,6.52,6.545,6.35,6.452,19991
2075-01-21,6.46,6.59,6.41,6.535,17663
2075-01-22,6.54,6.565,6.41,6.455,13661
2075-01-23,6.46,6.595,6.39,6.448,11649
2075-01-24,6.45,6.5,6.42,6.45,14731
2075-01-25,6.46,6.67,6.45,6.638,15321
2075-01-26,6.65,6.75,6.6,6.743,15636
2075-01-27,6.73,6.775,6.68,6.745,11199
2075-01-28,6.75,6.775,6.58,6.595,9538
2075-01-29,6.595,6.68,6.565,6.655,10999
2075-01-30,6.65,6.745,6.605,6.625,6862
2075-01-31,6.62,6.64,6.47,6.558,9257
2075-02-01,6.565,6.83,6.55,6.812,11443
2075-02-02,6.805,6.89,6.79,6.86,18683
2075-02-03,6.855,6.87,6.68,6.685,11313
2075-02-04,6.7,6.85,6.695,6.805,13788
2075-02-05,6.805,6.835,6.725,6.82,13012
2075-02-06,6.82,6.88,6.75,6.795,10336
2075-02-07,6.785,6.79,6.62,6.747,11423
2075-02-08,6.755,6.78,6.68,6.73,15136
2075-02-09,6.735,6.82,6.72,6.75,8882
2075-02-10,6.75,6.78,6.59,6.677,10309
2075-02-11,6.675,6.71,6.605,6.635,12199
2075-02-12,6.63,6.7,6.54,6.555,7565
2075-02-13,6.56,6.6,6.49,6.557,12409
2075-02-14,6.555,6.61,6.495,6.59,14302
2075-02-15,6.6,6.98,6.57,6.965,12628
2075-02-16,6.96,7.24,6.945,7.21,32050
2075-02-17,7.195,7.35,7.195,7.34,31652
2075-02-18,7.34,7.405,7.21,7.36,20569
2075-02-19,7.335,7.36,7.115,7.255,25507
2075-02-20,7.27,7.43,7.175,7.37,22660
2075-02-21,7.35,7.455,7.32,7.417,18627
2075-02-22,7.39,7.57,7.365,7.52,13424
2075-02-23,7.53,7.56,7.275,7.443,22798
2075-02-24,7.43,7.495,7.285,7.383,29180
2075-02-25,7.42,7.42,7.23,7.337,25059
2075-02-26,7.325,7.495,7.29,7.395,16876
2075-02-27,7.39,7.39,7.21,7.265,14041
2075-02-28,7.27,7.38,7.1,7.343,15122
2075-03-01,7.335,7.38,7.24,7.265,13153
2075-03-02,7.26,7.435,7.19,7.385,17192
2075-03-03,7.39,7.465,7.34,7.395,7750
2075-03-04,7.4,7.61,7.395,7.538,15706
2075-03-05,7.54,7.68,7.46,7.64,15382
2075-03-06,7.645,7.67,7.495,7.527,14527
2075-03-07,7.54,7.62,7.43,7.57,22602
2075-03-08,7.555,7.565,7.375,7.41,15889
2075-03-09,7.41,7.53,7.3,7.407,15760
2075-03-10,7.4,7.485,7.39,7.452,11974
2075-03-11,7.452,7.495,7.34,7.407,13469
2075-03-12,7.42,7.42,7.285,7.397,13579
2075-03-13,7.4,7.405,7.065,7.112,22391
2075-03-14,7.12,7.165,7.05,7.078,11498
2075-03-15,7.085,7.1,6.91,6.985,18824
2075-03-16,6.975,7.02,6.915,6.938,13211
2075-03-17,6.94,6.965,6.83,6.91,16257
2075-03-18,6.915,7.02,6.9,6.982,9292
2075-03-19,6.985,7.17,6.97,7.147,16738
2075-03-20,7.145,7.225,7.11,7.18,14257
2075-03-21,7.185,7.19,6.955,7.0,18145
2075-03-22,7.0,7.045,6.92,7.024,9507
2075-03-23,7.035,7.095,6.96,7.043,8571
2075-03-24,7.04,7.155,7.03,7.12,11009
2075-03-25,7.12,7.175,7.06,7.075,9239
2075-03-26,7.07,7.17,7.015,7.165,11805
2075-03-27,7.165,7.3,7.135,7.255,14608
2075-03-28,7.255,7.31,7.1,7.155,12994
2075-03-29,7.15,7.27,7.07,7.225,17064
2075-03-30,7.22,7.23,7.01,7.06,16290
2075-03-31,7.04,7.095,6.98,7.022,12329
2075-04-01,7.025,7.09,6.95,7.045,10849
2075-04-02,7.045,7.265,7.01,7.25,20576
2075-04-03,7.23,7.36,7.2,7.337,17951
2075-04-04,7.335,7.345,7.19,7.217,19875
2075-04-05,7.215,7.335,7.21,7.275,11455
2075-04-06,7.275,7.3,7.205,7.26,12136
2075-04-07,7.25,7.32,7.21,7.255,29634
2075-04-08,7.25,7.26,7.085,7.135,23717
2075-04-09,7.19,7.195,6.91,6.948,37673
2075-04-10,6.965,7.06,6.9,6.94,30152
2075-04-11,6.94,6.995,6.81,6.875,21304
2075-04-12,6.875,6.915,6.82,6.883,12694
2075-04-13,6.88,7.05,6.865,7.013,17056
2075-04-14,7.03,7.1,6.985,7.063,19884
2075-04-15,7.06,7.09,6.9,6.965,19042
2075-04-16,6.96,7.12,6.94,7.08,15507
2075-04-17,7.08,7.175,7.04,7.115,13712
2075-04-18,7.115,7.135,7.005,7.095,14126
2075-04-19,7.085,7.09,6.93,6.965,14262
2075-04-20,6.965,6.98,6.88,6.94,9273
2075-04-21,6.94,6.99,6.895,6.958,9485
2075-04-22,6.965,7.085,6.95,7.045,13678
2075-04-23,7.04,7.235,7.03,7.205,23174
2075-04-24,7.205,7.245,7.11,7.14,11730
2075-04-25,7.135,7.16,6.945,6.955,20492
2075-04-26,6.97,7.035,6.95,6.97,8222
2075-04-27,6.97,7.115,6.96,7.003,11012
2075-04-28,7.01,7.155,7.0,7.138,18518
2075-04-29,7.14,7.24,7.045,7.162,19437
2075-04-30,7.165,7.315,7.12,7.31,26597
2075-05-01,7.31,7.5,7.14,7.452,42252
2075-05-02,7.425,7.61,7.39,7.52,38286
2075-05-03,7.5,7.63,7.47,7.545,20364
2075-05-04,7.545,7.615,7.49,7.51,17456
2075-05-05,7.5,7.62,7.465,7.54,15884
2075-05-06,7.54,7.565,7.42,7.445,17111
2075-05-07,7.455,7.53,7.41,7.475,12585
2075-05-08,7.46,7.46,7.21,7.27,36870
2075-05-09,7.27,7.31,7.155,7.288,7701
2075-05-10,7.28,7.33,7.195,7.265,7988
2075-05-11,7.27,7.315,7.24,7.28,11761
2075-05-12,7.28,7.4,7.27,7.33,13546
2075-05-13,7.33,7.445,7.32,7.37,16443
2075-05-14,7.37,7.44,7.32,7.335,19195
2075-05-15,7.33,7.48,7.265,7.302,19527
2075-05-16,7.3,7.31,7.17,7.292,23633
2075-05-17,7.295,7.32,7.195,7.258,11203
2075-05-18,7.26,7.32,7.19,7.273,26491
2075-05-19,7.275,7.34,7.23,7.28,21018
2075-05-20,7.28,7.3,7.215,7.242,20660
2075-05-21,7.23,7.24,7.09,7.096,26755
2075-05-22,7.135,7.15,7.06,7.105,31136
2075-05-23,7.115,7.2,7.035,7.075,24356
2075-05-24,7.075,7.104,6.85,6.895,35971
2075-05-25,6.945,6.96,6.86,6.87,17229
2075-05-26,6.895,6.995,6.89,6.955,12983
2075-05-27,6.97,7.09,6.96,6.985,14393
2075-05-28,7.0,7.07,6.94,7.03,12963
2075-05-29,7.02,7.13,7.02,7.105,8917
2075-05-30,7.105,7.18,7.04,7.085,9413
2075-05-31,7.08,7.125,7.05,7.07,9633
2075-06-01,7.06,7.12,6.955,6.995,19266
2075-06-02,6.995,7.055,6.965,6.99,10351
2075-06-03,6.99,7.055,6.985,7.005,7364
2075-06-04,7.005,7.05,6.95,6.985,11116
2075-06-05,6.985,7.11,6.975,7.068,15152
2075-06-06,7.075,7.215,7.075,7.135,18850
2075-06-07,7.14,7.185,7.09,7.115,9649
2075-06-08,7.11,7.155,7.095,7.14,7119
2075-06-09,7.14,7.145,7.01,7.018,15684
2075-06-10,7.02,7.075,6.965,7.04,13129
2075-06-11,7.055,7.23,7.05,7.2,19586
2075-06-12,7.19,7.27,7.15,7.262,23774
2075-06-13,7.255,7.33,7.23,7.305,16252
2075-06-14,7.3,7.32,7.245,7.262,17587
2075-06-15,7.27,7.33,7.235,7.307,11795
2075-06-16,7.295,7.315,7.18,7.252,16848
2075-06-17,7.25,7.265,7.14,7.158,16890
2075-06-18,7.15,7.175,6.98,7.015,19531
2075-06-19,7.02,7.05,6.96,7.035,16277
2075-06-20,7.035,7.105,7.035,7.078,10862
2075-06-21,7.085,7.22,7.085,7.183,23530
2075-06-22,7.19,7.255,7.065,7.09,15845
2075-06-23,7.1,7.125,6.925,6.965,23832
2075-06-24,6.97,7.055,6.95,7.043,10203
2075-06-25,7.04,7.055,6.95,6.993,12589
2075-06-26,6.995,7.035,6.955,6.998,10963
2075-06-27,7.005,7.03,6.955,7.008,10489
2075-06-28,7.005,7.1,6.975,7.06,15270
2075-06-29,7.06,7.095,6.945,6.968,21110
2075-06-30,6.975,7.02,6.88,6.922,30082
2075-07-01,6.93,6.965,6.79,6.832,27629
2075-07-02,6.835,6.865,6.72,6.742,21726
2075-07-03,6.74,6.81,6.725,6.73,19598
2075-07-04,6.8,6.825,6.705,6.765,32960
2075-07-05,6.78,6.865,6.76,6.855,15717
2075-07-06,6.855,7.07,6.855,7.038,32726
2075-07-07,7.04,7.125,7.005,7.075,15211
2075-07-08,7.075,7.14,7.02,7.098,13777
2075-07-09,7.1,7.155,7.075,7.118,10610
2075-07-10,7.11,7.17,7.01,7.028,18056
2075-07-11,7.025,7.095,7.0,7.065,8560
2075-07-12,7.075,7.14,7.01,7.06,9537
2075-07-13,7.055,7.085,6.91,7.005,14529
2075-07-14,7.01,7.07,6.995,7.045,8870
2075-07-15,7.045,7.14,6.985,7.078,25517
2075-07-16,7.08,7.32,7.07,7.288,42853
2075-07-17,7.27,7.5,7.25,7.398,40409
2075-07-18,7.4,7.465,7.33,7.375,23508
2075-07-19,7.375,7.45,7.32,7.415,17027
2075-07-20,7.4,7.525,7.355,7.415,23599
2075-07-21,7.41,7.425,7.28,7.335,16536
2075-07-22,7.34,7.415,7.235,7.365,20535
2075-07-23,7.375,7.4,7.24,7.328,16471
2075-07-24,7.325,7.435,7.295,7.403,16843
2075-07-25,7.41,7.57,7.39,7.555,29391
2075-07-26,7.55,7.645,7.49,7.512,26707
2075-07-27,7.5,7.51,7.4,7.455,16761
2075-07-28,7.455,7.51,7.39,7.425,14476
2075-07-29,7.42,7.485,7.36,7.478,15977
2075-07-30,7.475,7.63,7.42,7.595,22420
2075-07-31,7.6,7.785,7.58,7.77,25910
2075-08-01,7.84,7.955,7.78,7.875,20455
2075-08-02,7.87,7.925,7.8,7.838,20280
2075-08-03,7.83,7.83,7.695,7.735,22014
2075-08-04,7.74,7.89,7.64,7.862,21829
2075-08-05,7.85,7.925,7.835,7.875,16719
2075-08-06,7.85,7.89,7.785,7.835,13742
2075-08-07,7.83,7.835,7.61,7.64,22741
2075-08-08,7.65,7.705,7.53,7.655,19301
2075-08-09,7.655,7.7,7.57,7.695,16088
2075-08-10,7.7,7.76,7.64,7.708,12005
2075-08-11,7.695,7.87,7.685,7.825,16404
2075-08-12,7.825,7.925,7.82,7.863,15047
2075-08-13,7.86,7.945,7.805,7.84,14300
2075-08-14,7.86,7.885,7.72,7.82,18849
2075-08-15,7.825,7.845,7.575,7.58,26460
2075-08-16,7.59,7.62,7.41,7.47,27989
2075-08-17,7.49,7.58,7.43,7.56,12618
2075-08-18,7.55,7.63,7.515,7.623,13572
2075-08-19,7.62,7.7,7.475,7.573,22631
2075-08-20,7.57,7.61,7.45,7.605,17920
2075-08-21,7.61,7.68,7.54,7.625,19922
2075-08-22,7.625,7.74,7.625,7.678,21143
2075-08-23,7.68,7.79,7.67,7.705,16702
2075-08-24,7.715,7.79,7.685,7.76,15016
2075-08-25,7.77,7.86,7.76,7.782,16434
2075-08-26,7.775,7.84,7.7,7.787,20805
2075-08-27,7.79,8.025,7.765,8.002,37547
2075-08-28,8.01,8.14,8.0,8.102,29413
2075-08-29,8.11,8.18,8.035,8.067,20450
2075-08-30,8.065,8.17,8.035,8.133,30539
2075-08-31,8.14,8.225,8.08,8.17,38126
2075-09-01,8.175,8.21,8.035,8.13,26385
2075-09-02,8.15,8.375,8.11,8.353,23826
2075-09-03,8.46,8.475,8.335,8.405,28692
2075-09-04,8.395,8.41,8.275,8.385,17372
2075-09-05,8.38,8.62,8.29,8.602,25305
2075-09-06,8.61,8.72,8.545,8.647,16351
2075-09-07,8.65,8.745,8.63,8.735,13883
2075-09-08,8.73,8.85,8.6,8.792,19598
2075-09-09,8.795,8.985,8.775,8.877,21869
2075-09-10,8.875,9.0,8.785,8.99,17695
2075-09-11,9.0,9.14,8.985,9.095,19273
2075-09-12,9.09,9.345,8.73,8.882,34517
2075-09-13,8.91,8.95,8.515,8.585,34012
2075-09-14,8.595,8.64,8.42,8.465,23880
2075-09-15,8.465,8.72,8.38,8.635,20733
2075-09-16,8.63,8.725,8.52,8.6,15186
2075-09-17,8.625,8.75,8.535,8.645,10898
2075-09-18,8.645,8.71,8.35,8.395,18858
2075-09-19,8.385,8.45,8.29,8.435,2592
2075-09-20,8.43,8.6,8.43,8.578,10008
2075-09-21,8.555,8.695,8.555,8.645,8311
2075-09-22,8.65,8.82,8.64,8.812,9628
2075-09-23,8.815,9.015,8.785,8.935,16192
2075-09-24,8.925,9.03,8.74,8.882,14387
2075-09-25,8.885,8.99,8.83,8.89,8851
2075-09-26,8.895,9.18,8.895,9.16,19910
2075-09-27,9.165,9.305,9.01,9.17,24137
2075-09-28,9.19,9.215,8.76,8.872,27618
2075-09-29,8.865,9.19,8.785,9.173,22590
2075-09-30,9.17,9.295,9.015,9.283,21222
2075-10-01,9.29,9.305,8.915,9.015,23025
2075-10-02,9.03,9.115,8.855,9.065,214416
2075-10-03,9.085,9.11,8.93,9.06,13997
2075-10-04,9.065,9.27,8.97,9.165,15661
2075-10-05,9.16,9.355,9.035,9.073,17756
2075-10-06,9.065,9.125,8.79,8.873,23723
2075-10-07,8.84,9.12,8.8,9.108,17154
2075-10-08,9.11,9.275,8.85,8.93,31963
2075-10-09,8.935,9.08,8.855,9.073,19131
2075-10-10,9.07,9.26,8.945,9.228,29554
2075-10-11,9.24,9.54,9.21,9.51,28547
2075-10-12,9.51,9.665,9.43,9.605,27839
2075-10-13,9.605,9.8,9.55,9.605,27200
2075-10-14,9.595,9.81,9.575,9.775,16791
2075-10-15,9.795,9.95,9.78,9.885,22272
2075-10-16,9.875,9.88,9.68,9.795,25512
2075-10-17,9.795,9.945,9.73,9.877,20656
2075-10-18,9.86,9.92,9.695,9.76,19604
2075-10-19,9.745,9.89,9.72,9.758,13478
2075-10-20,9.755,9.8,9.365,9.41,31783
2075-10-21,9.4,9.5,9.275,9.44,23811
2075-10-22,9.44,9.67,9.425,9.66,18369
2075-10-23,9.65,9.715,9.28,9.38,28660
2075-10-24,9.38,9.47,9.085,9.118,26376
2075-10-25,9.1,9.34,9.055,9.315,20453
2075-10-26,9.325,9.405,9.07,9.215,25136
2075-10-27,9.195,9.38,9.1,9.37,22752
2075-10-28,9.36,9.505,9.32,9.42,25297
2075-10-29,9.4,9.575,9.4,9.545,19524
2075-10-30,9.555,9.635,9.425,9.575,30013
2075-10-31,9.575,9.61,9.45,9.467,220
2075-11-01,9.49,9.75,9.46,9.733,29220
2075-11-02,9.765,9.83,9.61,9.695,25393
2075-11-03,9.695,9.845,9.65,9.805,16136
2075-11-04,9.8,9.88,9.745,9.79,17660
2075-11-05,9.78,10.225,9.76,10.208,29882
2075-11-06,10.195,10.33,10.12,10.235,19758
2075-11-07,10.22,10.295,9.92,10.025,23169
2075-11-08,10.035,10.12,9.97,10.107,19848
2075-11-09,10.09,10.12,9.67,9.845,28176
2075-11-10,9.825,10.09,9.765,9.97,22064
2075-11-11,9.97,10.0,9.75,9.96,17351
2075-11-12,9.945,10.17,9.925,10.157,11399
2075-11-13,10.16,10.26,10.075,10.245,12489
2075-11-14,10.245,10.395,10.215,10.35,19109
2075-11-15,10.35,10.385,10.13,10.342,21386
2075-11-16,10.35,10.46,10.3,10.365,14445
2075-11-17,10.375,10.435,10.26,10.362,11636
2075-11-18,10.35,10.58,10.155,10.565,32305
2075-11-19,10.54,10.6,10.475,10.495,15631
2075-11-20,10.51,10.7,10.41,10.69,22925
2075-11-21,10.685,10.77,10.645,10.735,16983
2075-11-22,10.745,10.94,10.72,10.895,20324
2075-11-23,10.88,10.94,10.79,10.87,17807
2075-11-24,10.86,11.13,10.745,11.115,21971
2075-11-25,11.1,11.715,11.1,11.66,41958
2075-11-26,11.67,11.94,11.375,11.52,34938
2075-11-27,11.49,11.815,11.47,11.765,22667
2075-11-28,11.76,11.81,11.645,11.73,15781
2075-11-29,11.71,11.79,11.555,11.705,20478
2075-11-30,11.7,12.08,11.69,12.045,23792
2075-12-01,12.045,12.195,11.94,12.07,26901
2075-12-02,12.05,12.61,12.05,12.56,26084
2075-12-03,12.58,13.01,12.48,12.6,38211
2075-12-04,12.6,12.79,12.43,12.663,25337
2075-12-05,12.67,12.9,12.51,12.855,19361
2075-12-06,12.88,13.38,12.845,13.365,27139
2075-12-07,13.365,13.82,13.33,13.785,33905
2075-12-08,13.815,14.575,13.81,14.522,7651
2075-12-09,14.555,14.69,12.2,12.525,58457
2075-12-10,12.395,13.03,11.6,12.965,42177
2075-12-11,13.03,13.32,11.7,11.775,30601
2075-12-12,11.795,12.65,11.69,12.56,28157
2075-12-13,12.55,12.9,12.35,12.815,29501
2075-12-14,12.98,13.25,12.315,12.59,30983
2075-12-15,12.6,14.0,12.54,13.63,34365
2075-12-16,13.69,14.13,13.55,13.965,18704
2075-12-17,13.97,14.26,13.745,14.21,25358
2075-12-18,14.195,14.52,13.2,13.795,28980
2075-12-19,13.79,14.23,13.485,13.825,22238
2075-12-20,13.82,14.14,13.67,13.89,13242
2075-12-21,13.895,14.11,13.44,13.77,19969
2075-12-22,13.79,14.53,13.655,14.465,26034
2075-12-23,14.46,14.58,14.0,14.28,18988
2075-12-24,14.285,15.2,14.15,14.935,31413
2075-12-25,14.91,15.025,14.1,14.235,24638
2075-12-26,14.25,14.46,13.05,13.335,20367
2075-12-27,13.28,13.57,12.82,13.54,18004
2075-12-28,13.565,13.98,12.82,13.24,22881
2075-12-29,13.17,13.28,12.5,12.52,19899
2075-12-30,12.525,12.79,12.08,12.36,23134
2075-12-31,12.415,12.57,11.88,12.43,14669
2076-01-01,12.43,13.195,12.205,13.17,20603
2076-01-02,13.17,13.18,12.42,12.515,17331
2076-01-03,12.48,12.77,12.34,12.6,14620
2076-01-04,12.615,12.74,12.42,12.73,11182
2076-01-05,12.715,13.36,12.66,13.07,17201
2076-01-06,13.03,13.125,12.28,12.455,20852
2076-01-07,12.48,12.58,11.55,11.905,22286
2076-01-08,11.93,12.26,11.75,12.085,12098
2076-01-09,12.09,12.39,12.05,12.295,8417
2076-01-10,12.295,12.295,11.58,11.845,16209
2076-01-11,11.845,11.93,11.35,11.89,19810
2076-01-12,11.9,11.97,11.05,11.075,22416
2076-01-13,11.105,11.51,11.06,11.21,15269
2076-01-14,11.225,11.285,10.96,11.065,15808
2076-01-15,11.045,11.085,9.6,9.625,35529
2076-01-16,9.63,10.06,9.45,9.735,19333
2076-01-17,9.65,10.24,9.5,9.97,19036
2076-01-18,9.96,10.37,9.77,10.13,13562
2076-01-19,10.15,10.27,9.82,9.97,7134
2076-01-20,9.95,10.28,9.785,10.27,12296
2076-01-21,10.25,10.48,10.12,10.42,14836
2076-01-22,10.445,10.655,10.16,10.21,13188
2076-01-23,10.205,10.32,9.96,10.285,13339
2076-01-24,10.28,10.37,10.02,10.24,15657
2076-01-25,10.18,10.62,10.18,10.195,24442
2076-01-26,10.21,10.32,10.05,10.155,22300
2076-01-27,10.24,10.6,10.215,10.42,18095
2076-01-28,10.4,11.13,10.4,10.92,15149
2076-01-29,10.99,11.09,10.92,10.92,21349
2076-01-30,11.29,11.46,11.2,11.415,11652
2076-01-31,11.4,11.64,11.26,11.585,8059
2076-02-01,11.58,11.62,11.33,11.405,9602
2076-02-02,11.4,11.41,10.93,11.11,10566
2076-02-03,11.08,11.6,11.03,11.55,11113
2076-02-04,11.535,11.82,11.35,11.555,16678
2076-02-05,11.545,11.745,11.37,11.485,10905
2076-02-06,11.53,11.76,11.5,11.53,10740
2076-02-07,11.56,11.775,11.05,11.09,14262
2076-02-08,11.07,11.22,10.48,10.525,15983
2076-02-09,10.53,11.19,10.465,11.125,16316
2076-02-10,11.13,11.35,11.0,11.065,11739
2076-02-11,11.05,11.31,10.76,10.845,14085
2076-02-12,10.835,10.96,10.68,10.92,10931
2076-02-13,10.89,11.08,10.8,10.945,8851
2076-02-14,10.955,11.11,10.87,11.08,8683
2076-02-15,11.08,11.52,11.08,11.39,14095
2076-02-16,11.39,11.455,11.32,11.365,5966
2076-02-17,11.37,11.58,11.25,11.37,12656
2076-02-18,11.4,11.81,11.33,11.74,13324
2076-02-19,11.75,12.29,11.75,12.245,21213
2076-02-20,12.24,12.27,12.01,12.09,12729
2076-02-21,12.085,12.65,12.06,12.485,13561
2076-02-22,12.43,12.54,12.18,12.265,10568
2076-02-23,12.26,12.39,12.11,12.26,12479
2076-02-24,12.26,12.665,11.985,12.57,15696
2076-02-25,12.56,12.7,12.07,12.105,15208
2076-02-26,12.11,12.39,11.77,11.885,14629
2076-02-27,11.92,12.24,11.75,12.16,9231
2076-02-28,12.16,12.16,11.85,12.085,8236
2076-02-29,12.08,12.44,12.07,12.285,10873
2076-03-01,12.29,12.42,11.98,11.995,12578
2076-03-02,11.98,12.14,11.86,12.03,10305
2076-03-03,12.03,12.45,12.03,12.345,11545
2076-03-04,12.35,12.435,12.03,12.265,10606
2076-03-05,12.265,12.68,12.2,12.515,17142
2076-03-06,12.495,12.605,12.28,12.31,15993
2076-03-07,12.33,12.445,12.2,12.37,13648
2076-03-08,12.38,12.465,11.96,12.025,16550
2076-03-09,12.03,12.2,11.85,12.15,18431
2076-03-10,12.32,12.68,12.32,12.67,22439
2076-03-11,12.67,13.08,12.62,13.03,16094
2076-03-12,13.02,13.1,12.825,13.07,9388
2076-03-13,13.09,13.37,13.035,13.14,13917
2076-03-14,13.145,13.35,13.05,13.2,13069
2076-03-15,13.2,13.25,12.51,12.695,16842
2076-03-16,12.72,12.8,12.09,12.295,14084
2076-03-17,12.29,12.32,11.2,11.24,24314
2076-03-18,11.28,11.52,11.11,11.14,13660
2076-03-19,11.155,11.42,10.99,11.2,14211
2076-03-20,11.23,11.515,10.88,10.95,16839
2076-03-21,10.94,11.05,10.55,10.875,14686
2076-03-22,10.88,11.32,10.85,11.29,11571
2076-03-23,11.3,11.32,10.91,10.945,11743
2076-03-24,10.945,11.255,10.815,11.14,9840
2076-03-25,11.135,11.29,10.92,11.245,8656
2076-03-26,11.26,11.49,11.165,11.31,9141
2076-03-27,11.305,11.37,11.13,11.325,7794
2076-03-28,11.32,11.58,11.18,11.495,12684
2076-03-29,11.48,11.82,11.44,11.7,9573
2076-03-30,11.73,11.86,11.615,11.735,8517
2076-03-31,11.71,11.75,11.32,11.54,9140
2076-04-01,11.55,11.835,11.52,11.64,8369
2076-04-02,11.64,11.65,11.01,11.045,10747
2076-04-03,10.98,11.06,10.65,10.795,14153
2076-04-04,10.825,11.22,10.73,11.07,8046
2076-04-05,11.09,11.21,10.87,11.175,7217
2076-04-06,11.175,11.55,11.16,11.42,6259
2076-04-07,11.405,11.495,11.15,11.22,7905
2076-04-08,11.24,11.54,11.13,11.33,9548
2076-04-09,11.32,11.455,11.2,11.38,6265
2076-04-10,11.39,11.725,11.33,11.68,8555
2076-04-11,11.69,11.95,11.65,11.91,10712
2076-04-12,11.905,11.98,11.63,11.78,12156
2076-04-13,11.78,11.98,11.74,11.82,8860
2076-04-14,11.83,12.17,11.66,12.16,13420
2076-04-15,12.155,12.17,11.89,11.965,7137
2076-04-16,11.975,11.98,11.65,11.67,8191
2076-04-17,11.675,11.895,11.35,11.85,14293
2076-04-18,11.835,11.995,11.735,11.89,7508
2076-04-19,11.895,12.28,11.885,12.24,17183
2076-04-20,12.23,12.24,12.04,12.08,6780
2076-04-21,12.095,12.295,12.07,12.25,8334
2076-04-22,12.22,12.31,11.98,12.27,14637
2076-04-23,12.285,12.59,12.285,12.475,14358
2076-04-24,12.515,12.67,12.385,12.65,10636
2076-04-25,12.655,12.73,12.36,12.635,9479
2076-04-26,12.65,12.8,12.52,12.76,10171
2076-04-27,12.695,12.77,12.58,12.675,12245
2076-04-28,12.67,12.74,12.52,12.55,12037
2076-04-29,12.51,13.09,12.44,13.05,13692
2076-04-30,13.065,13.22,12.88,13.115,14337
2076-05-01,13.07,13.155,12.715,12.885,12709
2076-05-02,12.9,13.05,12.75,12.89,12727
2076-05-03,12.88,12.97,12.5,12.945,14112
2076-05-04,12.94,13.17,12.885,12.945,13419
2076-05-05,12.9,12.925,12.6,12.8,13402
2076-05-06,12.82,13.0,12.73,12.74,10637
2076-05-07,12.76,13.1,12.73,13.085,18970
2076-05-08,13.09,13.25,13.0,13.04,1087
2076-05-09,13.07,13.495,13.04,13.04,15472
2076-05-10,13.45,13.585,13.435,13.49,26307
2076-05-11,13.505,13.66,13.42,13.62,19892
2076-05-12,13.79,14.0,13.73,13.76,19351
2076-05-13,13.76,14.19,13.725,14.115,12348
2076-05-14,14.1,14.25,14.03,14.19,8356
2076-05-15,14.195,14.29,14.13,14.245,10099
2076-05-16,14.275,14.37,14.0,14.025,15140
2076-05-17,13.96,14.01,13.75,13.795,15609
2076-05-18,13.75,14.07,13.61,14.035,15519
2076-05-19,14.055,14.16,13.8,13.895,15510
2076-05-20,13.82,14.045,13.725,14.025,9573
2076-05-21,14.005,14.06,13.94,13.98,8322
2076-05-22,14.025,14.035,13.725,13.915,11655
2076-05-23,13.95,14.03,13.88,13.95,8134
2076-05-24,13.93,13.98,12.905,12.98,26672
2076-05-25,12.985,13.145,12.4,12.525,27700
2076-05-26,12.625,12.85,12.45,12.71,22515
2076-05-27,12.79,12.905,12.48,12.645,13461
2076-05-28,12.615,12.705,12.455,12.49,9648
2076-05-29,12.5,12.705,12.48,12.635,5687
2076-05-30,12.705,12.9,12.705,12.725,7445
2076-05-31,12.79,12.985,12.74,12.925,7499
2076-06-01,12.875,12.99,12.86,12.94,7046
2076-06-02,12.945,13.015,12.86,12.935,3359
2076-06-03,12.965,13.2,12.935,12.935,5401
2076-06-04,13.28,13.28,12.6,12.67,25558
2076-06-05,12.665,12.93,12.485,12.835,16756
2076-06-06,12.71,12.835,12.1,12.23,25688
2076-06-07,12.27,12.425,12.095,12.36,11939
2076-06-08,12.38,12.62,12.265,12.595,13248
2076-06-09,12.59,12.59,12.27,12.445,14642
2076-06-10,12.43,12.625,12.38,12.46,11570
2076-06-11,12.4,12.96,12.38,12.88,17908
2076-06-12,12.91,13.035,12.61,12.625,17016
2076-06-13,12.62,12.995,12.43,12.89,18845
2076-06-14,12.9,13.045,12.655,12.685,14050
2076-06-15,12.73,12.94,12.7,12.92,10419
2076-06-16,12.92,13.215,12.83,13.0,20194
2076-06-17,12.98,13.33,12.95,13.26,16240
2076-06-18,13.32,13.345,13.095,13.273,15902
2076-06-19,13.3,13.6,13.245,13.49,19591
2076-06-20,13.35,13.51,13.21,13.375,14654
2076-06-21,13.42,13.5,13.21,13.25,14506
2076-06-22,13.23,13.44,13.11,13.375,12118
2076-06-23,13.385,13.7,13.27,13.57,22977
2076-06-24,13.595,13.835,13.57,13.725,16399
2076-06-25,13.72,13.755,13.255,13.375,23006
2076-06-26,13.44,13.59,13.33,13.56,12133
2076-06-27,13.525,13.89,13.46,13.675,14853
2076-06-28,13.675,13.81,13.63,13.71,20910
2076-06-29,13.665,13.89,13.51,13.77,17791
2076-06-30,13.845,13.97,13.775,13.915,15887
2076-07-01,13.98,13.985,13.515,13.715,19357
2076-07-02,13.67,14.0,13.66,13.915,20616
2076-07-03,13.915,14.13,13.865,13.965,17065
2076-07-04,14.06,14.085,13.83,13.962,20645
2076-07-05,14.01,14.05,13.84,13.99,13069
2076-07-06,14.0,14.075,13.68,13.83,23550
2076-07-07,13.85,14.37,13.72,14.273,34448
2076-07-08,14.225,14.365,14.16,14.25,29964
2076-07-09,14.22,14.66,14.19,14.595,38451
2076-07-10,14.59,14.715,14.495,14.69,29819
2076-07-11,14.86,14.86,14.415,14.69,43320
2076-07-12,14.35,14.56,14.12,14.235,25145
2076-07-13,14.24,14.465,13.51,13.65,33814
2076-07-14,13.735,13.85,12.8,12.96,42687
2076-07-15,13.04,13.055,12.49,12.75,37454
2076-07-16,12.765,13.065,12.67,12.985,21875
2076-07-17,13.02,13.145,12.89,13.105,19707
2076-07-18,13.06,13.235,13.015,13.12,17008
2076-07-19,13.07,13.2,12.795,12.97,18734
2076-07-20,13.005,13.16,12.92,13.085,13896
2076-07-21,13.13,13.13,12.88,12.96,18358
2076-07-22,12.85,12.92,12.675,12.83,21037
2076-07-23,12.93,13.19,12.915,13.075,17636
2076-07-24,13.075,13.27,13.055,13.215,14536
2076-07-25,13.175,13.295,13.115,13.233,11153
2076-07-26,13.25,13.485,13.22,13.37,13782
2076-07-27,13.37,13.445,13.21,13.32,14876
2076-07-28,13.445,13.575,13.41,13.48,15653
2076-07-29,13.5,13.5,13.15,13.227,18866
2076-07-30,13.275,13.46,13.25,13.41,11945
2076-07-31,13.425,13.48,13.23,13.28,12547
2076-08-01,13.365,13.545,13.33,13.455,17534
2076-08-02,13.43,13.43,13.18,13.34,17744
2076-08-03,13.33,13.475,13.325,13.45,13557
2076-08-04,13.465,13.495,13.02,13.35,25692
2076-08-05,13.315,13.54,13.275,13.43,18925
2076-08-06,13.42,13.7,13.42,13.62,23198
2076-08-07,13.68,13.77,13.6,13.74,15567
2076-08-08,13.715,13.92,13.675,13.81,19427
2076-08-09,13.77,14.05,13.755,13.93,20432
2076-08-10,13.92,14.065,13.75,13.89,20225
2076-08-11,13.885,13.975,13.695,13.855,23294
2076-08-12,13.885,14.17,13.87,14.09,21019
2076-08-13,14.105,14.16,13.82,14.08,19795
2076-08-14,14.065,14.11,13.9,14.02,14993
2076-08-15,13.93,14.09,13.88,13.975,17519
2076-08-16,14.0,14.06,13.55,13.735,26973
2076-08-17,13.7,14.01,13.69,13.955,21227
2076-08-18,13.955,14.11,13.86,14.05,24695
2076-08-19,14.05,14.09,13.71,13.782,34900
2076-08-20,13.77,13.89,13.73,13.765,26627
2076-08-21,13.8,13.84,13.175,13.325,47375
2076-08-22,13.455,13.69,13.365,13.575,26680
2076-08-23,13.66,13.685,13.525,13.575,13299
2076-08-24,13.515,13.585,13.205,13.37,25420
2076-08-25,13.385,13.48,13.13,13.335,21845
2076-08-26,13.33,13.56,13.3,13.51,18188
2076-08-27,13.52,13.705,13.455,13.53,16389
2076-08-28,13.55,13.695,13.54,13.64,7277
2076-08-29,13.62,13.665,13.405,13.6,17866
2076-08-30,13.59,13.62,13.285,13.47,18184
2076-08-31,13.495,13.5,13.09,13.14,25956
2076-09-01,13.105,13.4,13.025,13.305,20213
2076-09-02,13.245,13.345,13.125,13.235,13046
2076-09-03,13.23,13.36,13.08,13.315,15097
2076-09-04,13.3,13.3,12.88,12.93,20970
2076-09-05,12.99,13.015,12.76,12.883,21812
2076-09-06,12.91,13.08,12.84,13.003,17911
2076-09-07,13.03,13.175,12.9,13.13,13993
2076-09-08,13.13,13.2,12.98,12.99,11549
2076-09-09,13.01,13.2,12.955,13.105,13190
2076-09-10,13.1,13.15,12.835,12.92,16681
2076-09-11,12.895,13.035,12.895,13.0,7385
2076-09-12,13.03,13.34,12.955,13.223,21873
2076-09-13,13.2,13.25,13.085,13.22,12703
2076-09-14,13.23,13.58,13.215,13.47,22932
2076-09-15,13.495,13.765,13.48,13.74,21302
2076-09-16,13.73,13.85,13.685,13.745,16577
2076-09-17,13.755,13.87,13.72,13.812,15947
2076-09-18,13.815,13.86,13.645,13.717,22037
2076-09-19,13.735,13.82,13.43,13.48,28721
2076-09-20,13.475,13.55,12.97,13.04,34956
2076-09-21,13.11,13.295,13.09,13.275,13840
2076-09-22,13.25,13.27,13.02,13.09,18870
2076-09-23,13.035,13.2,12.845,13.06,26370
2076-09-24,13.135,13.23,12.97,13.165,17295
2076-09-25,13.15,13.275,13.065,13.26,13720
2076-09-26,13.235,13.395,13.2,13.235,17224
2076-09-27,13.215,13.36,13.115,13.325,14696
2076-09-28,13.35,13.415,13.22,13.25,19343
2076-09-29,13.185,13.265,12.965,13.09,29017
2076-09-30,13.115,13.19,12.99,13.02,21777
2076-10-01,13.045,13.07,12.81,12.877,31223
2076-10-02,12.86,12.9,12.135,12.28,59922
2076-10-03,12.245,12.36,12.125,12.21,35835
2076-10-04,12.415,12.59,12.385,12.505,28762
2076-10-05,12.58,12.675,12.355,12.473,16747
2076-10-06,12.51,12.755,12.51,12.74,15785
2076-10-07,12.735,12.785,12.56,12.685,12593
2076-10-08,12.715,12.78,12.495,12.58,13882
2076-10-09,12.57,12.865,12.42,12.757,21196
2076-10-10,12.83,12.965,12.765,12.82,14685
2076-10-11,12.8,13.085,12.79,12.975,17059
2076-10-12,12.985,13.09,12.915,12.975,15162
2076-10-13,12.99,13.225,12.955,13.18,19892
2076-10-14,13.18,13.235,13.075,13.11,13229
2076-10-15,13.125,13.175,13.015,13.065,9558
2076-10-16,13.03,13.14,12.925,13.018,11919
2076-10-17,12.99,13.35,12.965,13.29,22963
2076-10-18,13.285,13.4,13.245,13.375,14509
2076-10-19,13.335,13.5,13.3,13.403,16855
2076-10-20,13.4,13.48,13.31,13.33,11749
2076-10-21,13.33,13.59,13.265,13.443,18097
2076-10-22,13.325,13.355,13.105,13.15,18076
2076-10-23,13.18,13.235,12.755,12.95,38262
2076-10-24,12.88,13.005,12.65,12.715,21307
2076-10-25,12.7,12.92,12.685,12.903,12182
2076-10-26,12.955,13.09,12.905,13.017,16214
2076-10-27,12.91,13.075,12.74,12.955,23224
2076-10-28,13.055,13.085,12.955,12.995,10807
2076-10-29,13.01,13.2,12.985,13.158,18577
2076-10-30,13.15,13.205,12.96,13.033,15575
2076-10-31,13.01,13.17,12.925,13.095,19157
2076-11-01,13.125,13.25,13.05,13.17,18662
2076-11-02,13.145,13.165,12.625,12.705,37041
2076-11-03,12.685,13.06,12.605,12.87,31522
2076-11-04,12.89,12.92,12.75,12.855,12287
2076-11-05,12.82,12.91,12.71,12.748,19089
2076-11-06,12.725,12.765,12.335,12.555,32182
2076-11-07,12.5,12.56,11.06,11.495,23373
2076-11-08,11.765,12.015,11.49,11.8,36222
2076-11-09,11.795,11.975,11.62,11.735,22653
2076-11-10,11.76,11.84,11.455,11.51,27424
2076-11-11,11.565,11.79,11.52,11.565,22939
2076-11-12,11.645,11.895,11.62,11.64,25524
2076-11-13,11.725,12.005,11.58,11.94,24384
2076-11-14,11.95,11.99,11.73,11.765,18150
2076-11-15,11.74,11.905,11.675,11.765,26731
2076-11-16,11.745,11.925,11.705,11.845,24849
2076-11-17,12.075,12.075,11.89,11.96,20618
2076-11-18,11.945,12.275,11.93,12.23,13132
2076-11-19,12.26,12.515,12.16,12.448,19245
2076-11-20,12.43,12.46,12.265,12.355,10757
2076-11-21,12.375,12.67,12.35,12.533,25532
2076-11-22,12.585,12.845,12.53,12.76,26812
2076-11-23,12.69,12.86,12.56,12.7,18337
2076-11-24,12.69,12.95,12.635,12.835,21043
2076-11-25,12.84,12.925,12.645,12.793,22663
2076-11-26,12.765,12.8,12.49,12.68,19812
2076-11-27,12.67,12.935,12.585,12.705,19937
2076-11-28,12.68,12.98,12.675,12.9,15966
2076-11-29,12.945,13.14,12.825,12.925,26012
2076-11-30,13.12,13.24,13.03,13.105,21594
2076-12-01,13.085,13.64,13.035,13.47,39732
2076-12-02,13.5,13.8,13.435,13.62,29044
2076-12-03,13.65,13.87,13.535,13.64,23975
2076-12-04,13.59,13.64,13.325,13.62,23275
2076-12-05,13.61,13.745,13.465,13.545,22717
2076-12-06,13.52,13.73,13.48,13.645,15754
2076-12-07,13.67,14.0,13.625,13.92,27226
2076-12-08,13.935,13.99,13.76,13.855,16361
2076-12-09,13.85,13.86,13.18,13.45,34170
2076-12-10,13.455,13.595,13.35,13.47,18882
2076-12-11,13.43,13.53,13.15,13.5,23612
2076-12-12,13.49,13.63,13.31,13.49,22948
2076-12-13,13.52,13.545,13.325,13.36,9978
2076-12-14,13.345,13.68,13.25,13.583,22088
2076-12-15,13.61,13.79,13.585,13.668,14212
2076-12-16,13.675,14.03,13.65,13.985,23465
2076-12-17,13.865,13.995,13.795,13.903,15372
2076-12-18,13.915,14.12,13.83,13.855,22042
2076-12-19,13.88,14.09,13.6,13.658,31034
2076-12-20,13.695,13.915,13.61,13.75,25008
2076-12-21,13.735,13.895,13.695,13.803,18313
2076-12-22,13.885,13.995,13.365,13.635,35304
2076-12-23,13.64,13.67,13.325,13.555,23284
2076-12-24,13.505,13.72,13.505,13.65,14224
2076-12-25,13.66,13.68,13.45,13.59,18301
2076-12-26,13.645,14.095,13.615,13.905,31584
2076-12-27,13.955,14.32,13.95,14.28,27666
2076-12-28,14.305,14.54,14.29,14.43,29958
2076-12-29,14.57,14.645,14.195,14.328,24426
2076-12-30,14.22,14.55,14.18,14.438,24083
2076-12-31,14.55,14.605,13.98,14.325,39816
2077-01-01,14.135,14.735,14.13,14.599,31524
2077-01-02,14.655,14.88,14.46,14.785,26032
2077-01-03,14.765,15.54,14.695,15.38,47119
2077-01-04,15.645,16.275,15.25,15.325,66998
2077-01-05,15.335,15.865,14.86,15.515,50883
2077-01-06,15.46,15.695,15.07,15.545,35277
2077-01-07,15.47,15.5,14.56,14.762,47720
2077-01-08,14.465,14.94,14.4,14.61,30548
2077-01-09,14.615,15.155,14.615,15.065,30347
2077-01-10,15.035,15.155,14.34,14.482,36165
2077-01-11,14.43,14.745,14.365,14.51,27565
2077-01-12,14.52,14.67,14.1,14.16,31877
2077-01-13,14.24,14.835,14.105,14.5,40956
2077-01-14,14.695,14.825,14.325,14.42,27887
2077-01-15,14.445,14.905,14.395,14.735,21690
2077-01-16,14.795,15.02,14.585,14.83,43678
2077-01-17,14.715,14.8,14.3,14.485,43464
2077-01-18,14.45,14.54,14.12,14.335,43813
2077-01-19,14.6,14.705,14.35,14.445,30110
2077-01-20,14.36,14.455,13.965,14.165,29813
2077-01-21,14.16,14.395,13.96,14.21,19156
2077-01-22,14.315,14.57,14.185,14.465,20642
2077-01-23,14.51,14.58,14.28,14.46,16834
2077-01-24,14.435,14.72,14.125,14.625,26790
2077-01-25,14.645,14.705,14.395,14.505,17013
2077-01-26,14.545,14.9,14.5,14.85,21322
2077-01-27,14.835,14.975,14.71,14.865,15604
2077-01-28,14.61,14.97,14.61,14.825,19879
2077-01-29,14.815,14.85,14.1,14.237,33014
2077-01-30,14.235,14.35,13.87,13.983,28944
2077-01-31,13.975,14.12,13.65,13.98,14584
2077-02-01,13.985,14.28,13.93,14.165,17058
2077-02-02,14.175,14.29,14.09,14.222,11892
2077-02-03,14.27,14.45,14.08,14.34,18688
2077-02-04,14.37,14.58,14.32,14.488,12046
2077-02-05,14.51,14.72,14.455,14.66,4790
2077-02-06,14.7,14.9,14.56,14.835,9312
2077-02-07,14.8,14.905,14.645,14.818,13850
2077-02-08,14.82,14.99,14.73,14.895,12933
2077-02-09,14.895,15.08,14.81,14.92,10952
2077-02-10,14.91,15.415,14.91,15.29,26487
2077-02-11,15.35,15.535,15.165,15.5,26044
2077-02-12,15.455,15.57,15.24,15.462,22544
2077-02-13,15.4,15.48,15.2,15.29,19486
2077-02-14,15.27,15.85,15.255,15.815,28581
2077-02-15,15.795,16.27,15.645,15.84,36840
2077-02-16,15.78,16.355,15.415,16.275,41021
2077-02-17,16.27,16.415,16.05,16.37,25709
2077-02-18,16.385,16.715,16.25,16.425,33525
2077-02-19,16.44,16.64,16.02,16.3,36444
2077-02-20,15.985,16.25,15.77,15.895,43860
2077-02-21,15.87,16.175,15.82,16.01,25634
2077-02-22,15.92,16.42,15.715,16.215,28011
2077-02-23,16.22,16.295,15.255,16.105,52644
2077-02-24,16.135,16.25,15.765,15.97,36251
2077-02-25,16.12,16.525,16.005,16.333,32461
2077-02-26,16.49,16.68,16.36,16.49,20320
2077-02-27,16.53,16.795,16.415,16.75,22956
2077-02-28,16.765,16.905,16.57,16.8,18872
2077-03-01,16.76,16.9,16.645,16.76,19642
2077-03-02,16.86,17.09,16.735,16.995,29420
2077-03-03,16.945,17.345,16.765,16.87,36368
2077-03-04,16.87,16.975,16.445,16.78,27792
2077-03-05,16.73,16.785,16.3,16.345,28053
2077-03-06,16.38,16.7,16.23,16.55,25832
2077-03-07,16.53,16.9,16.5,16.775,28036
2077-03-08,16.84,17.26,16.785,17.11,22185
2077-03-09,17.23,17.595,17.135,17.47,34933
2077-03-10,17.5,17.65,17.16,17.25,32824
2077-03-11,17.19,17.4,16.95,17.353,31650
2077-03-12,17.31,17.52,17.15,17.255,26563
2077-03-13,17.245,17.52,16.975,17.118,36205
2077-03-14,17.095,17.6,16.965,17.508,32166
2077-03-15,17.565,17.79,17.205,17.76,40485
2077-03-16,17.83,18.075,17.785,17.95,36717
2077-03-17,17.88,18.195,17.74,18.035,32701
2077-03-18,18.055,18.185,17.88,18.085,46293
2077-03-19,18.11,18.865,17.93,18.72,63147
2077-03-20,18.795,19.49,18.79,19.21,63398
2077-03-21,19.39,19.965,19.165,19.71,47205
2077-03-22,19.855,20.055,19.455,19.915,36301
2077-03-23,19.92,20.74,19.86,20.18,44963
2077-03-24,20.435,20.68,19.635,19.84,53017
2077-03-25,19.91,20.97,19.48,20.785,52961
2077-03-26,20.93,21.325,19.905,20.225,56497
2077-03-27,20.28,20.835,19.915,20.25,37291
2077-03-28,20.26,20.495,19.28,19.785,35763
2077-03-29,19.77,20.405,19.4,19.763,39392
2077-03-30,19.74,20.28,19.45,19.995,31776
2077-03-31,20.225,20.98,20.18,20.42,33686
2077-04-01,20.655,20.975,20.32,20.655,29501
2077-04-02,20.78,21.44,19.8,20.3,44706
2077-04-03,20.25,20.51,19.9,19.96,33663
2077-04-04,19.755,20.17,18.22,18.445,65624
2077-04-05,18.405,18.43,16.725,16.85,58911
2077-04-06,17.0,17.275,16.815,17.11,24031
2077-04-07,17.08,17.87,16.975,17.8,33447
2077-04-08,17.995,18.39,17.69,18.383,34185
2077-04-09,18.48,18.59,17.975,18.55,28948
2077-04-10,18.47,18.59,17.67,17.94,28131
2077-04-11,17.91,18.22,17.06,17.31,35810
2077-04-12,17.26,17.42,16.3,16.89,45964
2077-04-13,16.925,17.525,16.715,17.18,29070
2077-04-14,17.36,17.595,16.95,17.48,29420
2077-04-15,17.405,17.87,17.265,17.755,21735
2077-04-16,17.785,18.285,17.73,18.12,22558
2077-04-17,18.075,18.24,17.44,17.708,26575
2077-04-18,17.71,18.425,17.4,18.2,33811
2077-04-19,18.235,18.44,17.815,18.043,31855
2077-04-20,17.98,18.165,17.47,17.69,28635
2077-04-21,17.7,17.91,17.26,17.79,24747
2077-04-22,17.775,18.07,17.65,17.85,20964
2077-04-23,17.88,18.55,17.745,18.325,32738
2077-04-24,18.355,18.77,18.17,18.305,24380
2077-04-25,18.26,18.48,17.375,17.82,36238
2077-04-26,17.895,17.975,17.265,17.36,27751
2077-04-27,17.45,17.955,17.285,17.71,30430
2077-04-28,17.635,17.85,16.97,17.165,42764
2077-04-29,17.115,17.22,16.63,16.66,39539
2077-04-30,16.735,16.9,16.39,16.85,38687
2077-05-01,16.845,17.13,16.77,17.013,34513
2077-05-02,17.14,17.14,16.53,16.64,27971
2077-05-03,16.625,16.96,16.455,16.593,28531
2077-05-04,16.92,17.12,16.055,16.205,32988
2077-05-05,16.26,16.585,16.125,16.465,19840
2077-05-06,16.47,16.89,16.465,16.83,14146
2077-05-07,16.81,17.07,16.71,16.86,19886
2077-05-08,16.92,16.98,16.53,16.695,23133
2077-05-09,16.71,17.02,16.51,16.87,18891
2077-05-10,16.945,17.135,16.53,16.91,24935
2077-05-11,16.9,17.37,16.715,17.225,23414
2077-05-12,17.215,17.325,16.57,16.828,28910
2077-05-13,16.75,16.95,16.55,16.613,21242
2077-05-14,16.6,17.04,16.555,16.685,24143
2077-05-15,16.77,17.11,16.755,16.96,21682
2077-05-16,17.07,17.295,16.87,17.028,19978
2077-05-17,17.0,17.755,16.96,17.725,30230
2077-05-18,17.745,18.16,17.61,18.05,27717
2077-05-19,18.09,18.24,17.775,18.025,27416
2077-05-20,18.0,18.34,17.885,18.29,20436
2077-05-21,18.275,18.375,17.43,17.465,35370
2077-05-22,17.5,17.68,17.065,17.415,29900
2077-05-23,17.485,17.6,16.51,16.515,45165
2077-05-24,16.645,16.96,16.45,16.865,20565
2077-05-25,16.88,17.045,16.61,16.91,21329
2077-05-26,16.85,16.96,16.465,16.835,27952
2077-05-27,16.835,16.95,16.61,16.94,21404
2077-05-28,16.845,17.225,16.505,17.17,34194
2077-05-29,17.2,17.585,17.12,17.43,30365
2077-05-30,17.57,17.67,17.105,17.21,25354
2077-05-31,17.16,17.21,16.5,16.635,35265
2077-06-01,16.645,16.94,16.54,16.855,22855
2077-06-02,16.9,16.925,16.25,16.485,32285
2077-06-03,16.485,16.62,16.27,16.56,19035
2077-06-04,16.575,17.47,16.4,17.232,33056
2077-06-05,17.165,17.41,16.85,17.075,26471
2077-06-06,17.06,17.51,16.985,17.34,29643
2077-06-07,17.365,17.75,17.145,17.47,33475
2077-06-08,17.37,17.645,17.305,17.397,22506
2077-06-09,17.39,17.52,16.525,16.79,45259
2077-06-10,16.775,16.95,16.6,16.633,36597
2077-06-11,16.685,16.82,16.46,16.503,36600
2077-06-12,16.75,17.44,16.69,17.125,47394
2077-06-13,17.27,17.76,17.215,17.71,36116
2077-06-14,17.67,17.98,17.29,17.51,23770
2077-06-15,17.505,18.31,17.46,18.29,36090
2077-06-16,18.185,18.49,17.98,18.425,27606
2077-06-17,18.445,18.585,18.07,18.37,28224
2077-06-18,18.36,18.37,18.07,18.37,2825
2077-06-19,18.22,18.23,17.625,17.92,31270
2077-06-20,17.86,18.045,17.55,17.955,26363
2077-06-21,17.89,18.235,17.815,18.175,21969
2077-06-22,18.2,18.425,18.13,18.32,26724
2077-06-23,18.37,18.98,18.325,18.82,28756
2077-06-24,18.945,19.31,18.585,19.25,31901
2077-06-25,19.17,19.55,18.61,19.013,44691
2077-06-26,18.995,19.185,18.675,18.805,33760
2077-06-27,18.815,19.215,18.39,18.735,36846
2077-06-28,18.575,18.69,18.105,18.2,27476
2077-06-29,18.215,18.535,18.2,18.425,16893
2077-06-30,18.5,18.76,17.895,18.005,35049
2077-07-01,17.985,18.055,17.32,17.458,36805
2077-07-02,17.425,17.67,17.13,17.298,27217
2077-07-03,17.47,17.68,17.045,17.375,24439
2077-07-04,17.445,17.58,17.27,17.465,15582
2077-07-05,17.575,17.66,17.08,17.375,24162
2077-07-06,17.405,17.635,16.845,17.465,35334
2077-07-07,17.555,17.95,17.425,17.79,32377
2077-07-08,17.77,17.805,17.28,17.52,25396
2077-07-09,17.54,17.65,16.905,17.14,24122
2077-07-10,16.955,17.03,16.425,16.572,37987
2077-07-11,16.45,16.77,16.425,16.505,27242
2077-07-12,16.555,16.695,16.02,16.257,32062
2077-07-13,16.205,16.24,15.24,15.33,40699
2077-07-14,15.315,15.435,14.535,14.62,39586
2077-07-15,14.635,14.825,14.01,14.485,43962
2077-07-16,14.51,14.93,14.35,14.845,39267
2077-07-17,14.89,15.1,14.1,14.23,41941
2077-07-18,14.17,14.19,12.2,12.815,60562
2077-07-19,12.915,13.335,12.88,13.1,27883
2077-07-20,13.05,13.335,12.4,13.105,31824
2077-07-21,13.245,13.4,12.79,13.04,30683
2077-07-22,13.26,13.875,13.185,13.727,30396
2077-07-23,13.86,13.935,13.29,13.477,26188
2077-07-24,13.36,13.56,13.1,13.37,23753
2077-07-25,13.47,13.725,12.96,13.575,41483
2077-07-26,13.57,13.85,13.4,13.47,33676
2077-07-27,13.6,14.13,13.56,13.705,34664
2077-07-28,13.775,13.99,13.63,13.707,14555
2077-07-29,13.875,13.9,12.55,13.145,38941
2077-07-30,13.14,13.225,12.63,12.947,23306
2077-07-31,12.97,13.265,12.7,12.94,23440
2077-08-01,12.9,13.19,12.12,12.325,39897
2077-08-02,12.525,12.795,11.94,12.065,29708
2077-08-03,12.175,12.255,11.31,11.715,37973
2077-08-04,11.37,11.67,10.7,10.89,44855
2077-08-05,10.735,11.035,10.31,10.555,39561
2077-08-06,10.66,10.99,10.585,10.795,27970
2077-08-07,11.03,11.25,10.42,11.135,31326
2077-08-08,11.19,11.235,10.44,10.517,35735
2077-08-09,10.52,12.17,10.435,11.675,60032
2077-08-10,12.13,13.065,11.725,12.7,54578
2077-08-11,12.025,12.735,11.81,12.475,30820
2077-08-12,12.645,13.675,12.54,13.45,32367
2077-08-13,13.54,13.75,13.05,13.17,33819
2077-08-14,13.35,13.73,13.135,13.44,25025
2077-08-15,13.315,13.88,13.1,13.275,32524
2077-08-16,13.31,13.74,13.115,13.503,20494
2077-08-17,13.3,13.46,12.72,13.025,27502
2077-08-18,13.215,13.285,11.8,12.275,29107
2077-08-19,12.135,13.08,12.045,12.77,24843
2077-08-20,12.66,12.66,10.855,11.12,34395
2077-08-21,10.91,11.79,10.84,11.325,30179
2077-08-22,11.155,11.555,10.925,11.285,24667
2077-08-23,11.11,11.9,11.005,11.38,23272
2077-08-24,11.585,12.13,11.445,11.772,22844
2077-08-25,11.8,12.195,11.52,11.875,14140
2077-08-26,12.135,12.355,9.4,10.6,40892
2077-08-27,10.27,10.91,10.07,10.79,21630
2077-08-28,10.765,11.195,10.71,11.06,17579
2077-08-29,11.045,11.13,10.035,10.18,24071
2077-08-30,10.33,10.365,9.25,9.635,27988
2077-08-31,9.72,9.93,9.09,9.335,24667
2077-09-01,9.35,9.915,9.35,9.69,22206
2077-09-02,9.775,10.18,9.525,10.075,25348
2077-09-03,10.08,10.17,9.355,9.46,22645
2077-09-04,9.54,9.89,9.165,9.5,23344
2077-09-05,9.69,9.8,8.65,9.295,23631
2077-09-06,9.355,9.545,8.72,9.195,15729
2077-09-07,9.025,9.295,8.4,8.79,22933
2077-09-08,9.19,10.175,9.01,9.805,27236
2077-09-09,9.91,10.645,9.565,9.785,20115
2077-09-10,9.71,9.965,9.2,9.73,17765
2077-09-11,9.84,10.26,9.6,9.75,13757
2077-09-12,9.77,10.54,9.7,10.13,23676
2077-09-13,10.26,10.6,10.035,10.455,24933
2077-09-14,10.27,10.8,9.85,10.055,24180
2077-09-15,9.995,10.295,9.905,9.963,17531
2077-09-16,10.065,10.535,10.055,10.22,22872
2077-09-17,10.185,10.225,9.53,9.805,19420
2077-09-18,9.755,9.87,9.25,9.48,20637
2077-09-19,9.295,9.51,8.77,8.8,27006
2077-09-20,9.42,9.7,9.185,9.49,20097
2077-09-21,9.42,9.665,9.21,9.33,18637
2077-09-22,9.25,9.74,9.115,9.55,26331
2077-09-23,9.62,9.85,9.205,9.31,26947
2077-09-24,9.26,9.455,8.805,9.025,26967
2077-09-25,8.96,9.66,8.9,9.48,26106
2077-09-26,9.635,10.68,9.46,10.355,32865
2077-09-27,10.575,10.575,10.03,10.27,31997
2077-09-28,10.3,10.495,10.185,10.269,17299
2077-09-29,10.37,10.39,10.12,10.23,7771
2077-09-30,10.315,10.32,9.175,9.38,21139
2077-10-01,9.22,9.75,9.13,9.615,15328
2077-10-02,9.65,9.75,9.295,9.59,13148
2077-10-03,9.655,9.72,9.34,9.52,16468
2077-10-04,9.5,9.56,9.125,9.43,15836
2077-10-05,9.5,10.4,9.48,9.975,23655
2077-10-06,10.0,10.09,9.665,9.85,12815
2077-10-07,9.845,10.28,9.815,10.2,15211
2077-10-08,10.22,10.54,10.13,10.425,11958
2077-10-09,10.33,10.41,10.0,10.23,13863
2077-10-10,10.295,10.73,10.255,10.62,16392
2077-10-11,10.67,11.34,10.46,10.705,17261
2077-10-12,11.26,11.615,10.835,11.42,23153
2077-10-13,11.35,11.48,10.93,11.12,15677
2077-10-14,10.975,11.025,10.545,10.85,11106
2077-10-15,10.885,11.09,10.75,10.86,6874
2077-10-16,10.87,10.87,10.105,10.26,11367
2077-10-17,10.27,10.45,10.225,10.35,4038
2077-10-18,10.3,10.745,10.3,10.53,3135
2077-10-19,10.73,11.275,10.71,10.81,12180
2077-10-20,10.87,11.145,10.65,10.98,9929
2077-10-21,10.995,11.425,10.765,11.295,7543
2077-10-22,11.405,11.6,11.015,11.49,11815
2077-10-23,11.585,11.77,10.57,11.27,20382
2077-10-24,11.24,11.55,10.79,11.445,18867
2077-10-25,11.48,11.605,10.88,11.105,21580
2077-10-26,11.06,11.35,10.795,11.097,19092
2077-10-27,11.145,11.63,10.965,11.32,19070
2077-10-28,11.27,11.3,10.54,10.75,18218
2077-10-29,10.66,10.845,10.415,10.68,17691
2077-10-30,10.735,10.89,10.335,10.475,18479
2077-10-31,10.53,10.675,10.32,10.44,15781
2077-11-01,10.575,11.305,10.575,11.215,21756
2077-11-02,11.3,11.405,10.92,11.175,18683
2077-11-03,11.185,11.505,11.04,11.325,16993
2077-11-04,11.31,11.485,11.205,11.365,13770
2077-11-05,11.39,12.075,11.26,11.94,28266
2077-11-06,11.945,12.285,11.825,12.11,17641
2077-11-07,12.025,12.22,11.855,12.175,18382
2077-11-08,12.06,12.165,11.815,11.963,14880
2077-11-09,11.955,12.45,11.635,12.145,19931
2077-11-10,12.34,12.66,12.215,12.565,24039
2077-11-11,12.655,12.655,12.175,12.415,15614
2077-11-12,12.4,12.47,12.135,12.3,17920
2077-11-13,12.425,12.59,12.305,12.47,13007
2077-11-14,12.495,12.92,12.27,12.75,20055
2077-11-15,12.865,13.18,12.74,13.16,18271
2077-11-16,13.115,13.115,12.785,12.83,16897
2077-11-17,12.805,13.215,12.725,13.13,21212
2077-11-18,13.12,13.67,13.07,13.52,25762
2077-11-19,13.5,13.72,13.29,13.51,19882
2077-11-20,13.45,13.685,13.22,13.625,17782
2077-11-21,13.6,14.2,13.48,14.01,26478
2077-11-22,14.08,14.37,13.98,14.29,23493
2077-11-23,14.315,14.37,13.85,13.935,27616
2077-11-24,13.98,14.58,13.965,14.49,20617
2077-11-25,14.38,14.6,14.06,14.45,28651
2077-11-26,14.385,14.575,13.68,13.995,51130
2077-11-27,13.735,14.12,13.54,13.875,42095
2077-11-28,13.725,13.745,12.935,12.975,42091
2077-11-29,13.125,13.37,12.825,13.11,21327
2077-11-30,13.1,13.375,12.7,13.07,21988
2077-12-01,12.91,12.95,12.43,12.715,18579
2077-12-02,12.8,13.15,12.68,12.915,17820
2077-12-03,12.945,13.31,12.89,13.12,16130
2077-12-04,13.26,13.52,13.215,13.333,13809
2077-12-05,13.335,13.385,12.76,12.94,17704
2077-12-06,12.95,12.99,12.465,12.54,17848
2077-12-07,12.58,12.875,12.51,12.8,12074
2077-12-08,12.785,13.08,12.64,12.943,14883
2077-12-09,12.96,13.285,12.885,13.215,12951
2077-12-10,13.2,13.2,12.77,12.89,12105
2077-12-11,12.925,12.99,12.63,12.67,12502
2077-12-12,12.705,13.0,11.89,11.935,32489
2077-12-13,12.87,13.685,12.64,13.52,28752
2077-12-14,13.575,13.86,13.41,13.84,17176
2077-12-15,13.74,13.885,13.615,13.875,13167
2077-12-16,13.655,13.74,13.26,13.357,17735
2077-12-17,13.44,13.615,12.955,13.437,19503
2077-12-18,13.475,13.745,13.4,13.62,12543
2077-12-19,13.48,13.575,13.075,13.263,14444
2077-12-20,13.27,13.35,12.915,13.033,15893
2077-12-21,13.03,13.26,12.57,12.985,23949
2077-12-22,12.96,13.17,12.825,12.975,14021
2077-12-23,13.02,13.155,12.56,13.025,21641
2077-12-24,12.94,12.995,12.65,12.735,14179
2077-12-25,12.8,12.8,12.075,12.11,19711
2077-12-26,12.1,12.335,12.02,12.21,17064
2077-12-27,12.255,12.47,12.15,12.34,19113
2077-12-28,12.25,12.395,12.11,12.33,15888
2077-12-29,12.365,12.87,12.35,12.768,15548
2077-12-30,12.715,12.795,12.55,12.765,14109
2077-12-31,12.73,12.92,12.645,12.8,10891
2078-01-01,12.75,12.8,12.125,12.255,21258
2078-01-02,12.235,12.25,11.775,11.79,20487
2078-01-03,11.855,12.165,11.725,12.105,16802
2078-01-04,12.055,12.235,11.865,12.06,17049
2078-01-05,12.02,12.33,11.99,12.305,19989
2078-01-06,12.28,12.86,12.28,12.755,25462
2078-01-07,12.755,12.94,12.65,12.92,27839
2078-01-08,12.895,13.24,12.775,12.955,23555
2078-01-09,12.87,12.95,12.33,12.4,26669
2078-01-10,12.47,12.83,12.405,12.775,24344
2078-01-11,12.8,12.82,12.185,12.325,18512
2078-01-12,12.37,12.62,12.025,12.5,13502
2078-01-13,12.5,13.155,12.44,13.113,17325
2078-01-14,13.05,13.615,12.995,13.42,23413
2078-01-15,13.305,13.835,13.27,13.71,21149
2078-01-16,13.74,14.15,13.67,14.03,23378
2078-01-17,13.84,14.065,13.78,13.955,16079
2078-01-18,14.01,14.035,13.68,13.91,11784
2078-01-19,13.935,14.34,13.84,14.215,17814
2078-01-20,14.215,14.37,13.88,14.02,16950
2078-01-21,13.99,14.09,13.71,14.04,13500
2078-01-22,14.045,14.19,13.86,14.01,14608
2078-01-23,13.98,14.08,13.63,13.83,15272
2078-01-24,13.74,14.295,13.73,14.125,15351
2078-01-25,14.2,14.39,14.1,14.28,18121
2078-01-26,14.26,14.57,14.09,14.445,17788
2078-01-27,14.55,14.86,14.43,14.695,20458
2078-01-28,14.72,14.78,14.31,14.6,19794
2078-01-29,14.625,15.02,14.39,14.865,23999
2078-01-30,14.785,15.275,14.65,15.16,23760
2078-01-31,15.18,15.795,15.145,15.61,28772
2078-02-01,15.765,15.97,15.54,15.735,24203
2078-02-02,15.625,16.02,15.45,15.955,31356
2078-02-03,15.96,16.25,15.255,15.31,37600
2078-02-04,15.345,15.945,15.065,15.895,33885
2078-02-05,15.925,15.98,15.16,15.388,38224
2078-02-06,15.25,15.46,14.735,14.955,30030
2078-02-07,14.915,15.345,14.75,15.14,26100
2078-02-08,15.235,15.5,15.025,15.225,30774
2078-02-09,15.17,15.54,14.925,15.493,35827
2078-02-10,15.405,15.435,14.78,14.875,29163
2078-02-11,14.85,14.875,14.03,14.03,31035
2078-02-12,14.05,14.405,14.05,14.13,20392
2078-02-13,14.18,14.355,13.93,14.28,31194
2078-02-14,14.34,14.4,14.13,14.24,18747
2078-02-15,14.205,14.37,14.12,14.2,21656
2078-02-16,14.19,14.19,13.68,13.705,33835
2078-02-17,13.72,13.88,13.595,13.845,29289
2078-02-18,13.83,14.105,13.775,13.91,40300
2078-02-19,13.83,14.05,13.795,14.005,25339
2078-02-20,14.015,14.315,14.005,14.128,29822
2078-02-21,14.1,14.13,13.84,13.975,17701
2078-02-22,13.87,14.15,13.455,13.6,24016
2078-02-23,13.61,13.87,13.59,13.76,20298
