Index,Open,High,Low,Close,Volume
2069-12-08,99.1172028,99.1952972,99.1172028,99.1875,1441
2069-12-09,99.5781021,99.6016006,99.5,99.5233994,870
2069-12-10,99.4608994,99.4843979,99.4141006,99.4608994,3268
2069-12-11,99.2031021,99.2031021,99.1797028,99.1952972,1014
2069-12-12,99.4843979,99.4922028,99.3983994,99.4452972,852
2069-12-13,99.5625,99.5625,99.3827972,99.4141006,6114
2069-12-14,98.9531021,98.9688034,98.8593979,98.8593979,3066
2069-12-15,99.0547028,99.0938034,99.0391006,99.0625,2518
2069-12-16,98.9218979,98.9218979,98.8516006,98.8593979,1618
2069-12-17,99.0077972,99.0077972,98.8358994,98.8438034,3661
2069-12-18,98.7422028,98.7577972,98.4218979,98.5858994,2388
2069-12-19,98.4452972,98.4452972,98.0938034,98.2968979,2504
2069-12-20,98.4766006,98.4766006,98.3358994,98.3827972,2664
2069-12-21,98.25,98.25,98.1483994,98.1797028,3815
2069-12-22,98.0468979,98.2031021,97.7968979,98.1561966,3036
2069-12-23,98.2811966,98.2811966,98.125,98.1641006,5231
2069-12-24,98.5468979,98.7266006,98.5468979,98.6641006,1368
2069-12-25,98.5391006,98.9061966,98.5311966,98.8516006,3653
2069-12-26,99.3047028,99.3202972,99.2968979,99.3125,772
2069-12-27,98.9218979,98.9218979,98.6327972,98.7108994,2515
2069-12-28,98.4375,98.5,98.4297028,98.4766006,2020
2069-12-29,98.5781021,98.5781021,98.4531021,98.4922028,870
2069-12-30,98.5156021,98.5938034,98.5,98.5156021,1360
2069-12-31,98.8983994,99.0,98.8983994,98.9843979,155
2070-01-01,98.4375,98.7343979,98.4061966,98.6172028,2320
2070-01-02,99.3047028,99.4375,99.2968979,99.4297028,1748
2070-01-03,99.375,99.5468979,99.3672028,99.4766006,1061
2070-01-04,99.1483994,99.1952972,99.0625,99.0702972,824
2070-01-05,99.1172028,99.1327972,99.0077972,99.0311966,832
2070-01-06,99.0311966,99.1172028,98.9452972,99.1093979,1188
2070-01-07,98.9218979,99.0,98.9218979,98.9843979,1139
2070-01-08,99.6483994,99.6952972,99.6016006,99.6172028,861
2070-01-09,99.1952972,99.5077972,99.1952972,99.4922028,3226
2070-01-10,99.5702972,99.5858994,99.5233994,99.5311966,764
2070-01-11,99.4531021,99.5468979,99.4452972,99.4531021,453
2070-01-12,99.4375,99.5077972,99.3983994,99.3983994,2612
2070-01-13,99.0625,99.0625,98.9141006,98.9452972,1593
2070-01-14,99.3516006,99.5468979,99.3516006,99.5156021,1298
2070-01-15,99.5547028,99.6093979,99.5311966,99.5625,854
2070-01-16,99.4922028,99.5468979,99.4218979,99.5,1069
2070-01-17,99.6093979,99.7108994,99.6093979,99.6797028,819
2070-01-18,99.5938034,99.6952972,99.5938034,99.6406021,1031
2070-01-19,99.6641006,99.6797028,99.6406021,99.6406021,202
2070-01-20,99.6406021,99.6406021,99.5468979,99.5468979,527
2070-01-21,100.6327972,100.6483994,100.5702972,100.5781021,377
2070-01-22,100.5781021,100.6641006,100.5702972,100.6016006,542
2070-01-23,100.5,100.625,100.4843979,100.5938034,1114
2070-01-24,100.5938034,100.6327972,100.5625,100.5702972,1002
2070-01-25,100.5625,100.5702972,100.5391006,100.5547028,1767
2070-01-26,100.5547028,100.6406021,100.5547028,100.6016006,7542
2070-01-27,100.625,100.6952972,100.6016006,100.6016006,5339
2070-01-28,100.6641006,100.7422028,100.6327972,100.6483994,6651
2070-01-29,100.7891006,100.7968979,100.7422028,100.7891006,2721
2070-01-30,100.7343979,100.7656021,100.6561966,100.7031021,4276
2070-01-31,100.6797028,100.6952972,100.5781021,100.6016006,3050
2070-02-01,100.5938034,100.6093979,100.4218979,100.4452972,3683
2070-02-02,100.375,100.4218979,100.1952972,100.375,3021
2070-02-03,100.4688034,100.4688034,100.4218979,100.4608994,1328
2070-02-04,100.4218979,100.4375,100.375,100.4061966,2479
2070-02-05,100.2733994,100.2968979,100.1718979,100.1875,3415
2070-02-06,100.1952972,100.2733994,100.1406021,100.1561966,1561
2070-02-07,100.1172028,100.25,100.1016006,100.25,1690
2070-02-08,100.4843979,100.4843979,100.3281021,100.3281021,1959
2070-02-09,100.1406021,100.1561966,100.0468979,100.1172028,2109
2070-02-10,100.2266006,100.25,100.125,100.1327972,345
2070-02-11,100.0156021,100.1641006,99.9922028,100.1641006,2009
2070-02-12,100.1797028,100.1952972,100.0781021,100.1172028,833
2070-02-13,100.1093979,100.1483994,100.0938034,100.1172028,1368
2070-02-14,100.1016006,100.1172028,100.0781021,100.1172028,2071
2070-02-15,100.1483994,100.2266006,100.1406021,100.2266006,844
2070-02-16,100.0938034,100.0938034,100.0468979,100.0468979,2286
2070-02-17,100.4922028,100.4922028,100.3202972,100.3281021,1065
2070-02-18,99.9452972,100.0077972,99.8983994,99.9218979,2168
2070-02-19,99.8827972,99.9297028,99.875,99.8906021,1438
2070-02-20,99.9766006,100.0,99.9218979,99.9297028,1391
2070-02-21,99.875,99.9608994,99.8281021,99.8438034,1718
2070-02-22,99.875,99.9922028,99.8125,99.9766006,1768
2070-02-23,99.9608994,99.9922028,99.6718979,99.7188034,1929
2070-02-24,99.7811966,99.8047028,99.7343979,99.7656021,2590
2070-02-25,99.75,99.9297028,99.75,99.9297028,2047
2070-02-26,100.0,100.0077972,99.9297028,99.9843979,1605
2070-02-27,100.0233994,100.0625,99.8593979,99.9061966,1551
2070-02-28,99.8827972,99.9218979,99.8593979,99.8906021,1184
2070-03-01,99.8827972,99.9608994,99.7891006,99.9608994,1934
2070-03-02,99.9531021,100.0,99.9297028,99.9375,489
2070-03-03,99.8125,99.8125,99.7266006,99.75,703
2070-03-04,99.7108994,99.7811966,99.6797028,99.7422028,1349
2070-03-05,99.7733994,99.7733994,99.6797028,99.6952972,547
2070-03-06,99.7733994,99.9766006,99.7656021,99.8358994,1044
2070-03-07,99.8125,99.9531021,99.7968979,99.9141006,1099
2070-03-08,99.8827972,99.9608994,99.8593979,99.9218979,1788
2070-03-09,99.9608994,100.0858994,99.9061966,100.0702972,1449
2070-03-10,100.0702972,100.1641006,100.0391006,100.1483994,2558
2070-03-11,100.1641006,100.1797028,100.1093979,100.1797028,2863
2070-03-12,100.1718979,100.1797028,100.0858994,100.1093979,1626
2070-03-13,100.1406021,100.1406021,100.1016006,100.125,838
2070-03-14,100.3516006,100.4843979,100.2108994,100.25,1123
2070-03-15,100.1797028,100.2266006,100.1797028,100.2188034,697
2070-03-16,100.1483994,100.1718979,100.1172028,100.1327972,1309
2070-03-17,100.1718979,100.1797028,100.1016006,100.1327972,1237
2070-03-18,100.2422028,100.3281021,100.2188034,100.3281021,2475
2070-03-19,100.2968979,100.4531021,100.2968979,100.3516006,1871
2070-03-20,100.4688034,100.4766006,100.3827972,100.4061966,3021
2070-03-21,100.3202972,100.3672028,100.2656021,100.3047028,811
2070-03-22,100.3202972,100.3281021,100.2733994,100.2811966,1635
2070-03-23,100.2811966,100.2968979,100.2656021,100.2811966,5131
2070-03-24,100.2422028,100.2422028,100.2108994,100.2343979,6684
2070-03-25,100.2656021,100.2733994,100.1875,100.2031021,4436
2070-03-26,100.2108994,100.2188034,99.8827972,99.8983994,11449
2070-03-27,99.875,99.9141006,99.8438034,99.8593979,4236
2070-03-28,99.8281021,99.8438034,99.7343979,99.8047028,4114
2070-03-29,99.3593979,99.3983994,99.3047028,99.375,4008
2070-03-30,99.1797028,99.2577972,99.1483994,99.1641006,4649
2070-03-31,99.2108994,99.2108994,99.1327972,99.1875,2802
2070-04-01,99.2811966,99.2811966,99.1483994,99.1797028,3165
2070-04-02,99.0938034,99.2577972,98.9061966,99.2188034,1794
2070-04-03,99.3358994,99.3438034,99.2811966,99.2811966,1149
2070-04-04,99.25,99.2733994,99.1641006,99.2656021,3481
2070-04-05,99.2108994,99.2733994,99.1952972,99.2188034,3735
2070-04-06,99.4297028,99.4297028,99.1327972,99.1327972,2498
2070-04-07,99.1406021,99.2811966,99.1406021,99.1875,1988
2070-04-08,99.0625,99.0702972,98.9922028,99.0547028,992
2070-04-09,99.0547028,99.1327972,99.0156021,99.1016006,1645
2070-04-10,99.1952972,99.2577972,99.1406021,99.1641006,1660
2070-04-11,99.1718979,99.1797028,99.0391006,99.125,2684
2070-04-12,99.0391006,99.0391006,98.9688034,99.0,2730
2070-04-13,99.125,99.1406021,99.0781021,99.1327972,5655
2070-04-14,99.1641006,99.2343979,99.0391006,99.0625,3389
2070-04-15,99.0858994,99.1016006,98.9608994,99.0468979,1161
2070-04-16,99.1327972,99.2031021,98.9843979,98.9843979,6194
2070-04-17,99.1172028,99.2108994,99.1093979,99.1561966,2077
2070-04-18,99.3516006,99.4061966,99.2733994,99.3827972,4593
2070-04-19,99.0468979,99.0858994,99.0,99.0625,3564
2070-04-20,99.0547028,99.125,99.0547028,99.1016006,839
2070-04-21,99.0625,99.1093979,98.9297028,98.9688034,1919
2070-04-22,99.0077972,99.0547028,99.0077972,99.0311966,474
2070-04-23,99.0156021,99.0391006,98.9452972,98.9608994,3190
2070-04-24,99.0,99.0391006,98.9922028,98.9922028,1737
2070-04-25,99.0781021,99.0858994,99.0468979,99.0702972,1015
2070-04-26,99.1016006,99.1406021,98.9608994,98.9843979,1036
2070-04-27,98.9375,98.9375,98.8906021,98.9061966,2324
2070-04-28,98.9452972,99.125,98.9452972,99.0781021,1800
2070-04-29,98.9922028,99.0233994,98.8983994,98.9766006,1302
2070-04-30,98.9375,99.0625,98.9141006,99.0156021,2173
2070-05-01,99.0156021,99.0781021,99.0,99.0547028,1316
2070-05-02,99.0781021,99.0858994,98.9922028,98.9922028,1478
2070-05-03,98.8827972,98.9375,98.875,98.9297028,1208
2070-05-04,98.9608994,98.9843979,98.8906021,98.9061966,2693
2070-05-05,98.9688034,98.9843979,98.875,98.875,1027
2070-05-06,98.8047028,98.8438034,98.7891006,98.8047028,1833
2070-05-07,98.7577972,98.8202972,98.7266006,98.8125,977
2070-05-08,98.7891006,99.1327972,98.7733994,99.1016006,4504
2070-05-09,98.9688034,99.1483994,98.8593979,99.1093979,3284
2070-05-10,99.2891006,99.3358994,99.2577972,99.3047028,2176
2070-05-11,99.2343979,99.3281021,99.1641006,99.2577972,2841
2070-05-12,99.2656021,99.3593979,99.2108994,99.2577972,1005
2070-05-13,99.1797028,99.1952972,99.1327972,99.1875,1562
2070-05-14,99.1875,99.1952972,99.0938034,99.1172028,842
2070-05-15,99.0,99.1641006,99.0,99.1641006,1953
2070-05-16,99.1327972,99.2891006,99.125,99.2656021,4060
2070-05-17,99.2031021,99.3047028,99.2031021,99.3047028,1095
2070-05-18,99.3593979,99.4141006,99.2343979,99.2422028,1126
2070-05-19,99.2422028,99.3593979,99.2422028,99.2968979,1548
2070-05-20,99.2656021,99.3438034,99.1016006,99.3438034,5692
2070-05-21,99.3593979,99.3672028,99.2811966,99.2891006,1064
2070-05-22,99.2108994,99.3047028,99.2108994,99.2422028,1486
2070-05-23,99.2968979,99.5391006,99.2266006,99.375,3989
2070-05-24,99.4141006,99.4141006,99.2811966,99.3125,3178
2070-05-25,99.2811966,99.3516006,99.2811966,99.3047028,6858
2070-05-26,99.2968979,99.3593979,99.2968979,99.3281021,2091
2070-05-27,99.375,99.3827972,99.2733994,99.2891006,3672
2070-05-28,99.2811966,99.3281021,99.2656021,99.2656021,9416
2070-05-29,99.1641006,99.2577972,99.1641006,99.25,6377
2070-05-30,99.2343979,99.4297028,99.2343979,99.3906021,7883
2070-05-31,99.4688034,99.5233994,99.3827972,99.4375,4432
2070-06-01,99.3827972,99.4608994,99.3827972,99.4608994,6446
2070-06-02,99.4843979,99.4843979,99.4141006,99.4531021,3714
2070-06-03,99.4297028,99.4375,99.375,99.4218979,5518
2070-06-04,99.4688034,99.6483994,99.3125,99.6483994,7763
2070-06-05,99.6561966,99.6561966,99.5547028,99.5702972,3302
2070-06-06,99.5547028,99.5938034,99.5,99.5156021,3478
2070-06-07,99.5156021,99.5391006,99.4922028,99.5,4139
2070-06-08,99.5391006,99.7656021,99.5391006,99.7422028,4277
2070-06-09,99.7656021,99.9375,99.75,99.8438034,4324
2070-06-10,99.9608994,99.9843979,99.9452972,99.9766006,926
2070-06-11,99.8125,99.8906021,99.7108994,99.7733994,1858
2070-06-12,99.7811966,99.8125,99.7031021,99.8047028,1801
2070-06-13,99.8125,99.8516006,99.7656021,99.8125,2508
2070-06-14,99.7968979,99.8593979,99.7968979,99.8516006,842
2070-06-15,99.7968979,99.8281021,99.7733994,99.7811966,1159
2070-06-16,99.7188034,99.8047028,99.7188034,99.7733994,835
2070-06-17,99.7266006,99.8281021,99.7031021,99.7343979,2279
2070-06-18,99.8125,99.8202972,99.75,99.7968979,7668
2070-06-19,99.7811966,99.8593979,99.7811966,99.8358994,1120
2070-06-20,99.9688034,99.9766006,99.8281021,99.8672028,7112
2070-06-21,100.0077972,100.1327972,99.9843979,100.1172028,2503
2070-06-22,99.9061966,99.9061966,99.8202972,99.875,4249
2070-06-23,99.8202972,100.0702972,99.8202972,100.0391006,3326
2070-06-24,100.0625,100.1483994,100.0625,100.125,958
2070-06-25,100.1172028,100.1327972,99.9843979,100.1093979,1948
2070-06-26,100.1327972,100.1797028,100.1172028,100.1561966,3529
2070-06-27,100.1093979,100.1406021,100.0625,100.1093979,1884
2070-06-28,100.1718979,100.1718979,100.0625,100.1406021,1724
2070-06-29,100.1327972,100.1327972,100.0858994,100.0858994,622
2070-06-30,100.0702972,100.125,99.9061966,100.1093979,3089
2070-07-01,100.1718979,100.25,100.1327972,100.2422028,3729
2070-07-02,100.2188034,100.2422028,100.1641006,100.2031021,4268
2070-07-03,100.1406021,100.1797028,100.125,100.1406021,1024
2070-07-04,100.1172028,100.125,100.0781021,100.0858994,747
2070-07-05,100.1327972,100.2968979,100.1016006,100.2891006,2859
2070-07-06,100.1718979,100.25,100.1718979,100.1952972,1446
2070-07-07,100.2188034,100.2656021,100.1875,100.2343979,2115
2070-07-08,100.1952972,100.2577972,100.1641006,100.1875,680
2070-07-09,100.2188034,100.2811966,100.2188034,100.2811966,1542
2070-07-10,100.2656021,100.3516006,100.2656021,100.3516006,1353
2070-07-11,100.4141006,100.4688034,100.3827972,100.4375,4902
2070-07-12,100.5233994,100.5858994,100.4297028,100.5468979,3060
2070-07-13,100.5233994,100.5311966,100.2266006,100.2266006,10273
2070-07-14,100.1406021,100.1641006,100.0468979,100.1016006,3916
2070-07-15,100.1327972,100.1483994,100.1093979,100.1327972,2071
2070-07-16,100.1016006,100.1483994,100.0702972,100.1093979,1254
2070-07-17,100.1561966,100.2188034,100.1093979,100.1093979,2015
2070-07-18,100.0938034,100.0938034,99.8827972,99.9608994,2717
2070-07-19,99.9531021,100.0468979,99.9375,100.0233994,1483
2070-07-20,100.0468979,100.1016006,99.9766006,99.9843979,1678
2070-07-21,99.9218979,100.1641006,99.9218979,100.0938034,3391
2070-07-22,100.0547028,100.1641006,100.0547028,100.1561966,2366
2070-07-23,100.25,100.2968979,100.1406021,100.2891006,1507
2070-07-24,100.2733994,100.3516006,100.2577972,100.3125,2821
2070-07-25,100.3438034,100.3438034,100.2343979,100.2733994,2735
2070-07-26,100.2577972,100.2733994,100.1797028,100.1875,3887
2070-07-27,100.1641006,100.1875,100.0938034,100.1172028,7961
2070-07-28,100.0938034,100.0938034,99.9922028,100.0702972,7687
2070-07-29,100.0781021,100.0781021,99.9922028,100.0,6181
2070-07-30,100.0077972,100.0468979,99.9688034,100.0156021,9747
2070-07-31,99.9531021,99.9843979,99.9061966,99.9297028,6828
2070-08-01,100.0,100.1172028,99.9452972,100.1172028,10939
2070-08-02,100.0311966,100.1641006,100.0,100.0468979,4008
2070-08-03,100.1875,100.2266006,100.0625,100.2108994,5078
2070-08-04,99.9922028,100.0156021,99.9531021,99.9531021,3641
2070-08-05,99.9061966,99.9375,99.8827972,99.9218979,4547
2070-08-06,99.875,100.0547028,99.875,99.9061966,5316
2070-08-07,99.9375,99.9766006,99.9297028,99.9375,3393
2070-08-08,99.9375,99.9452972,99.9061966,99.9218979,3047
2070-08-09,99.9688034,99.9843979,99.9452972,99.9608994,1853
2070-08-10,99.8358994,99.8438034,99.7891006,99.8281021,2821
2070-08-11,99.7422028,99.9218979,99.7266006,99.8983994,2748
2070-08-12,100.0311966,100.0468979,100.0156021,100.0468979,1389
2070-08-13,100.0858994,100.3358994,100.0858994,100.3202972,6187
2070-08-14,100.3047028,100.3438034,100.2108994,100.2811966,10305
2070-08-15,100.375,100.4141006,100.3358994,100.3516006,1842
2070-08-16,100.2422028,100.2656021,100.2108994,100.25,670
2070-08-17,100.3202972,100.3672028,100.3202972,100.3593979,367
2070-08-18,100.3281021,100.3281021,100.2577972,100.2656021,1374
2070-08-19,100.2811966,100.3827972,100.2577972,100.375,1790
2070-08-20,100.3438034,100.3438034,100.1875,100.2188034,4261
2070-08-21,100.2733994,100.3906021,100.2733994,100.3672028,853
2070-08-22,100.2656021,100.375,100.2656021,100.3593979,1221
2070-08-23,100.5938034,100.625,100.5391006,100.5625,4097
2070-08-24,100.3672028,100.5233994,100.3672028,100.4922028,3108
2070-08-25,100.4061966,100.4608994,100.3906021,100.4375,3287
2070-08-26,100.4531021,100.7108994,100.3672028,100.5,5390
2070-08-27,100.5,100.6016006,100.5,100.5625,1510
2070-08-28,100.5468979,100.5938034,100.5311966,100.5781021,3019
2070-08-29,100.6406021,100.6718979,100.3906021,100.4141006,3954
2070-08-30,100.3827972,100.3827972,100.2266006,100.3516006,3295
2070-08-31,100.3125,100.3438034,100.0702972,100.2266006,5404
2070-09-01,100.3125,100.4218979,100.3125,100.3672028,2648
2070-09-02,100.4452972,100.4531021,100.3047028,100.3593979,2155
2070-09-03,100.2656021,100.3593979,100.1797028,100.2733994,2340
2070-09-04,100.2577972,100.2577972,100.1016006,100.1327972,1585
2070-09-05,100.1327972,100.1641006,100.1172028,100.1561966,1113
2070-09-06,100.1641006,100.1875,100.1093979,100.1483994,2330
2070-09-07,100.1875,100.2031021,100.1327972,100.1952972,381
2070-09-08,100.1483994,100.4531021,100.1406021,100.3516006,4434
2070-09-09,100.4061966,100.5,100.3125,100.4375,2683
2070-09-10,100.7891006,100.9608994,100.7422028,100.9531021,4881
2070-09-11,101.0547028,101.0547028,100.5077972,100.5077972,3917
2070-09-12,100.4688034,100.7422028,100.4452972,100.5938034,3315
2070-09-13,100.6406021,100.7968979,100.4061966,100.6797028,4635
2070-09-14,100.6952972,100.7422028,100.5468979,100.6641006,2695
2070-09-15,100.6483994,100.6483994,100.4766006,100.5468979,5112
2070-09-16,100.4922028,100.5311966,100.4297028,100.4375,4069
2070-09-17,100.4922028,100.5311966,100.4218979,100.4843979,1503
2070-09-18,100.4452972,100.5156021,100.4218979,100.4766006,2400
2070-09-19,100.4608994,100.5781021,100.3358994,100.4531021,2748
2070-09-20,100.4297028,100.4531021,100.4061966,100.4375,1276
2070-09-21,100.5077972,100.5233994,100.4218979,100.5077972,3359
2070-09-22,100.4766006,100.6093979,100.4375,100.5077972,1896
2070-09-23,100.5233994,100.6327972,100.5,100.5156021,3131
2070-09-24,100.5,100.5468979,100.4375,100.5391006,1947
2070-09-25,100.5156021,100.5468979,100.4531021,100.4843979,1170
2070-09-26,100.4531021,100.5,100.4452972,100.4922028,1266
2070-09-27,100.4843979,100.5,100.4141006,100.4297028,4089
2070-09-28,100.4688034,100.5781021,100.4141006,100.5702972,10730
2070-09-29,100.625,100.625,100.5233994,100.5311966,8699
2070-09-30,100.5,100.5391006,100.4608994,100.4843979,12863
2070-10-01,100.4766006,100.5,100.3827972,100.4375,3222
2070-10-02,100.1797028,100.2422028,100.1561966,100.2108994,2980
2070-10-03,100.2108994,100.2188034,100.1718979,100.2188034,6122
2070-10-04,100.2108994,100.2733994,100.1952972,100.2733994,2486
2070-10-05,100.2733994,100.3983994,100.2733994,100.3281021,6021
2070-10-06,100.3281021,100.3516006,99.8983994,100.2031021,9168
2070-10-07,100.1561966,100.2188034,100.125,100.125,1482
2070-10-08,100.1093979,100.2031021,100.1093979,100.1718979,2012
2070-10-09,100.1718979,100.3125,100.1718979,100.2891006,3366
2070-10-10,100.2891006,100.4843979,100.25,100.4141006,2446
2070-10-11,100.3827972,100.5233994,100.3827972,100.5077972,3263
2070-10-12,100.5311966,100.5311966,100.4375,100.4375,2148
2070-10-13,100.4218979,100.4297028,100.3438034,100.3983994,2232
2070-10-14,100.3983994,100.4452972,100.3358994,100.3983994,2937
2070-10-15,100.3358994,100.4375,100.3281021,100.4141006,1510
2070-10-16,100.4531021,100.5468979,100.4375,100.4531021,2660
2070-10-17,100.4608994,100.5077972,100.3672028,100.3906021,3527
2070-10-18,100.4297028,100.4766006,100.3827972,100.4141006,7487
2070-10-19,100.3906021,100.4297028,100.3827972,100.4061966,480
2070-10-20,100.3672028,100.375,100.3516006,100.3672028,2955
2070-10-21,100.3672028,100.4061966,100.2422028,100.3202972,3071
2070-10-22,100.3125,100.4218979,100.3125,100.4141006,968
2070-10-23,100.5781021,100.8202972,100.5781021,100.8125,3531
2070-10-24,100.8358994,100.9843979,100.7968979,100.9297028,2173
2070-10-25,100.7891006,100.9061966,100.7891006,100.8438034,4939
2070-10-26,100.8827972,101.0938034,100.8516006,101.0625,5320
2070-10-27,101.2266006,101.4452972,101.0077972,101.4297028,8953
2070-10-28,101.3906021,101.6016006,101.2188034,101.2968979,5967
2070-10-29,101.25,101.2891006,101.0858994,101.1561966,3593
2070-10-30,101.3516006,101.375,101.1561966,101.2811966,3357
2070-10-31,101.1483994,101.1875,101.0468979,101.125,3863
2070-11-01,101.0781021,101.0781021,100.8827972,100.9375,2705
2070-11-02,100.9843979,101.0781021,100.9218979,100.9297028,2383
2070-11-03,100.8358994,100.9218979,100.7733994,100.8983994,1731
2070-11-04,100.9922028,101.1093979,100.9688034,101.0625,6643
2070-11-05,101.0858994,101.0858994,100.8358994,100.8672028,3326
2070-11-06,100.8906021,100.9375,100.8672028,100.9375,4273
2070-11-07,100.9141006,100.9297028,100.7188034,100.7422028,4345
2070-11-08,100.7577972,100.8125,100.6561966,100.7577972,2088
2070-11-09,100.9688034,101.2343979,100.9297028,100.9688034,4211
2070-11-10,100.9608994,100.9922028,100.9141006,100.9843979,1272
2070-11-11,101.0547028,101.0547028,100.9297028,100.9452972,1396
2070-11-12,100.9531021,101.0625,100.9218979,100.9688034,5943
2070-11-13,100.9061966,101.0,100.8593979,100.9531021,3011
2070-11-14,100.9375,100.9766006,100.875,100.875,5147
2070-11-15,100.9375,100.9452972,100.5625,100.8827972,1323
2070-11-16,100.9061966,100.9061966,100.8125,100.8516006,859
2070-11-17,100.8281021,100.8827972,100.8047028,100.8516006,1267
2070-11-18,100.8202972,100.9218979,100.8202972,100.8672028,2238
2070-11-19,100.8516006,100.9608994,100.8202972,100.8672028,2406
2070-11-20,100.8516006,100.9608994,100.7656021,100.9061966,2727
2070-11-21,101.0547028,101.0625,100.9922028,101.0233994,2505
2070-11-22,100.9531021,101.0,100.875,100.8906021,5647
2070-11-23,100.8672028,100.9061966,100.8125,100.8281021,2618
2070-11-24,100.8672028,100.8672028,100.8125,100.8358994,1725
2070-11-25,100.8983994,100.9608994,100.75,100.7577972,2918
2070-11-26,100.8125,100.9375,100.5391006,100.5625,21979
2070-11-27,100.5938034,100.6483994,100.5938034,100.6483994,5231
2070-11-28,100.6561966,100.7891006,100.5625,100.5938034,5864
2070-11-29,100.5781021,100.6172028,100.5,100.6172028,10642
2070-11-30,100.4141006,100.4141006,100.2968979,100.3047028,8601
2070-12-01,100.1875,100.2188034,100.0625,100.1172028,8601
2070-12-02,100.0781021,100.1641006,100.0077972,100.1093979,3284
2070-12-03,100.0938034,100.2108994,100.0858994,100.125,5993
2070-12-04,100.0938034,100.1797028,99.9688034,100.1483994,4385
2070-12-05,100.1483994,100.2343979,100.1327972,100.2188034,3941
2070-12-06,100.2188034,100.2343979,100.1875,100.2343979,3253
2070-12-07,100.25,100.3281021,100.2422028,100.2968979,2691
2070-12-08,100.3125,100.4061966,100.2656021,100.4061966,3911
2070-12-09,100.3516006,100.3593979,100.2422028,100.3281021,3027
2070-12-10,100.2968979,100.375,100.2811966,100.375,4545
2070-12-11,100.3516006,100.3983994,100.3202972,100.3358994,3701
2070-12-12,100.3281021,100.3358994,100.2811966,100.2968979,814
2070-12-13,100.25,100.2577972,100.1483994,100.2188034,2294
2070-12-14,100.2577972,100.2968979,100.2577972,100.2891006,889
2070-12-15,100.2188034,100.2577972,100.1875,100.2343979,3477
2070-12-16,100.3202972,100.3281021,100.2811966,100.3047028,4918
2070-12-17,100.3358994,100.375,100.1797028,100.2108994,2978
2070-12-18,100.2577972,100.2577972,100.1641006,100.1797028,2204
2070-12-19,100.1406021,100.1718979,100.0781021,100.0938034,3181
2070-12-20,100.1641006,100.2266006,100.0858994,100.125,5140
2070-12-21,100.2031021,100.3358994,100.2031021,100.3281021,2469
2070-12-22,100.6406021,100.7108994,100.6172028,100.7031021,3391
2070-12-23,100.5311966,100.6016006,100.5077972,100.5938034,7998
2070-12-24,100.7031021,100.7733994,100.6797028,100.7656021,3243
2070-12-25,100.6483994,100.7188034,100.625,100.7108994,1076
2070-12-26,100.6641006,100.7343979,100.6406021,100.7266006,1913
2070-12-27,100.5938034,100.6641006,100.5702972,100.6561966,1897
2070-12-28,100.6093979,100.6797028,100.5858994,100.6718979,1794
2070-12-29,100.4688034,100.5391006,100.4452972,100.5311966,1937
2070-12-30,100.4688034,100.5391006,100.4452972,100.5311966,1620
2070-12-31,100.5233994,100.5938034,100.5,100.5858994,924
2071-01-01,100.5156021,100.5858994,100.4922028,100.5781021,1056
2071-01-02,100.4375,100.5077972,100.4141006,100.5,1975
2071-01-03,100.3516006,100.4218979,100.3281021,100.4141006,1842
2071-01-04,100.4297028,100.5,100.4061966,100.4922028,1012
2071-01-05,100.3672028,100.4375,100.3438034,100.4297028,1715
2071-01-06,100.3983994,100.4688034,100.375,100.4608994,1111
2071-01-07,100.3906021,100.4141006,100.2422028,100.3047028,3704
2071-01-08,100.2577972,100.3281021,100.2422028,100.2422028,3681
2071-01-09,100.3358994,100.5625,100.3125,100.3281021,3155
2071-01-10,100.2108994,100.4608994,100.1718979,100.4608994,4666
2071-01-11,100.5233994,100.6016006,100.4766006,100.5,2278
2071-01-12,100.4688034,100.4922028,100.4297028,100.4608994,4138
2071-01-13,100.4531021,100.4766006,100.3983994,100.4297028,5088
2071-01-14,100.3827972,100.5,100.3358994,100.4922028,1967
2071-01-15,100.5,100.5468979,100.4608994,100.4922028,5949
2071-01-16,100.5156021,100.5311966,100.3827972,100.4531021,2107
2071-01-17,100.4922028,100.5,100.3906021,100.3906021,2210
2071-01-18,100.3593979,100.4766006,100.3516006,100.4688034,1732
2071-01-19,100.4608994,100.5468979,100.2422028,100.4843979,1626
2071-01-20,100.5077972,100.5156021,100.4297028,100.4375,3248
2071-01-21,100.4688034,100.4922028,100.4297028,100.4531021,2761
2071-01-22,100.4452972,100.5,100.3827972,100.4922028,2019
2071-01-23,100.4688034,100.4688034,100.3593979,100.4452972,3393
2071-01-24,100.4452972,100.5077972,100.4218979,100.4766006,5756
2071-01-25,100.4766006,100.4922028,100.3593979,100.3827972,15585
2071-01-26,100.375,100.3983994,100.3516006,100.3906021,1922
2071-01-27,100.4452972,100.4608994,100.4297028,100.4531021,5548
2071-01-28,100.4297028,100.5468979,100.4141006,100.5,12867
2071-01-29,100.5391006,100.5468979,100.5,100.5156021,8333
2071-01-30,100.5547028,100.6172028,100.5547028,100.5858994,4103
2071-01-31,101.0938034,101.1327972,101.0547028,101.1093979,5088
2071-02-01,100.9061966,100.9061966,100.8281021,100.8593979,6659
2071-02-02,100.8983994,100.9141006,100.8516006,100.875,3201
2071-02-03,100.8125,100.8827972,100.7108994,100.7733994,4056
2071-02-04,100.7343979,100.7891006,100.5938034,100.7343979,6903
2071-02-05,100.7266006,100.7422028,100.6952972,100.7343979,5608
2071-02-06,100.7343979,100.7422028,100.7031021,100.7266006,3827
2071-02-07,100.75,100.8281021,100.75,100.8202972,6210
2071-02-08,100.9375,101.125,100.9375,101.125,5075
2071-02-09,101.0547028,101.1327972,100.9688034,101.0938034,6558
2071-02-10,101.0781021,101.1483994,101.0077972,101.1016006,4442
2071-02-11,101.1327972,101.1797028,100.9766006,100.9843979,5658
2071-02-12,100.9452972,100.9688034,100.7733994,100.8516006,3385
2071-02-13,100.8281021,100.8672028,100.7891006,100.8438034,3572
2071-02-14,100.8047028,100.8906021,100.7422028,100.8672028,1836
2071-02-15,100.9218979,100.9375,100.8827972,100.8906021,1129
2071-02-16,100.8438034,100.875,100.7968979,100.8358994,1971
2071-02-17,100.9452972,100.9843979,100.9218979,100.9375,1573
2071-02-18,101.0391006,101.1797028,100.9608994,101.0077972,2878
2071-02-19,100.9218979,100.9688034,100.875,100.9141006,2814
2071-02-20,100.8125,100.8281021,100.8047028,100.8125,3750
2071-02-21,100.9531021,101.0,100.8827972,101.0,3952
2071-02-22,101.3281021,101.4375,101.2968979,101.3906021,6521
2071-02-23,100.9452972,101.1172028,100.9375,101.0156021,3668
2071-02-24,101.0233994,101.0468979,101.0233994,101.0391006,750
2071-02-25,101.0391006,101.0391006,100.9688034,100.9922028,2827
2071-02-26,101.0077972,101.0391006,100.9608994,100.9843979,1361
2071-02-27,100.9608994,101.0547028,100.9608994,101.0468979,2290
2071-02-28,101.0625,101.0702972,101.0233994,101.0391006,1372
2071-03-01,101.0311966,101.0547028,100.9218979,100.9297028,2554
2071-03-02,100.9531021,101.0233994,100.9452972,100.9608994,2392
2071-03-03,100.9297028,100.9922028,100.9297028,100.9688034,2690
2071-03-04,101.0077972,101.0311966,100.9452972,100.9531021,2371
2071-03-05,100.9297028,100.9843979,100.9297028,100.9375,1207
2071-03-06,100.9061966,100.9688034,100.9061966,100.9608994,5383
2071-03-07,100.9688034,101.0156021,100.9061966,100.9531021,4195
2071-03-08,100.9452972,101.0547028,100.8358994,100.9141006,3356
2071-03-09,100.9531021,100.9608994,100.8906021,100.9297028,1309
2071-03-10,100.9531021,100.9608994,100.8358994,100.9297028,1343
2071-03-11,100.9531021,101.0077972,100.9531021,100.9766006,1085
2071-03-12,100.9297028,100.9688034,100.9061966,100.9375,3096
2071-03-13,100.9531021,100.9531021,100.875,100.8827972,2344
2071-03-14,100.8516006,100.9061966,100.7343979,100.8906021,3670
2071-03-15,100.9531021,101.0,100.9218979,100.9452972,2307
2071-03-16,100.8983994,100.9922028,100.8906021,100.9766006,2222
2071-03-17,100.9608994,101.0547028,100.8983994,101.0156021,3373
2071-03-18,101.0233994,101.0702972,100.9688034,101.0391006,5126
2071-03-19,101.0625,101.0938034,101.0468979,101.0858994,1764
2071-03-20,101.0233994,101.125,101.0077972,101.125,3699
2071-03-21,101.1483994,101.1641006,101.125,101.1327972,2791
2071-03-22,101.1327972,101.2891006,101.1172028,101.2108994,2319
2071-03-23,101.1952972,101.2031021,101.125,101.1797028,3574
2071-03-24,101.1797028,101.2188034,101.0858994,101.1016006,1667
2071-03-25,101.1406021,101.1952972,101.0858994,101.1718979,4594
2071-03-26,101.1172028,101.2188034,101.1093979,101.1561966,3672
2071-03-27,101.1641006,101.1718979,101.0781021,101.125,2940
2071-03-28,101.1641006,101.1641006,101.0858994,101.1561966,1059
2071-03-29,101.125,101.2343979,101.0858994,101.1561966,6360
2071-03-30,101.1797028,101.625,101.1797028,101.3125,2405
2071-03-31,101.4218979,101.4452972,101.3202972,101.375,8058
2071-04-01,101.3516006,101.4375,101.3358994,101.4218979,13345
2071-04-02,101.4218979,101.5156021,101.3906021,101.4843979,8121
2071-04-03,101.4922028,101.9218979,101.4922028,101.6483994,13470
2071-04-04,101.8125,101.8906021,101.4141006,101.8047028,13530
2071-04-05,101.9375,102.0233994,101.8358994,101.9375,8301
2071-04-06,102.3438034,102.375,102.0938034,102.1641006,5895
2071-04-07,102.0233994,102.0233994,101.8125,101.8983994,14920
2071-04-08,101.8983994,102.0547028,101.8983994,101.9766006,2900
2071-04-09,102.0311966,102.0311966,101.8672028,101.9843979,4279
2071-04-10,102.0,102.0311966,101.9061966,102.0077972,4949
2071-04-11,101.9688034,102.25,101.9061966,102.2343979,13692
2071-04-12,102.2577972,102.6483994,102.2188034,102.625,10174
2071-04-13,102.5625,102.8672028,102.3516006,102.4061966,7244
2071-04-14,102.5077972,102.5233994,102.2811966,102.3983994,6785
2071-04-15,102.25,102.3827972,102.1561966,102.1952972,5906
2071-04-16,102.2422028,102.3202972,102.1093979,102.25,8417
2071-04-17,102.2108994,102.5781021,102.0938034,102.3281021,5740
2071-04-18,102.2656021,102.4688034,102.2577972,102.4218979,4488
2071-04-19,102.5311966,102.6952972,102.2968979,102.375,5264
2071-04-20,102.4452972,102.4688034,102.3202972,102.375,2884
2071-04-21,102.3202972,102.5781021,102.2422028,102.4688034,1787
2071-04-22,102.5391006,102.7188034,102.4766006,102.6952972,3133
2071-04-23,102.7188034,102.8516006,102.5625,102.7108994,4124
2071-04-24,102.7188034,102.7343979,102.6797028,102.6875,1638
2071-04-25,102.7108994,102.7108994,102.4843979,102.6483994,5562
2071-04-26,102.6952972,102.9141006,102.6327972,102.8983994,5480
2071-04-27,103.0391006,103.1952972,102.8906021,103.1797028,3306
2071-04-28,103.5,103.6797028,103.2266006,103.2266006,5186
2071-04-29,103.2108994,103.5781021,102.7968979,103.3906021,4174
2071-04-30,103.2266006,103.3438034,103.1172028,103.2577972,3680
2071-05-01,102.9922028,103.1172028,102.8593979,103.0077972,5308
2071-05-02,102.8202972,103.1406021,102.6093979,102.6327972,11401
2071-05-03,103.1327972,103.2577972,102.8047028,102.8438034,10649
2071-05-04,102.9375,103.0311966,102.8672028,103.0,5949
2071-05-05,103.0625,103.2031021,103.0468979,103.0858994,2533
2071-05-06,103.5702972,103.6016006,103.3827972,103.4452972,3519
2071-05-07,103.4452972,103.7031021,103.3358994,103.5468979,5173
2071-05-08,103.2733994,103.375,103.1641006,103.1797028,1001
2071-05-09,103.3672028,103.4297028,103.1561966,103.2343979,4294
2071-05-10,103.1483994,103.1952972,103.0547028,103.0858994,1747
2071-05-11,103.0,103.0468979,102.9375,102.9531021,2569
2071-05-12,103.0311966,103.0391006,102.8983994,102.9297028,3357
2071-05-13,102.8202972,102.9531021,102.6641006,102.8281021,3444
2071-05-14,102.9608994,103.1172028,102.9531021,103.1016006,2157
2071-05-15,103.1875,103.2031021,103.0781021,103.125,3143
2071-05-16,103.1952972,103.2266006,103.1483994,103.1797028,4732
2071-05-17,103.2422028,103.25,103.0156021,103.0311966,3379
2071-05-18,103.0391006,103.0391006,102.7577972,102.7656021,5184
2071-05-19,102.7188034,102.8358994,102.7031021,102.7577972,4564
2071-05-20,102.625,102.625,102.25,102.4141006,3420
2071-05-21,102.4141006,102.6016006,102.1561966,102.2577972,4777
2071-05-22,102.3047028,102.3047028,102.0311966,102.0938034,4647
2071-05-23,102.0625,102.1718979,102.0156021,102.1718979,4335
2071-05-24,102.2656021,102.3281021,102.1718979,102.2108994,3672
2071-05-25,102.3516006,102.4608994,102.3202972,102.375,2379
2071-05-26,102.4452972,102.4531021,102.2968979,102.3358994,1343
2071-05-27,102.2656021,102.3202972,102.2188034,102.2733994,2811
2071-05-28,102.1483994,102.3593979,102.0233994,102.125,5920
2071-05-29,102.1093979,102.2188034,102.0311966,102.0858994,7283
2071-05-30,102.1641006,102.1875,102.0468979,102.0625,8847
2071-05-31,102.0233994,102.1172028,102.0077972,102.0702972,3980
2071-06-01,102.1016006,102.1875,102.0858994,102.1327972,5926
2071-06-02,102.0156021,102.1016006,102.0156021,102.0156021,7111
2071-06-03,102.1172028,102.1641006,102.0781021,102.0938034,6265
2071-06-04,102.1327972,102.2891006,102.0702972,102.2733994,4192
2071-06-05,102.3593979,102.4843979,102.2422028,102.4141006,4631
2071-06-06,102.4375,102.6875,102.3906021,102.5547028,4359
2071-06-07,102.5781021,102.6718979,102.4608994,102.5311966,3683
2071-06-08,102.5547028,102.5938034,102.2577972,102.3438034,3813
2071-06-09,102.3906021,102.5311966,102.1561966,102.1641006,2814
2071-06-10,102.3906021,102.5311966,102.1561966,102.1641006,3286
2071-06-11,102.3358994,102.3827972,102.2968979,102.3593979,1394
2071-06-12,102.4766006,102.5938034,102.4061966,102.5391006,2520
2071-06-13,102.5547028,102.5858994,102.375,102.4218979,2464
2071-06-14,102.5311966,102.5858994,102.4608994,102.5391006,494
2071-06-15,102.5077972,102.5547028,102.4297028,102.4375,3836
2071-06-16,102.3047028,102.5,102.2891006,102.4375,5147
2071-06-17,102.4375,102.4922028,102.375,102.4218979,2560
2071-06-18,102.3672028,102.3827972,102.2891006,102.3202972,1328
2071-06-19,102.3125,102.3593979,102.1327972,102.1875,1669
2071-06-20,102.0233994,102.125,102.0156021,102.0858994,2060
2071-06-21,102.2108994,102.2577972,101.9218979,101.9218979,2011
2071-06-22,101.9608994,102.2811966,101.75,101.8281021,1825
2071-06-23,101.8672028,101.9843979,101.8438034,101.9843979,510
2071-06-24,101.9218979,102.1016006,101.8983994,102.0781021,2194
2071-06-25,102.125,102.1483994,102.0311966,102.1483994,1887
2071-06-26,102.4608994,102.5156021,102.4218979,102.4843979,3361
2071-06-27,102.4608994,102.4922028,102.3047028,102.4297028,3037
2071-06-28,102.0781021,102.1093979,101.9218979,102.0468979,3568
2071-06-29,102.2108994,102.2422028,102.0547028,102.1797028,4251
2071-06-30,102.1561966,102.1875,102.0,102.125,2022
2071-07-01,102.2108994,102.2422028,102.0547028,102.1797028,4023
2071-07-02,102.0938034,102.125,101.9375,102.0625,4740
2071-07-03,102.2733994,102.3047028,102.1172028,102.2422028,4141
2071-07-04,102.4297028,102.4608994,102.2733994,102.3983994,7724
2071-07-05,102.5547028,102.5858994,102.3983994,102.5233994,3126
2071-07-06,102.3358994,102.3672028,102.1797028,102.3047028,3329
2071-07-07,102.25,102.2811966,102.0938034,102.2188034,3735
2071-07-08,102.1483994,102.1797028,101.9922028,102.1172028,5079
2071-07-09,102.2343979,102.2656021,102.0781021,102.2031021,1289
2071-07-10,102.3125,102.3438034,102.1561966,102.2811966,1951
2071-07-11,102.3672028,102.4297028,102.3202972,102.3358994,199
2071-07-12,102.3672028,102.3672028,102.25,102.2656021,894
2071-07-13,102.2108994,102.3438034,102.1797028,102.2733994,1775
2071-07-14,102.2968979,102.4061966,102.2733994,102.3281021,1505
2071-07-15,102.2031021,102.2733994,102.125,102.2656021,4116
2071-07-16,102.2733994,102.3438034,102.1327972,102.1561966,3484
2071-07-17,102.1016006,102.1406021,102.0391006,102.0391006,3395
2071-07-18,102.0156021,102.0858994,101.9531021,102.0156021,1601
2071-07-19,102.1718979,102.2188034,102.0391006,102.0938034,1823
2071-07-20,102.1483994,102.2108994,102.0156021,102.0468979,1979
2071-07-21,102.0,102.1093979,101.9922028,102.0625,669
2071-07-22,102.0938034,102.1641006,102.0625,102.0781021,2104
2071-07-23,102.1172028,102.1952972,102.0311966,102.1016006,5568
2071-07-24,102.0311966,102.0702972,102.0077972,102.0547028,452
2071-07-25,101.9843979,102.0938034,101.8125,101.8672028,2237
2071-07-26,101.9141006,102.2577972,101.7811966,101.875,3204
2071-07-27,101.8358994,101.9452972,101.8202972,101.9218979,1015
2071-07-28,101.9141006,101.9141006,101.8202972,101.8438034,2513
2071-07-29,101.7968979,101.9141006,101.75,101.8125,7183
2071-07-30,101.7656021,101.8983994,101.7577972,101.8906021,7079
2071-07-31,101.8906021,101.9297028,101.7108994,101.7343979,8022
2071-08-01,101.7811966,101.8358994,101.6406021,101.6561966,7970
2071-08-02,101.7031021,101.7577972,101.4297028,101.5391006,16424
2071-08-03,101.5156021,101.7266006,101.4531021,101.5391006,2383
2071-08-04,101.2733994,101.2733994,101.0781021,101.1561966,3033
2071-08-05,101.1875,101.3202972,101.1561966,101.2031021,5651
2071-08-06,101.2343979,101.2811966,101.1093979,101.1641006,1802
2071-08-07,101.1641006,101.2266006,101.0858994,101.1327972,1432
2071-08-08,101.1718979,101.5233994,101.1561966,101.2811966,2730
2071-08-09,101.3202972,101.3906021,101.2968979,101.3358994,1482
2071-08-10,101.3047028,101.5468979,101.2733994,101.5156021,1944
2071-08-11,101.5233994,101.5547028,101.4218979,101.4766006,2542
2071-08-12,101.4297028,101.4843979,101.375,101.4452972,3334
2071-08-13,101.4608994,101.5391006,101.4297028,101.5311966,1700
2071-08-14,101.5468979,101.625,101.4922028,101.5781021,2020
2071-08-15,101.5625,101.6172028,101.4766006,101.5938034,2240
2071-08-16,101.6172028,101.6483994,101.5233994,101.5311966,1909
2071-08-17,101.5077972,101.5858994,101.5077972,101.5468979,1239
2071-08-18,101.5468979,101.5858994,101.4608994,101.4688034,2668
2071-08-19,101.4688034,101.4766006,101.3827972,101.3983994,415
2071-08-20,101.5311966,101.5311966,101.5311966,101.5311966,1803
2071-08-21,101.6483994,101.75,101.6172028,101.6406021,3086
2071-08-22,101.6327972,101.6561966,101.5156021,101.5311966,1151
2071-08-23,101.5547028,101.6875,101.5233994,101.5702972,1544
2071-08-24,101.625,101.625,101.5156021,101.5547028,1900
2071-08-25,101.6093979,101.7108994,101.5858994,101.7031021,1088
2071-08-26,101.7891006,101.8047028,101.6172028,101.7188034,2766
2071-08-27,101.7422028,101.7733994,101.6172028,101.6952972,2487
2071-08-28,101.6718979,101.6875,101.625,101.6641006,1006
2071-08-29,101.6641006,101.7266006,101.6016006,101.6797028,2548
2071-08-30,101.7968979,101.7968979,101.7108994,101.7266006,2837
2071-08-31,101.7188034,101.8516006,101.6641006,101.8281021,3841
2071-09-01,101.7811966,101.8516006,101.7422028,101.7968979,1696
2071-09-02,101.7891006,101.8281021,101.7108994,101.7108994,3241
2071-09-03,101.7188034,101.7891006,101.6641006,101.7031021,2386
2071-09-04,101.7031021,101.7343979,101.6875,101.6952972,1548
2071-09-05,101.7343979,101.75,101.6718979,101.7108994,5605
2071-09-06,101.6327972,101.6327972,101.5233994,101.5625,7067
2071-09-07,101.5156021,101.6016006,101.4766006,101.6016006,4075
2071-09-08,101.6797028,101.7266006,101.6483994,101.6718979,2796
2071-09-09,101.6483994,101.6718979,101.5781021,101.5938034,1936
2071-09-10,101.6093979,101.6093979,101.4766006,101.4922028,4130
2071-09-11,101.4843979,101.5233994,101.4608994,101.5,1431
2071-09-12,101.5156021,101.5468979,101.4297028,101.5391006,729
2071-09-13,101.5547028,101.5702972,101.5077972,101.5468979,1202
2071-09-14,101.625,101.6718979,101.5625,101.5858994,1564
2071-09-15,101.6093979,101.7891006,101.6093979,101.7266006,5590
2071-09-16,101.7891006,101.8358994,101.4843979,101.5311966,3359
2071-09-17,101.4766006,101.5468979,101.4218979,101.5,1167
2071-09-18,101.5077972,101.5391006,101.4141006,101.4297028,5505
2071-09-19,101.4608994,101.5,101.4141006,101.4688034,1433
2071-09-20,101.4843979,101.5233994,101.2811966,101.3125,5098
2071-09-21,101.3125,101.4297028,101.2811966,101.3047028,4505
2071-09-22,101.3438034,101.4141006,101.2733994,101.3827972,2459
2071-09-23,101.4375,101.4375,101.2968979,101.3202972,2829
2071-09-24,101.3125,101.3827972,101.2031021,101.3281021,2464
2071-09-25,101.3202972,101.4766006,101.3202972,101.4531021,2143
2071-09-26,101.4375,101.4531021,101.0858994,101.1483994,3624
2071-09-27,101.1483994,101.1797028,101.1093979,101.1718979,3192
2071-09-28,101.0625,101.2188034,100.9843979,101.0311966,2633
2071-09-29,100.9375,101.0,100.9061966,100.9922028,3432
2071-09-30,101.0858994,101.1093979,101.0156021,101.0702972,1788
2071-10-01,101.0625,101.25,101.0625,101.1797028,3367
2071-10-02,101.2188034,101.2343979,101.1093979,101.2031021,4504
2071-10-03,101.2422028,101.2656021,101.1483994,101.1952972,7429
2071-10-04,101.2577972,101.2577972,101.1093979,101.125,12934
2071-10-05,101.1172028,101.125,100.9297028,100.9688034,11972
2071-10-06,101.0,101.0,100.8906021,100.9843979,6783
2071-10-07,100.75,100.75,100.4297028,100.5156021,5460
2071-10-08,100.4922028,100.5156021,100.3358994,100.4452972,6228
2071-10-09,100.4297028,100.5077972,100.4061966,100.4452972,3509
2071-10-10,100.4843979,100.5625,100.3983994,100.4452972,1740
2071-10-11,100.3672028,100.5,100.3672028,100.4297028,2212
2071-10-12,100.4375,100.4922028,100.4061966,100.4141006,2328
2071-10-13,100.3672028,100.4375,100.2811966,100.3516006,3744
2071-10-14,100.3125,100.3202972,100.1561966,100.2733994,2700
2071-10-15,100.2811966,100.3672028,100.1561966,100.1952972,4135
2071-10-16,100.3125,100.375,100.2811966,100.3281021,1312
2071-10-17,100.2733994,100.375,100.2733994,100.2891006,2534
2071-10-18,100.3281021,100.5077972,100.2968979,100.4218979,2869
2071-10-19,100.3438034,100.5781021,100.3202972,100.5702972,4109
2071-10-20,100.5781021,100.5858994,100.4375,100.4452972,3215
2071-10-21,100.4843979,100.4843979,100.2968979,100.3672028,5295
2071-10-22,100.4141006,100.4141006,100.2733994,100.3047028,2000
2071-10-23,100.2891006,100.2891006,100.1172028,100.2031021,1418
2071-10-24,100.1797028,100.2811966,100.1093979,100.1561966,2307
2071-10-25,100.2733994,100.3672028,100.2108994,100.2968979,3804
2071-10-26,100.3125,100.3906021,100.25,100.3672028,2406
2071-10-27,100.2733994,100.3358994,100.2108994,100.2968979,2673
2071-10-28,100.7188034,100.7188034,100.2656021,100.6875,8130
2071-10-29,100.8202972,100.8202972,100.6875,100.8125,4865
2071-10-30,100.5625,100.5625,100.5547028,100.5625,2638
2071-10-31,100.6016006,100.6016006,100.375,100.4608994,566
2071-11-01,100.4218979,100.4452972,100.3983994,100.4375,1606
2071-11-02,100.4766006,100.5468979,100.3906021,100.5311966,1409
2071-11-03,100.5311966,100.5547028,100.5311966,100.5311966,2475
2071-11-04,100.4688034,100.7266006,100.4688034,100.6718979,2109
2071-11-05,100.6641006,100.8202972,100.6641006,100.7108994,3004
2071-11-06,100.75,100.7733994,100.6406021,100.6561966,1357
2071-11-07,100.6483994,100.7733994,100.6327972,100.6797028,1637
2071-11-08,100.5625,100.6952972,100.5625,100.6875,507
2071-11-09,100.7733994,100.8358994,100.7733994,100.8202972,758
2071-11-10,100.7811966,100.8827972,100.7266006,100.875,1471
2071-11-11,100.8827972,100.8906021,100.7811966,100.8516006,2128
2071-11-12,100.8827972,100.9922028,100.6718979,100.75,3383
2071-11-13,100.7031021,100.7188034,100.5781021,100.6327972,3173
2071-11-14,100.625,100.625,100.5311966,100.5858994,1205
2071-11-15,100.625,100.7031021,100.625,100.6875,1384
2071-11-16,100.7108994,100.7188034,100.6718979,100.6952972,1980
2071-11-17,100.7108994,100.7108994,100.4061966,100.5938034,3107
2071-11-18,100.6406021,100.6406021,100.5077972,100.5781021,3440
2071-11-19,100.4766006,100.5391006,100.3516006,100.5,1302
2071-11-20,100.5156021,100.5468979,100.4531021,100.4922028,838
2071-11-21,100.4688034,100.5547028,100.4375,100.5077972,3612
2071-11-22,100.5311966,100.7188034,100.5,100.6797028,6107
2071-11-23,100.6327972,100.6952972,100.2968979,100.375,1534
2071-11-24,100.3672028,100.3672028,100.2188034,100.2422028,3011
2071-11-25,100.2422028,100.3516006,100.1641006,100.25,2052
2071-11-26,100.2266006,100.2891006,100.1797028,100.2891006,2564
2071-11-27,100.4061966,100.4061966,100.2577972,100.2811966,2975
2071-11-28,100.25,100.4531021,100.2422028,100.4297028,1085
2071-11-29,100.4297028,100.4297028,100.2968979,100.3593979,5207
2071-11-30,100.3672028,100.4922028,100.3125,100.4688034,3272
2071-12-01,100.4141006,100.5233994,100.3983994,100.5156021,1543
2071-12-02,100.5468979,100.6093979,100.4531021,100.5156021,6632
2071-12-03,100.5391006,100.5625,100.4922028,100.5547028,2574
2071-12-04,100.6016006,100.6016006,100.5311966,100.5391006,1827
2071-12-05,100.4297028,100.6327972,100.375,100.5625,6608
2071-12-06,100.6797028,100.7968979,100.6561966,100.7891006,10710
2071-12-07,100.8202972,100.8202972,100.6952972,100.7577972,9301
2071-12-08,100.6952972,100.6952972,100.5547028,100.5858994,10756
2071-12-09,100.6093979,100.6093979,100.4297028,100.4688034,4856
2071-12-10,100.4297028,100.4922028,100.3202972,100.4061966,3113
2071-12-11,100.3281021,100.375,100.2968979,100.3281021,2039
2071-12-12,100.3516006,100.3672028,100.2422028,100.3125,5744
2071-12-13,100.25,100.5311966,100.2266006,100.4531021,2980
2071-12-14,100.5391006,100.5391006,100.4297028,100.4452972,2656
2071-12-15,100.4297028,100.4922028,100.375,100.4608994,3592
2071-12-16,100.4218979,100.4218979,100.2968979,100.3672028,3966
2071-12-17,100.3438034,100.5077972,100.3125,100.4843979,4320
2071-12-18,100.4922028,100.4922028,100.4375,100.4688034,1384
2071-12-19,100.4766006,100.5233994,100.3827972,100.4061966,6111
2071-12-20,100.3516006,100.5156021,100.3516006,100.4452972,1244
2071-12-21,100.4218979,100.5391006,100.4218979,100.5077972,2068
2071-12-22,100.5702972,100.5702972,100.4766006,100.4922028,1353
2071-12-23,100.4843979,100.5,100.375,100.3906021,746
2071-12-24,100.4452972,100.4452972,100.3516006,100.4218979,1188
2071-12-25,100.4218979,100.4531021,100.4218979,100.4452972,308
2071-12-26,100.4766006,100.5702972,100.4608994,100.5547028,1629
2071-12-27,100.7343979,100.7343979,100.5858994,100.7031021,2663
2071-12-28,100.75,100.8047028,100.5468979,100.6016006,2181
2071-12-29,100.6016006,100.6327972,100.4922028,100.5391006,1455
2071-12-30,100.6483994,100.6483994,100.5077972,100.5233994,2458
2071-12-31,100.4766006,100.6016006,100.4218979,100.5858994,3338
2072-01-01,100.4608994,100.4608994,100.2891006,100.3281021,2441
2072-01-02,100.3281021,100.3906021,100.3125,100.3827972,1352
2072-01-03,100.4297028,100.4531021,100.2108994,100.25,1502
2072-01-04,100.2031021,100.2343979,100.1406021,100.1483994,1349
2072-01-05,100.1483994,100.2266006,100.1093979,100.1875,2223
2072-01-06,100.1641006,100.3358994,100.0938034,100.1952972,438
2072-01-07,100.1875,100.1875,100.125,100.1797028,3272
2072-01-08,100.2266006,100.2343979,100.0938034,100.1016006,1816
2072-01-09,100.1327972,100.1406021,100.0156021,100.0468979,2275
2072-01-10,100.0468979,100.2343979,99.8358994,100.1952972,1972
2072-01-11,100.1875,100.2108994,100.125,100.1483994,4619
2072-01-12,100.0781021,100.1797028,100.0,100.0156021,1726
2072-01-13,99.9531021,100.0,99.9218979,99.9766006,1502
2072-01-14,100.0311966,100.0858994,99.9766006,99.9922028,1330
2072-01-15,99.9922028,100.0,99.8983994,99.9375,1540
2072-01-16,99.9141006,99.9452972,99.875,99.9375,2197
2072-01-17,99.9218979,99.9531021,99.8516006,99.875,1306
2072-01-18,100.0,100.0311966,99.9531021,100.0233994,4877
2072-01-19,100.0781021,100.1952972,100.0781021,100.1641006,812
2072-01-20,100.1718979,100.2577972,100.1561966,100.25,3318
2072-01-21,100.2343979,100.25,100.1718979,100.2266006,782
2072-01-22,100.2108994,100.2656021,100.1641006,100.2422028,1106
2072-01-23,100.2188034,100.3438034,100.2108994,100.2891006,1177
2072-01-24,100.3125,100.4375,100.3047028,100.3827972,2394
2072-01-25,100.3047028,100.4922028,100.2968979,100.4141006,4032
2072-01-26,100.4061966,100.4218979,100.3827972,100.4061966,746
2072-01-27,100.3438034,100.3438034,100.2891006,100.3358994,1943
2072-01-28,100.3593979,100.3906021,100.2031021,100.2733994,1541
2072-01-29,100.3827972,100.4297028,100.3202972,100.3827972,1057
2072-01-30,100.3906021,100.4141006,100.3593979,100.4061966,2718
2072-01-31,100.3593979,100.4531021,100.2108994,100.25,1785
2072-02-01,100.1952972,100.2266006,100.1483994,100.1561966,1724
2072-02-02,100.1483994,100.1718979,100.1172028,100.1561966,1785
2072-02-03,100.1641006,100.1718979,100.1093979,100.125,817
2072-02-04,100.0781021,100.0938034,100.0547028,100.0858994,9761
2072-02-05,100.0781021,100.1406021,100.0781021,100.125,10940
2072-02-06,100.0547028,100.0702972,100.0233994,100.0702972,10663
2072-02-07,100.0391006,100.0391006,99.8983994,99.9141006,10527
2072-02-08,99.8672028,99.9608994,99.8672028,99.9531021,3858
2072-02-09,99.6483994,99.7188034,99.6093979,99.6718979,4264
2072-02-10,99.6797028,99.6875,99.625,99.6327972,3407
2072-02-11,99.625,99.8202972,99.625,99.7891006,5761
2072-02-12,99.8125,99.8593979,99.8125,99.8202972,3956
2072-02-13,99.8281021,99.8906021,99.8281021,99.875,4765
2072-02-14,99.8438034,99.8438034,99.6406021,99.6561966,2229
2072-02-15,99.6406021,99.6797028,99.5702972,99.5781021,1509
2072-02-16,99.5311966,99.5781021,99.4452972,99.4608994,1746
2072-02-17,99.4688034,99.5311966,99.4218979,99.4452972,1103
2072-02-18,99.4608994,99.4688034,99.375,99.3827972,1612
2072-02-19,99.4218979,99.5938034,99.3516006,99.3593979,882
2072-02-20,99.3593979,99.3672028,99.3281021,99.3438034,1469
2072-02-21,99.375,99.4375,99.3281021,99.3358994,640
2072-02-22,99.3593979,99.4218979,99.3281021,99.3906021,468
2072-02-23,99.3906021,99.3983994,99.3438034,99.3438034,185
2072-02-24,99.375,99.4141006,99.375,99.4061966,838
2072-02-25,99.4218979,99.4688034,99.4061966,99.4375,1322
2072-02-26,99.1561966,99.2968979,99.1093979,99.2108994,1845
2072-02-27,99.1641006,99.25,99.0468979,99.0781021,3663
2072-02-28,99.1327972,99.1718979,99.0938034,99.1483994,2542
2072-02-29,99.1561966,99.2266006,99.0625,99.2188034,1012
2072-03-01,99.1406021,99.1406021,99.0858994,99.1093979,568
2072-03-02,99.0468979,99.0468979,98.9452972,98.9608994,2915
2072-03-03,98.9375,98.9766006,98.8906021,98.8983994,2392
2072-03-04,98.9452972,99.0625,98.9061966,99.0547028,3343
2072-03-05,99.0311966,99.1561966,98.9375,98.9688034,1920
2072-03-06,98.9375,98.9375,98.8358994,98.8983994,2319
2072-03-07,98.9375,98.9688034,98.9061966,98.9531021,1575
2072-03-08,98.8593979,98.9688034,98.8438034,98.9061966,3757
2072-03-09,98.8906021,98.9218979,98.7968979,98.9141006,4379
2072-03-10,98.9375,99.0311966,98.9061966,99.0233994,1574
2072-03-11,99.0233994,99.0625,98.9843979,99.0,1119
2072-03-12,99.0156021,99.0311966,98.9297028,98.9608994,2635
2072-03-13,98.9452972,98.9452972,98.7733994,98.8438034,4472
2072-03-14,98.7733994,98.875,98.5468979,98.7266006,4381
2072-03-15,98.6875,98.75,98.625,98.6718979,3808
2072-03-16,98.6641006,98.75,98.5625,98.6172028,3116
2072-03-17,98.625,99.0781021,98.5938034,98.75,9045
2072-03-18,98.7968979,98.8125,98.5938034,98.6093979,2214
2072-03-19,98.5391006,98.5938034,98.4766006,98.4922028,1406
2072-03-20,98.5311966,98.5938034,98.5,98.5077972,2891
2072-03-21,98.4922028,98.5311966,98.4061966,98.5233994,3592
2072-03-22,98.5625,98.6406021,98.4688034,98.5391006,4424
2072-03-23,98.5702972,98.6172028,98.5233994,98.6016006,2045
2072-03-24,98.6093979,98.7266006,98.6093979,98.7188034,2533
2072-03-25,98.6641006,98.7108994,98.625,98.6718979,3283
2072-03-26,98.6561966,98.6952972,98.625,98.6797028,2458
2072-03-27,98.5781021,98.6561966,98.5468979,98.6561966,6078
2072-03-28,98.7188034,98.9061966,98.7031021,98.8906021,10839
2072-03-29,98.7811966,98.8125,98.6797028,98.7031021,8510
2072-03-30,98.75,98.9297028,98.75,98.9297028,9831
2072-03-31,98.875,99.0781021,98.8516006,99.0702972,12159
2072-04-01,99.0702972,99.0781021,98.9061966,98.9141006,11093
2072-04-02,98.9218979,98.9452972,98.8438034,98.8983994,5349
2072-04-03,98.7343979,98.7811966,98.7031021,98.7422028,4061
2072-04-04,98.7188034,98.7656021,98.7031021,98.7188034,4468
2072-04-05,98.6875,98.875,98.6561966,98.7811966,4256
2072-04-06,98.7422028,98.7577972,98.6406021,98.6797028,3607
2072-04-07,98.625,98.8202972,98.5625,98.7891006,5873
2072-04-08,98.7188034,98.875,98.6483994,98.875,2436
2072-04-09,98.8438034,98.9688034,98.7968979,98.875,2349
2072-04-10,98.8593979,98.9297028,98.8281021,98.9218979,2541
2072-04-11,98.8827972,98.9688034,98.8593979,98.9218979,1462
2072-04-12,98.875,98.9061966,98.8202972,98.8983994,1350
2072-04-13,98.9061966,98.9531021,98.8672028,98.9061966,4935
2072-04-14,98.9531021,98.9843979,98.9218979,98.9375,1351
2072-04-15,99.0625,99.0938034,98.8593979,98.9061966,4746
2072-04-16,98.8281021,98.8281021,98.6875,98.7031021,2564
2072-04-17,98.6093979,98.6952972,98.6093979,98.6875,2102
2072-04-18,98.7031021,98.8125,98.6797028,98.7266006,1615
2072-04-19,98.7656021,98.7811966,98.6875,98.7733994,1865
2072-04-20,98.9375,98.9688034,98.8125,98.9608994,3675
2072-04-21,98.9218979,99.0625,98.8593979,98.9843979,4515
2072-04-22,99.0156021,99.0625,98.9375,99.0625,2843
2072-04-23,99.0311966,99.7031021,99.0077972,99.4375,5074
2072-04-24,99.4218979,99.6561966,99.2811966,99.3281021,7270
2072-04-25,99.2811966,99.2811966,99.125,99.2266006,3939
2072-04-26,99.1016006,99.2577972,99.0938034,99.25,4359
2072-04-27,99.25,99.375,99.2188034,99.3672028,2365
2072-04-28,99.3906021,99.5625,99.2188034,99.2733994,7815
2072-04-29,99.2108994,99.2891006,99.1093979,99.1875,3475
2072-04-30,99.1561966,99.3125,99.0156021,99.2656021,3585
2072-05-01,99.2188034,99.4061966,99.0938034,99.3827972,3407
2072-05-02,99.3125,99.3593979,99.2422028,99.3281021,2772
2072-05-03,99.2811966,99.375,99.25,99.3672028,3105
2072-05-04,99.3202972,99.3358994,99.2108994,99.2811966,1842
2072-05-05,99.3358994,99.375,99.2577972,99.2733994,799
2072-05-06,99.1875,99.1875,99.0391006,99.0547028,1767
2072-05-07,99.0156021,99.0468979,98.9531021,98.9922028,1853
2072-05-08,98.9375,98.9608994,98.6875,98.7031021,8635
2072-05-09,98.625,98.7031021,98.5625,98.6172028,6238
2072-05-10,98.5625,98.6641006,98.5625,98.6172028,1558
2072-05-11,98.5781021,98.6483994,98.5625,98.5781021,2966
2072-05-12,98.5468979,98.6561966,98.5,98.5468979,957
2072-05-13,98.4843979,98.6172028,98.4688034,98.5,4783
2072-05-14,98.5547028,98.5781021,98.3281021,98.375,3560
2072-05-15,98.4061966,98.4375,98.3281021,98.3281021,2022
2072-05-16,98.3593979,98.4061966,98.2811966,98.3516006,6566
2072-05-17,98.375,98.5156021,98.3593979,98.4452972,2440
2072-05-18,98.4766006,98.5625,98.375,98.4531021,1112
2072-05-19,98.4375,98.4531021,98.2343979,98.3047028,4047
2072-05-20,98.3202972,98.3593979,98.3047028,98.3593979,2824
2072-05-21,98.3906021,98.4688034,98.3125,98.3516006,4878
2072-05-22,98.2891006,98.3593979,98.1875,98.3281021,3008
2072-05-23,98.3202972,98.3438034,98.2108994,98.2343979,2925
2072-05-24,98.3438034,98.4218979,98.3358994,98.3906021,5419
2072-05-25,98.4061966,98.5547028,98.4061966,98.5,6742
2072-05-26,98.4218979,98.4531021,98.3593979,98.4452972,4416
2072-05-27,98.4297028,98.5391006,98.4297028,98.4375,13027
2072-05-28,98.3593979,98.5781021,98.3125,98.5702972,9690
2072-05-29,98.5077972,98.6483994,98.5,98.6406021,7736
2072-05-30,98.6016006,98.6016006,98.4843979,98.4922028,9040
2072-05-31,98.4843979,98.6093979,98.4843979,98.5702972,6352
2072-06-01,98.4608994,99.0,98.4531021,99.0,8674
2072-06-02,98.6797028,99.125,98.6561966,99.0,11388
2072-06-03,98.8672028,99.0,98.8125,99.0,5052
2072-06-04,98.8516006,99.0,98.7891006,99.0,3289
2072-06-05,98.8438034,99.0,98.8125,99.0,5434
2072-06-06,98.8281021,99.0,98.75,99.0,1421
2072-06-07,98.8202972,99.0,98.7891006,99.0,3683
2072-06-08,98.8125,99.0077972,98.8047028,99.0,1083
2072-06-09,98.8593979,99.0156021,98.8593979,99.0,3592
2072-06-10,99.1483994,99.1483994,99.0,99.0,1714
2072-06-11,99.0391006,99.0391006,98.9297028,99.0,1538
2072-06-12,98.9375,99.0311966,98.9218979,99.0,1287
2072-06-13,98.9766006,99.0,98.8358994,99.0,2657
2072-06-14,98.8593979,99.0156021,98.8516006,99.0,660
2072-06-15,98.9922028,99.0,98.9218979,99.0,3565
2072-06-16,98.9766006,99.0156021,98.8983994,99.0,4014
2072-06-17,99.0311966,99.2031021,99.0,99.0,3892
2072-06-18,99.1718979,99.2108994,99.0,99.0,4059
2072-06-19,99.3906021,99.4531021,99.0,99.0,3752
2072-06-20,99.3202972,99.3281021,99.0,99.0,2053
2072-06-21,99.3047028,99.5156021,99.0,99.0,2660
2072-06-22,99.3047028,99.3438034,99.0,99.0,1452
2072-06-23,99.2968979,99.3593979,99.0,99.0,524
2072-06-24,99.3125,99.3202972,99.0,99.0,4294
2072-06-25,99.3047028,99.3906021,99.0,99.0,1046
2072-06-26,99.3827972,99.5311966,99.0,99.0,3496
2072-06-27,99.1797028,99.1875,99.0,99.0,2191
2072-06-28,99.0702972,99.1327972,99.0,99.0,2136
2072-06-29,99.0468979,99.0938034,99.0,99.0,2615
2072-06-30,99.0391006,99.3593979,99.0,99.0,1496
2072-07-01,99.3438034,99.3906021,99.0,99.0,850
2072-07-02,99.3125,99.3202972,99.0,99.0,940
2072-07-03,99.3202972,99.3358994,99.0,99.0,1804
2072-07-04,99.3047028,99.375,99.0,99.0,1103
2072-07-05,99.3593979,99.4375,99.0,99.0,5735
2072-07-06,99.3906021,99.3983994,99.0,99.0,2499
2072-07-07,99.3125,99.3593979,99.0,99.0,2661
2072-07-08,99.3593979,99.4218979,99.0,99.0,972
2072-07-09,99.4141006,99.4843979,99.0,99.0,490
2072-07-10,99.5156021,100.0,99.4922028,100.0,2600
2072-07-11,99.5077972,100.0,99.5077972,100.0,3790
2072-07-12,99.6483994,100.0,99.5625,100.0,672
2072-07-13,99.5625,100.0,99.5391006,100.0,2372
2072-07-14,99.6093979,100.0,99.5311966,100.0,1855
2072-07-15,99.5938034,100.0,99.5858994,100.0,4723
2072-07-16,99.6406021,99.6875,99.0,99.0,3573
2072-07-17,99.4922028,100.0,99.4531021,100.0,827
2072-07-18,99.4531021,99.4531021,99.0,99.0,3072
2072-07-19,99.4061966,99.4218979,99.0,99.0,2889
2072-07-20,99.4061966,99.4375,99.0,99.0,1748
2072-07-21,99.3906021,99.4688034,99.0,99.0,6282
2072-07-22,99.4218979,99.4531021,99.0,99.0,9741
2072-07-23,99.4375,99.4922028,99.0,99.0,4433
2072-07-24,99.5,100.0,99.5,100.0,5739
2072-07-25,99.5938034,100.0,99.5781021,100.0,13644
2072-07-26,99.5858994,100.0,99.5625,100.0,3555
2072-07-27,99.5938034,100.0,99.5,100.0,8529
2072-07-28,99.5391006,99.5391006,99.0,99.0,10916
2072-07-29,99.4608994,100.0,99.4452972,100.0,12928
2072-07-30,99.5311966,100.0,99.5233994,100.0,6821
2072-07-31,99.7811966,99.9375,99.7811966,99.9141006,11866
2072-08-01,99.8906021,99.9218979,99.8593979,99.9141006,5649
2072-08-02,99.875,99.8906021,99.8438034,99.8593979,4761
2072-08-03,99.8202972,99.875,99.7968979,99.8125,2885
2072-08-04,99.8438034,99.8983994,99.8438034,99.8672028,4833
2072-08-05,99.8516006,99.8516006,99.7811966,99.8281021,3260
2072-08-06,99.8358994,99.8593979,99.7968979,99.8202972,4526
2072-08-07,100.0781021,100.0781021,99.9218979,100.0,2031
2072-08-08,99.9843979,100.0156021,99.8906021,99.9061966,7351
2072-08-09,99.9688034,99.9688034,99.8438034,99.9218979,2526
2072-08-10,100.0625,100.1172028,99.9843979,100.0,13550
2072-08-11,99.9218979,99.9608994,99.9141006,99.9531021,2592
2072-08-12,99.9141006,100.0311966,99.9141006,100.0233994,2135
2072-08-13,99.9531021,100.0311966,99.9375,100.0233994,2737
2072-08-14,100.0311966,100.0391006,99.9608994,99.9766006,2170
2072-08-15,100.0,100.0781021,100.0,100.0077972,5102
2072-08-16,100.0077972,100.0311966,99.9766006,100.0233994,3542
2072-08-17,99.9843979,100.0311966,99.9218979,99.9531021,5114
2072-08-18,99.9688034,100.0156021,99.9061966,99.9141006,3358
2072-08-19,99.9218979,99.9531021,99.875,99.9531021,3040
2072-08-20,99.9375,99.9766006,99.8202972,99.9688034,5983
2072-08-21,99.9297028,100.0156021,99.9297028,100.0,2043
2072-08-22,100.125,100.1718979,100.0468979,100.0702972,4532
2072-08-23,100.0391006,100.2968979,100.0233994,100.25,7662
2072-08-24,100.3516006,100.3516006,100.25,100.2968979,13992
2072-08-25,100.1561966,100.2422028,100.1561966,100.1952972,4094
2072-08-26,100.1483994,100.3281021,100.1406021,100.3047028,5988
2072-08-27,100.3125,100.3593979,100.2656021,100.3202972,3352
2072-08-28,100.2733994,100.2733994,100.1875,100.2577972,2339
2072-08-29,100.3125,100.3358994,100.1172028,100.1483994,3132
2072-08-30,100.1172028,100.1875,100.0938034,100.1172028,2251
2072-08-31,100.0781021,100.1561966,100.0156021,100.0702972,5519
2072-09-01,100.0938034,100.1016006,100.0156021,100.0311966,1321
2072-09-02,100.0468979,100.125,100.0233994,100.0625,3246
2072-09-03,100.1406021,100.1641006,100.1093979,100.1561966,3570
2072-09-04,100.1797028,100.1952972,100.1561966,100.1641006,2176
2072-09-05,100.1875,100.2188034,100.0311966,100.0391006,4238
2072-09-06,100.0547028,100.0547028,99.9531021,99.9766006,2111
2072-09-07,99.9688034,100.0625,99.9375,99.9766006,2645
2072-09-08,99.9766006,100.0,99.9375,99.9766006,2891
2072-09-09,100.0156021,100.1561966,100.0,100.0625,2468
2072-09-10,100.1093979,100.1172028,100.0547028,100.0858994,8037
2072-09-11,100.1641006,100.2343979,100.1406021,100.1483994,5457
2072-09-12,100.1327972,100.1327972,100.0625,100.1093979,2369
2072-09-13,100.1016006,100.1561966,100.0938034,100.125,1190
2072-09-14,100.1641006,100.1952972,100.0938034,100.1406021,2076
2072-09-15,100.1875,100.2188034,100.1718979,100.1718979,6007
2072-09-16,100.1561966,100.1875,100.1483994,100.1718979,7185
2072-09-17,100.2577972,100.3047028,100.1875,100.2891006,12410
2072-09-18,100.125,100.2188034,100.125,100.2031021,19644
2072-09-19,100.25,100.3125,100.2343979,100.2968979,17916
2072-09-20,100.3202972,100.4375,100.2811966,100.4297028,27446
2072-09-21,100.5547028,100.625,100.4688034,100.5702972,8038
2072-09-22,100.7343979,100.8358994,100.7031021,100.7343979,7002
2072-09-23,100.8281021,100.8516006,100.7811966,100.8125,7014
2072-09-24,100.8281021,101.0858994,100.8125,101.0702972,18362
2072-09-25,101.1406021,101.2577972,101.0702972,101.2188034,7440
2072-09-26,101.2031021,101.2266006,101.0702972,101.1797028,9270
2072-09-27,101.1797028,101.2188034,100.9688034,101.0938034,5662
2072-09-28,101.0625,101.0625,101.0233994,101.0391006,3270
2072-09-29,101.0156021,101.0391006,100.9452972,101.0391006,3767
2072-09-30,101.3202972,101.3438034,101.25,101.2968979,4623
2072-10-01,101.4688034,101.5547028,101.4375,101.5311966,8413
2072-10-02,101.5547028,101.7811966,101.5311966,101.7031021,9833
2072-10-03,101.6718979,101.7891006,101.6406021,101.7733994,3794
2072-10-04,101.6875,101.6952972,101.5391006,101.6093979,6459
2072-10-05,101.5702972,101.5938034,101.4843979,101.5233994,2667
2072-10-06,101.5311966,101.6327972,101.5233994,101.5781021,2105
2072-10-07,102.125,102.2188034,101.8125,101.8827972,8265
2072-10-08,102.0,102.2031021,102.0,102.1952972,11192
2072-10-09,102.3593979,102.5311966,102.125,102.4922028,9203
2072-10-10,102.3906021,102.6641006,102.375,102.6172028,12902
2072-10-11,102.5156021,102.5156021,102.2811966,102.3593979,14318
2072-10-12,102.3438034,102.3593979,102.1093979,102.1483994,6271
2072-10-13,102.1952972,102.2343979,102.1093979,102.1483994,10562
2072-10-14,102.1172028,102.125,101.8125,101.875,12604
2072-10-15,101.9688034,102.0233994,101.9061966,101.9141006,5462
2072-10-16,101.8202972,102.1016006,101.7656021,101.9922028,7525
2072-10-17,102.1483994,102.2188034,101.9843979,102.1952972,8748
2072-10-18,102.1406021,102.3125,102.0938034,102.1172028,5744
2072-10-19,102.1641006,102.2108994,102.1172028,102.1172028,4092
2072-10-20,102.1093979,102.2188034,101.9843979,101.9922028,6531
2072-10-21,101.9375,102.0311966,101.8827972,101.9766006,5838
2072-10-22,101.8827972,102.0938034,101.7188034,101.9922028,7674
2072-10-23,102.1093979,102.125,102.0156021,102.0233994,2569
2072-10-24,102.0625,102.0781021,102.0077972,102.0233994,4726
2072-10-25,102.0468979,102.2188034,102.0311966,102.1327972,9899
2072-10-26,102.2188034,102.3281021,102.125,102.3125,6144
2072-10-27,102.4531021,102.4688034,102.3438034,102.3672028,6478
2072-10-28,102.3516006,102.4061966,102.1718979,102.1797028,5902
2072-10-29,102.1718979,102.2188034,102.1172028,102.1561966,2432
2072-10-30,102.0938034,102.1406021,102.0468979,102.0702972,5041
2072-10-31,102.1718979,102.2031021,102.0938034,102.1093979,4603
2072-11-01,102.0625,102.1172028,101.9922028,102.0781021,4630
2072-11-02,102.125,102.2343979,102.1016006,102.1952972,7918
2072-11-03,102.2266006,102.2577972,102.1641006,102.1718979,1303
2072-11-04,102.1875,102.1952972,102.0156021,102.0625,6418
2072-11-05,102.0391006,102.0625,101.8672028,101.8906021,11941
2072-11-06,101.8438034,102.0702972,101.75,102.0468979,10035
2072-11-07,101.9922028,102.0625,101.9688034,102.0468979,5660
2072-11-08,102.0625,102.1641006,102.0311966,102.0702972,7268
2072-11-09,102.0938034,102.2266006,102.0781021,102.2108994,21087
2072-11-10,102.3047028,102.375,102.2422028,102.3281021,23584
2072-11-11,102.2968979,102.4688034,102.2968979,102.4608994,30116
2072-11-12,102.5311966,102.5938034,102.4688034,102.4766006,23338
2072-11-13,102.5781021,102.5781021,102.3438034,102.5311966,7426
2072-11-14,102.7031021,102.7656021,102.5625,102.6483994,11438
2072-11-15,102.5938034,102.6718979,102.4531021,102.5,10272
2072-11-16,102.5233994,102.5233994,102.4452972,102.4843979,4627
2072-11-17,102.4688034,102.5625,102.4141006,102.5233994,6932
2072-11-18,102.5468979,102.6406021,102.5311966,102.6172028,5364
2072-11-19,102.7108994,102.7422028,102.6406021,102.6483994,4064
2072-11-20,102.6483994,102.6641006,102.4843979,102.5625,10383
2072-11-21,102.5858994,102.6875,102.5781021,102.6172028,4961
2072-11-22,102.6093979,102.6797028,102.5858994,102.5858994,2551
2072-11-23,102.7891006,102.9531021,102.7577972,102.9452972,2414
2072-11-24,103.0625,103.0781021,102.8125,102.9531021,6529
2072-11-25,102.9061966,103.0625,102.9061966,103.0391006,6354
2072-11-26,103.0625,103.1483994,103.0,103.1406021,4384
2072-11-27,103.0233994,103.1406021,103.0156021,103.0702972,5789
2072-11-28,103.1016006,103.2968979,103.0625,103.2343979,7166
2072-11-29,103.2031021,103.25,103.1718979,103.2031021,2976
2072-11-30,103.1483994,103.1483994,102.9375,102.9688034,6960
2072-12-01,102.875,102.875,102.7108994,102.8281021,3816
2072-12-02,102.7811966,102.9375,102.7188034,102.7266006,3634
2072-12-03,102.7031021,102.7422028,102.4688034,102.4766006,5596
2072-12-04,102.6875,102.7031021,102.5311966,102.6483994,7583
2072-12-05,102.5156021,102.9688034,102.3281021,102.9375,12260
2072-12-06,103.0311966,103.0547028,102.7733994,102.7891006,10285
2072-12-07,102.7422028,102.8906021,102.7422028,102.8593979,9018
2072-12-08,102.9688034,103.0781021,102.9688034,103.0468979,7873
2072-12-09,103.0781021,103.125,102.9688034,103.0547028,6889
2072-12-10,103.0625,103.125,102.875,102.8827972,4477
2072-12-11,102.8516006,103.0,102.8202972,102.9766006,5962
2072-12-12,102.9608994,102.9688034,102.75,102.7577972,7368
2072-12-13,102.6875,102.75,102.5858994,102.75,5110
2072-12-14,102.7656021,102.8827972,102.7188034,102.8202972,2818
2072-12-15,102.8438034,102.875,102.7656021,102.7656021,5140
2072-12-16,102.7811966,102.875,102.7656021,102.8202972,4074
2072-12-17,102.8358994,103.0858994,102.8281021,102.9531021,6609
2072-12-18,102.9766006,103.0233994,102.9766006,103.0233994,1627
2072-12-19,103.0468979,103.1093979,103.0077972,103.0468979,3069
2072-12-20,103.1172028,103.125,103.0468979,103.0858994,4823
2072-12-21,103.0702972,103.0702972,102.9297028,102.9531021,6199
2072-12-22,102.9297028,102.9297028,102.6016006,102.6327972,5847
2072-12-23,102.7811966,102.8593979,102.6093979,102.7656021,11494
2072-12-24,102.8281021,102.875,102.75,102.8125,6063
2072-12-25,102.7811966,102.7968979,102.5858994,102.6952972,5105
2072-12-26,102.6406021,102.7108994,102.5625,102.6327972,6701
2072-12-27,102.5702972,102.6327972,102.5547028,102.6093979,9591
2072-12-28,102.6406021,102.7031021,102.6406021,102.6718979,9838
2072-12-29,102.6952972,102.75,102.6875,102.7188034,17869
2072-12-30,102.7656021,102.8125,102.5781021,102.5858994,13333
2072-12-31,102.625,102.6641006,102.5625,102.6561966,15515
2073-01-01,102.7031021,102.7188034,102.625,102.6327972,19736
2073-01-02,102.6561966,102.6797028,102.625,102.6718979,21235
2073-01-03,102.7188034,102.8438034,102.7031021,102.8438034,5346
2073-01-04,102.5468979,102.6641006,102.3438034,102.5311966,8510
2073-01-05,102.5311966,102.5625,102.5,102.5391006,4277
2073-01-06,102.5547028,102.7266006,102.5311966,102.7188034,5632
2073-01-07,102.6875,102.7108994,102.6093979,102.7031021,5209
2073-01-08,102.7031021,102.7811966,102.625,102.7031021,3919
2073-01-09,102.6561966,102.6797028,102.5938034,102.6016006,4590
2073-01-10,102.6327972,102.7188034,102.625,102.7031021,2372
2073-01-11,102.7188034,102.7891006,102.7188034,102.7656021,7740
2073-01-12,103.0156021,103.0781021,102.9375,103.0547028,3551
2073-01-13,103.1093979,103.1561966,103.0625,103.125,3902
2073-01-14,103.125,103.1483994,103.0311966,103.1093979,3315
2073-01-15,103.125,103.2422028,103.0938034,103.2422028,3593
2073-01-16,103.2188034,103.2266006,103.1718979,103.2031021,1355
2073-01-17,103.25,103.25,102.9531021,103.0547028,7266
2073-01-18,103.0156021,103.1172028,102.8593979,102.8672028,9986
2073-01-19,102.8281021,102.8516006,102.5156021,102.5781021,9986
2073-01-20,102.4843979,102.625,102.4375,102.5702972,8950
2073-01-21,102.5781021,102.7108994,102.5625,102.7108994,4356
2073-01-22,102.7108994,102.7188034,102.6172028,102.625,5136
2073-01-23,102.6797028,102.6875,102.5311966,102.5781021,8146
2073-01-24,102.625,102.7968979,102.5938034,102.7811966,4695
2073-01-25,102.7811966,102.8047028,102.75,102.7891006,2924
2073-01-26,102.8047028,102.9688034,102.7811966,102.9218979,5777
2073-01-27,102.9843979,103.0468979,102.8906021,102.9218979,7374
2073-01-28,102.8827972,103.0311966,102.8672028,102.9531021,7175
2073-01-29,102.8827972,102.9375,102.7968979,102.8983994,3877
2073-01-30,102.9531021,103.0077972,102.9141006,103.0,3068
2073-01-31,103.0077972,103.0391006,102.9375,102.9688034,4255
2073-02-01,103.1797028,103.2343979,103.1641006,103.2266006,600
2073-02-02,103.2733994,103.2968979,103.2343979,103.2733994,2093
2073-02-03,103.2188034,103.2733994,103.2031021,103.2108994,3546
2073-02-04,103.2108994,103.375,103.1641006,103.3358994,6518
2073-02-05,103.375,103.4688034,103.375,103.4688034,2647
2073-02-06,103.4531021,103.5233994,103.4375,103.4922028,1591
2073-02-07,103.5156021,103.6483994,103.4922028,103.5858994,3746
2073-02-08,103.5625,103.6561966,103.4843979,103.5391006,4087
2073-02-09,103.4531021,103.4922028,103.3906021,103.4061966,1109
2073-02-10,103.3906021,103.4218979,103.2656021,103.4061966,5324
2073-02-11,103.4297028,103.4922028,103.4218979,103.4688034,4900
2073-02-12,103.5077972,103.5233994,103.4452972,103.4531021,5592
2073-02-13,103.4843979,103.7108994,103.4843979,103.6718979,5286
2073-02-14,103.7577972,103.7733994,103.625,103.6641006,5402
2073-02-15,103.6952972,103.7968979,103.6875,103.7656021,5232
2073-02-16,103.8047028,103.9061966,103.8047028,103.8593979,5211
2073-02-17,103.7733994,103.8125,103.7031021,103.7733994,5755
2073-02-18,103.7266006,103.7656021,103.6016006,103.6561966,5536
2073-02-19,103.6561966,103.8125,103.5468979,103.75,8056
2073-02-20,103.8438034,103.8438034,103.7266006,103.7422028,6935
2073-02-21,103.7422028,103.7811966,103.6641006,103.7811966,5777
2073-02-22,103.7031021,103.8125,103.6327972,103.7343979,6828
2073-02-23,103.75,103.7968979,103.7188034,103.7811966,10191
2073-02-24,103.7188034,103.7656021,103.6561966,103.7266006,16326
2073-02-25,103.7031021,103.7656021,103.6797028,103.6952972,15685
2073-02-26,103.7343979,103.8593979,103.7188034,103.8516006,15877
2073-02-27,103.9218979,103.9531021,103.8593979,103.9297028,22498
2073-02-28,103.9375,104.125,103.9061966,104.0702972,20990
2073-03-01,104.0156021,104.0625,103.9375,104.0391006,6454
2073-03-02,103.625,103.6718979,103.2188034,103.2577972,14912
2073-03-03,103.3438034,103.4218979,103.3358994,103.3827972,11756
2073-03-04,103.4531021,103.6875,103.4452972,103.6561966,8910
2073-03-05,103.6718979,103.9688034,103.6718979,103.875,7398
2073-03-06,103.9452972,103.9843979,103.8281021,103.8906021,4324
2073-03-07,105.1093979,105.125,104.8906021,105.0,8805
2073-03-08,105.0781021,105.2656021,105.0311966,105.1641006,7971
2073-03-09,105.2108994,105.2733994,104.9688034,105.0233994,6965
2073-03-10,105.1875,105.2188034,104.8906021,105.0,8934
2073-03-11,104.8202972,104.9766006,104.8125,104.9375,2458
2073-03-12,105.0077972,105.1718979,104.9922028,105.0781021,5653
2073-03-13,105.1016006,105.1875,105.0311966,105.1797028,3975
2073-03-14,105.25,105.3438034,105.2266006,105.2577972,5931
2073-03-15,105.2656021,105.2968979,105.1093979,105.1327972,4925
2073-03-16,105.1327972,105.2266006,105.0781021,105.1875,3141
2073-03-17,105.2266006,105.3125,105.1483994,105.3125,6160
2073-03-18,105.4375,105.4766006,105.2811966,105.2968979,5686
2073-03-19,105.3593979,105.4061966,105.1875,105.3125,7374
2073-03-20,105.3516006,105.4531021,105.2811966,105.4061966,3568
2073-03-21,105.3516006,105.3906021,105.3281021,105.3438034,3202
2073-03-22,105.2891006,105.2968979,105.2031021,105.2733994,4286
2073-03-23,105.2733994,105.2733994,105.0311966,105.1016006,8911
2073-03-24,105.1327972,105.2811966,105.0625,105.2343979,4536
2073-03-25,105.2811966,105.3281021,105.2422028,105.3202972,2436
2073-03-26,105.3281021,105.3827972,105.3125,105.3358994,4401
2073-03-27,105.25,105.3906021,105.1875,105.3047028,4659
2073-03-28,105.25,105.3906021,105.2422028,105.3358994,5546
2073-03-29,105.3438034,105.4843979,105.3202972,105.4688034,4028
2073-03-30,105.5311966,105.7422028,105.5156021,105.6875,9789
2073-03-31,105.6952972,105.7422028,105.6406021,105.7188034,4013
2073-04-01,105.7968979,105.875,105.7811966,105.8202972,7398
2073-04-02,105.8827972,106.0391006,105.875,106.0233994,7993
2073-04-03,106.0391006,106.1406021,105.75,106.1016006,8090
2073-04-04,106.0858994,106.1483994,105.9297028,106.0077972,6514
2073-04-05,106.0,106.125,105.9452972,106.0156021,7436
2073-04-06,106.0156021,106.0858994,105.9922028,106.0625,5121
2073-04-07,106.0468979,106.2188034,105.8438034,106.1952972,10001
2073-04-08,106.2891006,106.3672028,106.25,106.2968979,6769
2073-04-09,106.2422028,106.25,106.0938034,106.1016006,5598
2073-04-10,106.125,106.1875,106.0156021,106.0625,7473
2073-04-11,105.9843979,105.9922028,105.9375,105.9531021,6241
2073-04-12,105.8281021,105.8281021,105.6016006,105.6172028,9212
2073-04-13,105.1718979,105.2031021,104.8281021,104.875,8754
2073-04-14,105.0547028,105.2811966,105.0,105.2656021,10225
2073-04-15,105.3047028,105.3672028,105.0468979,105.1406021,8440
2073-04-16,105.1641006,105.1641006,104.7266006,104.8516006,6551
2073-04-17,104.75,104.9218979,104.7031021,104.7343979,9795
2073-04-18,104.6406021,105.0,104.4688034,104.9297028,26693
2073-04-19,104.9843979,105.2188034,104.875,104.9297028,26130
2073-04-20,105.0468979,105.4688034,105.0311966,105.4531021,26262
2073-04-21,105.4375,105.5625,105.3593979,105.5625,10290
2073-04-22,104.8438034,104.875,104.75,104.8516006,7687
2073-04-23,104.8281021,104.9375,104.75,104.8906021,9349
2073-04-24,104.7266006,104.7343979,104.1875,104.3593979,8463
2073-04-25,104.1561966,104.3438034,104.0,104.1718979,12522
2073-04-26,104.1952972,104.4375,103.9843979,104.0781021,6622
2073-04-27,104.1797028,104.2891006,104.0625,104.2188034,5375
2073-04-28,104.3358994,104.4688034,104.2811966,104.375,9562
2073-04-29,104.1952972,104.2343979,104.0938034,104.2266006,4523
2073-04-30,104.2811966,104.4061966,104.1875,104.2811966,5547
2073-05-01,104.25,104.2811966,104.125,104.2343979,1381
2073-05-02,104.3202972,104.3358994,104.1797028,104.1952972,3576
2073-05-03,104.0938034,104.1561966,104.0077972,104.0311966,799
2073-05-04,103.9766006,104.2343979,103.9608994,104.2108994,3325
2073-05-05,104.2266006,104.3202972,104.125,104.2968979,1909
2073-05-06,104.2891006,104.5468979,104.2891006,104.4922028,2050
2073-05-07,104.4375,104.4531021,104.1875,104.2108994,5298
2073-05-08,104.2422028,104.3438034,104.2266006,104.2811966,9219
2073-05-09,104.2811966,104.3202972,104.0938034,104.3047028,8240
2073-05-10,104.3672028,104.5625,104.3593979,104.5547028,8152
2073-05-11,104.5,104.6093979,104.4766006,104.5702972,10008
2073-05-12,104.4843979,104.6561966,104.4843979,104.6483994,12446
2073-05-13,104.7031021,104.8983994,104.6875,104.8593979,10856
2073-05-14,104.7968979,105.2188034,104.7968979,105.2108994,10571
2073-05-15,105.2343979,105.2891006,105.1875,105.2108994,8328
2073-05-16,105.1561966,105.2031021,105.0391006,105.1875,18939
2073-05-17,105.25,105.2811966,105.0547028,105.1093979,6200
2073-05-18,105.0702972,105.0858994,104.8438034,104.8983994,5374
2073-05-19,104.9688034,105.0156021,104.8281021,105.0156021,15043
2073-05-20,104.8342972,104.9531021,104.7811966,104.8342972,8662
2073-05-21,104.8516006,104.9531021,104.7188034,104.7968979,5983
2073-05-22,104.7968979,104.875,104.625,104.6406021,7904
2073-05-23,104.5938034,104.6718979,104.4843979,104.6327972,11173
2073-05-24,104.5858994,104.6718979,104.5,104.6483994,3136
2073-05-25,104.5938034,104.9531021,104.5625,104.9297028,7912
2073-05-26,104.9843979,105.0,104.8125,104.8983994,9029
2073-05-27,104.75,104.8438034,104.625,104.6875,15404
2073-05-28,104.6483994,104.875,104.5938034,104.8593979,11295
2073-05-29,104.9452972,105.0625,104.9061966,105.0625,6129
2073-05-30,105.1561966,105.1718979,104.9688034,105.0547028,9811
2073-05-31,105.0781021,105.1718979,105.0468979,105.0938034,4935
2073-06-01,105.0311966,105.0938034,104.9688034,105.0858994,4158
2073-06-02,105.0468979,105.2577972,105.0311966,105.2266006,2379
2073-06-03,105.1561966,105.2266006,105.1406021,105.1952972,2464
2073-06-04,105.2266006,105.25,105.0,105.0156021,4773
2073-06-05,105.0,105.0,104.8125,104.9608994,11640
2073-06-06,104.9297028,104.9922028,104.8906021,104.9843979,3320
2073-06-07,105.0077972,105.2266006,105.0,105.1952972,5482
2073-06-08,105.2188034,105.2343979,105.1483994,105.2031021,2923
2073-06-09,105.1093979,105.2811966,105.1093979,105.1718979,8622
2073-06-10,103.3438034,103.4141006,103.3358994,103.3906021,171
2073-06-11,103.3906021,103.4531021,103.1561966,103.1641006,263
2073-06-12,103.2031021,103.2031021,103.0468979,103.0468979,103
2073-06-13,103.1483994,103.1483994,103.0781021,103.0781021,275
2073-06-14,103.1172028,103.125,103.0702972,103.125,241
2073-06-15,103.1016006,103.2891006,103.0858994,103.2733994,182
2073-06-16,103.2811966,103.3593979,103.1200027,103.1200027,2743
2073-06-17,103.3516006,103.4061966,103.2343979,103.2733994,367
2073-06-18,103.2811966,103.4141006,103.2577972,103.2811966,1931
2073-06-19,103.2811966,103.4843979,103.2422028,103.4766006,1238
2073-06-20,103.4375,103.6797028,103.4375,103.6327972,1845
2073-06-21,103.6561966,103.7656021,103.5938034,103.5938034,221
2073-06-22,103.6483994,103.8438034,103.5938034,103.7188034,290
2073-06-23,103.8125,103.8906021,103.7811966,103.7811966,986
2073-06-24,103.6952972,103.9218979,103.6875,103.9218979,531
2073-06-25,103.9297028,103.9688034,103.8593979,103.8827972,761
2073-06-26,103.875,104.0077972,103.8281021,103.9375,1018
2073-06-27,103.9531021,104.0938034,103.9218979,104.0702972,244
2073-06-28,104.0625,104.1641006,104.0625,104.1561966,1495
2073-06-29,104.0938034,104.1093979,103.9218979,104.0468979,519
2073-06-30,104.0156021,104.1172028,103.9608994,104.0858994,420
2073-07-01,104.1172028,104.1875,104.0625,104.1875,526
2073-07-02,104.1952972,104.25,104.0547028,104.2266006,94
2073-07-03,104.1561966,104.2188034,104.1561966,104.2188034,680
2073-07-04,104.2188034,104.2811966,104.1561966,104.2188034,1158
2073-07-05,104.2031021,104.4141006,104.1561966,104.4141006,1215
2073-07-06,104.3827972,104.5781021,104.3827972,104.4688034,187
2073-07-07,104.4375,104.5,104.4141006,104.5,259
2073-07-08,104.5468979,104.5625,104.4608994,104.4843979,1321
2073-07-09,104.4531021,104.5781021,104.4531021,104.5702972,107
2073-07-10,104.5625,104.6406021,104.5547028,104.6093979,1517
2073-07-11,104.625,104.6718979,104.4922028,104.5547028,570
2073-07-12,104.5625,104.7188034,104.5625,104.7108994,46
2073-07-13,104.6875,104.7108994,104.6718979,104.7031021,1075
2073-07-14,104.7811966,104.8125,104.7031021,104.8125,946
2073-07-15,104.7811966,104.7891006,104.4531021,104.4766006,64
2073-07-16,104.4608994,104.5938034,104.4375,104.5938034,1001
2073-07-17,104.5781021,104.75,104.5311966,104.7422028,398
2073-07-18,104.75,104.75,104.6016006,104.6016006,608
2073-07-19,104.5938034,104.5938034,104.2968979,104.375,681
2073-07-20,104.375,104.4766006,104.3281021,104.4688034,1148
2073-07-21,104.4375,104.6093979,104.4297028,104.6093979,658
2073-07-22,104.5547028,104.5547028,104.3593979,104.3593979,2612
2073-07-23,104.4843979,104.5625,104.4688034,104.5391006,551
2073-07-24,104.5233994,104.6797028,104.5233994,104.6797028,194
2073-07-25,104.7031021,104.8047028,104.6952972,104.7811966,1501
2073-07-26,104.7656021,104.8202972,104.6641006,104.6641006,109
2073-07-27,104.7031021,104.7031021,104.6718979,104.7031021,745
2073-07-28,104.5625,104.6797028,104.5625,104.6718979,480
2073-07-29,104.7266006,104.8438034,104.625,104.8438034,229
2073-07-30,104.7811966,104.9531021,104.7811966,104.9297028,40
2073-07-31,104.9531021,104.9766006,104.8906021,104.8906021,32
2073-08-01,104.0938034,104.1952972,104.0,104.1952972,214
2073-08-02,104.125,104.2811966,104.125,104.2188034,91
2073-08-03,104.125,104.2031021,104.125,104.2031021,142
2073-08-04,104.2031021,104.3516006,104.1016006,104.3516006,87
2073-08-05,104.3593979,104.3983994,104.1952972,104.1952972,510
2073-08-06,104.1797028,104.9061966,104.1797028,104.2811966,276
2073-08-07,104.2656021,104.4452972,104.2343979,104.4375,78
2073-08-08,104.8047028,104.875,104.75,104.8047028,1021
2073-08-09,104.875,105.0781021,104.875,105.0781021,747
2073-08-10,105.0938034,105.0938034,104.8438034,104.8672028,392
2073-08-11,104.9843979,105.0311966,104.8281021,104.9297028,669
2073-08-12,105.0,105.0156021,104.8125,104.8281021,476
2073-08-13,104.7968979,104.9375,104.7968979,104.9375,732
2073-08-14,105.0311966,105.5,105.0311966,105.1093979,712
2073-08-15,105.1561966,105.1561966,104.9766006,105.0156021,339
2073-08-16,105.0077972,105.0156021,104.9375,105.0156021,166
2073-08-17,105.0233994,105.1172028,104.9452972,105.1172028,2866
2073-08-18,105.0781021,105.3047028,105.0781021,105.2891006,314
2073-08-19,105.2343979,105.3125,105.2108994,105.2811966,149
2073-08-20,105.0311966,105.25,105.0311966,105.25,602
2073-08-21,105.2031021,105.4375,105.1875,105.4297028,1272
2073-08-22,105.4061966,105.7188034,105.3593979,105.6718979,974
2073-08-23,105.6875,105.75,105.3438034,105.6561966,1315
2073-08-24,105.6016006,105.7811966,105.5781021,105.7811966,265
2073-08-25,105.8125,105.9061966,105.75,105.7811966,236
2073-08-26,105.7343979,105.9843979,105.7343979,105.7656021,733
2073-08-27,105.7188034,105.7188034,105.375,105.625,271
2073-08-28,105.7188034,105.8593979,105.5781021,105.6952972,553
2073-08-29,105.875,106.0625,105.8516006,106.0625,1017
2073-08-30,106.0625,106.1952972,105.9688034,106.1561966,437
2073-08-31,106.2343979,106.3983994,106.0077972,106.3593979,1865
2073-09-01,106.3906021,106.7968979,106.1561966,106.2031021,740
2073-09-02,106.2188034,106.375,106.2188034,106.3438034,324
2073-09-03,106.4375,106.625,106.4375,106.5468979,1218
2073-09-04,106.5,106.5311966,106.1875,106.2108994,611
2073-09-05,106.3047028,106.3125,106.1718979,106.1718979,139
2073-09-06,106.2343979,106.5,106.2188034,106.5,432
2073-09-07,106.5625,106.7656021,106.5625,106.7188034,576
2073-09-08,106.75,107.0311966,106.7188034,106.9843979,248
2073-09-09,106.9452972,107.1875,106.9297028,107.1875,332
2073-09-10,107.2188034,107.2188034,106.8281021,106.875,439
2073-09-11,106.9608994,107.0625,106.8281021,107.0077972,144
2073-09-12,107.0391006,107.0391006,106.8438034,106.9218979,1127
2073-09-13,106.8827972,106.8827972,106.7188034,106.8047028,227
2073-09-14,106.8125,106.875,106.75,106.75,267
2073-09-15,106.8281021,107.0311966,106.7891006,107.0233994,628
2073-09-16,107.1016006,107.1093979,106.7188034,106.7188034,86
2073-09-17,106.75,106.7968979,106.4843979,106.6016006,158
2073-09-18,106.5311966,106.5702972,106.5077972,106.5702972,159
2073-09-19,106.5938034,106.8438034,106.5938034,106.8438034,658
2073-09-20,106.8438034,106.8672028,106.6641006,106.75,202
2073-09-21,106.7343979,106.7343979,106.5311966,106.5311966,119
2073-09-22,106.5311966,106.6952972,106.5311966,106.6718979,659
2073-09-23,106.6016006,106.7266006,106.5938034,106.7031021,776
2073-09-24,106.7266006,106.75,106.5,106.5702972,434
2073-09-25,106.625,106.6797028,106.5702972,106.6718979,284
2073-09-26,106.7188034,106.875,106.6875,106.8202972,1
2073-09-27,106.5311966,106.7188034,106.4922028,106.7188034,192
2073-09-28,106.7891006,106.7891006,106.6172028,106.6406021,206
2073-09-29,106.7811966,106.8983994,106.7811966,106.8672028,171
2073-09-30,106.8672028,106.8672028,106.7188034,106.7343979,293
2073-10-01,106.625,106.625,106.4608994,106.4608994,599
2073-10-02,106.4531021,106.5468979,106.3281021,106.4843979,126
2073-10-03,106.4375,106.4688034,106.4141006,106.4688034,385
2073-10-04,106.7577972,106.8281021,106.7031021,106.7188034,689
2073-10-05,106.7577972,106.9375,106.7577972,106.8983994,466
2073-10-06,106.9843979,106.9843979,106.75,106.9688034,174
2073-10-07,106.9141006,107.0077972,106.8983994,106.9688034,769
2073-10-08,106.9297028,107.1406021,106.9297028,107.0781021,894
2073-10-09,107.125,107.125,106.9141006,106.9141006,107
2073-10-10,106.9531021,106.9531021,106.8593979,106.875,43
2073-10-11,107.0625,107.2811966,107.0547028,107.2811966,926
2073-10-12,107.2968979,107.5156021,107.25,107.4688034,523
2073-10-13,107.4061966,107.4922028,107.2422028,107.2811966,519
2073-10-14,107.2968979,107.4375,107.25,107.4375,236
2073-10-15,107.3438034,107.4688034,107.25,107.4218979,470
2073-10-16,107.4608994,107.4608994,107.2188034,107.3047028,1053
2073-10-17,107.3593979,107.4608994,107.2968979,107.4061966,238
2073-10-18,107.3906021,107.3906021,107.2968979,107.3202972,78
2073-10-19,107.3202972,107.5077972,107.3202972,107.5077972,657
2073-10-20,107.5702972,107.6016006,107.3906021,107.4375,497
2073-10-21,107.4608994,107.5,107.25,107.3125,364
2073-10-22,107.2577972,107.2577972,106.875,106.875,1075
2073-10-23,107.0,107.0077972,106.8281021,106.8827972,777
2073-10-24,106.7188034,106.7968979,106.5858994,106.6172028,615
2073-10-25,106.6875,106.8593979,106.5468979,106.7343979,803
2073-10-26,106.75,106.75,106.4843979,106.4843979,625
2073-10-27,106.4688034,106.5625,106.4375,106.4766006,814
2073-10-28,106.5311966,106.6875,106.5311966,106.5468979,562
2073-10-29,106.625,106.8438034,106.5468979,106.7968979,1563
2073-10-30,106.8125,107.0625,106.8125,107.0156021,694
2073-10-31,107.1797028,107.2188034,107.1406021,107.1561966,554
2073-11-01,107.1797028,107.5156021,107.1718979,107.4375,522
2073-11-02,107.4218979,107.5,107.2811966,107.5,852
2073-11-03,107.4688034,107.6406021,107.3593979,107.6406021,152
2073-11-04,107.625,107.625,107.4141006,107.4141006,257
2073-11-05,107.4141006,107.4141006,107.3281021,107.3672028,1587
2073-11-06,107.3438034,107.375,107.2811966,107.3047028,978
2073-11-07,107.1561966,107.2811966,107.1561966,107.2343979,1580
2073-11-08,107.375,107.375,107.1406021,107.2656021,1580
2073-11-09,107.2266006,107.2968979,107.1718979,107.2343979,718
2073-11-10,107.3516006,107.4218979,107.3047028,107.4218979,1203
2073-11-11,107.375,107.4922028,107.375,107.4688034,660
2073-11-12,107.4531021,107.4531021,107.1406021,107.1406021,919
2073-11-13,107.1483994,107.1952972,107.0311966,107.1952972,650
2073-11-14,107.0858994,107.2031021,107.0858994,107.1952972,463
2073-11-15,107.1718979,107.25,107.1561966,107.1875,535
2073-11-16,107.2031021,107.2343979,107.0233994,107.0468979,971
2073-11-17,107.0468979,107.125,106.875,106.8906021,446
2073-11-18,106.9218979,106.9843979,106.7968979,106.7968979,353
2073-11-19,106.8125,106.8516006,106.7656021,106.8516006,91
2073-11-20,106.9061966,107.0,106.8906021,107.0,237
2073-11-21,107.0311966,107.0311966,106.9218979,106.9843979,97
2073-11-22,106.1561966,106.3358994,106.1561966,106.3125,272
2073-11-23,106.3358994,106.4297028,106.3358994,106.4141006,590
2073-11-24,106.5391006,106.5391006,106.4218979,106.5156021,46
2073-11-25,106.5391006,106.5781021,106.375,106.375,400
2073-11-26,106.5625,106.8125,106.5625,106.8125,152
2073-11-27,106.8125,106.8672028,106.7733994,106.8516006,378
2073-11-28,106.8125,106.8593979,106.7811966,106.7968979,562
2073-11-29,106.9688034,107.0547028,106.9608994,107.0547028,340
2073-11-30,107.0702972,107.2577972,107.0311966,107.2577972,177
2073-12-01,107.25,107.25,107.1952972,107.2343979,54
2073-12-02,107.2343979,107.2343979,107.125,107.1952972,41
2073-12-03,107.3906021,107.4061966,107.3906021,107.4061966,157
2073-12-04,107.4061966,107.6093979,107.4061966,107.6093979,276
2073-12-05,107.5625,107.6406021,107.5077972,107.6016006,276
2073-12-06,107.5938034,107.5938034,107.5938034,107.5938034,333
2073-12-07,107.6561966,107.6561966,107.1718979,107.2108994,594
2073-12-08,107.2108994,107.25,107.1718979,107.2266006,565
2073-12-09,107.2188034,107.2343979,107.1172028,107.1718979,329
2073-12-10,107.2266006,107.2891006,106.8358994,107.2891006,567
2073-12-11,107.3593979,107.4218979,107.3281021,107.4218979,1354
2073-12-12,107.3438034,107.3438034,107.0702972,107.1327972,936
2073-12-13,107.1561966,107.2811966,107.0858994,107.2266006,446
2073-12-14,107.1483994,107.2422028,107.1483994,107.2266006,611
2073-12-15,107.2811966,107.375,107.1797028,107.3202972,274
2073-12-16,107.3438034,107.4452972,107.2968979,107.3672028,239
2073-12-17,107.2811966,107.3593979,107.2343979,107.3593979,298
2073-12-18,107.5468979,107.625,107.5311966,107.625,1122
2073-12-19,107.5547028,107.5625,107.5,107.5311966,620
2073-12-20,107.5702972,107.6561966,107.5625,107.5781021,634
2073-12-21,107.5858994,107.6327972,107.5,107.5547028,411
2073-12-22,107.5311966,107.5625,107.4843979,107.5547028,397
2073-12-23,107.5938034,107.6016006,107.4218979,107.4531021,795
2073-12-24,107.4688034,107.5781021,107.3672028,107.5781021,414
2073-12-25,107.5625,107.6093979,107.5233994,107.5468979,538
2073-12-26,107.4766006,107.5311966,107.4531021,107.5156021,346
2073-12-27,107.5311966,107.6561966,107.5311966,107.6327972,1082
2073-12-28,107.6483994,107.6483994,107.5156021,107.5547028,815
2073-12-29,107.5468979,107.6718979,107.5468979,107.6561966,1087
2073-12-30,107.6483994,107.7343979,107.5156021,107.7188034,450
2073-12-31,107.625,107.7188034,107.6172028,107.6483994,3355
2074-01-01,107.6172028,107.6952972,107.5702972,107.6952972,1017
2074-01-02,107.6718979,107.7656021,107.6718979,107.7656021,862
2074-01-03,107.75,107.8827972,107.75,107.8672028,439
2074-01-04,107.875,107.875,107.7656021,107.7811966,1286
2074-01-05,107.7733994,107.7891006,107.6327972,107.7188034,575
2074-01-06,107.7343979,107.8125,107.7188034,107.7891006,1109
2074-01-07,107.8125,107.8516006,107.7656021,107.8125,384
2074-01-08,107.8438034,107.8906021,107.7811966,107.7968979,387
2074-01-09,107.8516006,107.8593979,107.8125,107.8593979,2912
2074-01-10,107.9297028,107.9766006,107.8906021,107.8906021,1829
2074-01-11,107.9218979,107.9531021,107.8827972,107.9531021,386
2074-01-12,107.9688034,108.0,107.8593979,107.9452972,601
2074-01-13,107.9218979,108.0468979,107.8593979,108.0468979,24
2074-01-14,107.3047028,107.3358994,107.0938034,107.1016006,673
2074-01-15,107.2733994,107.3516006,107.2108994,107.3281021,370
2074-01-16,107.3672028,107.4218979,107.25,107.2656021,795
2074-01-17,107.3281021,107.4218979,107.3125,107.4141006,719
2074-01-18,107.4688034,107.5625,107.4375,107.5391006,1066
2074-01-19,107.5781021,107.7108994,107.5781021,107.6561966,3325
2074-01-20,107.75,107.8672028,107.7266006,107.8047028,1548
2074-01-21,107.8438034,107.8672028,107.6875,107.8281021,562
2074-01-22,107.6327972,107.7031021,107.5625,107.6561966,8433
2074-01-23,107.6561966,107.7577972,107.4843979,107.75,1195
2074-01-24,107.7188034,107.7656021,107.6797028,107.7343979,1766
2074-01-25,107.6875,107.6875,107.4375,107.6016006,1332
2074-01-26,107.5625,107.6952972,107.5547028,107.6875,1604
2074-01-27,107.7422028,107.7891006,107.6406021,107.7811966,1193
2074-01-28,107.7968979,107.7968979,107.6016006,107.6016006,547
2074-01-29,107.6016006,107.6016006,107.4061966,107.5311966,1172
2074-01-30,107.4688034,107.4843979,107.3438034,107.3983994,523
2074-01-31,107.3983994,107.5,107.3593979,107.4141006,502
2074-02-01,107.375,107.5391006,107.375,107.5391006,703
2074-02-02,107.5,107.5391006,107.4375,107.4375,398
2074-02-03,107.3906021,107.4531021,107.3358994,107.4531021,561
2074-02-04,107.5156021,107.5781021,107.4688034,107.5,555
2074-02-05,107.4843979,107.5547028,107.4843979,107.5156021,1088
2074-02-06,107.5938034,107.7343979,107.5781021,107.7031021,1151
2074-02-07,107.7188034,107.8438034,107.7108994,107.8202972,1756
2074-02-08,107.8281021,107.8593979,107.7343979,107.7733994,2418
2074-02-09,107.7577972,107.7577972,107.6561966,107.7266006,2176
2074-02-10,107.7188034,107.9688034,107.7031021,107.9531021,2831
2074-02-11,107.9766006,108.0625,107.9297028,107.9766006,6676
2074-02-12,107.9843979,108.0077972,107.7968979,107.8281021,3711
2074-02-13,107.7577972,107.8906021,107.75,107.8827972,2850
2074-02-14,107.8281021,108.1093979,107.7733994,108.0938034,6168
2074-02-15,108.1172028,108.1327972,107.9922028,108.1016006,5848
2074-02-16,108.1172028,108.1406021,107.9922028,108.0547028,2014
2074-02-17,108.0625,108.0781021,107.9843979,108.0625,2075
2074-02-18,108.1093979,108.1875,108.0468979,108.0858994,2682
2074-02-19,108.1093979,108.1093979,107.9922028,108.0468979,4534
2074-02-20,108.1641006,108.1641006,108.1641006,108.1641006,3664
2074-02-21,108.1016006,108.1483994,108.0,108.0547028,3523
2074-02-22,108.0625,108.2811966,108.0468979,108.2108994,3552
2074-02-23,108.2656021,108.3593979,108.2577972,108.3047028,2937
2074-02-24,108.2422028,108.4061966,108.2343979,108.3983994,5949
2074-02-25,108.4141006,108.4141006,108.2188034,108.2577972,3794
2074-02-26,108.2656021,108.3438034,108.2656021,108.3047028,5106
2074-02-27,108.3281021,108.3438034,108.2343979,108.25,3378
2074-02-28,108.25,108.3593979,108.2422028,108.3438034,6317
2074-03-01,108.3358994,108.3593979,108.25,108.3358994,5876
2074-03-02,108.3516006,108.4531021,108.3125,108.4297028,1932
2074-03-03,108.4218979,108.4452972,108.3047028,108.3906021,2983
2074-03-04,108.0077972,108.1406021,108.0,108.1016006,3117
2074-03-05,108.1797028,108.3827972,108.125,108.3281021,2373
2074-03-06,108.375,108.4375,108.3281021,108.3906021,2889
2074-03-07,108.3358994,108.4297028,108.25,108.2733994,2223
2074-03-08,108.3202972,108.4375,108.1483994,108.2422028,1089
2074-03-09,108.3125,108.3983994,108.3125,108.3906021,2378
2074-03-10,108.3983994,108.5156021,108.3593979,108.5077972,4897
2074-03-11,108.4218979,108.4297028,108.2422028,108.2577972,4593
2074-03-12,108.2577972,108.3358994,108.1641006,108.2188034,6346
2074-03-13,108.2188034,108.4297028,108.1875,108.3983994,2151
2074-03-14,108.3125,108.4061966,108.3125,108.3202972,1651
2074-03-15,108.3827972,108.4452972,108.3827972,108.4297028,3256
2074-03-16,108.4141006,108.5311966,108.3983994,108.5156021,4463
2074-03-17,108.5,108.5547028,108.1172028,108.1875,6148
2074-03-18,108.1718979,108.1718979,107.9297028,107.9452972,3501
2074-03-19,107.9452972,108.1172028,107.8906021,108.0391006,4698
2074-03-20,108.0938034,108.1875,108.0311966,108.1483994,3050
2074-03-21,108.1406021,108.2891006,108.1406021,108.1718979,5049
2074-03-22,108.1561966,108.2656021,108.0702972,108.2343979,2479
2074-03-23,108.2188034,108.3438034,108.0625,108.1952972,5385
2074-03-24,108.1875,108.2343979,108.0702972,108.1327972,3375
2074-03-25,108.0858994,108.1406021,108.0,108.0547028,4569
2074-03-26,108.0938034,108.1406021,108.0625,108.0858994,4908
2074-03-27,108.1561966,108.1797028,108.125,108.1641006,2862
2074-03-28,108.1952972,108.2733994,108.125,108.2422028,2070
2074-03-29,108.2266006,108.2343979,108.1172028,108.1406021,7141
2074-03-30,108.125,108.1561966,107.8202972,107.9452972,8664
2074-03-31,107.7891006,107.9608994,107.7811966,107.875,4765
2074-04-01,107.9218979,107.9922028,107.8125,107.8983994,2509
2074-04-02,107.9688034,107.9688034,107.8516006,107.8827972,4944
2074-04-03,107.8125,107.8438034,107.5625,107.625,3701
2074-04-04,107.5938034,107.75,107.5938034,107.7108994,3859
2074-04-05,107.75,107.9375,107.7343979,107.8202972,4022
2074-04-06,107.8906021,107.8906021,107.7188034,107.8281021,2994
2074-04-07,107.8516006,107.9688034,107.8047028,107.875,5505
2074-04-08,107.8672028,107.8672028,107.6797028,107.7188034,7888
2074-04-09,107.6561966,107.8672028,107.4766006,107.5858994,7711
2074-04-10,107.5077972,107.7656021,107.5077972,107.6641006,8861
2074-04-11,107.8281021,107.8281021,107.2108994,107.3202972,9069
2074-04-12,107.3202972,107.4218979,107.0311966,107.1797028,4323
2074-04-13,107.0800018,107.1719971,107.0800018,107.1520004,5000
2074-04-14,107.5625,107.5625,107.1561966,107.1875,5186
2074-04-15,107.2733994,107.4061966,107.2108994,107.375,3786
2074-04-16,107.4531021,107.5233994,107.2811966,107.4452972,3784
2074-04-17,107.5311966,107.6561966,107.4843979,107.5,3125
2074-04-18,107.4843979,107.5077972,107.3202972,107.3983994,7023
2074-04-19,107.4531021,107.5468979,107.2343979,107.5156021,5556
2074-04-20,107.4531021,107.4531021,107.2266006,107.2891006,4075
2074-04-21,107.3358994,107.375,107.1016006,107.2188034,1300
2074-04-22,107.2811966,107.3672028,107.2108994,107.3281021,3695
2074-04-23,107.2733994,107.3125,107.2266006,107.3047028,5866
2074-04-24,107.2968979,107.4688034,107.1718979,107.4061966,5327
2074-04-25,107.3516006,107.5077972,107.25,107.3202972,3052
2074-04-26,107.2968979,107.3516006,106.9922028,107.0858994,2311
2074-04-27,107.125,107.1718979,106.9843979,107.1406021,2159
2074-04-28,107.1093979,107.1875,107.0391006,107.0625,4819
2074-04-29,107.0547028,107.2422028,106.9452972,107.1952972,2716
2074-04-30,107.1561966,107.2266006,107.0625,107.0781021,6319
2074-05-01,107.0781021,107.3593979,107.0311966,107.3516006,3393
2074-05-02,107.2733994,107.3438034,107.2108994,107.2968979,4110
2074-05-03,106.2656021,106.5,106.25,106.2891006,5050
2074-05-04,106.3438034,106.3906021,106.2733994,106.3672028,8342
2074-05-05,106.3906021,106.6875,106.3906021,106.6561966,4812
2074-05-06,106.6483994,107.1093979,106.6483994,107.1016006,4696
2074-05-07,107.0077972,107.2733994,107.0,107.0625,4235
2074-05-08,106.9922028,107.125,106.9843979,107.1093979,4909
2074-05-09,107.3906021,107.4531021,107.3281021,107.3906021,4672
2074-05-10,107.4218979,107.4843979,107.3672028,107.4297028,6278
2074-05-11,107.4452972,107.4452972,107.2343979,107.2968979,5237
2074-05-12,107.2968979,107.3672028,107.1797028,107.25,5237
2074-05-13,107.1875,107.2733994,107.0625,107.2656021,6296
2074-05-14,107.2968979,107.3281021,107.1797028,107.2968979,9171
2074-05-15,107.2656021,107.4531021,107.2343979,107.4061966,106686
2074-05-16,107.4061966,107.4766006,107.3202972,107.4218979,20248
2074-05-17,107.4297028,107.625,107.4141006,107.5625,19397
2074-05-18,107.5625,107.6093979,107.5311966,107.5391006,49153
2074-05-19,107.6093979,107.8125,107.5702972,107.7968979,30949
2074-05-20,107.7188034,107.8906021,107.7188034,107.8516006,123950
2074-05-21,107.8281021,107.8281021,107.6327972,107.7891006,127395
2074-05-22,107.7968979,107.7968979,107.4061966,107.4452972,127310
2074-05-23,107.3827972,107.5781021,107.3827972,107.5781021,111393
2074-05-24,107.5311966,107.5781021,107.4297028,107.4608994,109427
2074-05-25,107.4297028,107.5468979,107.4061966,107.4843979,129962
2074-05-26,107.6093979,107.6093979,107.3047028,107.3906021,54079
2074-05-27,107.3906021,107.5156021,107.3906021,107.4843979,37769
2074-05-28,107.4843979,107.4843979,107.4843979,107.4843979,29892
2074-05-29,107.3202972,107.4061966,107.3047028,107.3593979,18991
2074-05-30,107.3438034,107.3593979,107.1561966,107.2108994,32591
2074-05-31,107.2188034,107.2422028,106.8202972,106.8516006,133968
2074-06-01,106.8593979,107.0077972,106.8202972,106.9922028,31145
2074-06-02,106.8125,107.0781021,106.7811966,107.0391006,12002
2074-06-03,107.0,107.1483994,107.0,107.0391006,27992
2074-06-04,107.0625,107.25,106.9843979,107.2188034,13761
2074-06-05,107.2577972,107.4218979,107.1016006,107.1797028,106660
2074-06-06,107.2266006,107.3827972,107.1718979,107.3593979,137447
2074-06-07,107.3281021,107.3281021,107.2031021,107.2343979,12786
2074-06-08,107.2108994,107.4531021,107.0625,107.4531021,51635
2074-06-09,107.3983994,107.4452972,107.2811966,107.3438034,129260
2074-06-10,107.2891006,107.3438034,107.1093979,107.1875,11471
2074-06-11,107.2343979,107.2811966,107.125,107.2343979,6752
2074-06-12,107.1952972,107.2108994,107.0233994,107.1093979,6535
2074-06-13,107.125,107.2108994,107.1093979,107.2031021,7014
2074-06-14,107.1875,107.2031021,107.0391006,107.0702972,8241
2074-06-15,107.0468979,107.1016006,106.8983994,106.9608994,8664
2074-06-16,106.9608994,107.0233994,106.6797028,106.875,17350
2074-06-17,106.875,106.9375,106.8125,106.8281021,17350
2074-06-18,106.8281021,106.8281021,106.8281021,106.8281021,95937
2074-06-19,106.8593979,106.9297028,106.8593979,106.8983994,5874
2074-06-20,106.9141006,107.1718979,106.9061966,107.1718979,6534
2074-06-21,107.1641006,107.3358994,107.1406021,107.3125,6064
2074-06-22,107.3438034,107.4531021,107.3125,107.4141006,7057
2074-06-23,107.3593979,107.4375,107.2577972,107.3827972,6145
2074-06-24,107.4141006,107.4843979,107.2188034,107.2577972,7062
2074-06-25,107.2811966,107.4061966,107.2343979,107.3906021,4562
2074-06-26,107.375,107.4766006,107.3672028,107.4141006,4565
2074-06-27,107.3827972,107.3827972,107.2188034,107.2656021,4370
2074-06-28,107.2266006,107.3672028,107.1327972,107.3438034,6910
2074-06-29,107.3358994,107.3672028,107.1797028,107.1797028,6767
2074-06-30,107.1718979,107.3125,107.1641006,107.2266006,17641
2074-07-01,107.2343979,107.2343979,107.0468979,107.1016006,18605
2074-07-02,107.0702972,107.1172028,106.9608994,107.0547028,17123
2074-07-03,107.0625,107.1172028,106.9843979,107.0938034,11293
2074-07-04,107.0858994,107.5625,107.0625,107.5077972,15071
2074-07-05,107.4688034,107.625,107.4375,107.6093979,10259
2074-07-06,107.625,107.6875,107.5625,107.6641006,8814
2074-07-07,107.6016006,107.7108994,107.4922028,107.7031021,12147
2074-07-08,107.6875,107.7343979,107.6406021,107.6952972,10167
2074-07-09,107.6718979,107.6875,107.5702972,107.625,5710
2074-07-10,107.6172028,107.6561966,107.5702972,107.6016006,11151
2074-07-11,107.6561966,107.6952972,107.6093979,107.6875,4899
2074-07-12,107.6952972,107.7266006,107.6406021,107.6875,7722
2074-07-13,107.7266006,107.75,107.6952972,107.7343979,6781
2074-07-14,107.7266006,107.7422028,107.6641006,107.7266006,9080
2074-07-15,107.7108994,107.7422028,107.5781021,107.5781021,9813
2074-07-16,107.5311966,107.5781021,107.4608994,107.5,6997
2074-07-17,107.5077972,107.5625,107.4688034,107.4766006,7402
2074-07-18,107.4688034,107.6016006,107.4688034,107.5858994,10920
2074-07-19,107.5468979,107.6016006,107.0233994,107.4531021,18819
2074-07-20,107.4766006,107.5,106.6172028,106.9922028,23670
2074-07-21,106.9297028,106.9688034,106.8593979,106.9141006,17254
2074-07-22,106.9843979,107.0311966,106.9375,106.9843979,13397
2074-07-23,106.9922028,107.0702972,106.9843979,107.0,9872
2074-07-24,107.0156021,107.0311966,106.9218979,107.0,6167
2074-07-25,106.9297028,106.9843979,106.9061966,106.9688034,5059
2074-07-26,106.9531021,106.9531021,106.7266006,106.7577972,12806
2074-07-27,106.75,106.7891006,106.4922028,106.5233994,20380
2074-07-28,106.5391006,106.6172028,106.4608994,106.5702972,14587
2074-07-29,106.6016006,106.7811966,106.5702972,106.7343979,15511
2074-07-30,106.8281021,106.8281021,106.6406021,106.6718979,12781
2074-07-31,106.6016006,106.6718979,106.3672028,106.5702972,16054
2074-08-01,106.375,106.5077972,106.2968979,106.3983994,28532
2074-08-02,106.3202972,106.5233994,106.3202972,106.5233994,18129
2074-08-03,106.4218979,106.5468979,106.25,106.2891006,15765
2074-08-04,106.2733994,106.3125,106.2343979,106.3047028,10432
2074-08-05,106.25,106.4452972,106.25,106.4297028,12760
2074-08-06,106.4375,106.4531021,106.2343979,106.2891006,17390
2074-08-07,106.1952972,106.3516006,106.1406021,106.1952972,21267
2074-08-08,106.1641006,106.3125,106.1327972,106.2733994,13480
2074-08-09,106.2343979,106.2733994,106.2031021,106.2577972,10630
2074-08-10,106.2343979,106.4375,106.2188034,106.2891006,16067
2074-08-11,106.2811966,106.3906021,106.2343979,106.2656021,21903
2074-08-12,106.2422028,106.2968979,106.1406021,106.1641006,16430
2074-08-13,106.125,106.25,105.6483994,105.6875,37524
2074-08-14,105.625,105.7968979,105.625,105.7656021,18879
2074-08-15,105.7733994,105.8202972,105.75,105.7891006,15429
2074-08-16,105.7968979,105.8516006,105.7577972,105.7968979,16428
2074-08-17,105.7422028,105.7811966,105.6406021,105.6718979,17713
2074-08-18,105.5858994,105.8906021,105.5858994,105.875,24663
2074-08-19,105.9218979,106.0468979,105.9141006,106.0311966,18358
2074-08-20,105.9688034,106.0311966,105.8827972,105.9297028,10479
2074-08-21,105.9218979,105.9218979,105.7811966,105.8202972,8368
2074-08-22,105.8672028,105.9843979,105.8438034,105.9531021,9218
2074-08-23,106.0,106.0233994,105.8672028,105.8827972,22293
2074-08-24,105.9375,105.9452972,105.7891006,105.9297028,15047
2074-08-25,105.9531021,106.0156021,105.9218979,105.9375,34888
2074-08-26,105.8906021,106.125,105.8906021,106.1016006,41082
2074-08-27,106.0781021,106.2577972,106.0781021,106.2422028,40585
2074-08-28,106.2188034,106.2422028,106.0547028,106.0625,14439
2074-08-29,105.2577972,105.2733994,105.1327972,105.1952972,21680
2074-08-30,105.1875,105.2108994,105.0858994,105.1093979,15956
2074-08-31,105.0702972,105.1718979,105.0547028,105.1406021,20332
2074-09-01,105.125,105.1875,104.8827972,105.0,29353
2074-09-02,104.9531021,105.0858994,104.9531021,105.0781021,13000
2074-09-03,105.0625,105.1016006,104.9375,105.0156021,12935
2074-09-04,104.5938034,105.0311966,104.5858994,104.9922028,36773
2074-09-05,105.0,105.0077972,104.8202972,104.8827972,29019
2074-09-06,104.8593979,105.0,104.7422028,104.9531021,24791
2074-09-07,104.9608994,105.0468979,104.9375,104.9608994,14680
2074-09-08,104.8983994,105.0547028,104.8906021,105.0391006,16634
2074-09-09,105.0077972,105.0547028,104.9843979,105.0391006,13636
2074-09-10,104.9843979,105.1093979,104.9688034,105.0858994,14898
2074-09-11,105.0858994,105.2733994,105.0858994,105.1641006,31589
2074-09-12,105.1093979,105.2266006,105.1093979,105.1718979,13317
2074-09-13,105.1641006,105.2108994,104.9218979,104.9531021,18750
2074-09-14,104.9375,105.0547028,104.8906021,105.0233994,18641
2074-09-15,105.0233994,105.4061966,105.0,105.2733994,29443
2074-09-16,105.3125,105.4375,105.2266006,105.4375,22028
2074-09-17,105.3827972,105.8202972,105.3358994,105.625,23804
2074-09-18,105.5858994,105.7031021,105.5702972,105.6172028,12232
2074-09-19,105.6093979,105.6641006,105.5702972,105.6406021,13538
2074-09-20,105.6016006,105.7031021,105.5781021,105.6797028,14749
2074-09-21,105.625,105.7108994,105.625,105.7031021,6323
2074-09-22,105.625,105.7422028,105.625,105.7108994,5480
2074-09-23,105.6875,105.7422028,105.5702972,105.6406021,12590
2074-09-24,105.6406021,105.7266006,105.5625,105.5858994,13743
2074-09-25,105.5391006,105.6172028,105.5233994,105.5625,9785
2074-09-26,105.5858994,105.7811966,105.5156021,105.7733994,21079
2074-09-27,105.7577972,105.7891006,105.7266006,105.7422028,11795
2074-09-28,105.7343979,105.75,105.5077972,105.5311966,19175
2074-09-29,105.5077972,105.5233994,105.375,105.4375,21721
2074-09-30,105.4061966,105.5156021,105.4061966,105.4766006,20597
2074-10-01,105.5,105.5233994,105.4531021,105.5077972,8475
2074-10-02,105.4688034,105.5,105.3983994,105.4297028,15498
2074-10-03,105.3983994,105.4141006,105.25,105.2811966,19143
2074-10-04,105.25,105.3672028,105.2266006,105.3593979,27650
2074-10-05,105.3438034,105.4375,105.3047028,105.4297028,20348
2074-10-06,105.4061966,105.5858994,105.3906021,105.5625,20445
2074-10-07,105.625,105.7188034,105.5938034,105.625,16540
2074-10-08,105.6016006,105.6718979,105.5468979,105.6483994,15051
2074-10-09,105.625,105.7108994,105.5938034,105.6483994,12706
2074-10-10,105.6483994,105.7188034,105.6406021,105.6797028,15559
2074-10-11,105.7188034,106.3438034,105.6483994,106.1952972,36431
2074-10-12,106.1875,106.2266006,106.0858994,106.1172028,16362
2074-10-13,106.0858994,106.1327972,105.875,105.9141006,25340
2074-10-14,105.9141006,105.9922028,105.8827972,105.9766006,11950
2074-10-15,105.9766006,106.0468979,105.9061966,106.0156021,17809
2074-10-16,105.9922028,106.1406021,105.9922028,106.1093979,14036
2074-10-17,105.9922028,106.1172028,105.9922028,106.0702972,12775
2074-10-18,106.0311966,106.2031021,106.0,106.1718979,22762
2074-10-19,106.1952972,106.2733994,106.125,106.1718979,21674
2074-10-20,106.1406021,106.2343979,106.1327972,106.2343979,18915
2074-10-21,106.2188034,106.2656021,106.1406021,106.1561966,10534
2074-10-22,106.1406021,106.1561966,106.0547028,106.0781021,16253
2074-10-23,106.0468979,106.1172028,105.9922028,106.0938034,23454
2074-10-24,106.1093979,106.1875,106.0625,106.1093979,51878
2074-10-25,106.0858994,106.1952972,106.0702972,106.1483994,37938
2074-10-26,106.1952972,106.2108994,106.1406021,106.1483994,40641
2074-10-27,106.1483994,106.2188034,106.125,106.2108994,22709
2074-10-28,106.2188034,106.375,106.1797028,106.3125,29368
2074-10-29,105.8672028,105.9452972,105.7968979,105.8906021,38303
2074-10-30,105.9141006,105.9141006,105.75,105.7891006,22486
2074-10-31,105.7422028,106.0,105.0625,105.4843979,37726
2074-11-01,105.4688034,105.5547028,105.4608994,105.5391006,31315
2074-11-02,105.5311966,105.7577972,105.4531021,105.75,41574
2074-11-03,105.7422028,105.8281021,105.6875,105.7188034,25285
2074-11-04,105.7656021,105.8672028,105.6875,105.7188034,33627
2074-11-05,105.6875,105.75,105.6718979,105.7266006,14229
2074-11-06,105.75,105.8125,105.6875,105.7968979,28226
2074-11-07,105.7891006,105.7968979,105.7108994,105.7266006,17399
2074-11-08,105.7343979,105.9531021,105.6875,105.9218979,34277
2074-11-09,105.9141006,105.9688034,105.7108994,105.7188034,32794
2074-11-10,105.7422028,105.9061966,105.7343979,105.8906021,15515
2074-11-11,105.875,105.8906021,105.7031021,105.8358994,23037
2074-11-12,105.8202972,105.8516006,105.7422028,105.8281021,45142
2074-11-13,105.8358994,105.9141006,105.6483994,105.6718979,42994
2074-11-14,105.6875,105.7188034,105.5233994,105.5858994,38136
2074-11-15,105.5702972,105.7031021,105.5468979,105.6718979,21271
2074-11-16,105.6797028,105.7811966,105.6797028,105.7188034,29889
2074-11-17,105.7343979,105.75,105.5547028,105.5702972,23905
2074-11-18,105.5547028,105.6483994,105.4375,105.6172028,42548
2074-11-19,105.6093979,105.6327972,105.5311966,105.5938034,37220
2074-11-20,105.6016006,105.6016006,105.5,105.5625,20443
2074-11-21,105.5547028,105.6093979,105.5311966,105.5781021,19726
2074-11-22,105.5547028,105.5858994,105.4608994,105.4843979,22622
2074-11-23,105.4688034,105.5,105.4061966,105.4766006,41593
2074-11-24,105.4688034,105.7343979,105.4688034,105.7188034,146464
2074-11-25,105.7266006,105.8438034,105.7266006,105.7811966,27997
2074-11-26,105.7733994,105.9141006,105.7031021,105.8593979,30147
2074-11-27,105.9141006,105.9922028,105.8672028,105.9843979,34119
2074-11-28,105.9688034,105.9922028,105.7811966,105.8827972,32322
2074-11-29,105.8593979,105.8983994,105.8047028,105.875,17538
2074-11-30,105.875,105.875,105.7266006,105.8438034,32756
2074-12-01,105.8593979,105.9297028,105.8438034,105.9141006,23540
2074-12-02,105.9141006,105.9531021,105.8047028,105.8438034,59370
2074-12-03,105.8047028,105.9061966,105.7891006,105.8906021,23635
2074-12-04,105.9218979,106.0077972,105.9141006,105.9141006,37508
2074-12-05,105.8983994,105.9531021,105.8827972,105.9141006,22408
2074-12-06,105.8906021,105.9452972,105.7422028,105.7656021,43365
2074-12-07,105.7733994,105.8593979,105.6561966,105.8202972,36668
2074-12-08,105.8438034,105.9141006,105.7811966,105.8827972,27418
2074-12-09,105.8593979,105.8906021,105.7811966,105.7968979,23634
2074-12-10,105.8202972,105.875,105.7811966,105.8281021,16410
2074-12-11,105.8827972,105.8906021,105.625,105.8593979,38394
2074-12-12,105.8281021,105.8672028,105.7656021,105.7811966,25414
2074-12-13,105.7656021,105.7891006,105.2188034,105.4531021,64062
2074-12-14,105.4375,105.4608994,105.375,105.4218979,36380
2074-12-15,105.4297028,105.4608994,105.3906021,105.4218979,26507
2074-12-16,105.3906021,105.4375,105.3047028,105.3358994,98184
2074-12-17,105.3358994,105.3358994,105.3358994,105.3358994,122555
2074-12-18,105.3593979,105.4297028,105.3281021,105.375,24077
2074-12-19,105.4141006,105.4141006,105.2968979,105.3202972,21586
2074-12-20,105.3047028,105.3438034,105.1952972,105.2733994,39873
2074-12-21,105.2811966,105.4061966,105.1797028,105.375,78005
2074-12-22,105.3906021,105.4061966,105.2968979,105.3438034,46967
2074-12-23,105.3438034,105.4061966,105.0858994,105.2343979,79416
2074-12-24,105.2422028,105.2656021,105.1797028,105.2188034,30709
2074-12-25,105.2108994,105.2577972,105.1641006,105.1718979,75329
2074-12-26,105.1561966,105.1952972,105.1016006,105.1093979,36303
2074-12-27,105.0858994,105.125,105.0,105.0468979,74025
2074-12-28,105.0625,105.1641006,105.0311966,105.1327972,52100
2074-12-29,104.7577972,104.8125,104.7108994,104.7343979,67414
2074-12-30,104.7577972,104.7577972,104.6093979,104.6952972,56492
2074-12-31,104.6483994,105.0,104.6483994,104.9218979,74261
2075-01-01,104.9297028,104.9843979,104.8906021,104.9608994,35380
2075-01-02,104.9688034,104.9766006,104.8672028,104.9218979,37139
2075-01-03,104.9218979,105.0233994,104.8516006,104.9922028,54386
2075-01-04,105.0077972,105.0702972,104.9531021,104.9843979,31945
2075-01-05,104.9688034,105.0468979,104.9531021,104.9608994,27920
2075-01-06,104.9608994,104.9843979,104.875,104.8983994,26363
2075-01-07,104.9063034,104.9375,104.8438034,104.8983994,33398
2075-01-08,104.9063034,104.9608994,104.8827972,104.9375,28396
2075-01-09,104.9608994,104.9922028,104.8281021,104.8516006,36454
2075-01-10,104.8593979,104.875,104.7422028,104.8202972,34630
2075-01-11,104.8202972,104.8593979,104.7422028,104.7577972,18485
2075-01-12,104.7733994,104.7891006,104.7188034,104.7813034,18302
2075-01-13,104.7656021,104.8281021,104.7422028,104.8125,24012
2075-01-14,104.8281021,104.8593979,104.8125,104.8358994,11245
2075-01-15,104.8593979,104.8672028,104.7343979,104.7577972,14014
2075-01-16,104.7656021,104.7733994,104.6718979,104.7577972,18214
2075-01-17,104.7188034,104.7422028,104.6406021,104.6641006,16308
2075-01-18,104.6406021,104.75,104.6327972,104.7266006,21795
2075-01-19,104.75,104.7656021,104.7108994,104.75,29722
2075-01-20,104.7188034,104.75,104.5077972,104.5625,39213
2075-01-21,104.5233994,104.5702972,104.4688034,104.5468979,45164
2075-01-22,104.5313034,104.6327972,104.5156021,104.6093979,29436
2075-01-23,104.625,104.8438034,104.4608994,104.5468979,55388
2075-01-24,104.5156021,104.5468979,104.4688034,104.5233994,27114
2075-01-25,104.5156021,104.5233994,104.4531021,104.5233994,26616
2075-01-26,104.5156021,104.5938034,104.4843979,104.5468979,52430
2075-01-27,104.5547028,104.6327972,104.5313034,104.6016006,50676
2075-01-28,104.625,104.625,104.4608994,104.5,47395
2075-01-29,104.4922028,104.5,104.4297028,104.4843979,33769
2075-01-30,104.4843979,104.5468979,104.4063034,104.5077972,66471
2075-01-31,104.5391006,104.6406021,104.5077972,104.6093979,60636
2075-02-01,104.6172028,104.7343979,104.6016006,104.7108994,50260
2075-02-02,104.6875,104.7108994,104.6172028,104.6483994,31925
2075-02-03,104.625,104.6327972,104.5468979,104.6016006,54525
2075-02-04,104.6172028,104.6172028,104.5156021,104.5313034,36600
2075-02-05,104.5077972,104.5233994,104.4608994,104.5077972,35378
2075-02-06,104.4843979,104.6093979,104.4843979,104.6016006,46801
2075-02-07,104.5625,104.5625,104.4843979,104.5313034,46461
2075-02-08,104.5391006,104.5781021,104.4922028,104.5391006,36525
2075-02-09,104.5077972,104.5702972,104.4608994,104.4922028,46772
2075-02-10,104.4688034,104.4843979,104.4141006,104.4297028,40064
2075-02-11,104.4141006,104.5938034,104.25,104.5391006,80034
2075-02-12,104.5156021,104.5156021,104.4688034,104.4922028,40793
2075-02-13,104.4688034,104.4843979,104.4141006,104.4531021,67057
2075-02-14,104.4688034,104.6406021,104.4375,104.625,90012
2075-02-15,104.6093979,104.6406021,104.5156021,104.5468979,65776
2075-02-16,104.5233994,104.5858994,104.4297028,104.4688034,60866
2075-02-17,104.4452972,104.4608994,104.4063034,104.4375,32949
2075-02-18,104.4297028,104.4608994,104.3983994,104.4297028,50400
2075-02-19,104.4452972,104.5156021,104.3047028,104.3202972,81771
2075-02-20,104.3281021,104.3906021,104.2891006,104.375,60728
2075-02-21,104.3906021,104.4063034,104.2733994,104.2968979,65128
2075-02-22,104.2968979,104.3281021,104.2733994,104.2968979,61315
2075-02-23,104.3047028,104.3827972,104.2266006,104.2733994,102834
2075-02-24,104.2733994,104.3125,104.1952972,104.2188034,106816
2075-02-25,104.1875,104.2188034,104.1483994,104.1875,106897
2075-02-26,104.1563034,104.1563034,104.1016006,104.1016006,70037
2075-02-27,103.7031021,103.7577972,103.6875,103.7188034,96360
2075-02-28,103.7343979,103.7891006,103.6875,103.7656021,71436
2075-03-01,103.7813034,103.8281021,103.7343979,103.75,54477
2075-03-02,103.7577972,103.8438034,103.6483994,103.7968979,67663
2075-03-03,103.7968979,103.8281021,103.7188034,103.7422028,23291
2075-03-04,103.7266006,103.7422028,103.625,103.6952972,78532
2075-03-05,103.6797028,103.7031021,103.5781021,103.6016006,64513
2075-03-06,103.5858994,103.625,103.5313034,103.5938034,73903
2075-03-07,103.5625,103.5858994,103.4608994,103.4843979,56661
2075-03-08,103.4608994,103.4922028,103.4297028,103.4688034,47589
2075-03-09,103.4843979,103.5391006,103.4452972,103.4608994,55560
2075-03-10,103.4531021,103.625,103.4218979,103.5156021,77338
2075-03-11,103.5233994,103.6563034,103.5233994,103.5858994,63049
2075-03-12,103.5938034,103.6093979,103.5156021,103.5625,42398
2075-03-13,103.578125,103.578125,103.5,103.5546875,19462
2075-03-14,103.546875,103.6875,103.3046875,103.3203125,65706
2075-03-15,103.3359375,103.375,103.1640625,103.3125,82143
2075-03-16,103.3125,103.34375,103.2578125,103.2578125,39305
2075-03-17,103.265625,103.265625,103.2109375,103.234375,17170
2075-03-18,103.2421875,103.3125,103.2265625,103.3046875,40253
2075-03-19,103.3046875,103.3515625,103.2734375,103.3203125,39186
2075-03-20,103.3046875,103.4609375,103.2890625,103.4453125,62781
2075-03-21,103.453125,103.6640625,103.40625,103.5625,86230
2075-03-22,103.546875,103.6328125,103.4921875,103.5703125,49666
2075-03-23,103.578125,103.609375,103.546875,103.578125,39110
2075-03-24,103.59375,103.6640625,103.5703125,103.6640625,53390
2075-03-25,103.671875,103.7109375,103.59375,103.59375,52915
2075-03-26,103.59375,103.609375,103.5078125,103.5625,44768
2075-03-27,103.5625,103.609375,103.5078125,103.6015625,38558
2075-03-28,103.6015625,103.6875,103.5,103.6796875,64435
2075-03-29,103.6640625,103.78125,103.640625,103.765625,84047
2075-03-30,103.7734375,103.9609375,103.7578125,103.953125,78194
2075-03-31,103.96875,104.078125,103.90625,104.0703125,131195
2075-04-01,104.0625,104.1875,103.953125,103.9609375,74755
2075-04-02,103.953125,104.1171875,103.890625,104.078125,90758
2075-04-03,104.0625,104.09375,103.8515625,104.09375,90298
2075-04-04,104.109375,104.109375,103.828125,103.8515625,103231
2075-04-05,103.8671875,103.921875,103.8359375,103.8984375,36144
2075-04-06,103.890625,103.921875,103.796875,103.8359375,61844
2075-04-07,103.84375,103.8828125,103.75,103.8046875,108734
2075-04-08,103.8125,103.9375,103.765625,103.875,73416
2075-04-09,103.8671875,104.03125,103.859375,104.03125,72031
2075-04-10,104.0078125,104.0234375,103.8359375,103.8359375,77909
2075-04-11,103.828125,103.8984375,103.8125,103.890625,45178
2075-04-12,103.890625,103.9375,103.8125,103.8828125,53975
2075-04-13,103.890625,103.9453125,103.8515625,103.9375,70302
2075-04-14,103.9296875,104.1171875,103.9140625,104.078125,89187
2075-04-15,104.0546875,104.1015625,103.7265625,103.75,129455
2075-04-16,103.75,103.7578125,103.703125,103.703125,40697
2075-04-17,103.703125,103.859375,103.703125,103.8515625,51918
2075-04-18,103.84375,103.96875,103.78125,103.859375,82565
2075-04-19,103.8359375,103.921875,103.75,103.8984375,83430
2075-04-20,103.9140625,104.0234375,103.859375,104.015625,59393
2075-04-21,104.0,104.0546875,103.953125,104.0078125,27984
2075-04-22,103.9921875,104.0703125,103.921875,104.015625,51877
2075-04-23,104.0,104.34375,103.9921875,104.046875,74385
2075-04-24,104.0390625,104.0625,103.9296875,103.9453125,57489
2075-04-25,103.953125,103.9609375,103.859375,103.8828125,39474
2075-04-26,103.859375,104.0078125,103.8203125,103.96875,62083
2075-04-27,103.9609375,104.0390625,103.9609375,104.015625,85148
2075-04-28,104.0234375,104.078125,103.984375,104.015625,92886
2075-04-29,104.0078125,104.0546875,103.9375,103.984375,95771
2075-04-30,103.9765625,104.0234375,103.9296875,103.9609375,133737
2075-05-01,103.9765625,104.0859375,103.9765625,104.0859375,79916
2075-05-02,103.890625,104.21875,103.8671875,104.125,140724
2075-05-03,104.1171875,104.1171875,104.0,104.0390625,70186
2075-05-04,104.046875,104.3125,103.9140625,103.9296875,144276
2075-05-05,103.9296875,103.984375,103.859375,103.9140625,57606
2075-05-06,103.90625,104.0234375,103.890625,103.953125,87090
2075-05-07,103.953125,103.96875,103.8515625,103.8671875,42465
2075-05-08,103.8671875,103.875,103.6953125,103.8203125,94249
2075-05-09,103.8203125,103.828125,103.6640625,103.6796875,37620
2075-05-10,103.6796875,103.7265625,103.65625,103.6796875,55389
2075-05-11,103.6875,103.7578125,103.6796875,103.71875,129255
2075-05-12,103.7265625,103.78125,103.6484375,103.671875,64418
2075-05-13,103.671875,103.75,103.6171875,103.734375,57816
2075-05-14,103.734375,103.75,103.6875,103.71875,22060
2075-05-15,103.71875,103.75,103.6484375,103.6875,29329
2075-05-16,103.6796875,103.765625,103.6484375,103.75,47087
2075-05-17,103.7421875,103.9453125,103.734375,103.921875,159577
2075-05-18,103.90625,103.921875,103.84375,103.921875,41687
2075-05-19,103.921875,104.015625,103.90625,104.0,57684
2075-05-20,104.0,104.03125,103.9609375,104.0,48609
2075-05-21,104.0,104.0078125,103.859375,103.875,48534
2075-05-22,103.875,103.9453125,103.8125,103.859375,91150
2075-05-23,103.8515625,103.921875,103.765625,103.8671875,70584
2075-05-24,103.8671875,103.8671875,103.6484375,103.6640625,78692
2075-05-25,103.609375,103.65625,103.5546875,103.59375,69423
2075-05-26,103.609375,103.6484375,103.578125,103.609375,41876
2075-05-27,103.609375,104.03125,103.609375,103.7109375,89296
2075-05-28,103.7109375,103.78125,103.59375,103.6171875,60922
2075-05-29,103.6171875,103.6328125,103.5234375,103.578125,45376
2075-05-30,103.5703125,103.609375,103.515625,103.5234375,45023
2075-05-31,103.5234375,103.546875,103.46875,103.515625,56368
2075-06-01,103.5078125,103.578125,103.484375,103.515625,40746
2075-06-02,103.5234375,103.578125,103.46875,103.4921875,65347
2075-06-03,103.484375,103.5,103.4375,103.4375,25388
2075-06-04,103.4453125,103.5234375,103.3984375,103.515625,57899
2075-06-05,103.5078125,103.5390625,103.390625,103.4765625,95397
2075-06-06,103.4609375,103.5078125,103.3359375,103.359375,95988
2075-06-07,103.3671875,103.453125,103.3515625,103.421875,32615
2075-06-08,103.4140625,103.4453125,103.359375,103.359375,22964
2075-06-09,103.3671875,103.3984375,103.3515625,103.390625,22534
2075-06-10,103.390625,103.3984375,103.2890625,103.3046875,37229
2075-06-11,103.3046875,103.3671875,103.265625,103.359375,39979
2075-06-12,103.359375,103.3671875,103.2265625,103.25,58030
2075-06-13,103.25,103.25,103.171875,103.203125,51769
2075-06-14,103.2109375,103.234375,103.171875,103.1875,35788
2075-06-15,103.1953125,103.2578125,103.1875,103.2421875,30896
2075-06-16,103.2421875,103.2734375,103.2109375,103.2265625,34301
2075-06-17,103.2109375,103.234375,103.078125,103.0859375,59051
2075-06-18,103.0859375,103.09375,102.984375,103.0234375,28106
2075-06-19,102.9921875,103.09375,102.9765625,103.0703125,38324
2075-06-20,103.0859375,103.125,103.0234375,103.0703125,46370
2075-06-21,103.0703125,103.1640625,103.0234375,103.15625,50180
2075-06-22,103.15625,103.25,103.140625,103.25,53914
2075-06-23,103.234375,103.25,103.171875,103.203125,26793
2075-06-24,103.1796875,103.3046875,103.1640625,103.2734375,55584
2075-06-25,103.296875,103.3046875,103.203125,103.21875,49759
2075-06-26,103.21875,103.3203125,103.2109375,103.3046875,38719
2075-06-27,103.3125,103.3125,103.21875,103.2890625,43079
2075-06-28,103.2734375,103.3125,103.21875,103.296875,39049
2075-06-29,103.296875,103.3828125,103.2578125,103.359375,45214
2075-06-30,103.359375,103.4140625,103.3125,103.3515625,84568
2075-07-01,103.3515625,103.3671875,103.296875,103.34375,56568
2075-07-02,103.3359375,103.3515625,103.2109375,103.234375,95088
2075-07-03,103.328125,103.3515625,103.2265625,103.234375,97376
2075-07-04,103.234375,103.4765625,103.2265625,103.46875,158897
2075-07-05,103.4453125,103.6875,103.4140625,103.65625,92470
2075-07-06,103.5703125,103.8125,103.484375,103.734375,189254
2075-07-07,103.7109375,103.875,103.5703125,103.7109375,165858
2075-07-08,103.6640625,103.6640625,103.5390625,103.59375,80390
2075-07-09,103.5859375,103.6015625,103.4609375,103.4921875,87197
2075-07-10,103.484375,103.5703125,103.4296875,103.4765625,64874
2075-07-11,103.46875,103.5234375,103.4453125,103.46875,41742
2075-07-12,103.4453125,103.4921875,103.3671875,103.421875,60910
2075-07-13,103.40625,103.5234375,103.375,103.5,64004
2075-07-14,103.5,103.5703125,103.4609375,103.46875,59631
2075-07-15,103.4765625,103.5625,103.421875,103.453125,69421
2075-07-16,103.4453125,103.4765625,103.3125,103.3515625,78305
2075-07-17,103.3203125,103.4609375,103.3125,103.4296875,71157
2075-07-18,103.421875,103.4375,103.234375,103.3046875,106813
2075-07-19,103.28125,103.3984375,103.28125,103.359375,56911
2075-07-20,103.4375,103.5078125,103.3671875,103.390625,90221
2075-07-21,103.375,103.375,103.2265625,103.2421875,80635
2075-07-22,103.1640625,103.203125,103.1171875,103.1875,81840
2075-07-23,103.1875,103.2265625,103.078125,103.125,71088
2075-07-24,103.140625,103.140625,103.03125,103.109375,73938
2075-07-25,103.1171875,103.15625,103.015625,103.0546875,66907
2075-07-26,103.0234375,103.0703125,102.921875,102.9453125,75112
2075-07-27,102.9296875,103.0,102.859375,102.875,51827
2075-07-28,102.8984375,102.9453125,102.828125,102.8671875,52067
2075-07-29,102.8671875,102.953125,102.859375,102.890625,44487
2075-07-30,102.921875,102.9921875,102.890625,102.9296875,55963
2075-07-31,102.8984375,102.953125,102.3046875,102.9296875,76333
2075-08-01,102.921875,102.9375,102.84375,102.890625,56071
2075-08-02,102.8671875,102.875,102.796875,102.8359375,53555
2075-08-03,102.828125,102.8359375,102.7734375,102.8203125,73997
2075-08-04,102.828125,102.8984375,102.734375,102.78125,94765
2075-08-05,102.78125,102.8203125,102.765625,102.7890625,32749
2075-08-06,102.7578125,102.8359375,102.7578125,102.8125,60739
2075-08-07,102.8203125,102.9140625,102.8203125,102.8359375,62112
2075-08-08,102.8359375,102.8671875,102.765625,102.8125,68321
2075-08-09,102.8828125,102.9375,102.8203125,102.90625,73937
2075-08-10,102.890625,102.890625,102.8046875,102.8359375,53436
2075-08-11,102.828125,102.859375,102.6640625,102.7265625,68903
2075-08-12,102.671875,102.6875,102.5859375,102.609375,101997
2075-08-13,102.609375,102.71875,102.6015625,102.6328125,69570
2075-08-14,102.6640625,102.6953125,102.5625,102.609375,56300
2075-08-15,102.578125,102.6328125,102.546875,102.6015625,46262
2075-08-16,102.609375,102.6484375,102.53125,102.546875,75754
2075-08-17,102.5625,102.59375,102.46875,102.53125,93190
2075-08-18,102.5234375,102.5625,102.4609375,102.4765625,77836
2075-08-19,102.4765625,102.5390625,102.421875,102.4765625,88470
2075-08-20,102.453125,102.5234375,102.453125,102.4765625,55703
2075-08-21,102.4921875,102.59375,102.4921875,102.5546875,74834
2075-08-22,102.5703125,102.59375,102.421875,102.4453125,64412
2075-08-23,102.4453125,102.546875,102.4375,102.5390625,59450
2075-08-24,102.5390625,102.5390625,102.5390625,102.5390625,142012
2075-08-25,102.5234375,102.5625,102.4375,102.453125,49402
2075-08-26,102.4375,102.515625,102.421875,102.4921875,65724
2075-08-27,102.5,102.6328125,102.4765625,102.609375,79112
2075-08-28,102.6171875,102.71875,102.5703125,102.6875,107965
2075-08-29,102.6796875,102.6953125,102.59375,102.640625,81813
2075-08-30,102.65625,102.7265625,102.6171875,102.7109375,71563
2075-08-31,102.6796875,102.921875,102.640625,102.8515625,321621
2075-09-01,102.8203125,102.8515625,102.7421875,102.75,81962
2075-09-02,102.8125,102.8359375,102.734375,102.8125,152282
2075-09-03,102.8125,102.8359375,102.6640625,102.671875,181401
2075-09-04,102.671875,102.703125,102.609375,102.625,54028
2075-09-05,102.5625,102.6328125,102.453125,102.484375,125953
2075-09-06,102.4921875,102.5625,102.4765625,102.5078125,82333
2075-09-07,102.515625,102.5234375,102.4140625,102.4453125,64762
2075-09-08,102.4375,102.5859375,102.4296875,102.546875,89805
2075-09-09,102.5546875,102.5625,102.5078125,102.53125,57190
2075-09-10,102.5390625,102.6640625,102.53125,102.6484375,75508
2075-09-11,102.640625,102.6484375,102.5078125,102.5078125,86238
2075-09-12,102.515625,102.5546875,102.4453125,102.484375,69920
2075-09-13,102.484375,102.5859375,102.453125,102.515625,89004
2075-09-14,102.5390625,102.6484375,102.53125,102.6328125,84949
2075-09-15,102.625,102.6875,102.5546875,102.625,85261
2075-09-16,102.625,102.671875,102.625,102.6484375,40422
2075-09-17,102.6484375,102.671875,102.5859375,102.6171875,43105
2075-09-18,102.6171875,102.6328125,102.5390625,102.5625,42832
2075-09-19,102.5546875,102.578125,102.484375,102.5078125,42464
2075-09-20,102.484375,102.609375,102.484375,102.59375,43685
2075-09-21,102.59375,102.6640625,102.546875,102.625,80112
2075-09-22,102.6171875,102.6953125,102.578125,102.6875,29855
2075-09-23,102.671875,102.6796875,102.6171875,102.6484375,42340
2075-09-24,102.6484375,102.6640625,102.5703125,102.6328125,40842
2075-09-25,102.6484375,102.671875,102.578125,102.59375,26743
2075-09-26,102.5859375,102.7421875,102.5234375,102.71875,112272
2075-09-27,102.7265625,102.8125,102.7109375,102.7890625,87918
2075-09-28,102.78125,102.8203125,102.75,102.765625,84795
2075-09-29,102.75,102.8515625,102.6640625,102.6953125,126708
2075-09-30,102.6875,102.734375,102.671875,102.703125,49882
2075-10-01,102.71875,102.7265625,102.6171875,102.6328125,68857
2075-10-02,102.6328125,102.671875,102.546875,102.5625,99361
2075-10-03,102.5703125,102.6796875,102.5625,102.671875,111941
2075-10-04,102.671875,102.78125,102.640625,102.7734375,108866
2075-10-05,102.75,102.796875,102.71875,102.7734375,109847
2075-10-06,102.765625,102.828125,102.71875,102.7734375,93856
2075-10-07,102.765625,102.765625,102.6796875,102.6953125,107207
2075-10-08,102.703125,102.75,102.6640625,102.71875,78653
2075-10-09,102.7421875,102.765625,102.671875,102.7421875,76710
2075-10-10,102.734375,102.75,102.6875,102.7109375,58582
2075-10-11,102.703125,102.703125,102.5546875,102.5703125,110586
2075-10-12,102.5546875,102.6015625,102.484375,102.5078125,378966
2075-10-13,102.515625,102.5859375,102.4609375,102.5,109906
2075-10-14,102.4765625,102.4921875,102.4140625,102.4453125,82377
2075-10-15,102.453125,102.4765625,102.390625,102.421875,133303
2075-10-16,102.421875,102.4453125,102.296875,102.3203125,154779
2075-10-17,102.3125,102.359375,102.3046875,102.3203125,113926
2075-10-18,102.3203125,102.3828125,102.21875,102.3203125,220901
2075-10-19,102.34375,102.3515625,102.25,102.265625,74348
2075-10-20,102.25,102.3046875,102.234375,102.2890625,92935
2075-10-21,102.2890625,102.3203125,102.203125,102.2265625,84992
2075-10-22,102.2265625,102.265625,102.171875,102.203125,103582
2075-10-23,102.1953125,102.2578125,102.1328125,102.1640625,108298
2075-10-24,102.1484375,102.1875,102.125,102.171875,53042
2075-10-25,102.171875,102.1796875,102.1015625,102.140625,91614
2075-10-26,102.1484375,102.203125,102.078125,102.1328125,111203
2075-10-27,102.1328125,102.15625,102.109375,102.1328125,96085
2075-10-28,102.140625,102.21875,102.140625,102.1875,104017
2075-10-29,102.203125,102.203125,102.1171875,102.1328125,120295
2075-10-30,102.1328125,102.1796875,102.0703125,102.1640625,144478
2075-10-31,102.1640625,102.1796875,102.0859375,102.1015625,131470
2075-11-01,102.125,102.1640625,102.0859375,102.109375,197206
2075-11-02,102.0859375,102.140625,102.0625,102.1015625,155045
2075-11-03,102.09375,102.1875,102.09375,102.1796875,84884
2075-11-04,102.1875,102.2421875,102.125,102.140625,139472
2075-11-05,102.140625,102.171875,102.0625,102.1015625,150021
2075-11-06,102.09375,102.1015625,102.0234375,102.0390625,135175
2075-11-07,101.9921875,102.046875,101.9296875,101.984375,113035
2075-11-08,101.96875,101.9921875,101.875,101.984375,154657
2075-11-09,101.9921875,102.0234375,101.9375,102.0,125634
2075-11-10,102.015625,102.0234375,101.96875,102.0078125,90796
2075-11-11,102.015625,102.0234375,101.8984375,101.9609375,143479
2075-11-12,101.9453125,101.9609375,101.890625,101.9375,82261
2075-11-13,101.9453125,102.1484375,101.9296875,102.125,142702
2075-11-14,102.1328125,102.1484375,102.078125,102.1171875,137748
2075-11-15,102.125,102.3515625,102.09375,102.3125,217948
2075-11-16,102.3125,102.3203125,102.234375,102.28125,94108
2075-11-17,102.265625,102.3046875,102.2421875,102.28125,63419
2075-11-18,102.2578125,102.265625,102.1015625,102.125,151953
2075-11-19,102.109375,102.140625,102.078125,102.1015625,67158
2075-11-20,102.1015625,102.1328125,102.0234375,102.0390625,85649
2075-11-21,102.0390625,102.1953125,102.03125,102.1640625,92696
2075-11-22,102.15625,102.1640625,102.1015625,102.1328125,70234
2075-11-23,102.1171875,102.1328125,101.9609375,102.0,155510
2075-11-24,101.96875,102.0,101.921875,101.9453125,121280
2075-11-25,101.953125,101.984375,101.8828125,101.8984375,155963
2075-11-26,101.890625,101.9609375,101.875,101.9296875,108575
2075-11-27,101.9296875,101.953125,101.828125,101.8515625,114363
2075-11-28,101.859375,101.9375,101.8515625,101.90625,87152
2075-11-29,101.9296875,101.9921875,101.921875,101.96875,88937
2075-11-30,101.953125,101.9609375,101.890625,101.921875,93969
2075-12-01,101.90625,101.9453125,101.765625,101.8203125,139419
2075-12-02,101.765625,101.8359375,101.71875,101.8203125,74605
2075-12-03,101.8359375,101.875,101.8125,101.8515625,51305
2075-12-04,101.8515625,101.8984375,101.7734375,101.7890625,73182
2075-12-05,101.7890625,101.8046875,101.703125,101.734375,106011
2075-12-06,101.75,101.8203125,101.75,101.8046875,53800
2075-12-07,101.8125,101.9609375,101.8046875,101.921875,138157
2075-12-08,101.9140625,101.984375,101.8203125,101.875,158164
2075-12-09,101.8828125,101.90625,101.8203125,101.84375,105109
2075-12-10,101.828125,101.875,101.7890625,101.8125,81311
2075-12-11,101.7734375,101.8828125,101.765625,101.84375,64580
2075-12-12,101.859375,101.890625,101.703125,101.7421875,131932
2075-12-13,101.7421875,101.7578125,101.6484375,101.65625,117623
2075-12-14,101.65625,101.828125,101.6015625,101.7890625,170430
2075-12-15,101.8046875,101.8828125,101.78125,101.8671875,125299
2075-12-16,101.7421875,101.7421875,101.734375,101.7421875,280
2075-12-17,101.6953125,101.78125,101.671875,101.765625,128392
2075-12-18,101.75,101.7734375,101.6953125,101.734375,149257
2075-12-19,101.7265625,101.7421875,101.6640625,101.6875,89490
2075-12-20,101.671875,101.828125,101.6640625,101.734375,104485
2075-12-21,101.734375,101.7421875,101.6796875,101.6953125,77695
2075-12-22,101.6953125,101.7109375,101.6640625,101.6953125,82519
2075-12-23,101.703125,102.0546875,101.578125,101.6640625,227632
2075-12-24,101.65625,101.7109375,101.6328125,101.6640625,131754
2075-12-25,101.6796875,101.71875,101.625,101.640625,161468
2075-12-26,101.6328125,101.71875,101.625,101.6796875,108058
2075-12-27,101.6796875,101.7578125,101.6640625,101.7421875,140914
2075-12-28,101.7421875,101.7421875,101.625,101.6875,197480
2075-12-29,101.703125,101.8046875,101.671875,101.7578125,205916
2075-12-30,101.7890625,101.7890625,101.6875,101.7109375,159292
2075-12-31,101.7031021,101.7968979,101.6875,101.7343979,132971
2076-01-01,101.7421875,101.7734375,101.6796875,101.703125,136120
2076-01-02,101.78125,101.84375,101.71875,101.7578125,217892
2076-01-03,101.765625,101.7890625,101.7109375,101.71875,147136
2076-01-04,101.7265625,101.7734375,101.6875,101.7421875,195536
2076-01-05,101.734375,101.7421875,101.6640625,101.6796875,309861
2076-01-06,101.6875,101.734375,101.5390625,101.5625,105709
2076-01-07,101.59375,101.640625,101.5625,101.6171875,142826
2076-01-08,101.6328125,101.921875,101.6328125,101.859375,196381
2076-01-09,101.859375,101.8671875,101.7265625,101.734375,109576
2076-01-10,101.7421875,101.75,101.671875,101.703125,138931
2076-01-11,101.703125,101.734375,101.6328125,101.6640625,95765
2076-01-12,101.671875,101.7578125,101.640625,101.703125,158984
2076-01-13,101.671875,101.7265625,101.6484375,101.6875,70538
2076-01-14,101.6953125,101.6953125,101.640625,101.671875,67474
2076-01-15,101.6640625,101.765625,101.65625,101.6875,150576
2076-01-16,101.6953125,101.6953125,101.4765625,101.5078125,165711
2076-01-17,101.484375,101.5078125,101.3828125,101.4453125,131491
2076-01-18,101.4453125,101.5,101.3984375,101.4140625,70390
2076-01-19,101.40625,101.421875,101.3515625,101.375,104809
2076-01-20,101.3828125,101.4140625,101.34375,101.3515625,87779
2076-01-21,101.3515625,101.3671875,101.328125,101.34375,47033
2076-01-22,101.3359375,101.3515625,101.25,101.2734375,102095
2076-01-23,101.25,101.3125,101.2109375,101.2265625,73588
2076-01-24,101.21875,101.25,101.203125,101.2109375,66260
2076-01-25,101.2109375,101.296875,101.2109375,101.234375,120385
2076-01-26,101.234375,101.265625,101.1640625,101.1796875,70598
2076-01-27,101.1796875,101.34375,101.125,101.3125,128173
2076-01-28,101.34375,101.40625,101.28125,101.390625,149489
2076-01-29,101.3828125,101.390625,101.34375,101.3671875,38735
2076-01-30,101.359375,101.421875,101.203125,101.234375,130742
2076-01-31,101.2421875,101.296875,101.2265625,101.28125,77237
2076-02-01,101.28125,101.421875,101.2734375,101.359375,109151
2076-02-02,101.3671875,101.375,101.328125,101.359375,43411
2076-02-03,101.3671875,101.4140625,101.34375,101.390625,100273
2076-02-04,101.390625,101.3984375,101.3203125,101.375,95520
2076-02-05,101.375,101.4609375,101.3515625,101.4453125,136800
2076-02-06,101.46875,101.5390625,101.4453125,101.5234375,144500
2076-02-07,101.53125,101.546875,101.421875,101.4765625,82844
2076-02-08,101.46875,101.4765625,101.3359375,101.3515625,140082
2076-02-09,101.3515625,101.5078125,101.234375,101.4921875,246450
2076-02-10,101.4921875,101.6171875,101.4453125,101.5859375,141097
2076-02-11,101.59375,101.65625,101.5390625,101.5546875,112268
2076-02-12,101.546875,101.796875,101.5078125,101.5390625,81687
2076-02-13,101.5390625,101.59375,101.484375,101.5,129963
2076-02-14,101.5,101.6015625,101.4609375,101.5625,116392
2076-02-15,101.578125,101.6328125,101.546875,101.578125,92607
2076-02-16,101.6015625,101.7265625,101.5390625,101.71875,155780
2076-02-17,101.71875,101.75,101.671875,101.734375,92597
2076-02-18,101.734375,101.7734375,101.671875,101.75,139488
2076-02-19,101.7578125,101.8046875,101.71875,101.75,100756
2076-02-20,101.75,101.765625,101.6640625,101.7109375,131886
2076-02-21,101.6875,101.875,101.671875,101.8359375,170904
2076-02-22,101.828125,101.8359375,101.75,101.765625,69447
2076-02-23,101.765625,101.8515625,101.71875,101.828125,107015
2076-02-24,101.828125,101.859375,101.796875,101.828125,94535
2076-02-25,101.828125,101.8828125,101.7578125,101.8125,89648
2076-02-26,101.8046875,101.8125,101.7109375,101.7265625,82105
2076-02-27,101.703125,101.703125,101.6328125,101.640625,69701
2076-02-28,101.640625,101.7890625,101.625,101.7578125,92530
2076-02-29,101.7578125,101.8984375,101.7421875,101.8828125,115425
2076-03-01,101.8828125,101.9453125,101.828125,101.84375,116367
2076-03-02,101.84375,101.8984375,101.8203125,101.8828125,66776
2076-03-03,101.890625,101.9296875,101.8671875,101.8984375,48712
2076-03-04,101.8984375,101.9375,101.875,101.8984375,120774
2076-03-05,101.8984375,101.8984375,101.828125,101.890625,146713
2076-03-06,101.890625,101.9140625,101.859375,101.875,132094
2076-03-07,101.8828125,101.9296875,101.859375,101.90625,71910
2076-03-08,101.9140625,101.9140625,101.859375,101.8671875,173256
2076-03-09,101.875,101.8984375,101.75,101.8828125,293243
2076-03-10,101.890625,101.9609375,101.8671875,101.9375,255856
2076-03-11,101.9609375,102.0234375,101.9296875,102.015625,101344
2076-03-12,102.1796875,102.2109375,102.09375,102.203125,131827
2076-03-13,102.1875,102.1875,102.1171875,102.1328125,80256
2076-03-14,102.1328125,102.140625,102.03125,102.0859375,127593
2076-03-15,102.0859375,102.109375,102.03125,102.0703125,78583
2076-03-16,102.078125,102.1328125,102.0625,102.109375,70197
2076-03-17,102.0703125,102.1015625,102.0078125,102.0390625,78111
2076-03-18,102.0234375,102.0703125,101.984375,102.0546875,94326
2076-03-19,102.0625,102.1171875,102.046875,102.09375,90408
2076-03-20,102.1015625,102.1640625,102.015625,102.0390625,112327
2076-03-21,102.0234375,102.0859375,101.953125,101.9609375,129063
2076-03-22,101.953125,101.96875,101.859375,101.921875,111932
2076-03-23,101.9140625,102.09375,101.890625,102.078125,123072
2076-03-24,102.0859375,102.1328125,102.0390625,102.0546875,120606
2076-03-25,102.046875,102.296875,102.0234375,102.25,166824
2076-03-26,102.2734375,102.390625,102.265625,102.3125,194145
2076-03-27,102.3125,102.40625,102.3046875,102.359375,152725
2076-03-28,102.3828125,102.3984375,102.28125,102.296875,191542
2076-03-29,102.2890625,102.3984375,102.2578125,102.3046875,154336
2076-03-30,102.3125,102.3359375,102.2578125,102.2734375,106695
2076-03-31,102.3046875,102.3359375,102.21875,102.25,141969
2076-04-01,102.234375,102.3515625,102.2109375,102.3125,89984
2076-04-02,102.328125,102.3671875,102.265625,102.296875,132385
2076-04-03,102.2890625,102.46875,102.265625,102.421875,129928
2076-04-04,102.453125,102.4609375,102.3125,102.3203125,94552
2076-04-05,102.3359375,102.4921875,102.1328125,102.140625,167322
2076-04-06,102.140625,102.140625,102.140625,102.140625,289661
2076-04-07,102.140625,102.140625,101.9921875,102.015625,101268
2076-04-08,101.984375,102.0859375,101.8828125,101.921875,150104
2076-04-09,101.9296875,102.0078125,101.9296875,101.9453125,87272
2076-04-10,101.9609375,102.0546875,101.8828125,101.8984375,148787
2076-04-11,101.8984375,101.9453125,101.890625,101.9296875,62345
2076-04-12,101.953125,102.0390625,101.90625,101.953125,116634
2076-04-13,101.953125,101.984375,101.875,101.9453125,133533
2076-04-14,101.953125,101.9609375,101.8828125,101.9140625,96805
2076-04-15,101.90625,101.9453125,101.890625,101.90625,67258
2076-04-16,101.8984375,101.8984375,101.78125,101.828125,109933
2076-04-17,101.8125,101.8359375,101.796875,101.828125,96572
2076-04-18,101.828125,101.9296875,101.7890625,101.890625,94454
2076-04-19,101.90625,102.015625,101.890625,101.9921875,128830
2076-04-20,101.9921875,102.109375,101.96875,102.1015625,104865
2076-04-21,102.109375,102.125,102.0546875,102.0859375,70691
2076-04-22,102.09375,102.21875,102.0546875,102.203125,114445
2076-04-23,102.21875,102.3203125,102.1640625,102.296875,93684
2076-04-24,102.2890625,102.2890625,102.21875,102.25,79766
2076-04-25,102.2421875,102.265625,101.953125,101.9765625,162632
2076-04-26,101.9609375,101.9921875,101.9140625,101.96875,88125
2076-04-27,101.984375,102.1171875,101.96875,102.0546875,128116
2076-04-28,102.0625,102.1328125,102.03125,102.09375,95762
2076-04-29,102.09375,102.125,102.0546875,102.1015625,78273
2076-04-30,102.1015625,102.15625,102.09375,102.125,86613
2076-05-01,102.109375,102.1640625,102.015625,102.0703125,98892
2076-05-02,102.046875,102.1796875,102.0078125,102.109375,156173
2076-05-03,102.109375,102.1484375,101.9609375,101.984375,124754
2076-05-04,101.9765625,102.140625,101.90625,101.9375,212707
2076-05-05,101.921875,102.109375,101.9140625,102.0703125,160704
2076-05-06,102.0703125,102.109375,102.0390625,102.0703125,111522
2076-05-07,102.0625,102.078125,102.0078125,102.0703125,180679
2076-05-08,102.0703125,102.109375,102.046875,102.0859375,129869
2076-05-09,102.0703125,102.1484375,102.0703125,102.125,68875
2076-05-10,102.1171875,102.140625,102.015625,102.125,261689
2076-05-11,102.1328125,102.2421875,102.1015625,102.1875,384718
2076-05-12,102.1953125,102.234375,102.15625,102.171875,278947
2076-05-13,102.15625,102.2890625,102.1484375,102.28125,95017
2076-05-14,102.515625,102.75,102.4609375,102.6953125,311928
2076-05-15,102.6953125,102.7109375,102.65625,102.6953125,99210
2076-05-16,102.7109375,102.7890625,102.6328125,102.6953125,225356
2076-05-17,102.6796875,102.6875,102.5390625,102.5703125,159832
2076-05-18,102.5546875,102.6015625,102.5,102.5625,120905
2076-05-19,102.5546875,102.5625,102.34375,102.359375,215129
2076-05-20,102.359375,102.4140625,102.3203125,102.3828125,105258
2076-05-21,102.3671875,102.5078125,102.3671875,102.4765625,106385
2076-05-22,102.4765625,102.5390625,102.2734375,102.2890625,172944
2076-05-23,102.28125,102.328125,102.2265625,102.2421875,119513
2076-05-24,102.234375,102.4375,102.1875,102.2421875,184791
2076-05-25,102.2421875,102.2890625,102.21875,102.25,70851
2076-05-26,102.265625,102.328125,102.1484375,102.25,129062
2076-05-27,102.2578125,102.296875,102.234375,102.25,50833
2076-05-28,102.2578125,102.375,102.21875,102.3515625,104767
2076-05-29,102.3515625,102.3828125,102.203125,102.21875,75678
2076-05-30,102.203125,102.28125,102.203125,102.2265625,21478
2076-05-31,102.234375,102.2421875,102.078125,102.109375,70200
2076-06-01,102.1171875,102.171875,101.9765625,102.0546875,102233
2076-06-02,102.0546875,102.0859375,101.9921875,102.015625,57627
2076-06-03,102.0,102.109375,102.0,102.0625,51243
2076-06-04,102.09375,102.203125,102.0546875,102.1171875,153271
2076-06-05,102.1171875,102.2421875,102.109375,102.203125,154761
2076-06-06,102.2265625,102.2734375,102.0,102.1328125,208810
2076-06-07,102.1328125,102.1328125,102.046875,102.078125,132259
2076-06-08,102.078125,102.078125,102.0234375,102.0546875,122488
2076-06-09,102.0390625,102.0859375,101.984375,102.0234375,103258
2076-06-10,102.0078125,102.0234375,101.890625,101.9296875,172533
2076-06-11,101.921875,101.9453125,101.828125,101.890625,93423
2076-06-12,101.875,101.953125,101.875,101.9140625,81426
2076-06-13,101.9140625,101.9453125,101.8203125,101.8359375,114038
2076-06-14,101.8359375,101.890625,101.671875,101.8671875,155606
2076-06-15,101.8671875,101.8984375,101.7890625,101.8203125,89627
2076-06-16,101.8046875,101.8671875,101.7890625,101.828125,70621
2076-06-17,101.8203125,101.8515625,101.7578125,101.78125,134662
2076-06-18,101.765625,101.8125,101.765625,101.8046875,136655
2076-06-19,101.796875,101.8046875,101.6875,101.7265625,140344
2076-06-20,101.703125,101.765625,101.65625,101.7109375,134222
2076-06-21,101.7109375,101.75,101.6640625,101.6953125,86619
2076-06-22,101.703125,101.7421875,101.6875,101.71875,93143
2076-06-23,101.71875,101.8359375,101.671875,101.796875,225910
2076-06-24,101.8125,101.90625,101.7421875,101.7578125,204789
2076-06-25,101.7421875,101.8515625,101.71875,101.7890625,167750
2076-06-26,101.7890625,101.8359375,101.7734375,101.8125,87074
2076-06-27,101.8046875,101.875,101.765625,101.8515625,108802
2076-06-28,101.859375,101.90625,101.828125,101.890625,161571
2076-06-29,101.8828125,101.9140625,101.8359375,101.890625,116281
2076-06-30,101.8828125,101.890625,101.78125,101.8203125,127958
2076-07-01,101.8203125,101.828125,101.765625,101.78125,80726
2076-07-02,101.7734375,101.8125,101.7421875,101.765625,136299
2076-07-03,101.7578125,101.921875,101.75,101.90625,189529
2076-07-04,101.8828125,102.015625,101.8671875,101.96875,177583
2076-07-05,101.9609375,102.0625,101.953125,101.96875,132601
2076-07-06,101.9609375,102.0,101.921875,101.9921875,85620
2076-07-07,101.9921875,102.0234375,101.90625,101.9609375,213022
2076-07-08,101.953125,101.953125,101.8671875,101.890625,239080
2076-07-09,101.875,102.0078125,101.859375,101.9609375,271036
2076-07-10,101.9765625,102.046875,101.9609375,102.0390625,320404
2076-07-11,102.046875,102.46875,102.03125,102.3203125,469573
2076-07-12,102.3359375,102.34375,102.1796875,102.2734375,182454
2076-07-13,102.4453125,102.65625,102.4296875,102.4921875,400258
2076-07-14,102.4921875,102.640625,102.46875,102.59375,276028
2076-07-15,102.6640625,102.78125,102.5625,102.578125,302073
2076-07-16,102.625,102.625,102.484375,102.5390625,198660
2076-07-17,102.53125,102.6484375,102.515625,102.609375,151739
2076-07-18,102.640625,102.640625,102.5,102.578125,136565
2076-07-19,102.5625,102.5625,102.3046875,102.3515625,290762
2076-07-20,102.3125,102.4765625,102.3046875,102.421875,117393
2076-07-21,102.4140625,102.671875,102.4140625,102.625,257656
2076-07-22,102.671875,102.7265625,102.5546875,102.59375,309078
2076-07-23,102.546875,102.5625,102.46875,102.5234375,184503
2076-07-24,102.5078125,102.5625,102.4140625,102.4921875,178419
2076-07-25,102.5,102.515625,102.40625,102.421875,78255
2076-07-26,102.421875,102.515625,102.3984375,102.46875,118383
2076-07-27,102.453125,102.6328125,102.375,102.6171875,221936
2076-07-28,102.59375,102.6328125,102.484375,102.5078125,225160
2076-07-29,102.5078125,102.5703125,102.4375,102.4453125,148219
2076-07-30,102.453125,102.5703125,102.40625,102.5078125,144403
2076-07-31,102.484375,102.5390625,102.46875,102.5,161198
2076-08-01,102.515625,102.65625,102.4921875,102.53125,310451
2076-08-02,102.546875,102.546875,102.4296875,102.46875,198346
2076-08-03,102.4375,102.6171875,102.3203125,102.4453125,328950
2076-08-04,102.4453125,102.4921875,102.4140625,102.4453125,95783
2076-08-05,102.4375,102.4453125,102.359375,102.375,96772
2076-08-06,102.359375,102.4609375,102.34375,102.3984375,106728
2076-08-07,102.40625,102.421875,102.34375,102.3671875,90431
2076-08-08,102.140625,102.171875,102.1328125,102.15625,60878
2076-08-09,102.15625,102.25,102.15625,102.2265625,176605
2076-08-10,102.2265625,102.28125,102.15625,102.1875,130905
2076-08-11,102.171875,102.234375,102.1640625,102.1796875,129320
2076-08-12,102.171875,102.203125,102.0859375,102.1015625,192961
2076-08-13,102.09375,102.1484375,102.0625,102.1328125,147809
2076-08-14,102.1328125,102.2734375,102.09375,102.25,179326
2076-08-15,102.2734375,102.34375,102.2421875,102.3203125,108840
2076-08-16,102.328125,102.3984375,102.3046875,102.3203125,173797
2076-08-17,102.3359375,102.34375,102.265625,102.3203125,98201
2076-08-18,102.296875,102.3828125,102.28125,102.3515625,139860
2076-08-19,102.359375,102.4375,102.34375,102.4140625,156663
2076-08-20,102.4140625,102.4296875,102.328125,102.3515625,147559
2076-08-21,102.3359375,102.34375,102.21875,102.2578125,145360
2076-08-22,102.2265625,102.3359375,102.2265625,102.25,187722
2076-08-23,102.2578125,102.390625,102.2578125,102.359375,128227
2076-08-24,102.375,102.3984375,102.2421875,102.296875,208657
2076-08-25,102.296875,102.3359375,102.2578125,102.2890625,120381
2076-08-26,102.28125,102.3671875,102.15625,102.171875,225401
2076-08-27,102.171875,102.2578125,102.0703125,102.234375,176619
2076-08-28,102.234375,102.25,102.1953125,102.21875,79304
2076-08-29,102.21875,102.265625,102.203125,102.234375,190383
2076-08-30,102.234375,102.2578125,102.125,102.1328125,105156
2076-08-31,102.1328125,102.2109375,102.09375,102.1953125,135954
2076-09-01,102.2109375,102.3125,102.140625,102.15625,173415
2076-09-02,102.1484375,102.1640625,102.1015625,102.1171875,94588
2076-09-03,102.109375,102.171875,102.0625,102.1015625,195207
2076-09-04,102.109375,102.1640625,102.078125,102.1015625,129217
2076-09-05,102.1015625,102.125,102.0,102.015625,203433
2076-09-06,102.0078125,102.0546875,101.921875,101.953125,161000
2076-09-07,101.9609375,101.984375,101.921875,101.96875,181354
2076-09-08,101.9765625,101.984375,101.90625,101.9140625,271776
2076-09-09,101.9140625,101.9453125,101.8671875,101.90625,299485
2076-09-10,101.9140625,101.9609375,101.828125,101.8984375,336414
2076-09-11,101.921875,101.9375,101.859375,101.8828125,189416
2076-09-12,101.875,101.875,101.796875,101.8203125,417507
2076-09-13,101.8125,101.8828125,101.78125,101.7890625,471340
2076-09-14,101.8046875,101.8203125,101.6875,101.7421875,143081
2076-09-15,101.8828125,101.921875,101.7578125,101.7734375,246120
2076-09-16,101.7734375,101.8203125,101.7578125,101.7890625,187228
2076-09-17,101.78125,101.8125,101.6875,101.7265625,172178
2076-09-18,101.703125,101.8125,101.6953125,101.7890625,214419
2076-09-19,101.796875,101.8046875,101.6171875,101.671875,325672
2076-09-20,101.625,101.6953125,101.578125,101.671875,310815
2076-09-21,101.65625,101.7109375,101.640625,101.6875,166126
2076-09-22,101.640625,101.65625,101.4765625,101.5546875,237063
2076-09-23,101.4765625,101.5546875,101.3984375,101.53125,361758
2076-09-24,101.5234375,101.5546875,101.4609375,101.5078125,176748
2076-09-25,101.4921875,101.6640625,101.4453125,101.609375,209446
2076-09-26,101.640625,101.6640625,101.5859375,101.65625,134099
2076-09-27,101.6640625,101.78125,101.625,101.7421875,208119
2076-09-28,101.7578125,101.78125,101.640625,101.6796875,239361
2076-09-29,101.6796875,101.796875,101.6328125,101.6796875,287082
2076-09-30,101.65625,101.78125,101.640625,101.7578125,186701
2076-10-01,101.7734375,101.8828125,101.7734375,101.8671875,216187
2076-10-02,101.84375,101.890625,101.796875,101.8359375,222661
2076-10-03,101.8828125,102.0,101.8203125,101.890625,260720
2076-10-04,101.8515625,101.859375,101.7109375,101.7421875,182318
2076-10-05,101.7421875,101.9296875,101.71875,101.890625,256054
2076-10-06,101.8984375,101.9609375,101.8828125,101.9375,171722
2076-10-07,101.9453125,101.96875,101.8515625,101.859375,111757
2076-10-08,101.8671875,101.8671875,101.6953125,101.703125,142259
2076-10-09,101.703125,101.7421875,101.625,101.671875,250185
2076-10-10,101.671875,101.75,101.65625,101.703125,115701
2076-10-11,101.7421875,101.9609375,101.7265625,101.9140625,281443
2076-10-12,101.9609375,102.046875,101.8515625,101.875,251162
2076-10-13,101.859375,101.9453125,101.7578125,101.78125,179120
2076-10-14,101.7734375,101.8359375,101.7265625,101.7890625,142749
2076-10-15,101.8046875,101.8984375,101.78125,101.890625,100255
2076-10-16,101.8984375,101.90625,101.796875,101.8203125,169930
2076-10-17,101.9296875,101.9921875,101.828125,101.9609375,234973
2076-10-18,101.90625,101.9453125,101.8515625,101.921875,147737
2076-10-19,101.9375,102.1015625,101.9140625,102.0625,241251
2076-10-20,102.078125,102.1171875,101.9921875,102.0234375,161850
2076-10-21,102.046875,102.15625,102.015625,102.0859375,153641
2076-10-22,102.1484375,102.1796875,102.0703125,102.1484375,206718
2076-10-23,102.15625,102.53125,102.125,102.5,441390
2076-10-24,102.46875,102.6171875,102.390625,102.4921875,420896
2076-10-25,102.578125,102.609375,102.390625,102.4375,238292
2076-10-26,102.4296875,102.546875,102.28125,102.46875,349780
2076-10-27,102.546875,102.6640625,102.375,102.4765625,376689
2076-10-28,102.390625,102.453125,102.328125,102.4296875,251970
2076-10-29,102.390625,102.6640625,102.3125,102.5859375,368663
2076-10-30,102.6796875,102.734375,102.4453125,102.5078125,280743
2076-10-31,102.46875,102.6484375,102.3515625,102.4296875,292633
2076-11-01,102.3984375,102.3984375,102.171875,102.25,293370
2076-11-02,102.1953125,102.6015625,102.1875,102.53125,434549
2076-11-03,102.5703125,102.734375,102.4765625,102.5546875,361097
2076-11-04,102.5,102.609375,102.375,102.546875,212931
2076-11-05,102.6015625,102.6953125,102.4140625,102.6796875,248911
2076-11-06,102.7109375,102.9296875,102.65625,102.8203125,345914
2076-11-07,102.8359375,103.3515625,102.796875,103.1328125,638286
2076-11-08,102.8984375,103.140625,102.8515625,103.015625,438297
2076-11-09,102.96875,103.1953125,102.9140625,103.1328125,241632
2076-11-10,103.125,103.3125,103.0078125,103.1484375,359783
2076-11-11,103.125,103.140625,102.7578125,102.9375,405758
2076-11-12,102.8203125,102.9609375,102.6796875,102.921875,334780
2076-11-13,102.7890625,102.9765625,102.7109375,102.7734375,371875
2076-11-14,102.765625,102.9765625,102.6796875,102.84375,290347
2076-11-15,102.9609375,103.203125,102.90625,103.1328125,427439
2076-11-16,103.1953125,103.265625,102.9921875,103.0546875,573202
2076-11-17,103.015625,103.15625,103.0,103.140625,440986
2076-11-18,103.0859375,103.1328125,102.8359375,103.03125,155267
2076-11-19,103.125,103.2890625,103.0703125,103.1171875,185412
2076-11-20,103.1015625,103.3984375,103.1015625,103.359375,221920
2076-11-21,103.359375,103.3671875,103.234375,103.2734375,245528
2076-11-22,103.2265625,103.640625,103.1875,103.6015625,328525
2076-11-23,103.59375,103.7890625,103.546875,103.7109375,257117
2076-11-24,103.6875,103.6953125,103.4765625,103.515625,197409
2076-11-25,103.515625,103.6171875,103.4375,103.4921875,173390
2076-11-26,103.46875,103.546875,103.2890625,103.328125,242271
2076-11-27,103.40625,103.5546875,103.28125,103.3984375,219191
2076-11-28,103.390625,103.453125,103.2734375,103.34375,156880
2076-11-29,103.3203125,103.5234375,103.1953125,103.4921875,302142
2076-11-30,103.46875,103.5625,103.390625,103.4765625,288504
2076-12-01,103.453125,103.5,103.2109375,103.2890625,244902
2076-12-02,103.2265625,103.3828125,103.1796875,103.34375,202077
2076-12-03,103.375,103.390625,103.265625,103.359375,125161
2076-12-04,103.359375,103.6015625,103.3515625,103.46875,214258
2076-12-05,103.453125,103.5234375,103.359375,103.484375,180241
2076-12-06,103.484375,103.5703125,103.3984375,103.546875,149828
2076-12-07,103.5390625,103.625,103.453125,103.5234375,174451
2076-12-08,103.453125,103.546875,103.390625,103.421875,185302
2076-12-09,103.421875,103.5546875,103.34375,103.5,157931
2076-12-10,103.5,103.5703125,103.3828125,103.453125,154381
2076-12-11,103.3984375,103.515625,103.359375,103.46875,178285
2076-12-12,103.484375,103.4921875,103.21875,103.3125,308142
2076-12-13,103.3125,103.3125,103.3125,103.3125,375037
2076-12-14,103.296875,103.3515625,103.1875,103.21875,159177
2076-12-15,103.203125,103.2578125,103.109375,103.1796875,183165
2076-12-16,103.1875,103.25,103.0703125,103.1640625,192774
2076-12-17,103.2421875,103.25,103.015625,103.03125,214069
2076-12-18,103.0078125,103.09375,102.8984375,103.078125,192679
2076-12-19,103.03125,103.25,103.0078125,103.21875,197657
2076-12-20,103.1796875,103.5390625,103.171875,103.484375,293446
2076-12-21,103.46875,103.6171875,103.40625,103.578125,268558
2076-12-22,103.578125,103.8359375,103.53125,103.7578125,260470
2076-12-23,103.8203125,103.8828125,103.640625,103.7421875,262958
2076-12-24,103.6875,103.796875,103.59375,103.7578125,191242
2076-12-25,103.765625,103.9921875,103.7421875,103.9453125,230332
2076-12-26,103.8984375,104.0,103.828125,103.9140625,209087
2076-12-27,103.859375,103.9609375,103.7734375,103.875,169965
2076-12-28,103.8515625,103.859375,103.7421875,103.796875,110338
2076-12-29,103.7890625,103.8125,103.71875,103.78125,162505
2076-12-30,103.7890625,103.796875,103.515625,103.5546875,277240
2076-12-31,103.5078125,103.8984375,103.4375,103.8125,361957
2077-01-01,103.84375,104.1171875,103.6875,104.0546875,455673
2077-01-02,104.0234375,104.109375,103.9296875,104.0078125,236316
2077-01-03,103.9765625,104.078125,103.8828125,103.96875,187568
2077-01-04,103.9140625,104.2109375,103.90625,104.15625,322204
2077-01-05,104.2265625,104.4375,104.1171875,104.3515625,420241
2077-01-06,104.3125,104.46875,104.234375,104.3515625,292153
2077-01-07,104.3515625,104.3515625,104.3515625,104.3515625,367293
2077-01-08,104.421875,104.4296875,104.1796875,104.234375,220400
2077-01-09,104.1953125,104.2734375,104.09375,104.203125,203524
2077-01-10,104.265625,104.578125,104.1953125,104.53125,297630
2077-01-11,104.5703125,104.625,104.4453125,104.5703125,317191
2077-01-12,104.484375,104.9375,104.484375,104.8125,260343
2077-01-13,104.828125,104.8984375,104.6484375,104.8203125,403871
2077-01-14,104.7421875,105.1484375,104.7421875,105.0078125,318136
2077-01-15,105.0234375,105.09375,104.90625,105.0,124926
2077-01-16,104.9921875,105.375,104.796875,105.2421875,389356
2077-01-17,105.3203125,105.328125,104.84375,104.96875,597232
2077-01-18,104.921875,105.0234375,104.71875,104.78125,656912
2077-01-19,104.78125,105.125,104.7265625,104.9921875,520037
2077-01-20,105.0390625,105.0859375,104.828125,105.015625,120567
2077-01-21,105.1015625,105.375,105.078125,105.28125,290085
2077-01-22,105.375,105.484375,105.203125,105.3125,279441
2077-01-23,105.296875,105.390625,105.1171875,105.3203125,286664
2077-01-24,105.21875,105.265625,105.0234375,105.109375,201253
2077-01-25,105.0703125,105.1484375,104.8203125,104.8671875,309868
2077-01-26,104.859375,104.96875,104.7578125,104.8125,225219
2077-01-27,104.765625,105.28125,104.7578125,105.171875,330209
2077-01-28,105.2265625,105.2421875,104.625,104.9375,533566
2077-01-29,104.9140625,105.0234375,104.6953125,104.7890625,295271
2077-01-30,104.7109375,104.765625,104.5,104.578125,240903
2077-01-31,104.5390625,104.8515625,104.53125,104.703125,188314
2077-02-01,104.8046875,104.8984375,104.6875,104.828125,191994
2077-02-02,104.7890625,105.0859375,104.6875,104.9296875,254278
2077-02-03,105.0,105.15625,104.8671875,105.0625,195285
2077-02-04,104.9921875,105.046875,104.7734375,104.8046875,166197
2077-02-05,104.8046875,104.828125,104.7109375,104.7421875,46068
2077-02-06,104.734375,104.796875,104.625,104.640625,71717
2077-02-07,104.640625,104.828125,104.640625,104.78125,100502
2077-02-08,104.7890625,105.0703125,104.7890625,104.96875,125177
2077-02-09,105.0,105.1640625,105.0,105.125,54053
2077-02-10,105.125,105.5546875,105.0234375,105.5078125,221082
2077-02-11,105.484375,105.7890625,105.4609375,105.59375,260858
2077-02-12,105.609375,106.0,105.546875,105.796875,378777
2077-02-13,105.75,105.8046875,105.625,105.71875,254032
2077-02-14,105.71875,105.8984375,105.5859375,105.71875,240926
2077-02-15,105.8671875,105.9921875,105.7578125,105.890625,299015
2077-02-16,105.796875,105.984375,105.734375,105.8515625,385584
2077-02-17,105.8515625,106.1328125,105.8515625,106.0625,364826
2077-02-18,106.109375,106.1796875,106.0,106.078125,214357
2077-02-19,106.0859375,106.2578125,106.03125,106.140625,343502
2077-02-20,106.25,106.3515625,106.078125,106.1875,354300
2077-02-21,106.1484375,106.40625,106.0546875,106.3046875,382130
2077-02-22,106.359375,106.484375,106.2578125,106.453125,255244
2077-02-23,106.625,107.1328125,106.609375,106.7734375,786775
2077-02-24,106.90625,107.1953125,106.5625,106.921875,516853
2077-02-25,106.6171875,106.890625,106.265625,106.4765625,417384
2077-02-26,106.3203125,106.6328125,106.1171875,106.53125,408878
2077-02-27,106.546875,106.71875,106.421875,106.546875,223420
2077-02-28,106.484375,106.5625,106.3125,106.421875,229870
2077-03-01,106.3671875,106.6171875,106.2890625,106.4140625,312306
2077-03-02,106.6640625,106.8515625,106.5703125,106.609375,374691
2077-03-03,106.7265625,106.9296875,106.5546875,106.7578125,419499
2077-03-04,106.7734375,106.8671875,106.6640625,106.8359375,248330
2077-03-05,106.828125,107.109375,106.828125,107.03125,326323
2077-03-06,107.0625,107.15625,106.9296875,106.984375,221768
2077-03-07,107.046875,107.1796875,106.71875,106.9296875,377242
2077-03-08,106.84375,107.1015625,106.828125,107.046875,235084
2077-03-09,107.046875,107.1875,106.9453125,107.1015625,181597
2077-03-10,107.1328125,107.1796875,106.859375,107.0546875,284680
2077-03-11,107.140625,107.2734375,107.03125,107.1875,294101
2077-03-12,107.140625,107.2265625,107.0625,107.171875,358959
2077-03-13,107.1640625,107.2890625,107.1015625,107.140625,225136
2077-03-14,107.1171875,107.1484375,106.7890625,106.875,364430
2077-03-15,106.8203125,106.9765625,106.6484375,106.6640625,469758
2077-03-16,106.6796875,107.046875,106.5234375,106.96875,497750
2077-03-17,106.9921875,107.0625,106.8359375,106.9921875,387321
2077-03-18,106.875,106.9140625,106.703125,106.7578125,518695
2077-03-19,106.75,106.984375,106.6640625,106.8984375,616841
2077-03-20,106.9296875,107.1796875,106.84375,106.9375,877478
2077-03-21,106.9375,107.3203125,106.9296875,107.203125,769079
2077-03-22,107.359375,107.6953125,107.328125,107.65625,280769
2077-03-23,107.5078125,107.5703125,107.3125,107.515625,406279
2077-03-24,107.4609375,107.6875,107.34375,107.484375,385558
2077-03-25,107.359375,107.5234375,107.1875,107.3359375,419621
2077-03-26,107.375,107.5859375,107.3203125,107.375,525269
2077-03-27,107.4765625,107.578125,107.2421875,107.5,441954
2077-03-28,107.4765625,107.625,107.3671875,107.5625,289356
2077-03-29,107.5234375,107.5625,107.03125,107.1796875,540964
2077-03-30,107.140625,107.4375,107.0234375,107.3515625,267984
2077-03-31,107.3671875,107.6328125,107.2890625,107.34375,422720
2077-04-01,107.3515625,107.8125,107.3046875,107.671875,542370
2077-04-02,107.6171875,107.9921875,107.5546875,107.7578125,274332
2077-04-03,107.71875,107.75,107.3125,107.3515625,359364
2077-04-04,107.3203125,107.5390625,107.1484375,107.4296875,349029
2077-04-05,107.484375,107.4921875,107.0546875,107.25,296812
2077-04-06,107.1484375,107.1484375,106.7265625,106.78125,232024
2077-04-07,106.78125,106.9609375,106.7421875,106.921875,260731
2077-04-08,106.9296875,107.1953125,106.8984375,107.09375,260663
2077-04-09,107.1953125,107.2421875,107.046875,107.1328125,259593
2077-04-10,107.2265625,107.3359375,107.09375,107.2734375,163744
2077-04-11,107.328125,107.4453125,107.2421875,107.328125,180351
2077-04-12,107.4296875,107.4765625,106.9921875,107.0390625,237305
2077-04-13,107.015625,107.125,106.734375,106.8671875,286051
2077-04-14,106.828125,107.0234375,106.7421875,106.84375,259671
2077-04-15,106.8984375,107.0625,106.8515625,107.0078125,298747
2077-04-16,107.015625,107.015625,106.671875,106.8203125,169286
2077-04-17,106.8515625,107.046875,106.8203125,106.96875,202778
2077-04-18,106.9375,107.28125,106.875,107.2265625,262296
2077-04-19,107.1875,107.3359375,107.015625,107.0703125,216491
2077-04-20,107.03125,107.2890625,107.0078125,107.25,151335
2077-04-21,107.28125,107.3828125,107.1875,107.21875,144789
2077-04-22,107.203125,107.2890625,106.9765625,107.0703125,190663
2077-04-23,106.9921875,107.109375,106.75,106.7734375,289647
2077-04-24,106.8125,106.828125,106.3984375,106.515625,397768
2077-04-25,106.546875,106.625,106.2109375,106.3984375,258591
2077-04-26,106.4765625,106.578125,106.34375,106.4296875,169111
2077-04-27,106.4140625,106.453125,106.3125,106.34375,167089
2077-04-28,106.34375,106.421875,106.234375,106.3671875,204625
2077-04-29,106.34375,106.4609375,105.96875,106.0234375,333483
2077-04-30,106.046875,106.15625,105.8203125,106.0078125,272855
2077-05-01,106.0234375,106.171875,106.0,106.1171875,137787
2077-05-02,106.1484375,106.28125,106.109375,106.1484375,165540
2077-05-03,106.1328125,106.3515625,106.0390625,106.34375,282870
2077-05-04,106.328125,106.4296875,106.1171875,106.171875,291357
2077-05-05,106.1171875,106.3046875,105.8203125,105.9921875,362170
2077-05-06,105.984375,106.2265625,105.921875,106.0703125,150660
2077-05-07,106.0546875,106.265625,105.9765625,106.140625,210015
2077-05-08,106.1171875,106.2734375,106.0390625,106.2265625,199317
2077-05-09,106.234375,106.46875,106.21875,106.3671875,278523
2077-05-10,106.4140625,106.5234375,106.359375,106.4140625,167103
2077-05-11,106.40625,106.4453125,106.234375,106.2890625,143501
2077-05-12,106.2421875,106.2890625,105.890625,105.9140625,259331
2077-05-13,105.9140625,105.9609375,105.6796875,105.796875,359509
2077-05-14,105.859375,106.046875,105.703125,105.984375,245885
2077-05-15,106.0,106.1328125,105.828125,106.015625,271056
2077-05-16,106.0234375,106.140625,105.953125,106.109375,213626
2077-05-17,106.1328125,106.3125,106.046875,106.296875,329760
2077-05-18,106.28125,106.3203125,106.0859375,106.1171875,383080
2077-05-19,106.1171875,106.1796875,105.796875,105.8671875,420313
2077-05-20,105.890625,106.1640625,105.78125,106.1484375,302594
2077-05-21,106.1484375,106.1640625,105.96875,106.0234375,482995
2077-05-22,106.015625,106.0703125,105.7890625,105.828125,632803
2077-05-23,105.8046875,105.8515625,105.5703125,105.78125,584660
2077-05-24,105.765625,105.921875,105.7578125,105.84375,159006
2077-05-25,105.3046875,105.6484375,105.296875,105.5859375,377561
2077-05-26,105.578125,105.828125,105.453125,105.78125,387460
2077-05-27,105.7890625,105.8984375,105.6484375,105.78125,342473
2077-05-28,105.71875,105.7734375,105.5703125,105.6640625,334685
2077-05-29,105.6171875,105.9140625,105.3515625,105.84375,416441
2077-05-30,105.8671875,105.921875,105.140625,105.21875,419980
2077-05-31,105.2265625,105.2265625,104.6640625,104.890625,410060
2077-06-01,104.8671875,105.21875,104.796875,105.109375,347688
2077-06-02,105.1015625,105.140625,104.625,104.765625,349488
2077-06-03,104.6875,105.0,104.5390625,104.6875,334002
2077-06-04,104.7109375,104.828125,104.6640625,104.71875,158388
2077-06-05,104.6796875,105.0,104.671875,104.8671875,289018
2077-06-06,104.9296875,105.046875,104.828125,104.984375,261431
2077-06-07,105.0,105.0859375,104.7265625,104.765625,346973
2077-06-08,104.84375,105.0546875,104.8046875,105.0,255932
2077-06-09,104.8984375,104.9609375,104.78125,104.828125,194577
2077-06-10,104.8359375,105.1328125,104.78125,105.0703125,340638
2077-06-11,105.0703125,105.234375,104.828125,105.1875,300516
2077-06-12,105.2109375,105.5390625,105.171875,105.5,381104
2077-06-13,105.53125,105.625,105.3828125,105.546875,266556
2077-06-14,105.578125,105.6796875,105.4296875,105.6015625,208162
2077-06-15,105.5703125,105.796875,105.4921875,105.578125,380960
2077-06-16,105.5703125,105.7734375,105.4921875,105.71875,338582
2077-06-17,105.703125,105.875,105.671875,105.8046875,239539
2077-06-18,105.7890625,105.90625,105.7734375,105.8046875,7535
2077-06-19,105.8671875,106.1484375,105.7265625,105.921875,294501
2077-06-20,105.9296875,106.0859375,105.8671875,105.9609375,273404
2077-06-21,105.890625,106.1484375,105.796875,106.09375,278911
2077-06-22,106.1015625,106.171875,105.96875,106.0546875,287794
2077-06-23,106.03125,106.078125,105.609375,105.6796875,366246
2077-06-24,105.6484375,106.0390625,105.5234375,105.9609375,352584
2077-06-25,105.9765625,106.375,105.9609375,106.1171875,353749
2077-06-26,106.15625,106.2578125,106.0,106.078125,308515
2077-06-27,106.0859375,106.0859375,105.734375,105.78125,293418
2077-06-28,105.921875,105.9765625,105.5703125,105.671875,246504
2077-06-29,105.640625,105.7578125,105.4609375,105.640625,219142
2077-06-30,105.7265625,105.828125,105.4375,105.546875,276022
2077-07-01,105.515625,105.515625,105.3046875,105.390625,380419
2077-07-02,105.4765625,105.8515625,105.4296875,105.78125,318721
2077-07-03,105.8203125,105.9140625,105.6171875,105.6328125,277305
2077-07-04,105.6328125,105.9296875,105.6171875,105.8828125,203334
2077-07-05,105.9296875,105.9453125,105.703125,105.796875,182074
2077-07-06,105.8515625,105.875,105.6640625,105.7734375,210728
2077-07-07,105.8203125,106.0703125,105.7734375,106.0,274503
2077-07-08,106.0390625,106.140625,105.9375,106.03125,285974
2077-07-09,106.0546875,106.1015625,105.96875,105.9765625,190146
2077-07-10,105.984375,106.046875,105.8984375,105.96875,194622
2077-07-11,105.953125,106.0703125,105.78125,105.90625,280281
2077-07-12,105.8828125,106.21875,105.8828125,106.1640625,320847
2077-07-13,106.1796875,106.25,105.984375,106.0390625,291926
2077-07-14,106.0546875,106.1484375,105.8359375,105.921875,196837
2077-07-15,105.9453125,106.1875,105.9375,106.15625,205353
2077-07-16,106.1640625,106.234375,106.03125,106.0703125,220213
2077-07-17,106.0859375,106.21875,106.0,106.1796875,232434
2077-07-18,106.1875,106.4140625,106.1328125,106.28125,204994
2077-07-19,106.2890625,106.421875,106.2421875,106.390625,220473
2077-07-20,106.3828125,106.5234375,106.3828125,106.421875,324033
2077-07-21,106.46875,106.6015625,106.3671875,106.5625,340502
2077-07-22,106.5546875,106.65625,106.40625,106.4375,312525
2077-07-23,106.4609375,106.5078125,106.2109375,106.28125,304245
2077-07-24,106.296875,106.4765625,106.25,106.4453125,258432
2077-07-25,106.4453125,106.5078125,106.3515625,106.4140625,387064
2077-07-26,106.4453125,106.5546875,106.296875,106.515625,729207
2077-07-27,106.53125,106.53125,106.3515625,106.3984375,375457
2077-07-28,106.421875,106.4765625,106.3125,106.46875,100976
2077-07-29,106.109375,106.328125,105.9921875,106.3125,275931
2077-07-30,106.2734375,106.375,106.2578125,106.3515625,234244
2077-07-31,106.3125,106.515625,106.2421875,106.4765625,246227
2077-08-01,106.5390625,106.7734375,106.203125,106.3828125,361198
2077-08-02,106.1328125,106.3046875,105.7890625,106.2734375,483215
2077-08-03,106.234375,106.515625,106.0859375,106.4375,387811
2077-08-04,106.5,106.5546875,106.28125,106.4296875,360104
2077-08-05,106.46875,106.6484375,106.4140625,106.5,347083
2077-08-06,106.421875,106.609375,106.3125,106.3984375,368057
2077-08-07,106.796875,107.4609375,106.796875,107.3203125,500263
2077-08-08,107.4140625,107.703125,106.8515625,106.96875,582571
2077-08-09,107.1875,107.5703125,106.828125,107.4921875,579717
2077-08-10,107.4375,107.890625,107.1171875,107.484375,562208
2077-08-11,107.2578125,107.3046875,106.125,106.4921875,428334
2077-08-12,106.5703125,106.6171875,106.265625,106.5390625,241704
2077-08-13,106.5859375,106.7265625,106.5078125,106.5546875,328805
2077-08-14,106.5390625,106.8984375,106.46875,106.8359375,281014
2077-08-15,106.7734375,106.8359375,106.375,106.4140625,375764
2077-08-16,106.4375,106.7890625,106.390625,106.6640625,250902
2077-08-17,106.5625,107.6953125,106.4921875,107.328125,280199
2077-08-18,107.28125,107.421875,106.6484375,106.71875,235214
2077-08-19,106.796875,107.2421875,106.765625,107.0390625,286244
2077-08-20,107.0390625,107.4296875,106.9453125,107.359375,251980
2077-08-21,107.34375,107.4921875,107.0,107.34375,387832
2077-08-22,107.5234375,107.828125,107.4453125,107.8046875,268367
2077-08-23,107.6328125,107.78125,107.4375,107.6015625,307576
2077-08-24,107.6171875,108.109375,107.0625,107.3671875,399748
2077-08-25,107.4140625,107.4765625,106.9921875,107.0,241122
2077-08-26,107.3125,107.609375,107.0234375,107.2578125,262180
2077-08-27,107.1484375,107.1484375,106.546875,106.625,38039
2077-08-28,106.5859375,106.96875,106.53125,106.9453125,231862
2077-08-29,106.890625,107.3125,106.8828125,107.1953125,179222
2077-08-30,107.3359375,107.4453125,107.03125,107.3515625,222585
2077-08-31,107.28125,107.4140625,107.1328125,107.3359375,211748
2077-09-01,107.3671875,107.390625,106.96875,107.0625,217228
2077-09-02,107.140625,107.40625,107.0703125,107.359375,169722
2077-09-03,107.2734375,107.5078125,107.2578125,107.4140625,176865
2077-09-04,107.515625,107.6171875,107.2421875,107.546875,242530
2077-09-05,107.296875,107.796875,107.296875,107.484375,236120
2077-09-06,107.5234375,107.765625,107.3984375,107.453125,188916
2077-09-07,107.515625,107.5703125,107.3203125,107.421875,213146
2077-09-08,107.453125,107.859375,107.453125,107.5859375,198960
2077-09-09,107.7421875,107.7421875,107.46875,107.5390625,211435
2077-09-10,107.5234375,107.734375,107.359375,107.4140625,211772
2077-09-11,107.4375,107.84375,107.3671875,107.78125,113499
2077-09-12,107.8125,107.9453125,107.6875,107.9140625,139716
2077-09-13,107.875,108.0390625,107.7421875,108.0,128922
2077-09-14,107.9921875,108.171875,107.9765625,108.109375,137273
2077-09-15,108.140625,108.3125,107.9453125,108.0078125,140050
2077-09-16,107.984375,108.2578125,107.859375,108.2109375,89526
2077-09-17,108.1875,108.3046875,108.1328125,108.25,18418
2077-09-18,108.21875,108.5,108.21875,108.4453125,122526
2077-09-19,108.4765625,108.53125,108.1953125,108.3046875,149107
2077-09-20,108.2421875,108.3984375,108.2109375,108.2421875,163093
2077-09-21,108.328125,108.3671875,108.203125,108.3046875,89257
2077-09-22,108.359375,108.484375,108.234375,108.4609375,177741
2077-09-23,108.453125,108.640625,108.375,108.5625,174396
2077-09-24,108.5703125,108.875,108.5625,108.75,317559
2077-09-25,108.7421875,108.8046875,108.5390625,108.6875,240092
2077-09-26,108.5703125,108.6796875,108.4140625,108.46875,313624
2077-09-27,108.484375,108.8515625,108.4453125,108.796875,423961
2077-09-28,108.7890625,108.921875,108.65625,108.8984375,240022
2077-09-29,108.828125,109.515625,108.71875,109.1875,63893
2077-09-30,108.4765625,108.5703125,108.328125,108.375,174400
2077-10-01,108.3515625,108.4765625,108.1796875,108.21875,144711
2077-10-02,108.3125,108.3125,108.0,108.1640625,148880
2077-10-03,108.171875,108.3828125,107.875,108.2265625,170570
2077-10-04,108.3203125,108.3984375,108.09375,108.203125,151333
2077-10-05,108.1796875,108.1796875,107.703125,108.078125,96604
2077-10-06,108.140625,108.3359375,108.0078125,108.2578125,92663
2077-10-07,108.296875,108.296875,108.0390625,108.1484375,94687
2077-10-08,108.203125,108.3671875,108.0703125,108.3203125,132006
2077-10-09,108.359375,108.5546875,108.03125,108.2734375,116201
2077-10-10,108.25,108.546875,108.171875,108.4765625,83644
2077-10-11,108.515625,108.8203125,108.296875,108.7421875,111346
2077-10-12,108.7734375,108.890625,108.515625,108.65625,128393
2077-10-13,108.609375,108.828125,108.5390625,108.765625,79554
2077-10-14,108.7890625,108.8046875,108.5625,108.6875,56389
2077-10-15,108.625,108.71875,108.5390625,108.671875,66182
2077-10-16,108.734375,108.734375,108.5625,108.71875,47423
2077-10-17,108.703125,108.84375,108.671875,108.703125,7416
2077-10-18,108.84375,108.84375,108.6640625,108.7265625,8649
2077-10-19,108.703125,109.0625,108.6875,108.96875,34946
2077-10-20,108.9609375,109.0859375,108.859375,109.046875,38701
2077-10-21,109.09375,109.125,108.90625,109.03125,31650
2077-10-22,109.03125,109.125,108.7421875,108.7734375,49824
2077-10-23,108.9375,109.078125,108.75,109.015625,119992
2077-10-24,109.046875,109.1015625,108.859375,108.9765625,83905
2077-10-25,109.0703125,109.1171875,108.8828125,109.0234375,95602
2077-10-26,108.9609375,109.09375,108.9140625,108.953125,156988
2077-10-27,108.921875,109.21875,108.9140625,109.125,118623
2077-10-28,109.1328125,109.2578125,109.1171875,109.203125,70669
2077-10-29,109.203125,109.21875,109.0390625,109.203125,79049
2077-10-30,109.1953125,109.3125,109.0703125,109.2265625,148384
2077-10-31,109.2578125,109.296875,109.15625,109.21875,91777
2077-11-01,109.203125,109.3125,109.09375,109.2734375,76779
2077-11-02,109.2734375,109.3203125,109.046875,109.3046875,112035
2077-11-03,109.28125,109.296875,109.1328125,109.140625,79920
2077-11-04,109.171875,109.2578125,109.1171875,109.2109375,96757
2077-11-05,109.2265625,109.265625,108.96875,109.0703125,157067
2077-11-06,109.0546875,109.078125,108.90625,109.0078125,80248
2077-11-07,109.0078125,109.0859375,108.9375,109.0703125,100220
2077-11-08,109.046875,109.125,108.875,108.984375,142511
2077-11-09,108.9140625,109.03125,108.8046875,108.84375,113415
2077-11-10,108.8359375,109.0,108.796875,108.8125,141350
2077-11-11,108.8046875,108.96875,108.796875,108.890625,115318
2077-11-12,108.9140625,108.9375,108.78125,108.8515625,105666
2077-11-13,108.7890625,108.8984375,108.7421875,108.796875,107756
2077-11-14,108.8046875,108.875,108.7265625,108.796875,92557
2077-11-15,108.78125,108.875,108.7578125,108.8046875,118358
2077-11-16,108.7734375,108.859375,108.640625,108.6796875,97782
2077-11-17,108.734375,108.96875,108.703125,108.9296875,119951
2077-11-18,108.953125,109.0078125,108.84375,108.90625,130524
2077-11-19,108.9453125,109.03125,108.9140625,109.015625,108076
2077-11-20,108.953125,108.984375,108.828125,108.8671875,75896
2077-11-21,108.8984375,109.0625,108.859375,109.015625,116689
2077-11-22,109.0390625,109.0546875,108.78125,108.859375,153564
2077-11-23,108.8203125,108.9296875,108.765625,108.78125,171549
2077-11-24,108.828125,109.0,108.8125,108.875,171888
2077-11-25,108.875,108.9140625,108.7578125,108.8515625,207805
2077-11-26,108.875,108.9296875,108.7734375,108.796875,279860
2077-11-27,108.7890625,108.875,108.6484375,108.6640625,339107
2077-11-28,108.6953125,108.7421875,108.6171875,108.6953125,267154
2077-11-29,108.671875,108.96875,108.65625,108.859375,79747
2077-11-30,108.3671875,108.6015625,108.3671875,108.5625,139353
2077-12-01,108.578125,108.625,108.46875,108.5078125,108308
2077-12-02,108.609375,108.609375,108.3828125,108.4375,117549
2077-12-03,108.4921875,108.609375,108.453125,108.5859375,118066
2077-12-04,108.578125,108.78125,108.453125,108.5546875,124317
2077-12-05,108.515625,108.546875,108.3671875,108.4453125,105874
2077-12-06,108.46875,108.4765625,108.3046875,108.390625,155508
2077-12-07,108.359375,108.421875,108.3046875,108.3828125,89032
2077-12-08,108.3984375,108.484375,108.34375,108.3671875,99629
2077-12-09,108.375,108.546875,108.296875,108.4921875,88852
2077-12-10,108.5078125,108.5546875,108.375,108.4140625,77692
2077-12-11,108.421875,108.484375,108.328125,108.34375,81854
2077-12-12,108.34375,108.8984375,108.328125,108.78125,196984
2077-12-13,108.8125,108.875,108.703125,108.75,145490
2077-12-14,108.7265625,108.8671875,108.703125,108.7421875,103267
2077-12-15,108.75,108.75,108.6328125,108.703125,59125
2077-12-16,108.703125,108.703125,108.578125,108.671875,141704
2077-12-17,108.640625,108.6640625,108.5703125,108.640625,81792
2077-12-18,108.625,108.78125,108.59375,108.75,87070
2077-12-19,108.7109375,108.796875,108.703125,108.734375,67292
2077-12-20,108.734375,108.8515625,108.7265625,108.8203125,71093
2077-12-21,108.8515625,108.96875,108.8046875,108.9453125,100846
2077-12-22,108.9453125,108.9765625,108.8671875,108.890625,88060
2077-12-23,108.890625,108.9140625,108.7109375,108.7421875,106970
2077-12-24,108.703125,108.734375,108.546875,108.546875,124984
2077-12-25,108.5625,108.6328125,108.46875,108.5625,92807
2077-12-26,108.578125,108.6875,108.5546875,108.609375,78086
2077-12-27,108.625,108.703125,108.5390625,108.59375,113278
2077-12-28,108.59375,108.6171875,108.5,108.546875,61828
2077-12-29,108.5625,108.7265625,108.5390625,108.7265625,50386
2077-12-30,108.7109375,108.8046875,108.6484375,108.7734375,120283
2077-12-31,108.7421875,108.8125,108.6875,108.7578125,105941
2078-01-01,108.75,108.75,108.625,108.6484375,108766
2078-01-02,108.6171875,108.6640625,108.4375,108.5078125,120744
2078-01-03,108.484375,108.640625,108.4765625,108.625,112907
2078-01-04,108.625,108.703125,108.5546875,108.578125,118575
2078-01-05,108.5625,108.6328125,108.4921875,108.4921875,107505
2078-01-06,108.53125,108.6015625,108.4921875,108.5703125,81985
2078-01-07,108.59375,108.609375,108.5234375,108.5625,87285
2078-01-08,108.5703125,108.7578125,108.5703125,108.75,153740
2078-01-09,108.7265625,108.8359375,108.609375,108.65625,110039
2078-01-10,108.640625,108.8828125,108.625,108.7109375,133764
2078-01-11,108.6953125,108.796875,108.625,108.7734375,141786
2078-01-12,108.765625,108.78125,108.6875,108.7421875,80605
2078-01-13,108.78125,108.8125,108.6953125,108.7109375,61937
2078-01-14,108.703125,108.7421875,108.640625,108.6875,93661
2078-01-15,108.6875,108.78125,108.6484375,108.7109375,116114
2078-01-16,108.6953125,108.7265625,108.546875,108.640625,128983
2078-01-17,108.609375,108.71875,108.5546875,108.6484375,101427
2078-01-18,108.65625,108.84375,108.65625,108.828125,91205
2078-01-19,108.8359375,108.875,108.7578125,108.84375,110079
2078-01-20,108.84375,108.9296875,108.7890625,108.90625,107930
2078-01-21,108.8984375,108.9765625,108.8828125,108.9375,105068
2078-01-22,108.953125,108.9609375,108.8984375,108.9453125,110439
2078-01-23,108.953125,108.96875,108.7890625,108.828125,123844
2078-01-24,108.8125,108.8984375,108.75,108.8671875,196764
2078-01-25,108.8671875,109.015625,108.8515625,108.96875,161559
2078-01-26,108.96875,109.0078125,108.8671875,108.9140625,229712
2078-01-27,108.890625,108.9453125,108.8359375,108.8671875,128953
2078-01-28,108.84375,108.9765625,108.796875,108.859375,320534
2078-01-29,108.796875,108.96875,108.7890625,108.859375,456210
2078-01-30,108.84375,108.890625,108.6953125,108.8359375,373273
2078-01-31,108.8359375,109.0,108.8359375,108.984375,104285
2078-02-01,108.3359375,108.40625,108.2734375,108.3046875,129704
2078-02-02,108.34375,108.4453125,108.3125,108.3359375,202405
2078-02-03,108.3671875,108.46875,108.3125,108.4375,142237
2078-02-04,108.46875,108.46875,108.3125,108.3359375,135183
2078-02-05,108.28125,108.3515625,107.5078125,107.515625,423668
2078-02-06,107.5078125,107.53125,107.1953125,107.2578125,226238
2078-02-07,107.25,107.5625,107.25,107.5234375,213589
2078-02-08,107.5234375,107.53125,107.296875,107.4140625,142839
2078-02-09,107.40625,107.5,107.2578125,107.46875,201457
2078-02-10,107.4609375,107.65625,107.4375,107.59375,152833
2078-02-11,107.59375,107.7421875,107.59375,107.703125,124441
2078-02-12,107.703125,107.828125,107.59375,107.7578125,137610
2078-02-13,107.8046875,107.9296875,107.734375,107.8515625,161063
2078-02-14,107.8828125,107.8984375,107.6015625,107.65625,258189
2078-02-15,107.65625,107.734375,107.5703125,107.7109375,169235
2078-02-16,107.7578125,107.9140625,107.6953125,107.8984375,96437
2078-02-17,107.90625,107.9921875,107.8125,107.9609375,135297
2078-02-18,107.96875,108.015625,107.828125,107.90625,151655
2078-02-19,107.875,108.09375,107.8203125,108.0625,134060
2078-02-20,108.0703125,108.15625,108.0,108.125,115214
2078-02-21,108.1015625,108.1640625,108.0859375,108.125,104701
2078-02-22,108.1328125,108.140625,107.96875,108.109375,146267
2078-02-23,108.109375,108.25,108.0625,108.2265625,139976
