Index,Open,High,Low,Close,Volume
2069-12-08,95.781197,96.125,95.781197,96.093803,51398
2069-12-09,96.3125,96.375,96.031197,96.1875,41731
2069-12-10,95.781197,95.906197,95.6875,95.781197,45444
2069-12-11,96.218803,96.281197,96.0,96.093803,53535
2069-12-12,96.031197,96.156197,95.843803,95.968803,50578
2069-12-13,96.468803,96.5625,95.8125,95.9375,91654
2069-12-14,96.093803,96.093803,95.6875,95.718803,81890
2069-12-15,95.5625,95.843803,95.5625,95.6875,75691
2069-12-16,95.093803,95.375,94.906197,95.031197,53564
2069-12-17,94.875,95.0625,94.468803,94.5,100128
2069-12-18,95.218803,95.281197,94.25,94.625,42362
2069-12-19,94.1875,94.5625,93.75,94.5,43611
2069-12-20,94.1875,94.406197,93.875,94.031197,24469
2069-12-21,93.6875,93.75,93.343803,93.468803,24612
2069-12-22,93.156197,93.75,92.5625,93.531197,26206
2069-12-23,93.0625,93.218803,92.718803,92.843803,31723
2069-12-24,93.281197,93.75,93.25,93.593803,8220
2069-12-25,92.4375,93.375,92.343803,93.218803,30653
2069-12-26,93.281197,93.343803,93.1875,93.281197,12240
2069-12-27,94.281197,94.3125,93.75,93.8125,7277
2069-12-28,94.6875,94.75,94.531197,94.656197,3267
2069-12-29,94.968803,95.156197,94.718803,94.843803,3267
2069-12-30,93.875,94.125,93.843803,93.968803,36585
2069-12-31,93.843803,94.031197,93.656197,94.0,25501
2070-01-01,93.5625,94.1875,93.343803,93.906197,62295
2070-01-02,93.625,94.0625,93.531197,94.0,89003
2070-01-03,93.9375,94.406197,93.875,94.218803,95492
2070-01-04,94.75,95.0,94.531197,94.593803,62655
2070-01-05,95.156197,95.406197,94.9375,95.031197,45393
2070-01-06,94.906197,95.375,94.8125,95.281197,54485
2070-01-07,95.031197,95.281197,94.968803,95.1875,59048
2070-01-08,95.1875,95.343803,95.0,95.125,66310
2070-01-09,94.843803,95.718803,94.8125,95.5625,116130
2070-01-10,96.0,96.0,95.6875,95.75,36610
2070-01-11,95.75,95.906197,95.6875,95.718803,43703
2070-01-12,96.718803,96.9375,96.5,96.5625,69818
2070-01-13,96.593803,96.656197,96.156197,96.281197,66831
2070-01-14,95.75,96.218803,95.656197,96.093803,78
2070-01-15,96.1875,96.3125,96.031197,96.125,33835
2070-01-16,95.6875,95.843803,95.343803,95.625,90396
2070-01-17,95.718803,96.0625,95.656197,96.031197,76657
2070-01-18,95.906197,96.125,95.875,95.9375,60762
2070-01-19,95.9375,96.0,95.781197,95.8125,23447
2070-01-20,96.468803,96.5,96.218803,96.25,46052
2070-01-21,98.625,98.75,98.4375,98.5625,45829
2070-01-22,98.8125,99.0625,98.6875,98.9375,59573
2070-01-23,98.5,98.75,98.218803,98.718803,90365
2070-01-24,98.625,98.8125,98.5625,98.593803,77326
2070-01-25,98.781197,98.9375,98.75,98.843803,74198
2070-01-26,98.906197,99.156197,98.8125,99.0,58441
2070-01-27,99.031197,99.375,98.9375,99.0,132677
2070-01-28,99.0,99.3125,98.875,99.0,98596
2070-01-29,99.5,99.531303,99.4375,99.4375,432970
2070-01-30,99.5,99.625,99.406303,99.625,222219
2070-01-31,99.375,99.5,99.3125,99.343803,513415
2070-02-01,99.0625,99.25,99.0625,99.218803,580624
2070-02-02,98.8125,99.468803,98.406303,98.625,252073
2070-02-03,98.843803,99.25,98.8125,99.125,12181
2070-02-04,98.468803,98.531197,98.25,98.375,17576
2070-02-05,98.968803,98.968803,98.0,98.0625,20230
2070-02-06,98.5,99.218803,98.3125,98.4375,18212
2070-02-07,97.875,98.406197,97.781197,98.281197,9287
2070-02-08,97.375,97.5,96.968803,97.093803,9226
2070-02-09,97.218803,97.375,96.75,97.0625,8193
2070-02-10,97.781197,98.0,97.5625,97.625,2904
2070-02-11,96.8125,97.406197,96.718803,97.375,2904
2070-02-12,96.968803,97.25,96.875,97.0,25293
2070-02-13,96.656197,96.906197,96.5625,96.781197,25293
2070-02-14,97.468803,97.531197,97.343803,97.4375,3977
2070-02-15,97.1875,97.593803,97.1875,97.5,26772
2070-02-16,97.593803,97.718803,97.4375,97.5,15103
2070-02-17,98.156197,98.25,97.468803,97.5,30749
2070-02-18,97.5625,97.968803,97.531197,97.656197,58883
2070-02-19,97.406197,97.4375,97.156197,97.218803,72224
2070-02-20,96.406197,96.625,96.156197,96.281197,80618
2070-02-21,96.4375,96.6875,96.25,96.343803,68760
2070-02-22,95.781197,96.1875,95.531197,96.125,91764
2070-02-23,96.75,96.906197,95.8125,96.093803,132974
2070-02-24,95.906197,96.0,95.718803,95.843803,45459
2070-02-25,95.906197,96.468803,95.8125,96.406197,108969
2070-02-26,95.6875,95.75,95.4375,95.625,83386
2070-02-27,95.906197,96.1875,95.5,95.656197,113823
2070-02-28,96.25,96.468803,96.156197,96.343803,125
2070-03-01,96.125,96.4375,95.75,96.375,78734
2070-03-02,96.3125,96.4375,96.093803,96.125,73087
2070-03-03,96.25,96.343803,96.0,96.125,64816
2070-03-04,96.5625,96.593803,96.156197,96.375,97594
2070-03-05,96.375,96.406197,96.0,96.125,47922
2070-03-06,95.656197,96.375,95.625,95.843803,104931
2070-03-07,95.5625,95.8125,95.25,95.6875,96891
2070-03-08,95.156197,95.4375,95.125,95.3125,69250
2070-03-09,95.093803,95.6875,94.718803,95.593803,104099
2070-03-10,95.468803,95.843803,95.3125,95.718803,71924
2070-03-11,95.843803,95.9375,95.656197,95.875,58280
2070-03-12,96.593803,96.718803,96.375,96.468803,83254
2070-03-13,96.875,96.968803,96.75,96.875,59423
2070-03-14,96.656197,97.406197,96.593803,97.031197,145730
2070-03-15,96.781197,96.906197,96.625,96.8125,48253
2070-03-16,96.781197,96.875,96.6875,96.75,57825
2070-03-17,97.3125,97.468803,97.125,97.281197,56657
2070-03-18,96.8125,97.25,96.8125,97.218803,67240
2070-03-19,97.031197,97.281197,96.8125,97.125,87466
2070-03-20,97.343803,97.343803,96.968803,97.0625,72431
2070-03-21,98.031197,98.156197,97.843803,97.906197,84122
2070-03-22,98.4375,98.4375,98.125,98.156197,84539
2070-03-23,98.0,98.093803,97.875,98.031197,83620
2070-03-24,97.906197,97.906197,97.656197,97.781197,56158
2070-03-25,97.375,97.4375,96.1875,97.25,57080
2070-03-26,98.343803,98.4375,97.25,97.375,199298
2070-03-27,97.531197,97.625,97.093803,97.218803,138626
2070-03-28,97.093803,97.25,96.968803,97.156197,43780
2070-03-29,96.218803,96.218803,95.8125,96.125,59600
2070-03-30,96.093803,96.343803,95.9375,95.968803,31025
2070-03-31,95.875,96.125,95.75,96.0,20313
2070-04-01,96.031197,96.25,95.75,95.843803,16477
2070-04-02,95.125,95.593803,94.593803,95.4375,10389
2070-04-03,95.625,95.656197,95.406197,95.5,13448
2070-04-04,95.468803,95.531197,95.125,95.375,8810
2070-04-05,95.9375,96.0,95.6875,95.8125,18270
2070-04-06,96.5,96.5,95.781197,95.8125,8206
2070-04-07,95.625,96.031197,95.593803,95.75,7059
2070-04-08,95.6875,95.718803,95.3125,95.5625,20170
2070-04-09,94.781197,94.843803,94.531197,94.718803,10611
2070-04-10,94.906197,95.093803,94.656197,94.781197,10611
2070-04-11,94.656197,94.781197,94.281197,94.656197,60085
2070-04-12,94.625,94.781197,94.531197,94.656197,60085
2070-04-13,94.4375,94.656197,94.406197,94.625,45405
2070-04-14,94.9375,95.281197,94.593803,94.656197,95196
2070-04-15,94.781197,94.781197,94.375,94.5625,82791
2070-04-16,95.375,95.5625,94.781197,94.8125,93149
2070-04-17,94.6875,94.8125,94.5625,94.656197,66361
2070-04-18,94.156197,94.406197,93.906197,94.281197,87167
2070-04-19,93.468803,93.625,93.3125,93.5,81643
2070-04-20,93.625,93.781197,93.5,93.6875,62656
2070-04-21,94.406197,94.4375,93.9375,94.0625,99966
2070-04-22,93.625,93.9375,93.625,93.843803,46859
2070-04-23,94.093803,94.156197,93.781197,93.906197,63951
2070-04-24,93.468803,93.718803,93.4375,93.5,66302
2070-04-25,93.843803,93.968803,93.718803,93.843803,56641
2070-04-26,93.968803,94.0625,93.4375,93.593803,98988
2070-04-27,93.593803,93.656197,93.5,93.593803,34424
2070-04-28,93.156197,93.906197,93.0625,93.625,99268
2070-04-29,93.218803,93.25,92.75,93.093803,72381
2070-04-30,92.875,93.25,92.8125,93.0625,99977
2070-05-01,93.8125,94.0625,93.781197,93.9375,43722
2070-05-02,93.906197,94.0,93.656197,93.6875,35563
2070-05-03,93.8125,94.0,93.6875,93.968803,57956
2070-05-04,94.4375,94.5,94.031197,94.125,65428
2070-05-05,94.0625,94.156197,93.781197,93.8125,80896
2070-05-06,94.093803,94.125,93.875,94.0,49052
2070-05-07,93.6875,93.906197,93.593803,93.875,42165
2070-05-08,92.718803,93.5625,92.5625,93.5,122107
2070-05-09,93.093803,93.656197,92.6875,93.406197,192214
2070-05-10,93.5,93.656197,93.343803,93.5625,100993
2070-05-11,94.531197,95.0,94.3125,94.5625,114703
2070-05-12,95.031197,95.0625,94.8125,94.9375,27362
2070-05-13,95.3125,95.406197,95.093803,95.281197,68541
2070-05-14,95.781197,95.781197,95.3125,95.375,73261
2070-05-15,95.156197,95.4375,94.906197,95.375,75022
2070-05-16,94.875,95.375,94.75,95.25,87520
2070-05-17,94.593803,94.843803,94.4375,94.75,50723
2070-05-18,95.218803,95.406197,94.843803,94.9375,106138
2070-05-19,95.093803,95.531197,95.031197,95.3125,84917
2070-05-20,95.281197,95.468803,94.781197,95.375,94321
2070-05-21,95.1875,95.281197,94.906197,95.0,57929
2070-05-22,95.281197,95.406197,95.156197,95.281197,18792
2070-05-23,95.218803,95.593803,95.0,95.343803,77015
2070-05-24,95.3125,95.4375,94.906197,95.031197,96154
2070-05-25,95.093803,95.125,94.875,94.968803,74293
2070-05-26,95.093803,95.3125,95.093803,95.218803,34471
2070-05-27,95.093803,95.1875,94.718803,94.843803,84811
2070-05-28,94.6875,94.843803,94.531197,94.625,108009
2070-05-29,94.5625,94.781197,94.5625,94.75,78730
2070-05-30,94.093803,94.656197,94.0625,94.5,93358
2070-05-31,94.5,94.656197,94.218803,94.4375,31294
2070-06-01,94.625,94.781197,94.531197,94.75,25485
2070-06-02,95.3125,95.375,95.1875,95.3125,34327
2070-06-03,95.281197,95.343803,95.156197,95.3125,56705
2070-06-04,94.906197,95.531197,94.5,95.5,24421
2070-06-05,95.843803,95.843803,95.5,95.531197,10250
2070-06-06,95.656197,95.875,95.468803,95.5625,44474
2070-06-07,96.375,96.531197,96.343803,96.406197,13268
2070-06-08,95.625,96.1875,95.4375,96.0625,14164
2070-06-09,95.5625,96.0,95.5,95.843803,31028
2070-06-10,95.8125,96.093803,95.8125,96.0,10451
2070-06-11,96.75,96.8125,96.375,96.593803,7568
2070-06-12,96.75,96.9375,96.5625,96.875,6249
2070-06-13,97.25,97.375,97.031197,97.25,6249
2070-06-14,96.6875,96.875,96.5625,96.8125,48487
2070-06-15,97.156197,97.1875,97.0,97.0625,36276
2070-06-16,97.125,97.156197,96.968803,97.093803,46212
2070-06-17,97.406197,97.593803,97.1875,97.281197,84585
2070-06-18,97.25,97.343803,96.968803,97.0625,100910
2070-06-19,96.8125,97.0625,96.781197,96.968803,58090
2070-06-20,97.0625,97.093803,96.531197,96.718803,75164
2070-06-21,96.093803,96.531197,95.968803,96.406197,86381
2070-06-22,96.593803,96.781197,96.593803,96.718803,54001
2070-06-23,95.875,96.593803,95.875,96.468803,99607
2070-06-24,96.843803,97.156197,96.781197,97.031197,59873
2070-06-25,97.0625,97.156197,96.9375,97.0625,45938
2070-06-26,97.625,97.906197,97.625,97.75,80091
2070-06-27,98.1875,98.218803,97.968803,98.156197,64768
2070-06-28,97.906197,98.218803,97.875,98.031197,72969
2070-06-29,98.343803,98.375,98.1875,98.218803,24900
2070-06-30,98.093803,98.156197,97.656197,98.156197,67478
2070-07-01,98.0,98.468803,98.0,98.375,75142
2070-07-02,98.156197,98.343803,98.031197,98.125,67683
2070-07-03,98.375,98.4375,98.156197,98.218803,57159
2070-07-04,98.8125,98.843803,98.625,98.718803,24102
2070-07-05,98.031197,98.656197,97.968803,98.625,66722
2070-07-06,98.25,98.468803,98.218803,98.281197,93865
2070-07-07,98.125,98.281197,98.0,98.125,85642
2070-07-08,99.1875,99.3125,98.968803,99.0625,64227
2070-07-09,98.781197,99.0625,98.781197,99.031197,31854
2070-07-10,98.75,99.0,98.656197,98.968803,70418
2070-07-11,98.531197,98.875,98.5,98.75,72920
2070-07-12,98.9375,99.156197,98.718803,99.0625,102773
2070-07-13,100.375,100.468803,99.3125,99.343803,183850
2070-07-14,99.875,100.0,99.593803,99.781197,80406
2070-07-15,100.125,100.1875,99.906197,100.0625,73705
2070-07-16,98.625,98.843803,98.5,98.75,58161
2070-07-17,98.656197,98.843803,98.406197,98.4375,75688
2070-07-18,99.156197,99.1875,98.156197,98.4375,167497
2070-07-19,98.468803,98.6875,98.25,98.5,80161
2070-07-20,98.468803,98.75,98.281197,98.3125,96848
2070-07-21,97.25,97.8125,97.031197,97.468803,201297
2070-07-22,97.125,97.593803,97.125,97.5,100101
2070-07-23,97.3125,97.4375,96.968803,97.343803,96656
2070-07-24,97.406197,97.718803,97.3125,97.5625,74468
2070-07-25,98.218803,98.281197,97.9375,98.156197,67620
2070-07-26,98.343803,98.375,98.093803,98.218803,46384
2070-07-27,98.875,98.9375,98.468803,98.5625,98750
2070-07-28,98.843803,98.843803,98.343803,98.5,106304
2070-07-29,98.4375,98.531197,98.25,98.281197,61705
2070-07-30,97.843803,98.031197,97.593803,97.906197,78967
2070-07-31,97.4375,97.593803,97.1875,97.406197,106502
2070-08-01,96.875,97.3125,96.781197,97.281197,127437
2070-08-02,97.656197,97.781197,97.1875,97.406197,44819
2070-08-03,97.1875,97.4375,96.843803,97.3125,24018
2070-08-04,98.093803,98.1875,97.906197,97.9375,96070
2070-08-05,97.593803,97.75,97.531197,97.656197,22932
2070-08-06,98.1875,98.875,97.9375,98.093803,19512
2070-08-07,97.4375,97.75,97.406197,97.6875,18692
2070-08-08,97.656197,97.6875,97.5,97.625,21434
2070-08-09,97.593803,97.625,97.375,97.5,12543
2070-08-10,97.8125,97.875,97.5625,97.718803,11455
2070-08-11,97.093803,97.718803,97.031197,97.656197,34910
2070-08-12,97.5625,97.656197,97.4375,97.5625,8183
2070-08-13,96.343803,97.375,96.281197,97.281197,19629
2070-08-14,97.281197,97.5625,97.156197,97.343803,9403
2070-08-15,98.125,98.343803,97.968803,98.031197,9241
2070-08-16,99.218803,99.375,99.125,99.3125,9241
2070-08-17,99.125,99.343803,99.125,99.3125,39823
2070-08-18,99.468803,99.468803,99.218803,99.25,37343
2070-08-19,99.0625,99.468803,99.0,99.343803,71254
2070-08-20,100.0625,100.125,99.5625,99.593803,103386
2070-08-21,99.031197,99.406197,98.968803,99.281197,69218
2070-08-22,99.718803,99.781197,99.5,99.656197,29723
2070-08-23,99.25,99.406197,99.031197,99.156197,73075
2070-08-24,99.0625,99.625,99.0625,99.468803,109277
2070-08-25,99.281197,99.531197,99.218803,99.406197,92286
2070-08-26,99.468803,100.4375,99.031197,99.468803,219449
2070-08-27,99.6875,99.968803,99.6875,99.8125,74905
2070-08-28,99.8125,100.0,99.656197,99.906197,60389
2070-08-29,100.9375,101.093803,100.031197,100.156197,199398
2070-08-30,100.5625,100.5625,99.781197,100.343803,167108
2070-08-31,100.9375,100.968803,100.156197,100.468803,167108
2070-09-01,99.3125,99.625,99.281197,99.593803,57389
2070-09-02,99.656197,99.718803,99.25,99.468803,74824
2070-09-03,98.9375,99.375,98.8125,98.968803,113896
2070-09-04,100.0,100.031197,99.375,99.5625,105912
2070-09-05,99.25,99.375,99.1875,99.343803,41979
2070-09-06,99.3125,99.406197,99.1875,99.343803,54425
2070-09-07,98.6875,98.781197,98.531197,98.75,57321
2070-09-08,98.4375,99.3125,98.3125,98.9375,168947
2070-09-09,98.8125,99.093803,98.5625,98.968803,121243
2070-09-10,98.718803,99.1875,98.656197,99.156197,128356
2070-09-11,100.6875,101.156197,99.75,99.781197,231173
2070-09-12,99.625,100.1875,99.406197,100.0,146284
2070-09-13,101.343803,101.8125,101.343803,101.593803,118653
2070-09-14,100.218803,100.593803,99.781197,100.1875,86593
2070-09-15,101.156197,101.156197,100.656197,100.8125,58713
2070-09-16,101.468803,101.6875,101.25,101.3125,71683
2070-09-17,101.125,101.281197,101.0,101.125,74209
2070-09-18,100.5,100.8125,100.406197,100.75,62852
2070-09-19,100.5,100.9375,100.343803,100.5,138248
2070-09-20,100.343803,100.5,100.1875,100.5,31443
2070-09-21,100.593803,100.906197,100.468803,100.75,72550
2070-09-22,100.6875,101.0,100.468803,100.6875,85332
2070-09-23,100.625,101.031197,100.593803,100.6875,87882
2070-09-24,100.718803,100.9375,100.5,100.906197,46682
2070-09-25,100.9375,101.093803,100.8125,100.9375,88479
2070-09-26,100.75,101.031197,100.718803,100.9375,103819
2070-09-27,101.156197,101.218803,100.9375,101.0,89936
2070-09-28,100.843803,101.0625,100.531197,101.0,94849
2070-09-29,101.343803,101.468803,101.156197,101.1875,94389
2070-09-30,101.093803,101.218803,100.9375,101.0625,94585
2070-10-01,101.406197,101.406197,101.125,101.25,124748
2070-10-02,100.718803,101.0,100.6875,100.843803,57929
2070-10-03,100.75,100.8125,100.656197,100.781197,30614
2070-10-04,100.5,100.6875,100.4375,100.593803,33799
2070-10-05,100.843803,101.093803,100.781197,100.8125,25596
2070-10-06,101.218803,101.218803,99.75,100.8125,57900
2070-10-07,101.218803,101.3125,100.968803,101.0,19758
2070-10-08,100.843803,101.0625,100.75,100.9375,32798
2070-10-09,100.031197,100.343803,99.968803,100.281197,13719
2070-10-10,99.718803,100.4375,99.718803,100.125,14707
2070-10-11,99.781197,100.218803,99.781197,100.1875,10330
2070-10-12,100.718803,100.843803,100.4375,100.468803,20445
2070-10-13,100.9375,101.093803,100.8125,100.968803,10614
2070-10-14,101.718803,101.718803,101.343803,101.5625,7960
2070-10-15,101.125,101.5625,101.0625,101.406197,11780
2070-10-16,101.0625,101.531197,101.0,101.3125,11780
2070-10-17,101.1875,101.5,101.125,101.25,39220
2070-10-18,101.468803,101.593803,101.281197,101.406197,18128
2070-10-19,101.625,101.75,101.468803,101.531197,4422
2070-10-20,101.718803,101.8125,101.531197,101.5625,25972
2070-10-21,101.875,101.875,101.281197,101.593803,65627
2070-10-22,101.25,101.5625,101.1875,101.5,29775
2070-10-23,100.625,101.281197,100.5625,101.25,113310
2070-10-24,101.4375,101.656197,101.218803,101.5625,133131
2070-10-25,102.406197,102.468803,101.9375,102.0625,128230
2070-10-26,102.468803,103.031197,102.4375,102.875,111810
2070-10-27,102.6875,103.218803,102.156197,103.156197,151494
2070-10-28,102.75,103.406197,102.593803,102.781197,174142
2070-10-29,103.4375,103.625,103.125,103.281197,127438
2070-10-30,104.156197,104.25,103.718803,103.9375,98818
2070-10-31,103.8125,104.0,103.625,103.718803,86577
2070-11-01,103.75,103.8125,103.343803,103.375,74243
2070-11-02,103.375,103.6875,103.25,103.281197,71131
2070-11-03,103.125,103.375,102.906197,103.281197,118207
2070-11-04,102.843803,103.093803,102.75,102.843803,112906
2070-11-05,103.468803,103.468803,102.593803,102.656197,191124
2070-11-06,102.4375,102.906197,102.093803,102.843803,100467
2070-11-07,103.343803,103.406197,102.8125,103.0,100270
2070-11-08,102.218803,102.4375,101.968803,102.218803,95851
2070-11-09,101.656197,102.468803,101.593803,102.343803,138096
2070-11-10,101.6875,101.906197,101.5625,101.875,100972
2070-11-11,102.25,102.343803,101.906197,102.0,93167
2070-11-12,102.781197,103.031197,102.6875,102.843803,85270
2070-11-13,103.031197,103.156197,102.875,103.0,73385
2070-11-14,103.0625,103.1875,102.656197,102.718803,106172
2070-11-15,102.875,103.0,102.4375,102.843803,126365
2070-11-16,103.0,103.0625,102.6875,102.843803,64341
2070-11-17,102.406197,102.5625,102.343803,102.5,55391
2070-11-18,102.125,102.468803,102.0625,102.4375,105955
2070-11-19,102.375,102.6875,102.218803,102.25,120337
2070-11-20,102.281197,102.5,102.1875,102.343803,66605
2070-11-21,102.375,102.75,102.375,102.625,88533
2070-11-22,103.0,103.125,102.6875,102.75,129135
2070-11-23,103.0,103.0625,102.8125,102.906197,90014
2070-11-24,103.25,103.281197,103.0,103.125,68703
2070-11-25,103.281197,103.531197,102.843803,102.875,145572
2070-11-26,103.406197,103.593803,102.593803,102.75,252605
2070-11-27,102.468803,102.781197,102.4375,102.718803,147027
2070-11-28,102.625,102.718803,102.375,102.468803,173616
2070-11-29,101.593803,101.75,101.218803,101.75,98175
2070-11-30,102.625,102.656197,102.093803,102.125,37040
2070-12-01,102.1875,102.343803,101.718803,101.875,65911
2070-12-02,102.031197,102.281197,101.843803,102.125,45413
2070-12-03,101.781197,102.0625,101.593803,101.6875,40990
2070-12-04,100.968803,101.281197,100.531197,101.156197,34622
2070-12-05,100.9375,101.3125,100.875,101.1875,30303
2070-12-06,101.156197,101.218803,101.0,101.156197,25333
2070-12-07,101.25,101.531197,101.25,101.468803,18784
2070-12-08,101.375,101.843803,101.25,101.75,21461
2070-12-09,101.843803,101.875,101.531197,101.75,16664
2070-12-10,101.593803,101.9375,101.5625,101.906197,17369
2070-12-11,102.5,102.6875,102.3125,102.375,11708
2070-12-12,102.375,102.4375,102.1875,102.25,9360
2070-12-13,102.4375,102.531197,102.156197,102.406197,7347
2070-12-14,102.3125,102.4375,102.218803,102.375,7347
2070-12-15,102.156197,102.3125,102.0,102.25,59776
2070-12-16,102.156197,102.25,102.031197,102.156197,44645
2070-12-17,102.5625,102.8125,102.125,102.218803,131091
2070-12-18,102.406197,102.5,102.1875,102.218803,105767
2070-12-19,102.281197,102.4375,102.093803,102.218803,96943
2070-12-20,102.093803,102.281197,101.843803,101.9375,66363
2070-12-21,101.375,101.6875,101.3125,101.656197,87460
2070-12-22,101.375,101.625,101.25,101.593803,98049
2070-12-23,101.281197,101.531197,101.156197,101.5,123734
2070-12-24,101.718803,101.968803,101.593803,101.9375,222000
2070-12-25,102.031197,102.281197,101.906197,102.25,79557
2070-12-26,102.0625,102.3125,101.9375,102.281197,87895
2070-12-27,102.593803,102.843803,102.468803,102.8125,103658
2070-12-28,102.406197,102.656197,102.281197,102.625,126127
2070-12-29,102.375,102.625,102.25,102.593803,109197
2070-12-30,102.093803,102.343803,101.968803,102.3125,88496
2070-12-31,101.968803,102.218803,101.843803,102.1875,80290
2071-01-01,101.781197,102.031197,101.656197,102.0,65594
2071-01-02,102.0,102.25,101.875,102.218803,62715
2071-01-03,102.0625,102.3125,101.9375,102.281197,101032
2071-01-04,102.0,102.25,101.875,102.218803,91019
2071-01-05,101.718803,101.968803,101.593803,101.9375,111907
2071-01-06,101.468803,101.718803,101.343803,101.6875,71074
2071-01-07,102.5625,102.5625,101.593803,101.75,193566
2071-01-08,101.625,101.875,101.5625,101.593803,120825
2071-01-09,101.718803,101.875,101.5625,101.718803,97592
2071-01-10,100.3125,101.0625,100.156197,101.031197,151099
2071-01-11,100.718803,101.125,100.6875,100.781197,128230
2071-01-12,100.8125,100.843803,100.625,100.75,39965
2071-01-13,101.8125,101.843803,101.593803,101.656197,74021
2071-01-14,101.531197,101.8125,101.375,101.781197,136362
2071-01-15,101.781197,101.875,101.5625,101.718803,70036
2071-01-16,101.75,101.8125,101.4375,101.593803,116824
2071-01-17,102.343803,102.343803,101.906197,101.968803,84805
2071-01-18,101.281197,101.781197,101.218803,101.75,108192
2071-01-19,101.468803,101.75,101.343803,101.5625,111437
2071-01-20,101.343803,101.375,101.093803,101.125,77987
2071-01-21,101.593803,101.718803,101.5,101.593803,51939
2071-01-22,101.531197,101.8125,101.5,101.781197,61877
2071-01-23,101.6875,101.75,101.5,101.593803,84737
2071-01-24,101.406197,101.6875,101.281197,101.5625,131604
2071-01-25,102.125,102.218803,101.75,101.8125,123692
2071-01-26,101.5625,101.781197,101.531197,101.718803,59864
2071-01-27,101.718803,102.031197,101.6875,101.9375,150115
2071-01-28,101.468803,101.718803,101.468803,101.593803,202578
2071-01-29,101.6875,101.8125,101.5625,101.6875,155935
2071-01-30,101.9375,102.1875,101.9375,102.031197,89017
2071-01-31,102.156197,102.343803,102.093803,102.218803,45914
2071-02-01,102.25,102.281197,102.0,102.093803,78741
2071-02-02,102.3125,102.406197,102.093803,102.25,36905
2071-02-03,102.656197,102.781197,102.375,102.531197,40684
2071-02-04,102.0625,102.343803,101.718803,102.156197,50622
2071-02-05,102.125,102.1875,101.9375,102.093803,16523
2071-02-06,102.0,102.0,101.8125,101.9375,33205
2071-02-07,101.531197,101.968803,101.531197,101.9375,27710
2071-02-08,101.531197,102.031197,101.4375,102.0,24400
2071-02-09,101.843803,102.093803,101.625,101.968803,15113
2071-02-10,102.093803,102.468803,102.0625,102.343803,12674
2071-02-11,103.5,103.656197,103.0,103.0625,22584
2071-02-12,103.468803,103.593803,102.75,103.0,12824
2071-02-13,103.031197,103.25,102.875,103.1875,13171
2071-02-14,102.593803,102.843803,102.25,102.781197,13171
2071-02-15,102.5,102.593803,102.281197,102.3125,47416
2071-02-16,102.406197,102.531197,102.343803,102.5,46975
2071-02-17,102.625,102.781197,102.5,102.5625,70376
2071-02-18,102.625,102.656197,102.343803,102.593803,98015
2071-02-19,102.5625,102.75,102.343803,102.625,71664
2071-02-20,102.8125,102.906197,102.625,102.6875,32365
2071-02-21,102.468803,102.656197,102.25,102.625,86500
2071-02-22,102.5,102.8125,102.406197,102.593803,97827
2071-02-23,102.375,102.75,102.281197,102.468803,66239
2071-02-24,102.625,102.781197,102.625,102.75,42204
2071-02-25,103.468803,103.5,103.25,103.343803,55243
2071-02-26,102.968803,103.0625,102.843803,102.906197,40227
2071-02-27,102.8125,103.0625,102.75,103.0,72908
2071-02-28,102.968803,103.093803,102.875,102.968803,48926
2071-03-01,103.343803,103.4375,102.718803,102.875,121401
2071-03-02,103.218803,103.375,103.0,103.093803,97034
2071-03-03,103.031197,103.218803,102.968803,103.093803,58634
2071-03-04,102.781197,102.906197,102.593803,102.656197,101016
2071-03-05,102.75,102.906197,102.625,102.718803,60740
2071-03-06,102.531197,102.781197,102.468803,102.6875,42716
2071-03-07,102.4375,102.718803,102.375,102.593803,100307
2071-03-08,102.625,102.6875,102.468803,102.531197,56534
2071-03-09,102.531197,102.781197,102.5,102.656197,55949
2071-03-10,102.8125,102.906197,102.718803,102.75,53195
2071-03-11,102.718803,102.843803,102.531197,102.6875,43617
2071-03-12,102.875,103.0,102.75,102.843803,73145
2071-03-13,102.875,102.9375,102.6875,102.718803,67596
2071-03-14,102.6875,102.875,102.343803,102.781197,160150
2071-03-15,102.6875,102.8125,102.5625,102.6875,91454
2071-03-16,102.1875,102.531197,102.125,102.468803,86598
2071-03-17,102.375,102.656197,102.281197,102.5,107732
2071-03-18,102.5,102.656197,102.375,102.531197,83900
2071-03-19,102.8125,102.843803,102.6875,102.75,78016
2071-03-20,102.5625,102.9375,102.5,102.906197,110953
2071-03-21,103.031197,103.0625,102.875,102.968803,65474
2071-03-22,102.8125,103.3125,102.75,103.0,118675
2071-03-23,103.218803,103.218803,102.906197,103.125,79351
2071-03-24,103.25,103.5,103.031197,103.093803,112174
2071-03-25,103.25,103.468803,103.125,103.406197,111524
2071-03-26,103.3125,103.656197,103.218803,103.3125,58513
2071-03-27,103.093803,103.156197,102.875,103.031197,73174
2071-03-28,103.3125,103.3125,103.125,103.3125,105359
2071-03-29,103.125,103.406197,102.9375,103.343803,156249
2071-03-30,102.8125,104.031197,102.75,103.156197,299169
2071-03-31,103.125,103.3125,102.968803,103.156197,117471
2071-04-01,103.093803,103.406197,103.093803,103.343803,137599
2071-04-02,103.8125,104.156197,103.6875,104.031197,236367
2071-04-03,103.5625,104.656197,103.5625,104.093803,267768
2071-04-04,104.281197,105.0625,104.031197,104.406197,253482
2071-04-05,104.343803,104.625,104.0625,104.593803,89981
2071-04-06,105.1875,105.6875,104.843803,105.0625,77182
2071-04-07,105.3125,105.343803,104.875,105.125,63438
2071-04-08,105.093803,105.5625,105.093803,105.406197,28978
2071-04-09,105.4375,105.531197,105.0,105.406197,10152
2071-04-10,105.406197,105.593803,105.093803,105.218803,28223
2071-04-11,104.9375,105.6875,104.781197,105.625,31565
2071-04-12,104.5,105.781197,104.343803,105.6875,24893
2071-04-13,106.3125,106.875,105.5625,105.6875,17243
2071-04-14,106.4375,106.656197,106.0625,106.406197,33160
2071-04-15,107.781197,108.156197,107.531197,107.625,24221
2071-04-16,106.875,107.093803,106.625,107.0625,32176
2071-04-17,106.5,107.156197,106.375,106.968803,27287
2071-04-18,106.0625,106.6875,106.0,106.625,9807
2071-04-19,106.5625,107.5,106.468803,106.718803,9807
2071-04-20,107.531197,107.625,107.156197,107.25,111505
2071-04-21,107.281197,107.968803,107.093803,107.6875,139547
2071-04-22,107.375,107.781197,107.156197,107.75,113700
2071-04-23,107.25,107.781197,107.0625,107.4375,152255
2071-04-24,108.0625,108.125,107.843803,107.9375,63909
2071-04-25,108.031197,108.156197,107.75,108.125,75862
2071-04-26,107.843803,108.4375,107.468803,108.406197,112589
2071-04-27,107.9375,108.406197,107.343803,108.3125,188631
2071-04-28,108.156197,108.656197,107.875,108.281197,177450
2071-04-29,109.031197,109.968803,108.781197,109.531197,113074
2071-04-30,110.4375,110.875,110.0,110.4375,121590
2071-05-01,110.718803,111.3125,109.593803,110.343803,177735
2071-05-02,112.4375,112.625,110.8125,110.9375,149830
2071-05-03,111.218803,111.5625,109.156197,110.5625,178372
2071-05-04,110.0,110.218803,109.5,109.781197,119921
2071-05-05,108.0625,109.0,108.0625,108.843803,123233
2071-05-06,107.3125,107.531197,106.8125,107.1875,124507
2071-05-07,107.625,108.4375,106.875,107.906197,143779
2071-05-08,108.875,109.031197,108.593803,108.6875,53728
2071-05-09,109.843803,109.968803,108.906197,109.406197,116670
2071-05-10,109.593803,110.0,109.531197,109.718803,59895
2071-05-11,109.1875,109.406197,108.875,109.156197,94844
2071-05-12,109.375,109.625,108.468803,109.0,83157
2071-05-13,108.3125,109.1875,108.125,108.781197,109053
2071-05-14,108.218803,108.75,108.125,108.625,99388
2071-05-15,108.093803,108.375,107.843803,108.156197,88160
2071-05-16,108.25,108.5,108.031197,108.406197,83252
2071-05-17,109.75,109.75,108.906197,109.0,107143
2071-05-18,109.968803,110.0,109.156197,109.218803,90928
2071-05-19,109.656197,109.875,109.468803,109.593803,79442
2071-05-20,109.5625,109.656197,108.531197,108.875,146996
2071-05-21,108.468803,109.0625,107.875,108.125,147852
2071-05-22,108.9375,108.9375,107.6875,108.125,216108
2071-05-23,106.6875,107.3125,106.5,107.281197,96778
2071-05-24,107.1875,107.375,106.75,107.093803,120688
2071-05-25,106.1875,106.4375,106.0625,106.218803,112467
2071-05-26,106.9375,107.031197,106.5,106.75,93352
2071-05-27,106.9375,107.125,106.843803,107.0,64007
2071-05-28,107.468803,107.843803,107.156197,107.25,103080
2071-05-29,107.0,107.406197,106.6875,107.0625,198852
2071-05-30,107.125,107.343803,106.906197,106.968803,122328
2071-05-31,106.531197,106.8125,106.375,106.656197,111612
2071-06-01,107.0,107.218803,106.781197,106.8125,117911
2071-06-02,106.593803,106.875,106.531197,106.6875,114039
2071-06-03,106.843803,106.906197,106.625,106.656197,97675
2071-06-04,106.125,106.718803,106.031197,106.593803,71989
2071-06-05,106.5,106.906197,106.25,106.6875,51360
2071-06-06,106.3125,107.125,106.156197,106.75,68598
2071-06-07,107.375,107.718803,106.968803,107.281197,53269
2071-06-08,108.3125,108.531197,107.6875,107.843803,19522
2071-06-09,109.0,109.125,108.281197,108.343803,21412
2071-06-10,109.0,109.125,108.281197,108.343803,15341
2071-06-11,108.281197,108.5625,108.031197,108.468803,7683
2071-06-12,107.781197,108.1875,107.593803,108.0,12569
2071-06-13,107.875,108.031197,107.156197,107.375,5420
2071-06-14,108.0,108.375,107.906197,108.093803,17491
2071-06-15,108.718803,109.0625,108.468803,108.5,11312
2071-06-16,107.5625,108.031197,107.5,107.906197,5735
2071-06-17,108.1875,108.5,108.0,108.25,7396
2071-06-18,107.968803,108.0625,107.875,107.968803,3809
2071-06-19,108.468803,108.718803,107.968803,108.156197,3809
2071-06-20,108.3125,108.75,108.156197,108.281197,5735
2071-06-21,108.593803,108.781197,108.093803,108.125,3809
2071-06-22,108.031197,108.156197,107.3125,107.5625,39310
2071-06-23,106.593803,106.9375,106.375,106.906197,19693
2071-06-24,105.625,106.156197,105.5,106.125,39738
2071-06-25,106.1875,106.406197,106.0625,106.3125,38654
2071-06-26,106.343803,106.468803,106.093803,106.281197,31419
2071-06-27,107.6875,107.843803,107.125,107.406197,64142
2071-06-28,107.75,107.906197,107.1875,107.468803,81260
2071-06-29,108.031197,108.1875,107.468803,107.75,133326
2071-06-30,107.843803,108.0,107.281197,107.5625,126008
2071-07-01,107.093803,107.218803,106.531197,106.8125,150026
2071-07-02,107.343803,107.468803,106.781197,107.0625,112201
2071-07-03,107.0,107.125,106.4375,106.718803,108114
2071-07-04,106.6875,106.8125,106.125,106.406197,187007
2071-07-05,106.468803,106.593803,105.906197,106.1875,129525
2071-07-06,107.0625,107.1875,106.5,106.781197,87674
2071-07-07,107.656197,107.8125,107.093803,107.375,77760
2071-07-08,107.968803,108.125,107.406197,107.6875,89597
2071-07-09,107.5625,107.718803,107.0,107.281197,112308
2071-07-10,107.375,107.531197,106.8125,107.093803,93573
2071-07-11,106.6875,107.031197,106.531197,106.6875,76678
2071-07-12,107.375,107.5,106.968803,107.093803,78064
2071-07-13,107.531197,107.8125,107.4375,107.531197,85076
2071-07-14,107.1875,108.218803,107.093803,107.4375,84897
2071-07-15,107.093803,107.343803,106.843803,107.3125,99521
2071-07-16,107.9375,108.125,107.343803,107.5,87001
2071-07-17,107.75,108.0,107.5,107.5625,140872
2071-07-18,107.531197,107.843803,107.468803,107.5,99114
2071-07-19,107.343803,107.625,106.593803,106.875,221773
2071-07-20,107.156197,107.281197,106.656197,106.781197,141740
2071-07-21,106.125,106.5,106.0,106.375,65954
2071-07-22,105.593803,105.8125,105.406197,105.656197,93353
2071-07-23,105.8125,106.0625,105.531197,105.656197,99378
2071-07-24,105.375,105.593803,105.281197,105.5,103840
2071-07-25,104.906197,105.468803,104.156197,104.5,190298
2071-07-26,104.9375,105.1875,104.531197,104.781197,108548
2071-07-27,104.781197,105.156197,104.593803,105.0625,99659
2071-07-28,105.0625,105.156197,104.593803,104.656197,122682
2071-07-29,104.5625,104.75,104.281197,104.468803,167227
2071-07-30,104.406197,104.8125,104.281197,104.781197,108259
2071-07-31,104.75,104.9375,104.25,104.406197,156645
2071-08-01,104.375,104.5625,103.875,103.906197,191212
2071-08-02,103.875,103.9375,102.718803,103.093803,305704
2071-08-03,103.031197,103.468803,102.75,103.3125,168427
2071-08-04,103.0625,103.3125,102.1875,102.4375,67760
2071-08-05,102.5625,102.9375,102.406197,102.75,41653
2071-08-06,103.0,103.0625,102.375,102.5,50201
2071-08-07,102.468803,102.5625,102.156197,102.25,42529
2071-08-08,102.3125,103.5625,102.156197,102.75,30272
2071-08-09,102.9375,103.125,102.8125,102.906197,18039
2071-08-10,102.781197,103.5625,102.656197,103.4375,28831
2071-08-11,103.468803,103.531197,103.156197,103.3125,20206
2071-08-12,103.218803,103.5,103.093803,103.3125,14158
2071-08-13,103.3125,103.593803,103.218803,103.531197,12705
2071-08-14,103.5625,103.75,103.468803,103.6875,10369
2071-08-15,103.75,104.093803,103.656197,103.968803,19114
2071-08-16,104.031197,104.218803,103.781197,103.8125,13755
2071-08-17,103.875,104.125,103.8125,103.968803,7238
2071-08-18,103.968803,104.093803,103.531197,103.5625,7035
2071-08-19,103.531197,103.5625,103.25,103.375,7035
2071-08-20,103.5,103.593803,103.406197,103.406197,80724
2071-08-21,103.5625,104.0,103.531197,103.6875,69483
2071-08-22,103.6875,103.843803,103.3125,103.343803,75587
2071-08-23,103.343803,103.781197,103.218803,103.3125,86955
2071-08-24,103.468803,103.531197,102.9375,103.0625,80438
2071-08-25,103.0625,103.468803,103.0625,103.468803,70083
2071-08-26,103.5625,103.656197,102.968803,103.281197,99975
2071-08-27,103.343803,103.531197,102.968803,103.1875,100230
2071-08-28,103.5625,103.593803,103.281197,103.468803,50724
2071-08-29,103.468803,103.968803,103.468803,103.875,105410
2071-08-30,104.0,104.093803,103.843803,103.906197,71317
2071-08-31,103.906197,104.5625,103.781197,104.5,131612
2071-09-01,104.531197,104.6875,104.3125,104.468803,97744
2071-09-02,104.531197,104.75,104.4375,104.468803,57959
2071-09-03,104.468803,104.531197,103.968803,104.093803,86265
2071-09-04,104.156197,104.25,104.0,104.0625,81229
2071-09-05,104.093803,104.1875,103.781197,103.9375,120002
2071-09-06,103.875,103.9375,103.468803,103.5625,88560
2071-09-07,103.593803,103.875,103.4375,103.843803,90220
2071-09-08,103.843803,104.093803,103.75,103.968803,87768
2071-09-09,104.0625,104.25,103.9375,104.031197,53372
2071-09-10,103.9375,103.968803,103.406197,103.4375,99046
2071-09-11,103.375,103.5625,103.281197,103.406197,60084
2071-09-12,103.531197,103.6875,103.1875,103.656197,68682
2071-09-13,103.656197,103.875,103.531197,103.781197,54186
2071-09-14,103.75,103.843803,103.4375,103.593803,60729
2071-09-15,103.5625,104.156197,103.5,103.968803,101284
2071-09-16,104.031197,104.218803,102.9375,103.0625,147009
2071-09-17,102.968803,103.031197,102.6875,102.906197,78024
2071-09-18,102.968803,103.093803,102.531197,102.656197,106247
2071-09-19,102.625,102.843803,102.5,102.75,81905
2071-09-20,102.8125,102.968803,102.031197,102.125,185275
2071-09-21,102.156197,102.593803,101.75,101.9375,160533
2071-09-22,101.906197,102.1875,101.656197,102.0625,90200
2071-09-23,102.093803,102.156197,101.656197,101.75,98195
2071-09-24,101.843803,102.125,101.5625,101.968803,135946
2071-09-25,102.0625,102.75,102.031197,102.6875,108796
2071-09-26,102.593803,102.656197,100.9375,101.3125,189399
2071-09-27,101.281197,101.375,101.0,101.125,100152
2071-09-28,101.0625,101.4375,100.6875,100.875,118876
2071-09-29,100.9375,101.281197,100.843803,101.25,110599
2071-09-30,101.25,101.281197,100.968803,101.156197,119147
2071-10-01,101.25,101.8125,101.1875,101.593803,128959
2071-10-02,101.625,101.875,101.406197,101.718803,97098
2071-10-03,101.781197,101.843803,101.5625,101.6875,175892
2071-10-04,101.625,101.75,101.1875,101.3125,187056
2071-10-05,101.281197,101.375,100.6875,100.8125,206019
2071-10-06,100.718803,100.875,100.375,100.6875,70416
2071-10-07,100.406197,100.468803,99.343803,99.5,50464
2071-10-08,99.468803,99.656197,99.125,99.5,62689
2071-10-09,99.531197,99.843803,99.5,99.656197,24870
2071-10-10,99.593803,100.093803,99.375,99.5625,25288
2071-10-11,99.5625,99.843803,99.468803,99.593803,17422
2071-10-12,99.625,99.8125,99.5,99.5,21521
2071-10-13,99.375,99.5,99.031197,99.218803,12105
2071-10-14,99.1875,99.1875,98.593803,98.906197,18908
2071-10-15,98.781197,99.031197,98.1875,98.218803,12126
2071-10-16,98.343803,98.718803,98.25,98.593803,11915
2071-10-17,98.375,98.843803,98.375,98.531197,23026
2071-10-18,98.5625,99.156197,98.5,98.781197,18070
2071-10-19,98.906197,99.875,98.75,99.781197,16077
2071-10-20,99.968803,100.031197,99.593803,99.625,9667
2071-10-21,99.5,99.656197,98.843803,99.093803,9667
2071-10-22,99.0625,99.125,98.593803,98.8125,84626
2071-10-23,98.75,98.75,98.125,98.343803,118958
2071-10-24,98.4375,98.4375,97.875,98.031197,150346
2071-10-25,98.468803,98.468803,97.875,98.281197,94254
2071-10-26,98.703102,98.75,98.25,98.718803,75846
2071-10-27,98.609398,98.921898,98.5625,98.859398,106293
2071-10-28,99.921898,99.921898,98.625,99.890602,162438
2071-10-29,99.843803,100.203102,99.328102,99.8125,181338
2071-10-30,99.703102,99.843803,99.343803,99.703102,101665
2071-10-31,99.671898,99.671898,99.015602,99.328102,75682
2071-11-01,99.328102,99.328102,98.953102,99.078102,63010
2071-11-02,99.156197,99.546898,98.843803,99.531197,137624
2071-11-03,99.593803,99.843803,99.4375,99.515602,98812
2071-11-04,99.546898,100.281197,99.406197,100.171898,104916
2071-11-05,100.234398,100.625,100.109398,100.343803,154347
2071-11-06,100.328102,100.625,100.078102,100.1875,119529
2071-11-07,100.25,100.5625,100.0625,100.281197,133531
2071-11-08,99.890602,100.171898,99.8125,100.171898,89254
2071-11-09,100.828102,100.828102,100.593803,100.640602,66507
2071-11-10,100.671898,100.796898,100.3125,100.75,108525
2071-11-11,100.765602,100.875,100.5625,100.703102,89791
2071-11-12,100.593803,100.765602,99.734398,99.890602,167335
2071-11-13,99.843803,99.890602,99.359398,99.484398,103807
2071-11-14,99.375,99.421898,99.125,99.359398,81197
2071-11-15,99.6875,99.6875,99.406197,99.640602,113062
2071-11-16,99.75,99.75,99.593803,99.6875,95802
2071-11-17,99.171898,99.609398,98.765602,99.171898,183462
2071-11-18,99.093803,99.125,98.906197,98.906197,119226
2071-11-19,98.890602,99.031197,98.406197,98.875,117897
2071-11-20,98.875,98.953102,98.656197,98.718803,76995
2071-11-21,98.625,98.828102,98.578102,98.703102,116436
2071-11-22,98.75,99.218803,98.6875,99.078102,174641
2071-11-23,98.875,99.015602,97.953102,97.984398,152428
2071-11-24,97.875,97.906197,97.421898,97.468803,117255
2071-11-25,97.125,97.343803,97.015602,97.125,156755
2071-11-26,97.265602,97.5625,97.1875,97.515602,148602
2071-11-27,97.484398,97.703102,97.453102,97.453102,125086
2071-11-28,98.25,98.328102,97.468803,98.25,148246
2071-11-29,98.281197,98.468803,98.109398,98.343803,115810
2071-11-30,98.375,99.031197,98.281197,98.906197,180035
2071-12-01,98.921898,99.0,98.6875,98.968803,113001
2071-12-02,98.953102,99.078102,98.656197,98.781197,111103
2071-12-03,98.875,98.953102,98.718803,98.921898,69815
2071-12-04,98.921898,98.968803,98.828102,98.859398,74459
2071-12-05,98.765602,99.281197,98.625,99.156197,154366
2071-12-06,99.359398,99.968803,99.296898,99.953102,184518
2071-12-07,100.078102,100.109398,99.718803,99.875,164004
2071-12-08,99.796898,99.796898,99.234398,99.265602,178173
2071-12-09,99.171898,99.203102,98.546898,98.609398,73595
2071-12-10,98.484398,98.703102,98.125,98.343803,48522
2071-12-11,98.125,98.343803,98.0625,98.140602,12065
2071-12-12,98.140602,98.234398,97.8125,97.921898,11329
2071-12-13,97.890602,98.765602,97.890602,98.578102,977
2071-12-14,98.625,98.640602,98.3125,98.343803,8827
2071-12-15,98.296898,98.640602,98.125,98.453102,5903
2071-12-16,98.453102,98.468803,98.109398,98.171898,20537
2071-12-17,98.281197,98.828102,98.265602,98.75,17829
2071-12-18,98.6875,98.703102,98.5,98.625,12296
2071-12-19,98.578102,98.703102,98.078102,98.281197,7404
2071-12-20,98.265602,98.781197,98.156197,98.484398,15204
2071-12-21,98.593803,98.875,98.5625,98.781197,5996
2071-12-22,98.796898,99.125,98.781197,98.984398,6129
2071-12-23,98.921898,99.078102,98.609398,98.656197,6555
2071-12-24,98.625,98.734398,98.328102,98.484398,4736
2071-12-25,98.578102,98.6875,98.5,98.640602,63779
2071-12-26,98.5625,99.0625,98.5,99.046898,91858
2071-12-27,99.296898,99.859398,99.265602,99.828102,154905
2071-12-28,99.828102,99.859398,99.343803,99.406197,95517
2071-12-29,99.265602,99.406197,98.875,98.875,153652
2071-12-30,98.859398,98.890602,98.328102,98.343803,124189
2071-12-31,98.375,98.875,98.281197,98.8125,135614
2072-01-01,98.703102,98.765602,97.953102,98.0625,138175
2072-01-02,98.156197,98.5,98.156197,98.5,52382
2072-01-03,98.593803,98.671898,97.9375,97.968803,105261
2072-01-04,97.859398,97.984398,97.718803,97.765602,131715
2072-01-05,97.8125,97.968803,97.531197,97.765602,146955
2072-01-06,97.703102,98.234398,97.640602,97.781197,146955
2072-01-07,97.875,97.875,97.515602,97.671898,68443
2072-01-08,97.671898,97.843803,97.296898,97.3125,104294
2072-01-09,97.218803,97.328102,96.796898,96.9375,128146
2072-01-10,96.859398,97.4375,96.484398,97.406197,161997
2072-01-11,97.5625,97.718803,97.296898,97.359398,95087
2072-01-12,97.281197,97.5,97.0,97.0625,130967
2072-01-13,97.015602,97.109398,96.765602,96.9375,131393
2072-01-14,96.875,97.1875,96.75,96.8125,107101
2072-01-15,96.875,97.031197,96.8125,96.8125,94487
2072-01-16,96.890602,96.921898,96.5,96.796898,102335
2072-01-17,96.75,96.890602,96.593803,96.6875,88648
2072-01-18,96.75,97.171898,96.703102,97.140602,141647
2072-01-19,97.218803,97.765602,97.1875,97.6875,144394
2072-01-20,97.671898,98.359398,97.515602,98.343803,223925
2072-01-21,98.1875,98.265602,97.968803,98.140602,100727
2072-01-22,98.125,98.406197,97.984398,98.3125,142221
2072-01-23,98.203102,98.656197,98.171898,98.468803,147895
2072-01-24,98.5625,98.953102,98.546898,98.890602,156437
2072-01-25,98.796898,99.390602,98.75,99.140602,189988
2072-01-26,99.031197,99.1875,99.015602,99.109398,79160
2072-01-27,99.0,99.0625,98.8125,98.906197,108817
2072-01-28,98.890602,98.968803,98.390602,98.671898,108817
2072-01-29,99.078102,99.328102,99.015602,99.25,104820
2072-01-30,99.203102,99.296898,99.156197,99.265602,62561
2072-01-31,99.171898,99.375,98.765602,98.859398,106131
2072-02-01,98.671898,98.6875,98.328102,98.359398,137777
2072-02-02,98.171898,98.375,98.046898,98.218803,130121
2072-02-03,98.296898,98.343803,98.031197,98.171898,94199
2072-02-04,98.031197,98.078102,97.921898,98.0625,82531
2072-02-05,97.9375,98.093803,97.921898,98.0625,105692
2072-02-06,97.953102,98.1875,97.843803,98.140602,152674
2072-02-07,97.828102,97.843803,97.375,97.4375,148056
2072-02-08,97.484398,97.765602,97.468803,97.703102,121249
2072-02-09,97.3125,97.375,97.140602,97.281197,10281
2072-02-10,97.109398,97.3125,97.093803,97.093803,16094
2072-02-11,97.109398,97.578102,97.0,97.546898,11859
2072-02-12,97.125,97.734398,97.125,97.734398,11979
2072-02-13,97.671898,98.0625,97.671898,98.0625,6559
2072-02-14,97.5625,97.593803,97.125,97.578102,5765
2072-02-15,97.125,97.328102,97.0625,97.328102,8589
2072-02-16,96.875,96.875,96.859398,96.875,10143
2072-02-17,96.875,97.0,96.765602,96.828102,11017
2072-02-18,96.421898,96.421898,96.390602,96.390602,15150
2072-02-19,96.406197,96.593803,96.281197,96.281197,3033
2072-02-20,96.234398,96.328102,96.234398,96.234398,7965
2072-02-21,96.234398,96.4375,96.109398,96.109398,4728
2072-02-22,96.203102,96.203102,96.156197,96.203102,2490
2072-02-23,96.156197,96.218803,96.0,96.0,3162
2072-02-24,96.046898,96.171898,96.015602,96.156197,954
2072-02-25,96.218803,96.281197,96.093803,96.265602,2414
2072-02-26,94.9375,95.593803,94.718803,95.5625,7017
2072-02-27,95.546898,95.765602,94.875,94.875,17816
2072-02-28,94.875,95.234398,94.843803,95.203102,20149
2072-02-29,95.25,95.578102,95.203102,95.578102,21717
2072-03-01,95.546898,95.546898,95.296898,95.343803,16660
2072-03-02,95.343803,95.406197,94.5625,94.5625,8877
2072-03-03,94.656197,94.75,94.375,94.390602,18727
2072-03-04,94.390602,95.015602,94.359398,95.015602,22239
2072-03-05,95.0,95.281197,94.609398,94.609398,19195
2072-03-06,94.578102,94.718803,94.125,94.125,3462
2072-03-07,94.156197,94.343803,94.0,94.343803,11966
2072-03-08,94.343803,94.406197,94.0,94.0625,18630
2072-03-09,94.031197,94.171898,93.718803,93.984398,5044
2072-03-10,94.031197,94.5625,94.0,94.5625,27297
2072-03-11,94.609398,94.718803,94.421898,94.484398,10518
2072-03-12,94.5,94.609398,94.390602,94.609398,4652
2072-03-13,94.609398,94.765602,94.5625,94.578102,20840
2072-03-14,94.609398,94.890602,93.984398,94.890602,17211
2072-03-15,94.75,95.1875,94.75,95.093803,13847
2072-03-16,95.093803,95.218803,94.875,95.218803,18871
2072-03-17,95.25,95.875,94.9375,95.859398,22710
2072-03-18,95.843803,96.25,95.468803,95.468803,33545
2072-03-19,95.375,95.375,94.781197,94.781197,25155
2072-03-20,94.781197,95.140602,94.734398,95.109398,12725
2072-03-21,95.125,95.265602,94.593803,94.593803,17983
2072-03-22,94.6875,94.921898,94.203102,94.203102,19100
2072-03-23,94.171898,94.4375,94.078102,94.406197,10621
2072-03-24,94.4375,95.0,94.406197,95.0,14389
2072-03-25,94.984398,95.031197,94.796898,94.796898,7172
2072-03-26,94.765602,94.828102,94.656197,94.781197,17979
2072-03-27,94.578102,95.078102,94.5625,95.078102,22999
2072-03-28,95.25,96.109398,95.25,96.109398,14603
2072-03-29,96.015602,96.046898,95.5625,95.5625,5636
2072-03-30,95.578102,96.203102,95.578102,96.203102,23000
2072-03-31,96.125,96.359398,96.0,96.015602,20476
2072-04-01,96.296898,96.359398,95.953102,96.328102,27080
2072-04-02,95.656197,95.734398,95.5625,95.5625,13434
2072-04-03,95.406197,95.8125,95.359398,95.531197,515004
2072-04-04,95.578102,95.593803,95.281197,95.375,244389
2072-04-05,95.484398,95.609398,95.453102,95.5,552763
2072-04-06,95.578102,95.6875,95.406197,95.609398,323687
2072-04-07,95.453102,95.578102,95.375,95.406197,60805
2072-04-08,95.8125,96.203102,95.593803,95.593803,291840
2072-04-09,96.25,96.5,96.171898,96.203102,48937
2072-04-10,96.421898,96.5,96.343803,96.468803,34681
2072-04-11,96.656197,96.875,96.593803,96.875,219298
2072-04-12,97.046898,97.0625,96.765602,96.765602,541975
2072-04-13,96.984398,97.156197,96.843803,97.156197,537336
2072-04-14,97.234398,97.328102,97.031197,97.1875,82149
2072-04-15,97.25,97.656197,97.171898,97.593803,145582
2072-04-16,97.421898,97.468803,96.8125,97.156197,157425
2072-04-17,96.6875,96.75,96.421898,96.421898,250317
2072-04-18,96.8125,96.984398,96.578102,96.718803,542128
2072-04-19,97.0,97.156197,97.0,97.078102,551470
2072-04-20,97.046898,97.765602,96.953102,97.765602,132248
2072-04-21,97.859398,98.046898,97.671898,97.718803,46067
2072-04-22,98.171898,98.234398,97.9375,98.093803,49153
2072-04-23,98.296898,99.0,98.140602,98.5,160532
2072-04-24,98.843803,99.406197,98.593803,99.375,307606
2072-04-25,98.75,98.890602,98.390602,98.390602,191704
2072-04-26,98.531197,98.546898,98.25,98.328102,306036
2072-04-27,98.859398,99.125,98.781197,98.9375,438624
2072-04-28,99.25,99.4375,98.4375,99.156197,93167
2072-04-29,98.546898,98.656197,97.921898,98.3125,212473
2072-04-30,97.953102,98.25,97.796898,97.8125,415886
2072-05-01,98.25,98.484398,98.109398,98.296898,162391
2072-05-02,97.859398,98.093803,97.531197,97.625,526393
2072-05-03,97.781197,97.859398,97.5625,97.6875,385348
2072-05-04,98.3125,98.343803,98.093803,98.1875,505639
2072-05-05,98.234398,98.359398,98.171898,98.25,314262
2072-05-06,98.234398,98.234398,97.5625,97.5625,439215
2072-05-07,97.5,97.734398,97.453102,97.546898,86811
2072-05-08,97.531197,97.75,97.515602,97.625,259146
2072-05-09,96.875,97.078102,96.6875,97.078102,253556
2072-05-10,96.9375,96.953102,96.765602,96.875,360975
2072-05-11,96.703102,96.781197,96.406197,96.406197,74064
2072-05-12,96.406197,96.593803,96.0,96.3125,75297
2072-05-13,96.0,96.093803,95.781197,95.875,434607
2072-05-14,95.625,95.953102,95.390602,95.859398,139029
2072-05-15,95.296898,95.468803,95.015602,95.015602,515736
2072-05-16,94.9375,95.218803,94.9375,95.125,198141
2072-05-17,95.203102,95.593803,95.203102,95.375,537011
2072-05-18,95.734398,96.203102,95.734398,95.875,342187
2072-05-19,95.890602,97.0,95.765602,96.0,485607
2072-05-20,95.218803,95.531197,95.171898,95.281197,452147
2072-05-21,95.5625,95.968803,95.531197,95.968803,136684
2072-05-22,95.781197,95.906197,95.453102,95.5,526711
2072-05-23,95.4375,95.515602,94.906197,95.3125,71204
2072-05-24,94.9375,95.078102,94.8125,95.078102,141008
2072-05-25,95.375,95.875,95.375,95.390602,413466
2072-05-26,95.828102,95.875,95.640602,95.765602,188773
2072-05-27,95.8125,96.046898,95.656197,95.796898,234834
2072-05-28,95.640602,95.671898,95.5,95.531197,65278
2072-05-29,96.265602,96.375,96.156197,96.156197,455943
2072-05-30,96.656197,96.703102,96.468803,96.625,282635
2072-05-31,96.453102,96.546898,96.390602,96.5,35554
2072-06-01,97.281197,97.343803,97.281197,97.328102,14113
2072-06-02,97.281197,98.6875,97.218803,97.375,14168
2072-06-03,97.859398,97.859398,97.843803,97.843803,19866
2072-06-04,97.765602,97.765602,97.75,97.75,12289
2072-06-05,97.75,97.75,97.734398,97.75,13054
2072-06-06,97.765602,97.765602,97.703102,97.734398,11694
2072-06-07,97.765602,97.843803,97.6875,97.765602,14403
2072-06-08,98.015602,98.015602,98.0,98.0,12722
2072-06-09,97.8125,97.828102,97.8125,97.828102,2656
2072-06-10,98.375,98.390602,98.375,98.390602,7128
2072-06-11,97.8125,97.8125,97.8125,97.8125,11774
2072-06-12,97.75,97.765602,97.75,97.75,18299
2072-06-13,97.75,97.906197,97.718803,97.8125,13987
2072-06-14,97.921898,97.921898,97.906197,97.906197,12913
2072-06-15,97.968803,97.968803,97.968803,97.968803,8218
2072-06-16,97.906197,97.921898,97.890602,97.921898,16460
2072-06-17,98.343803,98.406197,98.343803,98.390602,12134
2072-06-18,98.343803,98.546898,98.343803,98.5,16891
2072-06-19,98.968803,98.968803,98.968803,98.968803,6089
2072-06-20,98.546898,98.546898,98.531197,98.531197,19740
2072-06-21,98.546898,98.953102,98.406197,98.625,21157
2072-06-22,98.6875,98.703102,98.6875,98.703102,17330
2072-06-23,98.578102,98.593803,98.578102,98.593803,8771
2072-06-24,98.359398,98.375,98.359398,98.375,11544
2072-06-25,98.921898,98.968803,98.921898,98.9375,13300
2072-06-26,98.921898,99.125,98.171898,98.171898,12064
2072-06-27,97.796898,97.796898,97.781197,97.781197,16117
2072-06-28,97.875,97.875,97.875,97.875,14091
2072-06-29,97.843803,97.859398,97.843803,97.859398,21571
2072-06-30,98.859398,98.859398,98.843803,98.859398,14855
2072-07-01,98.859398,98.906197,98.703102,98.843803,8427
2072-07-02,98.656197,98.718803,98.656197,98.703102,19250
2072-07-03,98.75,98.75,98.75,98.75,6931
2072-07-04,98.8125,98.8125,98.796898,98.8125,19505
2072-07-05,99.046898,99.046898,99.015602,99.015602,13808
2072-07-06,99.046898,99.109398,98.953102,99.0,9567
2072-07-07,98.843803,98.859398,98.843803,98.859398,14627
2072-07-08,99.203102,99.218803,99.203102,99.218803,6949
2072-07-09,99.359398,99.359398,99.3125,99.359398,12900
2072-07-10,99.5,99.515602,99.5,99.515602,20049
2072-07-11,99.5,99.609398,99.484398,99.531197,25762
2072-07-12,99.5,99.515602,99.5,99.515602,10384
2072-07-13,99.765602,99.765602,99.75,99.765602,11295
2072-07-14,99.8125,99.8125,99.796898,99.8125,15467
2072-07-15,100.015602,100.031303,100.0,100.0,16655
2072-07-16,100.015602,100.1875,99.593803,99.593803,15154
2072-07-17,99.75,99.75,99.734398,99.734398,20170
2072-07-18,99.5625,99.5625,99.546898,99.5625,10389
2072-07-19,99.4375,99.453102,99.4375,99.453102,2234
2072-07-20,99.515602,99.531197,99.515602,99.531197,10933
2072-07-21,99.515602,99.781197,99.421898,99.734398,15274
2072-07-22,99.656197,99.656197,99.656197,99.656197,9699
2072-07-23,99.718803,99.718803,99.703102,99.718803,13182
2072-07-24,100.125,100.125,100.125,100.125,7093
2072-07-25,100.140602,100.140602,100.140602,100.140602,18932
2072-07-26,100.140602,100.1875,100.046898,100.093803,29345
2072-07-27,99.765602,99.781197,99.765602,99.781197,5156
2072-07-28,99.8125,99.828102,99.531197,99.578102,9771
2072-07-29,99.5625,99.609398,99.375,99.609398,9111
2072-07-30,100.218803,100.25,100.203102,100.25,3825
2072-07-31,100.125,100.1875,100.109398,100.125,7909
2072-08-01,100.4375,100.625,100.109398,100.3125,8192
2072-08-02,100.453102,100.453102,100.343803,100.390602,7635
2072-08-03,100.109398,100.1875,100.0625,100.140602,8328
2072-08-04,100.0625,100.125,100.015602,100.109398,7810
2072-08-05,100.156197,100.156197,100.046898,100.140602,3301
2072-08-06,99.953102,100.0,99.9375,99.968803,6137
2072-08-07,99.6875,99.765602,99.593803,99.718803,10986
2072-08-08,99.75,99.75,99.656197,99.671898,5769
2072-08-09,99.515602,99.625,99.4375,99.609398,8051
2072-08-10,99.9375,100.140602,99.906197,99.9375,12733
2072-08-11,99.6875,99.8125,99.6875,99.765602,5381
2072-08-12,99.890602,99.968803,99.859398,99.890602,5083
2072-08-13,100.1875,100.203102,99.984398,100.015602,11477
2072-08-14,100.125,100.171898,100.093803,100.140602,4660
2072-08-15,100.156197,100.281197,100.156197,100.265602,4128
2072-08-16,100.265602,100.343803,100.25,100.281197,3741
2072-08-17,100.203102,100.265602,100.125,100.1875,5970
2072-08-18,99.9375,100.078102,99.906197,100.0625,8152
2072-08-19,99.8125,99.890602,99.781197,99.875,10656
2072-08-20,100.015602,100.031197,99.968803,100.0,3392
2072-08-21,100.359398,100.421898,100.109398,100.171898,8301
2072-08-22,100.546898,100.609398,100.468803,100.609398,13046
2072-08-23,100.531197,100.531197,100.421898,100.453102,6328
2072-08-24,101.0,101.203102,100.9375,101.0625,7680
2072-08-25,100.781197,100.781197,100.656197,100.718803,5579
2072-08-26,100.859398,100.953102,100.796898,100.8125,5432
2072-08-27,101.5625,101.640602,101.546898,101.5625,6066
2072-08-28,101.828102,101.890602,101.6875,101.718803,7369
2072-08-29,101.6875,101.765602,101.578102,101.734398,11980
2072-08-30,101.296898,101.390602,101.1875,101.3125,9964
2072-08-31,101.25,101.296898,101.203102,101.234398,8442
2072-09-01,100.9375,101.156197,100.9375,101.125,3895
2072-09-02,100.9375,101.031197,100.890602,100.9375,6051
2072-09-03,100.734398,100.843803,100.734398,100.843803,7288
2072-09-04,100.843803,101.031197,100.843803,101.0,12456
2072-09-05,101.0,101.0625,100.968803,101.0625,3808
2072-09-06,100.359398,100.5,100.3125,100.4375,8487
2072-09-07,100.156197,100.25,100.156197,100.156197,7282
2072-09-08,100.375,100.734398,99.843803,100.0625,42871
2072-09-09,100.3125,100.375,100.281197,100.343803,6021
2072-09-10,100.5625,100.656197,100.515602,100.578102,3837
2072-09-11,100.906197,100.906197,100.828102,100.875,8781
2072-09-12,100.875,100.921898,100.8125,100.8125,6428
2072-09-13,100.984398,101.0,100.921898,100.968803,5383
2072-09-14,101.468803,101.546898,101.375,101.406197,8358
2072-09-15,101.296898,101.328102,101.281197,101.328102,3876
2072-09-16,101.468803,101.468803,101.359398,101.421898,5761
2072-09-17,101.5625,101.765602,101.468803,101.75,11399
2072-09-18,101.531197,101.5625,101.4375,101.453102,7682
2072-09-19,101.671898,101.781197,101.625,101.781197,8351
2072-09-20,102.015602,102.140602,102.0,102.093803,9853
2072-09-21,102.406197,102.5625,102.406197,102.5625,2756
2072-09-22,102.734398,102.859398,102.625,102.6875,11428
2072-09-23,102.593803,102.906197,102.593803,102.843803,11731
2072-09-24,102.531197,102.625,102.484398,102.5,9814
2072-09-25,103.171898,103.281197,103.109398,103.218803,11956
2072-09-26,103.781197,103.781197,103.531197,103.578102,10932
2072-09-27,103.781197,103.828102,103.593803,103.828102,6391
2072-09-28,103.468803,103.468803,103.3125,103.343803,6251
2072-09-29,103.296898,103.343803,103.1875,103.1875,7137
2072-09-30,104.6875,104.875,104.625,104.640602,8739
2072-10-01,104.531197,105.093803,104.531197,104.859398,9006
2072-10-02,105.25,105.281197,104.875,104.875,11013
2072-10-03,105.3125,105.3125,105.156197,105.1875,2492
2072-10-04,105.281197,105.328102,105.203102,105.328102,757
2072-10-05,104.796898,104.906197,104.703102,104.734398,3936
2072-10-06,104.718803,104.781197,104.656197,104.781197,602
2072-10-07,106.171898,106.234398,105.984398,106.140602,6234
2072-10-08,104.656197,105.328102,104.625,105.203102,26796
2072-10-09,105.531197,105.6875,105.453102,105.625,12206
2072-10-10,106.078102,106.125,105.75,105.906197,10208
2072-10-11,106.093803,106.109398,105.843803,105.984398,17065
2072-10-12,105.9375,106.031197,105.781197,106.0,13172
2072-10-13,105.375,105.593803,105.375,105.531197,14992
2072-10-14,105.218803,105.234398,105.015602,105.125,12605
2072-10-15,104.468803,104.828102,104.4375,104.718803,17350
2072-10-16,104.468803,104.578102,104.421898,104.531197,8240
2072-10-17,105.093803,105.406197,105.078102,105.171898,18545
2072-10-18,105.359398,105.4375,105.25,105.421898,10168
2072-10-19,105.0625,105.078102,104.9375,104.953102,8062
2072-10-20,104.6875,104.781197,104.5625,104.75,6057
2072-10-21,104.265602,104.4375,104.1875,104.218803,15821
2072-10-22,104.1875,104.296898,104.125,104.140602,13305
2072-10-23,104.625,104.734398,104.5,104.578102,14492
2072-10-24,104.25,104.625,104.25,104.578102,6688
2072-10-25,104.25,104.328102,104.25,104.328102,1331
2072-10-26,104.906197,105.171898,104.890602,105.046898,23097
2072-10-27,105.468803,105.625,105.406197,105.578102,26213
2072-10-28,105.656197,105.8125,105.609398,105.765602,12166
2072-10-29,105.296898,105.421898,105.218803,105.328102,4219
2072-10-30,105.234398,105.375,105.203102,105.281197,8935
2072-10-31,105.046898,105.3125,105.046898,105.281197,13541
2072-11-01,105.046898,105.140602,105.031197,105.078102,7315
2072-11-02,105.140602,105.218803,105.109398,105.1875,9366
2072-11-03,105.578102,105.609398,105.484398,105.5,6801
2072-11-04,105.375,105.546898,105.343803,105.484398,9396
2072-11-05,105.3125,105.359398,105.1875,105.265602,11166
2072-11-06,104.546898,104.703102,104.5,104.656197,7785
2072-11-07,105.0,105.046898,104.765602,104.796898,8990
2072-11-08,104.984398,105.093803,104.921898,105.046898,7441
2072-11-09,104.890602,104.953102,104.6875,104.828102,10807
2072-11-10,104.8125,104.8125,104.640602,104.765602,7859
2072-11-11,105.093803,105.1875,105.0625,105.093803,7185
2072-11-12,105.453102,105.828102,105.421898,105.734398,23661
2072-11-13,106.031197,106.156197,105.968803,106.109398,9242
2072-11-14,105.984375,106.328125,105.84375,105.984375,75417
2072-11-15,106.09375,106.25,105.4375,105.484375,65395
2072-11-16,106.09375,106.25,105.3125,105.359375,38786
2072-11-17,105.375,105.6875,105.234375,105.484375,45696
2072-11-18,105.5625,105.96875,105.484375,105.9375,61156
2072-11-19,105.875,106.140625,105.796875,105.890625,45892
2072-11-20,105.96875,106.109375,105.375,105.65625,51762
2072-11-21,105.671875,106.078125,105.65625,105.953125,47590
2072-11-22,106.015625,106.03125,105.5625,105.6875,54473
2072-11-23,106.46875,106.890625,106.25,106.859375,42145
2072-11-24,105.875,106.234375,105.6875,106.21875,50530
2072-11-25,105.875,105.906197,105.75,105.906197,6605
2072-11-26,106.25,106.34375,105.890625,106.328125,74511
2072-11-27,106.21875,106.234375,105.890625,105.9375,49573
2072-11-28,105.875,106.84375,105.859375,106.609375,60409
2072-11-29,106.625,106.71875,106.390625,106.390625,40135
2072-11-30,106.375,106.40625,105.265625,105.375,85121
2072-12-01,105.46875,105.578125,104.78125,105.03125,75277
2072-12-02,105.125,105.390625,104.609375,104.609375,51479
2072-12-03,104.625,104.8125,103.9375,104.1875,52732
2072-12-04,104.15625,104.671875,104.09375,104.484375,76982
2072-12-05,104.421875,105.140625,103.640625,104.96875,98765
2072-12-06,104.8125,105.0625,103.796875,103.875,82438
2072-12-07,103.875,104.421875,103.75,104.078125,63190
2072-12-08,104.109375,104.828125,104.109375,104.796875,49855
2072-12-09,104.8125,104.875,104.34375,104.59375,61973
2072-12-10,104.625,104.953125,104.09375,104.28125,61070
2072-12-11,104.3125,104.8125,104.0625,104.734375,68886
2072-12-12,104.765625,104.875,103.765625,103.828125,57309
2072-12-13,103.8125,103.90625,103.3125,103.765625,68284
2072-12-14,103.828125,104.25,103.609375,104.09375,48236
2072-12-15,104.078125,104.3125,103.8125,104.109375,63536
2072-12-16,104.109375,104.8125,104.078125,104.65625,73669
2072-12-17,104.75,105.5625,104.671875,104.78125,67814
2072-12-18,104.8125,105.0,104.734375,104.921875,35475
2072-12-19,104.96875,105.234375,104.625,104.625,62552
2072-12-20,104.71875,105.265625,104.71875,105.1875,71031
2072-12-21,105.265625,105.328125,104.28125,104.328125,76952
2072-12-22,104.3125,104.5625,102.90625,103.3125,94693
2072-12-23,103.421875,103.5,102.78125,102.890625,64055
2072-12-24,102.875,103.421875,102.875,103.21875,62967
2072-12-25,103.203125,103.515625,102.6875,103.5,86451
2072-12-26,103.46875,103.6875,103.234375,103.40625,61458
2072-12-27,103.28125,103.578125,103.125,103.5625,42729
2072-12-28,103.53125,103.6875,103.40625,103.453125,53559
2072-12-29,103.46875,103.71875,103.359375,103.625,71369
2072-12-30,103.59375,103.828125,102.78125,102.921875,68767
2072-12-31,103.09375,103.234375,102.796875,102.9375,50016
2073-01-01,103.015625,103.1875,102.71875,102.8125,59742
2073-01-02,102.859375,103.046875,102.84375,102.921875,27073
2073-01-03,103.0,103.84375,102.921875,103.8125,10293
2073-01-04,102.828125,103.40625,102.578125,103.015625,86107
2073-01-05,103.09375,103.359375,103.046875,103.265625,41477
2073-01-06,103.28125,103.84375,103.15625,103.75,93495
2073-01-07,103.6875,103.890625,103.5,103.828125,61966
2073-01-08,103.796875,104.046875,103.375,103.390625,96949
2073-01-09,103.40625,103.484375,103.09375,103.125,49666
2073-01-10,103.234375,103.734375,103.140625,103.65625,57962
2073-01-11,103.640625,104.0,103.53125,103.90625,66313
2073-01-12,104.0625,104.28125,103.796875,104.21875,71323
2073-01-13,104.234375,104.5625,104.234375,104.4375,78119
2073-01-14,104.4375,104.828125,104.328125,104.578125,80221
2073-01-15,104.59375,105.125,104.5625,105.015625,70500
2073-01-16,105.0625,105.125,104.8125,104.90625,53340
2073-01-17,104.90625,105.03125,104.1875,104.28125,73296
2073-01-18,104.3125,104.5,104.03125,104.171875,68913
2073-01-19,104.21875,104.46875,103.390625,103.484375,89559
2073-01-20,103.53125,103.609375,102.8125,102.984375,94072
2073-01-21,103.015625,103.625,102.953125,103.59375,61583
2073-01-22,103.625,103.625,103.140625,103.21875,38632
2073-01-23,103.296875,103.421875,102.78125,103.125,52312
2073-01-24,103.15625,103.5,102.953125,103.484375,61110
2073-01-25,103.5,103.734375,103.28125,103.734375,51064
2073-01-26,103.65625,104.171875,103.515625,104.15625,76146
2073-01-27,104.078125,104.421875,103.953125,104.03125,94090
2073-01-28,103.90625,104.484375,103.78125,104.390625,83634
2073-01-29,104.28125,104.53125,104.015625,104.5,69380
2073-01-30,104.484375,104.90625,104.453125,104.890625,51168
2073-01-31,104.875,104.953125,104.59375,104.65625,70098
2073-02-01,105.3125,105.5,105.109375,105.453125,57987
2073-02-02,105.453125,105.640625,105.390625,105.484375,66068
2073-02-03,105.46875,105.53125,105.0,105.015625,85488
2073-02-04,105.03125,105.40625,104.875,105.40625,77805
2073-02-05,105.328125,105.765625,105.328125,105.671875,74956
2073-02-06,105.640625,105.875,105.484375,105.859375,47542
2073-02-07,105.828125,106.171875,105.6875,106.0,92526
2073-02-08,106.03125,106.109375,105.625,105.828125,79300
2073-02-09,105.8125,105.828125,105.296875,105.3125,70458
2073-02-10,105.390625,105.453125,105.015625,105.296875,85445
2073-02-11,105.328125,105.40625,105.1875,105.375,35556
2073-02-12,105.421875,105.515625,105.28125,105.296875,57933
2073-02-13,105.328125,106.21875,105.3125,106.1875,91679
2073-02-14,106.140625,106.359375,105.703125,105.78125,124382
2073-02-15,105.828125,106.203125,105.765625,106.125,79159
2073-02-16,106.109375,106.421875,106.015625,106.203125,65952
2073-02-17,106.1875,106.21875,105.84375,106.171875,72391
2073-02-18,106.140625,106.3125,105.796875,105.90625,98498
2073-02-19,105.953125,106.46875,105.828125,106.34375,93449
2073-02-20,106.890625,106.9375,106.5,106.53125,59689
2073-02-21,106.515625,106.828125,106.390625,106.796875,72615
2073-02-22,106.796875,106.796875,106.265625,106.578125,102903
2073-02-23,106.609375,106.8125,106.453125,106.734375,63630
2073-02-24,106.703125,106.71875,106.3125,106.515625,85501
2073-02-25,106.5,106.65625,106.359375,106.5625,42793
2073-02-26,106.546875,107.203125,106.515625,107.171875,114552
2073-02-27,107.15625,107.546875,107.03125,107.53125,128935
2073-02-28,107.546875,107.75,107.25,107.265625,51956
2073-03-01,107.421875,107.421875,107.015625,107.265625,8999
2073-03-02,106.6875,106.6875,105.3125,105.5625,152260
2073-03-03,105.640602,105.718803,105.421898,105.5625,110349
2073-03-04,105.578102,106.468803,105.484398,106.3125,146155
2073-03-05,106.265602,107.171898,106.218803,106.968803,120870
2073-03-06,106.984398,107.296898,106.531303,106.640602,97172
2073-03-07,108.4375,108.718803,107.640602,107.8125,98344
2073-03-08,107.828102,108.171898,107.5625,107.968803,108886
2073-03-09,107.984398,108.1875,107.468803,107.546898,100234
2073-03-10,107.5,108.171898,107.5,107.9375,93648
2073-03-11,107.9375,107.968803,107.406303,107.734398,70225
2073-03-12,107.75,108.1875,107.75,107.968803,84990
2073-03-13,108.031303,108.531303,107.875,108.515602,103125
2073-03-14,108.484398,109.078102,108.406303,108.968803,90796
2073-03-15,108.9375,109.328102,108.625,108.718803,108489
2073-03-16,108.75,109.156303,108.5625,109.125,64673
2073-03-17,109.0625,109.421898,109.0625,109.375,85939
2073-03-18,109.390602,109.859398,109.390602,109.578102,99006
2073-03-19,109.593803,109.828102,109.0625,109.5625,128127
2073-03-20,109.546898,109.75,109.375,109.531303,61247
2073-03-21,109.578102,109.6875,108.859398,108.984398,68377
2073-03-22,109.015602,109.109398,108.703102,109.015602,97530
2073-03-23,109.031303,109.093803,108.3125,108.5625,109722
2073-03-24,108.5,108.890602,108.281303,108.515602,85251
2073-03-25,108.578102,109.093803,108.5,109.078102,58612
2073-03-26,109.093803,109.375,109.031303,109.359398,74683
2073-03-27,109.343803,109.5,108.859398,109.359398,108116
2073-03-28,108.890602,108.984398,108.656303,108.796898,99781
2073-03-29,108.828102,109.281303,108.828102,109.203102,99090
2073-03-30,109.218803,109.781303,109.203102,109.515602,112722
2073-03-31,109.546898,109.8125,109.375,109.781303,69117
2073-04-01,109.75,110.171898,109.75,110.046898,67532
2073-04-02,110.109398,110.718803,110.109398,110.703102,108136
2073-04-03,110.6875,111.859398,110.3125,111.75,166216
2073-04-04,111.718803,112.406303,111.4375,111.546898,162926
2073-04-05,111.546898,111.703102,110.734398,110.765602,125934
2073-04-06,110.890602,111.328102,110.781303,111.25,60659
2073-04-07,111.156303,111.6875,111.031303,111.640602,97060
2073-04-08,111.593803,112.140602,111.593803,112.125,109651
2073-04-09,112.125,112.25,111.218803,111.296898,134677
2073-04-10,111.171898,111.671898,111.093803,111.093803,85073
2073-04-11,111.234398,111.421898,110.5625,110.593803,110624
2073-04-12,110.625,110.734398,109.453102,109.5,163169
2073-04-13,107.781303,108.453102,106.781303,107.1875,207078
2073-04-14,107.343803,107.921898,107.015602,107.625,156318
2073-04-15,107.703102,108.125,107.0625,107.156303,134571
2073-04-16,107.140602,107.359398,105.984398,106.5,135352
2073-04-17,106.125,106.843803,106.0,106.093803,124267
2073-04-18,106.156303,106.921898,105.531303,106.875,196016
2073-04-19,106.953102,107.453102,106.546898,106.843803,172204
2073-04-20,106.843803,108.125,106.6875,108.109398,52163
2073-04-21,108.0,108.578102,107.781303,108.156303,15140
2073-04-22,107.0,107.390602,106.703102,107.390602,120912
2073-04-23,107.281197,107.828102,106.984398,107.578102,118375
2073-04-24,107.5625,107.5625,104.921898,105.796898,214653
2073-04-25,105.6875,105.75,104.625,104.984398,161563
2073-04-26,104.984398,105.593803,103.609398,103.875,183163
2073-04-27,103.875,104.640602,103.671898,104.421898,131123
2073-04-28,104.5,105.156197,104.375,104.828102,150576
2073-04-29,104.0,104.453102,103.734398,104.421898,126421
2073-04-30,104.484398,105.125,104.359398,105.031197,130487
2073-05-01,104.9375,105.093803,104.453102,105.078102,79184
2073-05-02,105.0,105.25,104.578102,104.609398,47791
2073-05-03,104.359398,104.453102,103.828102,103.859398,21053
2073-05-04,103.843803,104.828102,103.718803,104.828102,40744
2073-05-05,104.75,104.765602,103.953102,104.5625,40818
2073-05-06,104.609398,105.359398,104.515602,105.1875,21181
2073-05-07,105.296898,105.3125,104.125,104.375,111176
2073-05-08,104.328102,104.75,104.296898,104.6875,87946
2073-05-09,104.6875,104.828102,103.859398,104.6875,134386
2073-05-10,104.734398,105.359398,104.484398,105.328102,133387
2073-05-11,105.390602,105.546898,105.046898,105.1875,129969
2073-05-12,105.140602,105.5,104.828102,105.453102,127111
2073-05-13,105.468803,106.265602,105.234398,105.968803,172324
2073-05-14,105.875,107.0,105.8125,106.703102,180816
2073-05-15,106.6875,107.125,106.625,106.703102,128763
2073-05-16,106.578102,107.171898,106.484398,107.015602,162916
2073-05-17,106.968803,107.375,106.734398,107.031197,160429
2073-05-18,106.9375,106.968803,106.1875,106.406197,138281
2073-05-19,106.4375,106.6875,105.9375,106.656197,95880
2073-05-20,106.468803,106.671898,106.140602,106.5,116125
2073-05-21,106.4375,106.578102,105.734398,105.828102,161483
2073-05-22,105.828102,106.203102,105.531197,105.921898,174373
2073-05-23,105.796898,105.890602,104.968803,105.484398,171135
2073-05-24,105.468803,105.609398,105.046898,105.515602,132263
2073-05-25,105.484398,106.5,105.125,106.5,186299
2073-05-26,106.484398,106.593803,106.0,106.046898,196360
2073-05-27,106.0,106.484398,105.859398,105.875,170395
2073-05-28,105.843803,106.406197,105.515602,106.3125,163920
2073-05-29,106.281197,106.968803,106.25,106.890602,134665
2073-05-30,106.890602,107.1875,106.546898,106.984398,201420
2073-05-31,106.953102,107.203102,106.671898,106.796898,169594
2073-06-01,106.8125,107.031197,106.265602,106.640602,184980
2073-06-02,106.640602,107.218803,106.296898,106.968803,169760
2073-06-03,106.828102,106.968803,106.609398,106.8125,90658
2073-06-04,106.765602,107.031197,106.296898,106.328102,160329
2073-06-05,106.3125,106.4375,105.625,106.203102,197346
2073-06-06,106.1875,106.515602,105.968803,106.5,150274
2073-06-07,106.4375,107.1875,106.406197,107.125,132488
2073-06-08,107.0625,107.343803,106.765602,107.015602,149437
2073-06-09,107.0,107.328102,106.703102,106.984398,151685
2073-06-10,103.0,103.359398,102.703102,103.125,227310
2073-06-11,103.171898,103.375,102.125,102.265602,191866
2073-06-12,102.281197,102.609398,101.921898,102.5625,137484
2073-06-13,102.515602,102.671898,102.046898,102.421898,91996
2073-06-14,102.5,102.5,102.031197,102.3125,182040
2073-06-15,102.343803,103.031197,102.203102,102.859398,105468
2073-06-16,102.859398,103.0625,102.6875,102.859398,123431
2073-06-17,102.906197,103.093803,102.171898,102.5,97095
2073-06-18,102.468803,102.875,102.296898,102.484398,162840
2073-06-19,102.484398,103.203102,102.1875,103.125,187134
2073-06-20,103.093803,103.6875,102.875,103.640602,178958
2073-06-21,103.531197,104.078102,103.5,103.718803,192543
2073-06-22,103.656197,104.375,103.515602,104.265602,136623
2073-06-23,104.25,104.5,103.8125,103.843803,130333
2073-06-24,103.843803,104.328102,103.656197,104.3125,141623
2073-06-25,104.218803,104.375,103.921898,104.0625,165861
2073-06-26,104.0,104.531197,103.890602,104.281197,153214
2073-06-27,104.281197,104.75,104.109398,104.718803,108468
2073-06-28,104.671898,105.046898,104.546898,104.843803,186474
2073-06-29,104.8125,104.8125,104.156197,104.5,167797
2073-06-30,104.468803,104.5625,104.171898,104.281197,203108
2073-07-01,104.281197,105.234398,104.031197,104.515602,118599
2073-07-02,104.468803,104.640602,104.0625,104.5625,86066
2073-07-03,104.468803,104.75,104.328102,104.718803,139116
2073-07-04,104.656197,104.906197,104.515602,104.781197,194871
2073-07-05,104.781197,105.343803,104.609398,105.1875,199869
2073-07-06,105.218803,105.765602,105.1875,105.375,158711
2073-07-07,105.375,105.781197,105.218803,105.781197,130364
2073-07-08,105.718803,105.796898,105.296898,105.328102,145460
2073-07-09,105.3125,105.609398,105.265602,105.578102,198391
2073-07-10,105.5625,106.156197,105.515602,105.828102,179430
2073-07-11,105.8125,105.890602,105.234398,105.5,187909
2073-07-12,105.468803,106.031197,105.390602,105.921898,57380
2073-07-13,105.921898,105.921898,105.640602,105.8125,160019
2073-07-14,105.781197,106.046898,105.593803,105.921898,250719
2073-07-15,105.8125,105.8125,104.75,104.796898,217538
2073-07-16,104.796898,105.25,104.609398,105.25,197928
2073-07-17,105.218803,105.765602,104.843803,105.734398,172474
2073-07-18,105.656197,105.656197,104.984398,105.015602,245155
2073-07-19,105.031197,105.093803,104.25,104.531197,221964
2073-07-20,104.531197,104.859398,104.359398,104.765602,213313
2073-07-21,104.781197,105.359398,104.671898,105.328102,167741
2073-07-22,105.218803,105.218803,104.640602,104.75,120919
2073-07-23,104.828102,105.328102,104.8125,105.218803,186723
2073-07-24,105.218803,105.671898,105.109398,105.609398,204970
2073-07-25,105.656197,106.0625,105.5,105.890602,297343
2073-07-26,105.859398,106.484398,105.5625,105.734398,135144
2073-07-27,105.734398,106.078102,105.671898,105.953102,175486
2073-07-28,105.6875,106.078102,105.515602,106.046898,213891
2073-07-29,106.015602,106.546898,105.984398,106.546898,248192
2073-07-30,106.515602,106.9375,106.4375,106.906197,51421
2073-07-31,106.875,107.0,106.406197,106.718803,10296
2073-08-01,105.171898,105.593803,104.765602,105.593803,229737
2073-08-02,105.578102,105.859398,105.328102,105.406197,198362
2073-08-03,105.343803,105.546898,105.125,105.3125,220234
2073-08-04,105.359398,105.890602,105.078102,105.8125,258411
2073-08-05,105.8125,106.109398,105.156197,105.296898,160319
2073-08-06,105.281197,105.640602,105.1875,105.593803,179412
2073-08-07,105.546898,105.984398,105.281197,105.968803,227690
2073-08-08,106.968803,107.359398,106.765602,107.0,230001
2073-08-09,107.031197,107.875,107.031197,107.828102,292090
2073-08-10,107.843803,107.953102,107.0,107.328102,158951
2073-08-11,107.390602,107.671898,107.109398,107.578102,243348
2073-08-12,107.640602,107.921898,107.0,107.203102,290828
2073-08-13,107.140602,107.406197,106.656197,107.3125,428735
2073-08-14,108.031197,108.953102,107.671898,107.796898,325081
2073-08-15,107.843803,108.031197,107.171898,107.281197,204256
2073-08-16,107.218803,107.625,106.953102,107.3125,172933
2073-08-17,107.328102,107.593803,106.875,107.531197,228797
2073-08-18,107.546898,108.0625,107.375,107.984398,172847
2073-08-19,107.9375,108.046898,107.718803,107.843803,143173
2073-08-20,107.078102,107.546898,107.078102,107.5,255522
2073-08-21,107.484398,108.140602,107.25,108.015602,353409
2073-08-22,107.953102,108.859398,107.765602,108.828102,412002
2073-08-23,108.6875,109.296898,108.578102,108.718803,256918
2073-08-24,108.5625,109.3125,108.453102,109.234398,273920
2073-08-25,109.125,109.468803,108.765602,108.875,337157
2073-08-26,108.796898,109.296898,108.281197,108.5,325265
2073-08-27,108.640602,108.859398,108.093803,108.593803,264487
2073-08-28,108.6875,109.281197,108.453102,109.203102,254866
2073-08-29,109.218803,109.796898,109.1875,109.796898,353917
2073-08-30,109.781197,110.4375,109.609398,110.3125,369155
2073-08-31,110.156197,110.781197,109.671898,110.671898,542111
2073-09-01,110.656197,111.968803,110.015602,110.328102,363573
2073-09-02,110.156197,111.125,110.156197,110.875,263931
2073-09-03,110.906197,111.406197,110.6875,110.968803,293806
2073-09-04,110.828102,110.968803,109.671898,109.8125,316048
2073-09-05,109.9375,110.234398,109.515602,109.703102,337281
2073-09-06,109.640602,110.75,109.593803,110.625,276113
2073-09-07,110.609398,111.140602,110.546898,111.093803,327191
2073-09-08,111.1875,112.25,111.140602,111.984398,269446
2073-09-09,112.0,112.625,111.921898,112.593803,330443
2073-09-10,112.656197,112.75,111.343803,111.640602,355315
2073-09-11,111.546898,112.25,111.390602,111.984398,253785
2073-09-12,111.968803,111.984398,111.390602,111.5625,285345
2073-09-13,111.656197,112.546898,111.343803,112.531197,221022
2073-09-14,112.531197,113.031197,112.359398,112.671898,295530
2073-09-15,112.640602,113.609398,112.593803,113.546898,446278
2073-09-16,113.609398,114.1875,112.8125,112.843803,379097
2073-09-17,113.0,113.265602,112.109398,112.406197,309293
2073-09-18,111.593803,111.906197,111.3125,111.75,285067
2073-09-19,111.8125,112.890602,111.734398,112.781197,295415
2073-09-20,112.765602,112.859398,112.015602,112.5,258992
2073-09-21,112.421898,112.515602,111.796898,111.828102,196621
2073-09-22,111.828102,112.578102,111.781197,112.468803,161845
2073-09-23,112.4375,112.890602,112.156197,112.656197,282274
2073-09-24,112.593803,112.9375,112.0,112.234398,195343
2073-09-25,112.25,112.796898,112.234398,112.593803,86466
2073-09-26,112.609398,113.343803,112.546898,113.140602,24984
2073-09-27,112.093803,113.203102,112.093803,113.1875,277979
2073-09-28,113.3125,113.5,112.906197,113.203102,333798
2073-09-29,113.218803,113.9375,113.109398,113.484398,296318
2073-09-30,113.531197,113.656197,112.718803,112.953102,199883
2073-10-01,112.984398,113.156197,112.546898,112.640602,272791
2073-10-02,112.703102,113.203102,112.25,113.0,189072
2073-10-03,113.375,114.296898,113.218803,114.296898,330104
2073-10-04,114.281197,114.468803,113.968803,114.156197,282771
2073-10-05,114.093803,114.781197,114.046898,114.593803,214049
2073-10-06,114.593803,114.734398,114.125,114.609398,243552
2073-10-07,114.718803,115.453102,114.5625,115.25,343422
2073-10-08,115.140602,115.9375,115.093803,115.515602,365506
2073-10-09,115.5625,115.843803,114.546898,114.75,418571
2073-10-10,114.828102,115.0,114.093803,114.703102,249509
2073-10-11,114.718803,115.515602,114.546898,115.5,290774
2073-10-12,115.593803,116.203102,115.421898,115.984398,384606
2073-10-13,115.859398,116.046898,114.953102,115.078102,328391
2073-10-14,115.078102,115.531197,114.734398,115.484398,302892
2073-10-15,115.406197,115.640602,114.953102,115.359398,465458
2073-10-16,115.343803,115.734398,114.4375,115.515602,269505
2073-10-17,115.546898,115.984398,115.484398,115.875,377745
2073-10-18,115.75,116.234398,115.468803,115.671898,384887
2073-10-19,115.656197,116.265602,115.656197,116.203102,395719
2073-10-20,116.218803,116.4375,115.515602,115.656197,308128
2073-10-21,115.6875,115.875,114.609398,114.640602,520638
2073-10-22,114.734398,114.875,112.859398,113.4375,441327
2073-10-23,113.5,113.640602,112.875,113.046898,537940
2073-10-24,112.843803,112.843803,112.015602,112.078102,496757
2073-10-25,112.25,112.984398,111.843803,112.828102,337074
2073-10-26,112.828102,112.968803,111.890602,111.890602,402753
2073-10-27,112.0,112.375,111.843803,112.0,430013
2073-10-28,112.093803,112.75,112.0,112.156197,418893
2073-10-29,112.218803,112.953102,111.796898,112.906197,333885
2073-10-30,112.906197,113.218803,112.656197,113.156197,249572
2073-10-31,113.453102,113.578102,113.234398,113.3125,486365
2073-11-01,113.343803,114.703102,113.343803,114.390602,362027
2073-11-02,114.25,114.609398,113.968803,114.265602,380658
2073-11-03,114.343803,114.921898,114.0,114.859398,400503
2073-11-04,114.796898,114.859398,113.828102,114.0625,247107
2073-11-05,114.0,114.031197,113.5,113.8125,269925
2073-11-06,113.765602,113.843803,113.390602,113.671898,426289
2073-11-07,113.671898,114.484398,113.140602,113.875,415927
2073-11-08,114.156197,114.921898,113.968803,114.781197,416355
2073-11-09,114.765602,115.171898,114.703102,114.9375,283968
2073-11-10,115.281197,115.468803,115.015602,115.109398,319603
2073-11-11,115.171898,115.421898,114.843803,115.265602,430756
2073-11-12,115.328102,115.375,113.640602,113.734398,357417
2073-11-13,113.671898,113.921898,113.203102,113.875,178545
2073-11-14,113.796898,114.093803,113.484398,114.078102,281680
2073-11-15,114.031197,114.421898,113.921898,114.140602,376931
2073-11-16,114.156197,114.468803,113.234398,113.4375,482736
2073-11-17,113.453102,113.546898,112.5,112.765602,301428
2073-11-18,112.875,113.093803,112.531197,112.671898,249698
2073-11-19,112.671898,113.0,112.4375,112.6875,297529
2073-11-20,112.703102,113.578102,112.671898,113.531197,105914
2073-11-21,113.515602,113.546898,112.0625,112.093803,23875
2073-11-22,110.9375,111.218803,110.078102,110.9375,299801
2073-11-23,110.75,111.343803,110.75,111.093803,305788
2073-11-24,111.125,111.609398,111.093803,111.546898,116792
2073-11-25,111.531197,111.9375,110.843803,110.953102,505166
2073-11-26,111.625,113.0,111.609398,112.281197,249316
2073-11-27,112.218803,112.765602,112.203102,112.593803,230842
2073-11-28,112.593803,112.781197,112.296898,112.640602,245403
2073-11-29,112.453102,113.125,112.453102,112.984398,215847
2073-11-30,113.140602,113.859398,112.875,113.75,135454
2073-12-01,113.765602,113.796898,113.421898,113.781197,81012
2073-12-02,113.765602,113.921898,113.359398,113.718803,49654
2073-12-03,114.109398,114.4375,114.0,114.234398,83640
2073-12-04,114.343803,115.0625,114.3125,115.031197,118129
2073-12-05,114.984398,115.343803,114.703102,115.265602,87368
2073-12-06,115.218803,115.531197,114.921898,115.046898,300329
2073-12-07,115.125,115.203102,113.218803,113.406197,234596
2073-12-08,113.343803,113.546898,113.0,113.4375,301817
2073-12-09,113.328102,113.531197,112.906197,113.234398,343849
2073-12-10,113.375,113.75,113.093803,113.531197,302219
2073-12-11,113.625,114.0,113.515602,113.828102,495907
2073-12-12,113.531197,113.609398,112.3125,112.593803,439525
2073-12-13,112.593803,113.281197,112.265602,112.5625,315795
2073-12-14,112.484398,112.9375,112.171898,112.843803,361513
2073-12-15,112.953102,113.296898,112.6875,113.218803,400999
2073-12-16,113.296898,113.703102,113.078102,113.328102,455820
2073-12-17,113.421898,113.4375,112.5,113.265602,278136
2073-12-18,114.125,114.640602,114.031197,114.578102,317166
2073-12-19,114.484398,114.5,114.156197,114.406197,307469
2073-12-20,114.359398,114.968803,114.328102,114.484398,350394
2073-12-21,114.531197,114.921898,114.109398,114.234398,420136
2073-12-22,114.25,114.421898,113.75,114.1875,355315
2073-12-23,114.25,114.468803,113.531197,113.765602,378683
2073-12-24,113.828102,114.234398,113.359398,114.234398,313444
2073-12-25,114.171898,114.343803,113.921898,114.203102,299624
2073-12-26,114.0625,114.078102,113.640602,113.890602,301743
2073-12-27,113.953102,114.5,113.921898,114.484398,508097
2073-12-28,114.375,114.5625,113.593803,113.9375,324633
2073-12-29,113.984398,114.468803,113.875,114.328102,432907
2073-12-30,114.3125,114.609398,113.640602,114.5,309048
2073-12-31,114.375,114.546898,114.0,114.1875,380858
2074-01-01,114.125,114.421898,113.906197,114.375,393907
2074-01-02,114.343803,114.875,114.25,114.843803,465690
2074-01-03,114.843803,115.640602,114.8125,115.296898,335387
2074-01-04,115.375,115.406197,114.6875,114.843803,272864
2074-01-05,114.75,114.953102,114.421898,114.875,299912
2074-01-06,114.953102,115.421898,114.921898,115.390602,325926
2074-01-07,115.375,115.765602,115.078102,115.546898,342268
2074-01-08,115.593803,115.828102,115.234398,115.359398,264377
2074-01-09,115.4375,115.781197,115.406197,115.718803,404105
2074-01-10,115.8125,116.406197,115.781197,115.828102,350875
2074-01-11,115.828102,116.25,115.8125,116.25,122826
2074-01-12,116.3125,116.5,115.9375,116.406197,27863
2074-01-13,116.140602,116.8125,116.0625,116.75,18699
2074-01-14,113.609375,113.609375,112.46875,112.65625,493163
2074-01-15,113.015625,113.6875,113.015625,113.5,359192
2074-01-16,113.5625,113.953125,113.109375,113.546875,418012
2074-01-17,113.640625,113.921875,113.359375,113.734375,314575
2074-01-18,113.828125,114.21875,113.734375,113.921875,358760
2074-01-19,113.921875,114.453125,113.921875,114.34375,264618
2074-01-20,114.640625,115.15625,114.640625,114.875,297667
2074-01-21,115.25,115.3125,114.46875,114.859375,497813
2074-01-22,114.8125,114.84375,113.90625,114.09375,422713
2074-01-23,114.28125,114.484375,113.546875,114.28125,452371
2074-01-24,114.390625,114.4375,113.71875,114.125,368572
2074-01-25,113.6875,114.0,113.125,113.6875,397672
2074-01-26,114.109375,114.328125,113.546875,114.25,394943
2074-01-27,114.34375,114.71875,114.0,114.546875,430922
2074-01-28,114.640625,114.765625,114.234375,114.359375,328785
2074-01-29,114.34375,114.421875,113.640625,114.125,418795
2074-01-30,114.03125,114.21875,113.640625,113.78125,265296
2074-01-31,113.703125,114.25,113.546875,114.125,376654
2074-02-01,113.8125,114.390625,113.703125,114.328125,321321
2074-02-02,114.3125,114.65625,114.171875,114.21875,237589
2074-02-03,114.171875,114.1875,113.640625,114.015625,236926
2074-02-04,114.03125,114.453125,113.921875,114.0625,371688
2074-02-05,114.15625,114.1875,113.875,113.96875,330359
2074-02-06,114.125,114.78125,114.109375,114.609375,450840
2074-02-07,114.59375,115.0,114.46875,114.84375,333640
2074-02-08,114.90625,115.078125,114.609375,114.75,321369
2074-02-09,114.703125,114.75,114.203125,114.53125,341292
2074-02-10,114.609375,115.25,114.328125,115.125,474223
2074-02-11,115.21875,115.65625,115.125,115.21875,407110
2074-02-12,115.25,115.359375,114.625,114.765625,491952
2074-02-13,114.65625,115.078125,114.46875,115.03125,279690
2074-02-14,115.0625,115.859375,114.78125,115.71875,411348
2074-02-15,115.828125,116.640625,115.765625,116.453125,571927
2074-02-16,116.578125,117.0625,116.4375,116.6875,639203
2074-02-17,116.6875,116.828125,116.34375,116.71875,373110
2074-02-18,116.8125,117.34375,116.78125,116.984375,374779
2074-02-19,116.875,117.203125,116.734375,117.0625,414841
2074-02-20,117.234375,117.796875,116.84375,117.703125,577480
2074-02-21,117.625,117.8125,117.21875,117.421875,553178
2074-02-22,117.421875,118.375,117.3125,118.03125,481579
2074-02-23,118.375,118.59375,117.9375,118.1875,457179
2074-02-24,117.984375,118.890625,117.796875,118.734375,514391
2074-02-25,118.8125,119.0,118.265625,118.4375,631433
2074-02-26,118.4375,118.953125,118.34375,118.796875,393835
2074-02-27,118.9375,119.15625,118.75,118.8125,256419
2074-02-28,119.0,119.109375,118.296875,118.546875,461582
2074-03-01,118.453125,118.609375,117.8125,118.46875,499245
2074-03-02,118.59375,119.390625,118.3125,119.078125,116562
2074-03-03,119.03125,119.3125,118.453125,119.0625,26509
2074-03-04,118.156197,118.156197,117.593803,117.875,547979
2074-03-05,117.921898,119.0,117.921898,118.656197,422064
2074-03-06,118.75,119.109398,118.484398,118.984398,518233
2074-03-07,118.843803,119.281197,118.421898,118.593803,522835
2074-03-08,118.718803,119.015602,118.015602,118.390602,327966
2074-03-09,118.531197,119.078102,118.4375,118.984398,462546
2074-03-10,119.015602,119.796898,118.828102,119.703102,518908
2074-03-11,119.6875,119.843803,118.8125,118.921898,532294
2074-03-12,119.031197,119.093803,118.156197,118.25,604074
2074-03-13,118.3125,118.703102,117.656197,118.484398,344936
2074-03-14,118.531197,118.765602,117.9375,118.171898,242370
2074-03-15,118.406197,118.953102,118.171898,118.875,355118
2074-03-16,118.9375,119.406197,118.609398,119.265602,535149
2074-03-17,119.265602,119.6875,118.093803,118.4375,612771
2074-03-18,118.3125,118.359398,117.0625,117.1875,470814
2074-03-19,117.218803,117.75,116.75,117.0625,399825
2074-03-20,117.125,117.656197,117.031197,117.4375,440148
2074-03-21,117.593803,117.953102,117.203102,117.296898,504126
2074-03-22,117.218803,117.593803,116.656197,117.421898,582618
2074-03-23,117.343803,117.593803,116.546898,116.703102,413611
2074-03-24,116.843803,116.859398,116.093803,116.328102,504504
2074-03-25,116.125,116.609398,115.906197,116.125,451462
2074-03-26,116.234398,116.609398,116.171898,116.343803,414504
2074-03-27,116.5625,116.875,116.375,116.609398,344541
2074-03-28,116.796898,117.125,116.453102,117.046898,355373
2074-03-29,117.0625,117.171898,116.343803,116.4375,943169
2074-03-30,116.4375,116.5625,114.546898,115.015602,874528
2074-03-31,114.484398,114.968803,113.968803,114.734398,617307
2074-04-01,114.921898,115.093803,114.0625,114.671898,301009
2074-04-02,114.843803,114.875,114.281197,114.531197,556993
2074-04-03,114.421898,114.421898,112.781197,113.109398,778021
2074-04-04,112.9375,113.5625,112.8125,113.375,590560
2074-04-05,113.546898,114.156197,113.421898,113.671898,516246
2074-04-06,113.703102,113.953102,112.921898,113.281197,535600
2074-04-07,113.343803,113.9375,113.015602,113.1875,545294
2074-04-08,113.203102,113.203102,112.125,112.328102,927023
2074-04-09,112.093803,113.015602,111.046898,111.531197,744950
2074-04-10,111.281197,112.515602,111.265602,111.9375,969825
2074-04-11,112.1875,112.609398,110.0625,110.625,745132
2074-04-12,111.0,111.234398,109.609398,110.546898,665
2074-04-13,110.8125,111.906197,110.6875,111.656197,685299
2074-04-14,111.968803,112.078102,110.625,110.843803,579116
2074-04-15,111.281197,112.390602,110.8125,112.203102,589021
2074-04-16,112.343803,112.718803,111.875,112.468803,483860
2074-04-17,112.6875,113.484398,112.484398,112.5625,379615
2074-04-18,112.75,112.781197,111.765602,112.078102,421134
2074-04-19,112.171898,112.531197,111.656197,112.25,694942
2074-04-20,111.781197,111.8125,110.343803,110.515602,642704
2074-04-21,110.515602,111.75,109.656197,110.3125,235821
2074-04-22,110.8125,111.125,110.390602,110.718803,319554
2074-04-23,110.6875,111.203102,110.375,111.093803,501118
2074-04-24,111.156197,112.140602,110.656197,112.0,528376
2074-04-25,112.031197,112.390602,111.078102,111.375,600494
2074-04-26,111.343803,111.5,110.343803,110.6875,353219
2074-04-27,110.703102,111.375,110.609398,111.203102,325694
2074-04-28,111.109398,111.609398,110.406197,110.718803,517515
2074-04-29,110.656197,111.25,110.093803,111.140602,353939
2074-04-30,111.046898,111.359398,110.609398,110.734398,441656
2074-05-01,110.703102,111.828102,110.609398,111.718803,80341
2074-05-02,111.718803,111.875,111.156197,111.531197,32308
2074-05-03,109.25,109.421875,108.078125,108.390625,528033
2074-05-04,108.390625,108.8125,108.34375,108.640625,398125
2074-05-05,108.78125,109.6875,108.71875,109.4375,574555
2074-05-06,109.46875,111.109375,109.390625,110.953125,508375
2074-05-07,110.96875,111.671875,110.375,110.796875,533139
2074-05-08,110.515625,111.140625,110.328125,110.96875,535384
2074-05-09,112.046875,112.234375,111.578125,111.84375,540483
2074-05-10,111.96875,112.75,111.84375,112.4375,559053
2074-05-11,112.546875,112.90625,111.84375,112.359375,636404
2074-05-12,112.625,112.828125,112.203125,112.546875,385998
2074-05-13,112.34375,112.34375,111.421875,112.109375,596463
2074-05-14,112.25,112.390625,111.640625,112.28125,397131
2074-05-15,112.203125,113.171875,112.015625,112.921875,500345
2074-05-16,112.90625,113.34375,112.65625,113.109375,532068
2074-05-17,113.125,114.09375,113.015625,113.828125,506548
2074-05-18,113.921875,113.984375,113.421875,113.5,444413
2074-05-19,113.515625,114.671875,113.375,114.625,620420
2074-05-20,114.578125,114.75,114.203125,114.625,484635
2074-05-21,114.5,114.5,113.53125,114.015625,673951
2074-05-22,114.0,114.03125,112.25,112.484375,733961
2074-05-23,112.46875,112.984375,112.234375,112.96875,352269
2074-05-24,112.71875,112.96875,112.0625,112.25,540464
2074-05-25,112.109375,112.625,111.890625,112.40625,545602
2074-05-26,112.421875,112.484375,111.59375,111.953125,547826
2074-05-27,112.078125,112.5625,111.84375,112.40625,323067
2074-05-28,112.40625,112.40625,112.40625,112.40625,323067
2074-05-29,111.96875,112.09375,111.5625,111.640625,415468
2074-05-30,111.6875,111.796875,110.921875,111.21875,580791
2074-05-31,111.234375,111.6875,110.484375,110.578125,713043
2074-06-01,110.609375,111.328125,110.5,111.265625,474576
2074-06-02,110.96875,111.71875,110.71875,111.453125,441857
2074-06-03,111.328125,111.96875,111.265625,111.484375,511203
2074-06-04,111.609375,112.453125,111.59375,112.28125,530722
2074-06-05,112.453125,112.921875,111.8125,112.0625,567872
2074-06-06,112.140625,113.015625,112.046875,112.96875,473987
2074-06-07,112.734375,112.8125,112.375,112.53125,401448
2074-06-08,112.4375,113.3125,112.09375,113.265625,646642
2074-06-09,113.265625,113.265625,112.328125,112.578125,601266
2074-06-10,112.390625,112.71875,111.546875,111.953125,671059
2074-06-11,112.0,112.421875,111.90625,112.296875,474805
2074-06-12,112.28125,112.359375,111.453125,111.78125,503470
2074-06-13,111.90625,112.359375,111.734375,112.234375,436464
2074-06-14,112.234375,112.390625,111.734375,111.8125,530181
2074-06-15,111.796875,111.953125,111.234375,111.40625,562797
2074-06-16,111.4375,112.28125,110.71875,111.140625,595104
2074-06-17,111.125,111.46875,110.921875,111.09375,274407
2074-06-18,111.09375,111.09375,111.09375,111.09375,274889
2074-06-19,111.3125,111.703125,111.109375,111.515625,369979
2074-06-20,111.5625,112.703125,111.5,112.640625,644532
2074-06-21,112.640625,113.375,112.453125,113.25,618814
2074-06-22,113.375,113.859375,113.21875,113.640625,538093
2074-06-23,113.4375,114.015625,113.1875,113.765625,534083
2074-06-24,113.875,114.15625,113.0625,113.234375,676265
2074-06-25,113.296875,114.140625,113.171875,113.796875,645694
2074-06-26,113.828125,114.078125,113.671875,113.84375,362410
2074-06-27,113.6875,113.796875,113.09375,113.21875,434897
2074-06-28,113.15625,113.703125,112.875,113.5,481022
2074-06-29,113.484375,113.703125,113.015625,113.0625,147500
2074-06-30,113.9375,114.328125,113.625,113.796875,482981
2074-07-01,113.859375,113.90625,113.15625,113.375,622036
2074-07-02,113.296875,113.390625,112.921875,113.3125,661377
2074-07-03,113.375,113.71875,113.0625,113.609375,520780
2074-07-04,113.609375,115.625,113.5,115.21875,1019362
2074-07-05,115.125,115.75,115.078125,115.65625,516672
2074-07-06,115.671875,116.203125,115.484375,116.03125,740392
2074-07-07,115.71875,116.359375,115.359375,116.3125,650258
2074-07-08,116.328125,116.578125,116.046875,116.296875,623677
2074-07-09,116.140625,116.28125,115.625,115.796875,778753
2074-07-10,115.78125,115.875,115.53125,115.5625,438187
2074-07-11,115.703125,116.171875,115.671875,116.078125,324551
2074-07-12,116.125,116.265625,115.90625,116.109375,420270
2074-07-13,116.265625,116.4375,116.078125,116.171875,494869
2074-07-14,116.171875,116.25,115.828125,116.03125,395637
2074-07-15,115.984375,116.078125,115.1875,115.21875,631817
2074-07-16,115.125,115.21875,114.703125,114.90625,577470
2074-07-17,114.9375,115.1875,114.828125,114.84375,486041
2074-07-18,114.875,115.4375,114.84375,115.40625,634758
2074-07-19,115.40625,115.5,114.765625,114.875,805738
2074-07-20,114.9375,115.03125,112.171875,112.9375,1044950
2074-07-21,112.8125,112.953125,112.265625,112.40625,759865
2074-07-22,112.5,112.96875,112.5,112.796875,507756
2074-07-23,112.9375,113.140625,112.765625,112.84375,502211
2074-07-24,112.859375,112.984375,112.546875,112.609375,383649
2074-07-25,112.546875,112.578125,112.234375,112.40625,271245
2074-07-26,112.359375,112.421875,111.5,111.5625,798324
2074-07-27,111.46875,111.703125,110.53125,111.25,1146900
2074-07-28,111.328125,111.640625,110.921875,111.171875,795460
2074-07-29,111.203125,111.875,111.15625,111.625,582712
2074-07-30,111.625,111.90625,111.296875,111.421875,379227
2074-07-31,111.34375,111.484375,110.5625,111.09375,749094
2074-08-01,110.71875,111.15625,110.421875,110.96875,941164
2074-08-02,110.953125,111.4375,110.703125,111.390625,615907
2074-08-03,111.296875,111.5,110.59375,110.671875,714234
2074-08-04,110.578125,110.859375,110.453125,110.796875,448401
2074-08-05,110.703125,111.25,110.625,111.09375,616374
2074-08-06,111.21875,111.234375,110.359375,110.59375,556291
2074-08-07,110.359375,111.0,109.96875,110.171875,1023782
2074-08-08,110.15625,110.625,109.953125,110.5,675597
2074-08-09,110.5,110.71875,110.265625,110.5,452879
2074-08-10,110.5,111.09375,109.96875,110.296875,715034
2074-08-11,110.0625,110.703125,109.875,110.0625,771137
2074-08-12,110.0,110.140625,109.71875,109.828125,659965
2074-08-13,109.84375,110.5,108.234375,108.484375,1160140
2074-08-14,108.5,108.75,108.359375,108.5625,579009
2074-08-15,108.5,108.8125,108.421875,108.6875,515108
2074-08-16,108.8125,108.90625,108.4375,108.5625,653002
2074-08-17,108.421875,108.5,108.03125,108.203125,708974
2074-08-18,108.15625,108.921875,107.796875,108.78125,914277
2074-08-19,108.90625,109.578125,108.859375,109.515625,668495
2074-08-20,109.515625,109.53125,109.0625,109.203125,537211
2074-08-21,109.171875,109.203125,108.640625,108.734375,575197
2074-08-22,108.9375,109.40625,108.828125,109.265625,570429
2074-08-23,109.359375,109.609375,108.90625,108.953125,614122
2074-08-24,108.921875,109.203125,108.78125,109.125,463030
2074-08-25,109.203125,109.453125,109.109375,109.265625,580825
2074-08-26,109.25,109.890625,109.234375,109.78125,698679
2074-08-27,109.859375,110.40625,109.65625,110.390625,476651
2074-08-28,110.296875,110.421875,109.765625,109.875,193230
2074-08-29,108.234398,108.343803,107.734398,108.125,777748
2074-08-30,108.125,108.1875,107.75,107.875,581130
2074-08-31,107.796898,108.140602,107.609398,108.046898,584271
2074-09-01,108.031197,108.359398,107.531197,107.546898,861287
2074-09-02,107.468803,107.796898,107.343803,107.734398,465251
2074-09-03,107.734398,107.859398,107.328102,107.734398,653159
2074-09-04,107.031197,108.625,107.031197,108.515602,1020793
2074-09-05,108.578102,108.578102,107.968803,108.1875,581007
2074-09-06,108.156197,108.593803,107.859398,108.484398,694054
2074-09-07,108.515602,108.796898,108.328102,108.359398,385077
2074-09-08,108.3125,108.640602,108.203102,108.546898,330997
2074-09-09,108.5625,108.640602,108.328102,108.453102,299068
2074-09-10,108.328102,108.640602,108.218803,108.546898,405950
2074-09-11,108.546898,109.234398,108.5,108.968803,678456
2074-09-12,108.968803,109.156197,108.781197,108.984398,370871
2074-09-13,108.984398,109.125,108.156197,108.265602,648523
2074-09-14,108.3125,108.718803,108.093803,108.609398,545450
2074-09-15,108.671898,109.609398,108.5625,109.328102,851494
2074-09-16,109.5625,109.718803,109.171898,109.671898,789080
2074-09-17,109.593803,111.093803,109.468803,110.5,792528
2074-09-18,110.453102,110.718803,110.328102,110.390602,476476
2074-09-19,110.406197,110.5625,110.218803,110.421898,393845
2074-09-20,110.406197,110.6875,110.171898,110.484398,530007
2074-09-21,110.484398,110.656197,110.375,110.578102,297168
2074-09-22,110.593803,110.828102,110.578102,110.703102,247022
2074-09-23,110.671898,110.703102,110.218803,110.4375,462844
2074-09-24,110.515602,110.796898,110.265602,110.406197,513087
2074-09-25,110.421898,110.609398,110.25,110.390602,470088
2074-09-26,110.421898,111.421898,110.281197,111.343803,762052
2074-09-27,111.359398,111.406197,111.1875,111.328102,306949
2074-09-28,111.359398,111.390602,110.5,110.578102,664231
2074-09-29,110.531197,110.578102,110.046898,110.343803,679448
2074-09-30,110.484398,110.656197,110.265602,110.5,542047
2074-10-01,110.593803,110.765602,110.4375,110.734398,267217
2074-10-02,110.6875,110.734398,110.343803,110.484398,343615
2074-10-03,110.359398,110.406197,109.546898,109.656197,759886
2074-10-04,109.531197,109.859398,109.359398,109.828102,819335
2074-10-05,109.828102,110.015602,109.5,109.968803,551702
2074-10-06,109.9375,110.75,109.828102,110.718803,859350
2074-10-07,111.0,111.25,110.765602,110.875,507069
2074-10-08,110.843803,111.171898,110.656197,111.078102,510194
2074-10-09,111.015602,111.296898,110.8125,111.015602,622164
2074-10-10,111.031197,111.359398,111.0,111.234398,497000
2074-10-11,111.265602,113.328102,111.265602,112.718803,1099297
2074-10-12,112.6875,112.828102,112.343803,112.484398,382930
2074-10-13,112.375,112.640602,111.953102,112.125,591754
2074-10-14,112.0625,112.343803,111.953102,112.25,520518
2074-10-15,112.281197,112.546898,112.015602,112.4375,688644
2074-10-16,112.406197,112.953102,112.390602,112.781197,563018
2074-10-17,112.671898,112.781197,112.234398,112.531197,552904
2074-10-18,112.468803,113.031197,112.375,112.9375,600686
2074-10-19,113.031197,113.265602,112.640602,112.75,762368
2074-10-20,112.671898,112.921898,112.5625,112.890602,551985
2074-10-21,112.859398,113.0,112.6875,112.718803,389522
2074-10-22,112.718803,112.765602,112.25,112.390602,577741
2074-10-23,112.343803,112.515602,112.093803,112.421898,530473
2074-10-24,112.468803,112.796898,112.234398,112.531197,698902
2074-10-25,112.515602,112.906197,112.453102,112.796898,578880
2074-10-26,112.890602,113.078102,112.781197,112.796898,684122
2074-10-27,112.796898,113.140602,112.734398,113.093803,284920
2074-10-28,113.125,113.765602,113.046898,113.468803,307832
2074-10-29,112.4375,112.703125,112.125,112.4375,984625
2074-10-30,112.453125,112.5625,111.828125,112.0,668554
2074-10-31,111.859375,113.109375,111.078125,111.28125,866824
2074-11-01,111.28125,111.625,111.1875,111.578125,464255
2074-11-02,111.578125,112.328125,111.21875,112.28125,954532
2074-11-03,112.265625,112.578125,112.046875,112.109375,876156
2074-11-04,112.140625,112.6875,112.140625,112.28125,706916
2074-11-05,112.265625,112.578125,112.15625,112.484375,405500
2074-11-06,112.546875,112.78125,112.296875,112.640625,575769
2074-11-07,112.640625,112.671875,112.25,112.34375,622428
2074-11-08,112.34375,113.171875,112.21875,113.0625,947722
2074-11-09,113.0625,113.265625,112.65625,112.6875,628850
2074-11-10,112.78125,113.25,112.75,113.21875,431627
2074-11-11,113.203125,113.390625,112.703125,113.296875,704994
2074-11-12,113.296875,113.734375,113.09375,113.59375,909466
2074-11-13,113.59375,113.796875,113.171875,113.234375,883360
2074-11-14,113.296875,113.421875,112.984375,113.203125,753955
2074-11-15,113.15625,113.59375,113.03125,113.4375,753955
2074-11-16,113.46875,113.734375,113.21875,113.375,754961
2074-11-17,113.40625,113.46875,112.6875,112.78125,919670
2074-11-18,112.78125,113.0625,112.15625,112.625,1046163
2074-11-19,112.59375,112.59375,112.046875,112.15625,828523
2074-11-20,112.171875,112.328125,111.796875,112.265625,634006
2074-11-21,112.28125,112.40625,112.15625,112.328125,605613
2074-11-22,112.3125,112.328125,111.859375,111.9375,590064
2074-11-23,111.890625,112.03125,111.65625,111.78125,699904
2074-11-24,111.796875,112.734375,111.796875,112.578125,903098
2074-11-25,112.578125,112.984375,112.546875,112.828125,525770
2074-11-26,112.8125,113.234375,112.53125,113.09375,720451
2074-11-27,113.234375,113.59375,113.09375,113.53125,649884
2074-11-28,113.53125,113.75,112.78125,113.21875,1102720
2074-11-29,113.140625,113.3125,112.96875,113.234375,442479
2074-11-30,113.25,113.359375,112.78125,113.28125,799904
2074-12-01,113.328125,113.734375,113.3125,113.625,675659
2074-12-02,113.65625,113.921875,113.46875,113.578125,954409
2074-12-03,113.515625,113.828125,113.34375,113.734375,559170
2074-12-04,113.90625,114.15625,113.84375,113.890625,563898
2074-12-05,113.84375,114.046875,113.6875,113.796875,613978
2074-12-06,113.703125,114.0,113.03125,113.09375,1167620
2074-12-07,113.078125,113.453125,112.65625,113.1875,1147240
2074-12-08,113.375,113.59375,113.09375,113.5625,776378
2074-12-09,113.5625,113.5625,113.078125,113.125,570650
2074-12-10,113.171875,113.421875,113.0,113.234375,446702
2074-12-11,113.40625,113.453125,112.34375,113.296875,1159440
2074-12-12,113.234375,113.515625,113.140625,113.265625,692931
2074-12-13,113.1875,113.296875,111.5,112.421875,1336910
2074-12-14,112.390625,112.421875,112.140625,112.265625,596884
2074-12-15,112.234375,112.46875,112.21875,112.28125,515512
2074-12-16,112.1875,112.359375,111.890625,112.015625,846911
2074-12-17,112.015625,112.015625,112.015625,112.015625,846911
2074-12-18,112.1875,112.609375,112.09375,112.390625,742251
2074-12-19,112.53125,112.578125,112.296875,112.453125,433158
2074-12-20,112.46875,112.578125,112.15625,112.3125,678853
2074-12-21,112.328125,112.90625,111.90625,112.796875,1149210
2074-12-22,112.875,112.96875,112.625,112.890625,777540
2074-12-23,112.90625,113.078125,112.078125,112.296875,1218340
2074-12-24,112.265625,112.453125,112.171875,112.421875,569189
2074-12-25,112.375,112.640625,112.109375,112.328125,861899
2074-12-26,112.296875,112.453125,112.15625,112.25,524678
2074-12-27,112.046875,112.140625,111.359375,111.453125,1301720
2074-12-28,111.578125,111.625,111.234375,111.453125,506617
2074-12-29,110.828102,111.0625,110.531303,110.640602,916013
2074-12-30,110.6875,110.781303,110.265602,110.515602,951525
2074-12-31,110.421898,111.843803,110.390602,111.5,1463932
2075-01-01,111.578102,111.8125,111.468803,111.671898,535767
2075-01-02,111.765602,111.765602,111.468803,111.671898,610796
2075-01-03,111.703102,112.531303,111.531303,112.406303,1081565
2075-01-04,112.4375,112.671898,112.109398,112.25,834770
2075-01-05,112.171898,112.5625,112.109398,112.375,586667
2075-01-06,112.328102,112.640602,112.203102,112.421898,513600
2075-01-07,112.4375,112.656303,112.171898,112.578102,469496
2075-01-08,112.609398,112.953102,112.5,112.875,486817
2075-01-09,112.906303,112.968803,112.093803,112.1875,710258
2075-01-10,112.171898,112.296898,111.671898,112.031303,723544
2075-01-11,112.015602,112.203102,111.953102,112.015602,212170
2075-01-12,112.109398,112.25,111.9375,112.203102,242241
2075-01-13,112.1875,112.25,111.9375,112.031303,301189
2075-01-14,112.0625,112.109398,111.906303,111.984398,204443
2075-01-15,112.031303,112.031303,111.343803,111.515602,273105
2075-01-16,111.5,111.578102,111.156303,111.5,240816
2075-01-17,111.468803,111.5625,111.203102,111.265602,177490
2075-01-18,111.234398,111.734398,111.1875,111.671898,223407
2075-01-19,111.9375,112.0,111.5625,111.875,471324
2075-01-20,111.843803,112.015602,111.171898,111.406303,720329
2075-01-21,111.3125,111.593803,111.218803,111.406303,576244
2075-01-22,111.359398,111.578102,111.281303,111.484398,488010
2075-01-23,111.546898,112.5625,110.734398,111.375,872493
2075-01-24,111.4375,111.5,111.265602,111.390602,387188
2075-01-25,111.406303,111.625,111.218803,111.578102,508836
2075-01-26,111.578102,111.75,111.453102,111.640602,506096
2075-01-27,111.640602,112.156303,111.5625,112.0,759919
2075-01-28,112.125,112.25,111.6875,111.828102,680419
2075-01-29,111.828102,111.953102,111.609398,111.906303,528758
2075-01-30,111.921898,112.125,111.718803,111.921898,865199
2075-01-31,112.015602,112.171898,111.75,112.078102,673737
2075-02-01,112.046898,112.343803,111.968803,112.296898,500737
2075-02-02,112.265602,112.406303,112.156303,112.359398,457289
2075-02-03,112.328102,112.359398,111.796898,111.953102,862965
2075-02-04,111.9375,112.078102,111.75,111.875,601222
2075-02-05,111.828102,111.843803,111.5,111.765602,601868
2075-02-06,111.640602,112.328102,111.625,112.25,818599
2075-02-07,112.171898,112.328102,112.031303,112.265602,545912
2075-02-08,112.265602,112.421898,112.156303,112.281303,657288
2075-02-09,112.218803,112.375,112.093803,112.25,517421
2075-02-10,112.203102,112.203102,111.859398,112.031303,596224
2075-02-11,111.984398,112.859398,111.984398,112.656303,1050178
2075-02-12,112.578102,112.859398,112.515602,112.765602,418834
2075-02-13,112.734398,112.984398,112.593803,112.828102,728449
2075-02-14,112.890602,113.390602,112.6875,113.375,964452
2075-02-15,113.3125,113.375,112.75,112.828102,824751
2075-02-16,112.765602,112.906303,112.484398,112.593803,660887
2075-02-17,112.625,112.796898,112.484398,112.718803,482670
2075-02-18,112.703102,112.75,112.5,112.5625,499355
2075-02-19,112.546898,112.75,112.031303,112.109398,866928
2075-02-20,112.125,112.1875,111.828102,112.0,754349
2075-02-21,112.015602,112.0625,111.406303,111.484398,933078
2075-02-22,111.421898,111.546898,111.296898,111.359398,780258
2075-02-23,111.375,111.781303,111.125,111.421898,1025003
2075-02-24,111.453102,111.6875,111.234398,111.3125,916554
2075-02-25,111.25,111.515602,111.203102,111.406303,977285
2075-02-26,111.0,111.0,110.875,110.875,610959
2075-02-27,109.765625,109.953125,109.6875,109.8125,845269
2075-02-28,109.859375,109.921875,109.609375,109.796875,780292
2075-03-01,109.8125,109.984375,109.6875,109.734375,669447
2075-03-02,109.78125,110.265625,109.375,110.15625,1001263
2075-03-03,110.125,110.359375,110.109375,110.21875,326836
2075-03-04,110.171875,110.234375,109.625,109.75,817615
2075-03-05,109.703125,109.765625,108.859375,108.921875,1229960
2075-03-06,108.875,109.3125,108.5625,109.21875,1463090
2075-03-07,109.078125,109.1875,108.609375,108.71875,898967
2075-03-08,108.640625,108.921875,108.375,108.828125,734460
2075-03-09,108.875,109.140625,108.625,108.71875,907324
2075-03-10,108.671875,109.34375,108.5625,108.9375,1130730
2075-03-11,108.984375,109.46875,108.984375,109.25,1130730
2075-03-12,109.265625,109.296875,109.0,109.0625,454163
2075-03-13,109.078125,109.109375,108.890625,109.03125,393134
2075-03-14,109.046875,109.5,108.21875,108.421875,1078450
2075-03-15,108.296875,108.5,107.828125,108.359375,1141820
2075-03-16,108.453125,108.640625,108.359375,108.453125,1141950
2075-03-17,108.4375,108.4375,108.125,108.234375,338897
2075-03-18,108.1875,108.609375,108.125,108.515625,463886
2075-03-19,108.578125,108.828125,108.46875,108.75,592648
2075-03-20,108.796875,109.3125,108.765625,109.265625,847435
2075-03-21,109.28125,110.0625,108.84375,109.53125,1284450
2075-03-22,109.484375,109.796875,109.296875,109.5625,550785
2075-03-23,109.546875,109.65625,109.359375,109.46875,585050
2075-03-24,109.46875,109.78125,109.453125,109.703125,573768
2075-03-25,109.765625,110.0,109.375,109.46875,895498
2075-03-26,109.453125,109.484375,109.125,109.34375,677003
2075-03-27,109.421875,109.75,109.3125,109.625,522539
2075-03-28,109.703125,110.34375,109.46875,110.21875,964368
2075-03-29,110.234375,110.53125,110.0625,110.234375,908631
2075-03-30,110.296875,110.671875,110.234375,110.390625,890608
2075-03-31,110.65625,111.21875,110.5625,110.953125,1081490
2075-04-01,111.125,111.484375,110.921875,111.109375,946608
2075-04-02,110.90625,111.578125,110.75,111.4375,1102720
2075-04-03,111.328125,111.5625,110.75,111.390625,1125460
2075-04-04,111.5625,111.578125,110.65625,110.765625,1089430
2075-04-05,110.78125,111.15625,110.78125,111.046875,572816
2075-04-06,111.03125,111.1875,110.90625,111.03125,441662
2075-04-07,111.0,111.21875,110.734375,110.96875,713913
2075-04-08,110.96875,111.421875,110.78125,111.203125,824372
2075-04-09,111.234375,111.890625,111.1875,111.671875,829359
2075-04-10,111.796875,111.859375,111.34375,111.421875,979842
2075-04-11,111.375,111.609375,111.265625,111.5,485780
2075-04-12,111.515625,111.734375,111.25,111.375,657693
2075-04-13,111.625,111.71875,111.140625,111.578125,967523
2075-04-14,111.5625,112.046875,111.40625,111.828125,804074
2075-04-15,111.8125,111.921875,110.921875,111.015625,1047959
2075-04-16,111.03125,111.03125,110.796875,110.921875,500691
2075-04-17,110.890625,111.46875,110.875,111.375,732510
2075-04-18,111.421875,111.84375,111.203125,111.5,1097500
2075-04-19,111.484375,111.78125,111.15625,111.65625,913903
2075-04-20,111.734375,112.078125,111.53125,111.96875,848156
2075-04-21,111.96875,112.140625,111.78125,111.984375,596316
2075-04-22,111.921875,112.234375,111.734375,112.078125,726916
2075-04-23,112.0625,112.59375,111.984375,112.4375,956457
2075-04-24,112.3125,112.453125,112.078125,112.125,707354
2075-04-25,112.125,112.15625,112.0,112.046875,491702
2075-04-26,111.984375,112.6875,111.90625,112.53125,803963
2075-04-27,112.578125,113.234375,112.546875,113.0,1131590
2075-04-28,113.109375,113.421875,112.5625,112.71875,1337330
2075-04-29,112.640625,112.828125,112.359375,112.546875,863886
2075-04-30,112.609375,112.6875,112.40625,112.625,459054
2075-05-01,112.65625,113.03125,112.65625,112.84375,366271
2075-05-02,113.375,114.109375,113.3125,114.0625,1015894
2075-05-03,114.015625,114.109375,113.78125,114.0,555890
2075-05-04,113.953125,114.65625,113.296875,113.375,1133561
2075-05-05,113.34375,113.6875,113.3125,113.609375,424227
2075-05-06,113.578125,114.078125,113.53125,113.984375,617397
2075-05-07,113.953125,114.0625,113.6875,113.734375,423484
2075-05-08,113.75,113.765625,113.1875,113.6875,710845
2075-05-09,113.6875,113.6875,112.921875,112.9375,531925
2075-05-10,112.96875,113.03125,112.5625,112.640625,593796
2075-05-11,112.640625,112.96875,112.375,112.515625,750397
2075-05-12,112.546875,112.703125,112.171875,112.421875,916364
2075-05-13,112.421875,112.8125,112.1875,112.71875,687705
2075-05-14,112.71875,112.796875,112.421875,112.609375,505380
2075-05-15,112.59375,112.6875,112.109375,112.359375,535418
2075-05-16,112.3125,112.921875,112.203125,112.859375,637061
2075-05-17,112.875,113.6875,112.796875,113.609375,2167909
2075-05-18,113.59375,113.640625,113.296875,113.515625,570437
2075-05-19,113.53125,113.9375,113.53125,113.765625,546681
2075-05-20,113.765625,114.0,113.75,113.90625,417107
2075-05-21,113.90625,113.921875,113.359375,113.40625,609844
2075-05-22,113.421875,113.734375,113.125,113.328125,1230381
2075-05-23,113.34375,113.703125,113.15625,113.671875,774658
2075-05-24,113.671875,113.671875,112.625,112.703125,717092
2075-05-25,112.65625,112.71875,112.140625,112.171875,607151
2075-05-26,112.203125,112.453125,112.171875,112.40625,503025
2075-05-27,112.40625,113.546875,112.34375,112.46875,1037624
2075-05-28,112.5,112.8125,112.046875,112.203125,630122
2075-05-29,112.171875,112.25,111.703125,112.140625,647096
2075-05-30,112.125,112.234375,111.828125,111.84375,541984
2075-05-31,111.875,111.875,111.640625,111.78125,495326
2075-06-01,111.78125,112.03125,111.53125,111.625,677832
2075-06-02,111.640625,111.875,111.4375,111.75,452456
2075-06-03,111.71875,111.8125,111.4375,111.46875,370822
2075-06-04,111.5,111.859375,111.34375,111.796875,609109
2075-06-05,111.78125,112.03125,111.28125,111.90625,820704
2075-06-06,111.875,111.984375,111.015625,111.0625,1206792
2075-06-07,111.09375,111.5625,111.0,111.484375,544902
2075-06-08,111.4375,111.53125,111.21875,111.234375,389618
2075-06-09,111.234375,111.40625,111.234375,111.375,381991
2075-06-10,111.390625,111.484375,111.09375,111.171875,537504
2075-06-11,111.203125,111.6875,111.078125,111.65625,552906
2075-06-12,111.65625,111.6875,110.875,111.0,760111
2075-06-13,111.03125,111.046875,110.5,110.6875,692925
2075-06-14,110.6875,110.84375,110.484375,110.59375,584271
2075-06-15,110.578125,110.90625,110.5625,110.828125,504455
2075-06-16,110.828125,110.9375,110.59375,110.671875,344748
2075-06-17,110.671875,110.78125,110.0625,110.109375,897221
2075-06-18,110.09375,110.203125,109.859375,109.953125,481467
2075-06-19,109.921875,110.234375,109.84375,110.1875,519010
2075-06-20,110.203125,110.40625,110.03125,110.1875,545471
2075-06-21,110.171875,110.6875,110.0625,110.625,648102
2075-06-22,110.65625,111.203125,110.578125,111.171875,596940
2075-06-23,111.140625,111.171875,110.8125,110.953125,429991
2075-06-24,110.84375,111.5,110.828125,111.328125,913117
2075-06-25,111.4375,111.46875,110.90625,110.953125,715418
2075-06-26,110.984375,111.65625,110.984375,111.578125,824871
2075-06-27,111.609375,111.65625,111.3125,111.578125,391470
2075-06-28,111.578125,111.71875,111.1875,111.59375,582506
2075-06-29,111.546875,111.84375,111.40625,111.71875,623250
2075-06-30,111.734375,111.984375,111.5625,111.75,752462
2075-07-01,111.765625,111.9375,111.65625,111.859375,691055
2075-07-02,111.84375,111.96875,111.5,111.578125,739840
2075-07-03,111.859375,112.015625,111.671875,111.734375,628583
2075-07-04,111.734375,112.484375,111.640625,112.453125,1227901
2075-07-05,112.34375,113.0625,112.265625,112.921875,482232
2075-07-06,112.09375,112.484375,111.875,112.28125,1206109
2075-07-07,112.109375,112.625,112.015625,112.203125,707410
2075-07-08,112.0625,112.1875,111.78125,111.859375,561937
2075-07-09,111.828125,111.875,111.296875,111.515625,800556
2075-07-10,111.5,111.78125,111.4375,111.515625,563947
2075-07-11,111.484375,111.78125,111.46875,111.578125,377808
2075-07-12,111.5625,111.640625,111.015625,111.21875,726213
2075-07-13,111.1875,111.65625,111.03125,111.515625,692046
2075-07-14,111.5,111.734375,111.234375,111.28125,643106
2075-07-15,111.28125,111.5625,110.796875,110.953125,1059476
2075-07-16,110.9375,111.015625,110.484375,110.609375,736109
2075-07-17,110.515625,110.875,110.5,110.765625,501912
2075-07-18,110.765625,110.8125,110.25,110.71875,695762
2075-07-19,110.671875,111.265625,110.640625,111.109375,777213
2075-07-20,111.28125,111.5625,111.109375,111.234375,712587
2075-07-21,111.203125,111.21875,110.625,110.671875,627749
2075-07-22,110.515625,110.546875,110.203125,110.359375,649391
2075-07-23,110.359375,110.5625,110.09375,110.265625,906351
2075-07-24,110.40625,110.5625,110.0,110.4375,713808
2075-07-25,110.4375,110.59375,110.125,110.25,673590
2075-07-26,110.203125,110.359375,109.84375,109.921875,654821
2075-07-27,109.890625,110.078125,109.46875,109.5625,620042
2075-07-28,109.59375,109.796875,109.390625,109.609375,493331
2075-07-29,109.65625,109.921875,109.59375,109.671875,622371
2075-07-30,109.78125,109.90625,109.484375,109.671875,547165
2075-07-31,109.546875,109.8125,109.140625,109.734375,842434
2075-08-01,109.71875,109.828125,109.421875,109.625,559010
2075-08-02,109.5625,109.59375,109.125,109.234375,704995
2075-08-03,109.21875,109.234375,108.796875,109.0,778240
2075-08-04,109.046875,109.359375,108.703125,108.921875,937149
2075-08-05,108.921875,109.109375,108.8125,108.890625,480550
2075-08-06,108.828125,109.0625,108.734375,108.984375,607899
2075-08-07,109.03125,109.328125,109.0,109.109375,639662
2075-08-08,109.09375,109.28125,108.8125,109.125,704854
2075-08-09,109.296875,109.71875,109.15625,109.5625,718957
2075-08-10,109.546875,109.5625,109.046875,109.171875,709026
2075-08-11,109.15625,109.28125,108.53125,108.734375,984849
2075-08-12,108.5625,108.625,108.125,108.234375,1134857
2075-08-13,108.234375,108.59375,108.234375,108.46875,796620
2075-08-14,108.5,108.6875,108.171875,108.421875,725334
2075-08-15,108.3125,108.65625,108.1875,108.453125,550864
2075-08-16,108.484375,108.6875,108.28125,108.359375,756333
2075-08-17,108.40625,108.46875,108.03125,108.125,788838
2075-08-18,108.125,108.328125,107.703125,107.75,963640
2075-08-19,107.734375,108.078125,107.484375,107.703125,1124431
2075-08-20,107.65625,107.96875,107.625,107.84375,509467
2075-08-21,107.890625,108.4375,107.890625,108.3125,822559
2075-08-22,108.375,108.4375,107.78125,107.890625,848867
2075-08-23,107.8125,108.390625,107.8125,108.34375,825162
2075-08-24,108.34375,108.34375,108.34375,108.34375,1188139
2075-08-25,108.34375,108.484375,107.859375,108.015625,682495
2075-08-26,107.96875,108.453125,107.890625,108.34375,1078464
2075-08-27,108.328125,108.984375,108.25,108.828125,1100246
2075-08-28,108.921875,109.1875,108.609375,109.03125,965420
2075-08-29,108.96875,109.09375,108.6875,108.734375,696542
2075-08-30,108.765625,109.125,108.703125,109.015625,502782
2075-08-31,109.0,109.328125,108.875,109.28125,1960098
2075-09-01,109.28125,109.34375,108.890625,108.953125,603496
2075-09-02,109.328125,109.53125,109.0,109.40625,917751
2075-09-03,109.40625,109.53125,108.84375,108.890625,1360166
2075-09-04,108.90625,109.078125,108.65625,108.734375,495130
2075-09-05,108.609375,108.8125,108.1875,108.34375,1050999
2075-09-06,108.359375,108.46875,108.171875,108.34375,831544
2075-09-07,108.359375,108.390625,107.921875,108.046875,596806
2075-09-08,108.03125,108.71875,108.015625,108.578125,841784
2075-09-09,108.59375,108.609375,108.34375,108.453125,531262
2075-09-10,108.46875,108.96875,108.40625,108.90625,632364
2075-09-11,108.90625,108.984375,108.328125,108.34375,628666
2075-09-12,108.390625,108.53125,108.125,108.25,378597
2075-09-13,108.234375,108.59375,108.21875,108.390625,527485
2075-09-14,108.453125,109.15625,108.453125,108.953125,833423
2075-09-15,108.890625,109.125,108.546875,108.890625,765629
2075-09-16,108.90625,109.21875,108.890625,109.0625,466854
2075-09-17,109.078125,109.234375,108.859375,109.0625,350113
2075-09-18,109.09375,109.125,108.796875,108.9375,369135
2075-09-19,108.9375,109.0,108.671875,108.78125,366381
2075-09-20,108.765625,109.203125,108.71875,109.15625,394005
2075-09-21,109.203125,109.65625,109.015625,109.59375,338948
2075-09-22,109.59375,109.875,109.390625,109.828125,221075
2075-09-23,109.796875,109.84375,109.5625,109.578125,271406
2075-09-24,109.59375,109.671875,109.4375,109.578125,239646
2075-09-25,109.625,109.875,109.390625,109.40625,245224
2075-09-26,109.390625,109.796875,109.171875,109.65625,685872
2075-09-27,109.703125,109.890625,109.46875,109.78125,703263
2075-09-28,109.8125,109.90625,109.59375,109.78125,611547
2075-09-29,109.765625,110.15625,109.5,109.59375,751274
2075-09-30,109.5625,109.703125,109.484375,109.59375,468590
2075-10-01,109.640625,109.671875,109.1875,109.234375,866040
2075-10-02,109.21875,109.34375,108.953125,109.0,643543
2075-10-03,109.015625,109.375,109.0,109.34375,754161
2075-10-04,109.34375,109.8125,109.15625,109.765625,804555
2075-10-05,109.65625,109.875,109.5625,109.859375,642339
2075-10-06,109.875,110.203125,109.609375,109.765625,959514
2075-10-07,109.796875,109.796875,109.421875,109.5,941148
2075-10-08,109.515625,109.71875,109.40625,109.578125,773356
2075-10-09,109.640625,109.734375,109.28125,109.625,767229
2075-10-10,109.625,109.65625,109.34375,109.4375,737801
2075-10-11,109.40625,109.4375,108.78125,108.828125,1146378
2075-10-12,108.8125,108.9375,108.46875,108.546875,3369680
2075-10-13,108.625,108.890625,108.390625,108.65625,1130960
2075-10-14,108.59375,108.609375,108.3125,108.484375,625449
2075-10-15,108.484375,108.640625,108.28125,108.4375,870909
2075-10-16,108.5,108.59375,108.09375,108.1875,905983
2075-10-17,108.171875,108.359375,108.046875,108.1875,764531
2075-10-18,108.171875,108.4375,107.78125,108.3125,1276609
2075-10-19,108.375,108.421875,108.15625,108.265625,458134
2075-10-20,108.234375,108.421875,108.0625,108.171875,785988
2075-10-21,108.15625,108.265625,107.9375,107.984375,686579
2075-10-22,108.015625,108.3125,107.875,108.0625,1098404
2075-10-23,108.015625,108.34375,107.65625,107.828125,959303
2075-10-24,107.78125,107.90625,107.65625,107.859375,425998
2075-10-25,107.875,107.90625,107.546875,107.6875,729914
2075-10-26,107.703125,107.9375,107.53125,107.703125,861492
2075-10-27,107.734375,107.84375,107.640625,107.78125,527207
2075-10-28,107.796875,108.203125,107.796875,108.109375,749760
2075-10-29,108.09375,108.15625,107.890625,107.9375,693938
2075-10-30,107.90625,108.203125,107.703125,108.140625,1052335
2075-10-31,108.171875,108.203125,107.78125,107.828125,1060669
2075-11-01,107.890625,108.078125,107.71875,107.8125,1144290
2075-11-02,107.71875,107.875,107.59375,107.6875,1214461
2075-11-03,107.640625,108.0625,107.640625,108.0,588628
2075-11-04,107.90625,107.96875,107.625,107.71875,1017571
2075-11-05,107.734375,107.78125,107.171875,107.375,1131939
2075-11-06,107.375,107.40625,107.0,107.09375,961563
2075-11-07,107.078125,107.09375,106.6875,106.78125,804693
2075-11-08,106.71875,106.890625,106.390625,106.8125,1212072
2075-11-09,106.859375,106.984375,106.65625,106.84375,834423
2075-11-10,106.890625,106.96875,106.71875,106.90625,642145
2075-11-11,106.90625,107.0625,106.515625,106.796875,935825
2075-11-12,106.765625,106.765625,106.53125,106.6875,581264
2075-11-13,106.71875,107.328125,106.6875,107.234375,1216556
2075-11-14,107.296875,107.3125,106.921875,107.078125,906806
2075-11-15,107.078125,107.796875,106.953125,107.6875,1336970
2075-11-16,107.6875,107.765625,107.46875,107.546875,689328
2075-11-17,107.53125,107.78125,107.46875,107.6875,531970
2075-11-18,107.65625,107.734375,107.140625,107.234375,1118265
2075-11-19,107.203125,107.421875,107.140625,107.265625,592332
2075-11-20,107.28125,107.40625,106.953125,107.0,810015
2075-11-21,106.984375,107.609375,106.96875,107.484375,922799
2075-11-22,107.484375,107.53125,107.21875,107.3125,411256
2075-11-23,107.28125,107.328125,106.609375,106.78125,909211
2075-11-24,106.71875,106.796875,106.5,106.609375,818235
2075-11-25,106.65625,106.75,106.125,106.3125,1094766
2075-11-26,106.265625,106.546875,106.171875,106.390625,826418
2075-11-27,106.390625,106.46875,106.015625,106.21875,915171
2075-11-28,106.28125,106.46875,106.203125,106.25,753460
2075-11-29,106.296875,106.53125,106.296875,106.515625,651271
2075-11-30,106.46875,106.484375,106.109375,106.234375,848309
2075-12-01,106.171875,106.40625,105.6875,105.828125,1223205
2075-12-02,105.6875,105.921875,105.640625,105.84375,550840
2075-12-03,105.890625,106.109375,105.890625,106.046875,522198
2075-12-04,106.0625,106.234375,105.671875,105.734375,875197
2075-12-05,105.703125,105.78125,105.3125,105.40625,891934
2075-12-06,105.421875,105.71875,105.359375,105.609375,476668
2075-12-07,105.578125,106.09375,105.578125,105.921875,907985
2075-12-08,105.890625,106.15625,105.46875,105.6875,1133780
2075-12-09,105.703125,105.75,105.515625,105.625,734898
2075-12-10,105.578125,105.875,105.5,105.703125,809320
2075-12-11,105.671875,106.0625,105.59375,105.875,724955
2075-12-12,105.90625,106.0,105.1875,105.359375,1170723
2075-12-13,105.359375,105.40625,105.03125,105.125,846003
2075-12-14,105.125,105.625,104.921875,105.40625,1120665
2075-12-15,105.46875,105.625,105.21875,105.578125,786807
2075-12-16,105.71875,105.71875,105.6875,105.71875,1021382
2075-12-17,105.0625,105.3125,104.921875,105.25,722943
2075-12-18,105.1875,105.28125,104.875,105.015625,786456
2075-12-19,105.03125,105.09375,104.8125,104.96875,702649
2075-12-20,104.921875,105.390625,104.890625,105.265625,955099
2075-12-21,105.265625,105.3125,105.09375,105.1875,381743
2075-12-22,105.203125,105.234375,105.015625,105.171875,477257
2075-12-23,105.15625,105.5,104.9375,105.125,878644
2075-12-24,105.125,105.21875,104.828125,104.984375,928307
2075-12-25,105.0,105.046875,104.609375,104.703125,900156
2075-12-26,104.609375,105.078125,104.578125,104.9375,797299
2075-12-27,104.9375,105.3125,104.875,105.265625,940418
2075-12-28,105.28125,105.3125,104.71875,105.015625,1263237
2075-12-29,105.0625,105.65625,104.953125,105.515625,1469786
2075-12-30,105.578125,105.8125,105.375,105.578125,1062026
2075-12-31,105.546898,106.015602,105.546898,105.703102,1021383
2076-01-01,105.703125,105.828125,105.421875,105.53125,995549
2076-01-02,105.8125,106.109375,105.640625,105.734375,1479332
2076-01-03,105.703125,105.796875,105.4375,105.46875,1019753
2076-01-04,105.5,105.6875,105.3125,105.609375,1021928
2076-01-05,105.5625,105.640625,105.34375,105.390625,1229749
2076-01-06,105.390625,105.5625,104.9375,105.078125,703791
2076-01-07,104.859375,105.0625,104.703125,104.984375,1002801
2076-01-08,105.03125,105.890625,105.0,105.84375,1304508
2076-01-09,105.828125,105.90625,105.59375,105.625,721229
2076-01-10,105.625,105.78125,105.4375,105.71875,849438
2076-01-11,105.703125,105.8125,105.4375,105.5625,771091
2076-01-12,105.59375,106.109375,105.59375,105.765625,1508292
2076-01-13,105.734375,105.9375,105.640625,105.8125,650295
2076-01-14,105.859375,105.875,105.671875,105.78125,460861
2076-01-15,105.828125,106.109375,105.78125,105.96875,978995
2076-01-16,105.953125,106.015625,105.234375,105.34375,1378131
2076-01-17,105.28125,105.34375,104.9375,105.03125,1006186
2076-01-18,105.015625,105.21875,104.8125,104.84375,578450
2076-01-19,104.828125,104.875,104.65625,104.71875,606020
2076-01-20,104.734375,104.890625,104.546875,104.625,749809
2076-01-21,104.671875,104.734375,104.578125,104.625,528978
2076-01-22,104.59375,104.671875,104.21875,104.328125,678897
2076-01-23,104.234375,104.484375,104.078125,104.125,732626
2076-01-24,104.109375,104.21875,104.046875,104.109375,445341
2076-01-25,104.109375,104.40625,104.09375,104.296875,814101
2076-01-26,104.3125,104.375,104.03125,104.078125,557210
2076-01-27,104.0625,104.5,104.046875,104.40625,702838
2076-01-28,104.484375,104.890625,104.25,104.859375,1039808
2076-01-29,104.84375,104.859375,104.625,104.78125,283618
2076-01-30,104.78125,104.875,104.15625,104.25,916622
2076-01-31,104.265625,104.546875,104.203125,104.5,733094
2076-02-01,104.5,104.96875,104.46875,104.859375,1020615
2076-02-02,104.859375,104.921875,104.6875,104.875,441742
2076-02-03,104.890625,105.21875,104.84375,105.078125,759622
2076-02-04,105.078125,105.09375,104.765625,105.078125,753483
2076-02-05,105.0625,105.3125,105.0,105.28125,847379
2076-02-06,105.3125,105.515625,105.21875,105.375,871638
2076-02-07,105.359375,105.453125,105.140625,105.3125,580442
2076-02-08,105.328125,105.34375,104.796875,104.859375,1070141
2076-02-09,104.84375,105.453125,104.515625,105.40625,1502780
2076-02-10,105.421875,105.6875,105.25,105.625,920965
2076-02-11,105.59375,105.8125,105.5,105.5625,726079
2076-02-12,105.59375,105.671875,105.390625,105.5625,516380
2076-02-13,105.546875,105.71875,105.359375,105.4375,768824
2076-02-14,105.4375,105.75,105.28125,105.640625,783856
2076-02-15,105.671875,105.828125,105.53125,105.640625,876143
2076-02-16,105.65625,106.0625,105.546875,106.0,840452
2076-02-17,105.984375,106.0625,105.84375,106.03125,495252
2076-02-18,106.0625,106.09375,105.796875,106.03125,913337
2076-02-19,106.0625,106.21875,105.90625,106.15625,1002166
2076-02-20,106.15625,106.265625,105.953125,106.171875,897951
2076-02-21,106.140625,106.71875,106.0625,106.546875,913777
2076-02-22,106.5625,106.59375,106.328125,106.375,407653
2076-02-23,106.390625,106.625,106.25,106.421875,651003
2076-02-24,106.4375,106.453125,106.1875,106.375,657411
2076-02-25,106.359375,106.515625,106.09375,106.359375,807390
2076-02-26,106.28125,106.375,106.015625,106.0625,641458
2076-02-27,106.0,106.0,105.78125,105.8125,507116
2076-02-28,105.8125,106.390625,105.75,106.28125,980287
2076-02-29,106.265625,106.78125,106.234375,106.703125,1059854
2076-03-01,106.75,106.953125,106.59375,106.65625,828717
2076-03-02,106.65625,106.890625,106.59375,106.859375,508678
2076-03-03,106.84375,106.984375,106.78125,106.9375,506745
2076-03-04,106.953125,107.078125,106.828125,106.96875,898580
2076-03-05,106.96875,106.984375,106.71875,106.90625,824841
2076-03-06,106.921875,107.046875,106.8125,106.9375,789049
2076-03-07,106.953125,107.09375,106.84375,107.03125,787030
2076-03-08,107.046875,107.078125,106.828125,106.9375,736299
2076-03-09,106.9375,107.03125,106.5,106.96875,1494142
2076-03-10,106.984375,107.234375,106.890625,107.125,1288509
2076-03-11,107.1875,107.453125,107.125,107.421875,504520
2076-03-12,107.390625,107.453125,107.078125,107.421875,977057
2076-03-13,107.34375,107.359375,107.046875,107.109375,658966
2076-03-14,107.078125,107.125,106.75,106.96875,1014721
2076-03-15,106.984375,107.140625,106.75,107.015625,1046258
2076-03-16,107.046875,107.296875,106.96875,107.1875,670518
2076-03-17,107.125,107.21875,106.84375,106.984375,730601
2076-03-18,106.953125,107.203125,106.796875,107.15625,995866
2076-03-19,107.15625,107.375,107.125,107.21875,788190
2076-03-20,107.25,107.5,106.96875,107.015625,1019374
2076-03-21,107.0,107.3125,106.90625,106.953125,1172008
2076-03-22,106.984375,107.0,106.546875,106.84375,1013282
2076-03-23,106.84375,107.4375,106.703125,107.390625,1297598
2076-03-24,107.40625,107.578125,107.3125,107.40625,878462
2076-03-25,107.40625,108.078125,107.3125,107.96875,1315242
2076-03-26,108.046875,108.390625,107.984375,108.328125,1032777
2076-03-27,108.375,108.75,108.296875,108.578125,1078336
2076-03-28,108.65625,108.703125,108.3125,108.390625,1142002
2076-03-29,108.375,108.703125,108.25,108.34375,1122437
2076-03-30,108.3125,108.390625,108.09375,108.15625,843811
2076-03-31,108.234375,108.390625,107.875,108.0625,1090483
2076-04-01,108.0625,108.375,107.90625,108.203125,775708
2076-04-02,108.265625,108.375,108.09375,108.203125,638585
2076-04-03,108.1875,108.671875,108.109375,108.578125,1079372
2076-04-04,108.59375,108.625,108.171875,108.25,1016869
2076-04-05,108.265625,108.640625,107.578125,107.609375,1359915
2076-04-06,107.609375,107.609375,107.609375,107.609375,1459247
2076-04-07,107.59375,107.609375,107.140625,107.25,1097971
2076-04-08,107.203125,107.4375,106.90625,106.984375,1156621
2076-04-09,107.015625,107.25,107.0,107.046875,859401
2076-04-10,107.078125,107.296875,106.796875,106.875,1078241
2076-04-11,106.890625,107.078125,106.84375,107.015625,491499
2076-04-12,107.078125,107.4375,106.984375,107.109375,1196667
2076-04-13,107.140625,107.234375,106.921875,107.15625,997629
2076-04-14,107.203125,107.234375,106.875,107.03125,913875
2076-04-15,107.015625,107.140625,106.9375,107.015625,410140
2076-04-16,106.96875,107.0,106.59375,106.765625,820935
2076-04-17,106.703125,106.796875,106.671875,106.75,470649
2076-04-18,106.765625,107.15625,106.65625,107.078125,869042
2076-04-19,107.140625,107.515625,107.078125,107.46875,1178173
2076-04-20,107.46875,107.8125,107.390625,107.75,1101007
2076-04-21,107.765625,107.890625,107.671875,107.75,670861
2076-04-22,107.78125,108.25,107.703125,108.21875,1177107
2076-04-23,108.21875,108.609375,108.09375,108.53125,1142277
2076-04-24,108.5,108.5,108.21875,108.3125,912289
2076-04-25,108.296875,108.5,107.390625,107.46875,1488439
2076-04-26,107.4375,107.578125,107.3125,107.515625,668966
2076-04-27,107.5625,108.078125,107.53125,107.859375,1051315
2076-04-28,107.859375,108.1875,107.8125,108.046875,791176
2076-04-29,108.015625,108.15625,107.890625,108.0625,1003085
2076-04-30,108.09375,108.375,108.046875,108.28125,657143
2076-05-01,108.265625,108.4375,107.9375,108.15625,776967
2076-05-02,108.09375,108.578125,107.9375,108.390625,1269881
2076-05-03,108.375,108.46875,107.953125,108.03125,1167714
2076-05-04,107.984375,108.453125,107.640625,107.75,1728767
2076-05-05,107.6875,108.328125,107.671875,108.171875,1327242
2076-05-06,108.1875,108.328125,108.09375,108.21875,586955
2076-05-07,108.21875,108.390625,108.09375,108.34375,820577
2076-05-08,108.359375,108.484375,108.265625,108.421875,588860
2076-05-09,108.40625,108.703125,108.359375,108.5,396698
2076-05-10,108.46875,108.640625,108.15625,108.59375,1347928
2076-05-11,108.609375,108.96875,108.5,108.8125,1969344
2076-05-12,108.8125,108.96875,108.671875,108.71875,1457515
2076-05-13,108.671875,109.140625,108.671875,109.109375,451555
2076-05-14,109.203125,109.65625,109.015625,109.484375,1432066
2076-05-15,109.4375,109.5,109.25,109.453125,617609
2076-05-16,109.484375,109.640625,109.203125,109.421875,1107998
2076-05-17,109.375,109.40625,109.0625,109.125,817208
2076-05-18,109.109375,109.296875,108.984375,109.125,896494
2076-05-19,109.109375,109.15625,108.5625,108.609375,1447232
2076-05-20,108.609375,108.90625,108.5625,108.828125,685740
2076-05-21,108.78125,109.140625,108.75,109.078125,838167
2076-05-22,109.078125,109.21875,108.390625,108.484375,1493858
2076-05-23,108.421875,108.59375,108.265625,108.34375,856261
2076-05-24,108.328125,109.0,108.21875,108.328125,1533041
2076-05-25,108.328125,108.484375,108.25,108.375,606146
2076-05-26,108.390625,108.59375,108.0625,108.328125,916971
2076-05-27,108.34375,108.46875,108.265625,108.328125,363099
2076-05-28,108.3125,108.71875,108.28125,108.671875,675354
2076-05-29,108.640625,108.6875,108.078125,108.15625,687944
2076-05-30,108.171875,108.375,108.109375,108.265625,173544
2076-05-31,108.265625,108.328125,107.796875,107.859375,378664
2076-06-01,107.859375,108.03125,107.390625,107.59375,510183
2076-06-02,107.59375,107.71875,107.359375,107.46875,251619
2076-06-03,107.484375,107.78125,107.46875,107.59375,369717
2076-06-04,107.609375,107.96875,107.53125,107.75,993627
2076-06-05,107.75,108.171875,107.703125,108.0625,992962
2076-06-06,108.140625,108.328125,107.46875,107.875,1279989
2076-06-07,107.875,107.921875,107.671875,107.8125,674919
2076-06-08,107.84375,107.90625,107.671875,107.8125,715041
2076-06-09,107.796875,107.890625,107.515625,107.6875,1207527
2076-06-10,107.65625,107.671875,107.1875,107.3125,1255354
2076-06-11,107.328125,107.375,107.03125,107.109375,838232
2076-06-12,107.078125,107.359375,107.078125,107.234375,743941
2076-06-13,107.265625,107.375,106.953125,106.984375,1074767
2076-06-14,107.0,107.234375,106.734375,107.1875,1398401
2076-06-15,107.21875,107.28125,106.9375,107.046875,889285
2076-06-16,107.0,107.21875,106.921875,107.140625,532273
2076-06-17,107.109375,107.203125,106.828125,106.890625,998149
2076-06-18,106.859375,107.0,106.78125,106.875,742838
2076-06-19,106.859375,106.9375,106.40625,106.5,1301267
2076-06-20,106.421875,106.59375,106.203125,106.4375,1211804
2076-06-21,106.4375,106.578125,106.28125,106.359375,687256
2076-06-22,106.3125,106.5,106.3125,106.453125,674462
2076-06-23,106.46875,106.875,106.28125,106.75,1592459
2076-06-24,106.8125,107.140625,106.609375,106.671875,1551150
2076-06-25,106.65625,106.96875,106.5625,106.71875,1386967
2076-06-26,106.71875,106.921875,106.703125,106.84375,417781
2076-06-27,106.84375,107.171875,106.71875,107.125,1089331
2076-06-28,107.125,107.34375,107.03125,107.296875,1221495
2076-06-29,107.28125,107.421875,107.15625,107.328125,990483
2076-06-30,107.3125,107.3125,106.890625,106.984375,1166037
2076-07-01,107.0,107.03125,106.78125,106.859375,704899
2076-07-02,106.84375,106.96875,106.71875,106.796875,885260
2076-07-03,106.796875,107.40625,106.78125,107.34375,1402137
2076-07-04,107.28125,107.65625,107.203125,107.515625,1352857
2076-07-05,107.5,107.8125,107.46875,107.59375,916279
2076-07-06,107.578125,107.703125,107.421875,107.671875,674888
2076-07-07,107.671875,107.78125,107.390625,107.59375,1296981
2076-07-08,107.578125,107.578125,107.234375,107.328125,1286447
2076-07-09,107.296875,107.796875,107.25,107.6875,1651873
2076-07-10,107.703125,108.03125,107.703125,107.984375,1472359
2076-07-11,108.0,109.234375,107.96875,108.78125,2587899
2076-07-12,108.828125,108.84375,108.390625,108.5625,785193
2076-07-13,108.484375,109.03125,108.40625,108.59375,1968079
2076-07-14,108.59375,109.0,108.484375,108.875,1464076
2076-07-15,109.015625,109.359375,108.765625,108.84375,1538535
2076-07-16,108.953125,108.96875,108.65625,108.75,1472822
2076-07-17,108.734375,109.0625,108.671875,108.953125,1161524
2076-07-18,109.015625,109.046875,108.703125,108.921875,906789
2076-07-19,108.90625,108.90625,108.21875,108.359375,1580671
2076-07-20,108.328125,108.734375,108.21875,108.609375,983102
2076-07-21,108.5625,109.140625,108.546875,109.078125,1562510
2076-07-22,109.140625,109.28125,108.8125,108.921875,1880227
2076-07-23,108.8125,108.90625,108.65625,108.828125,1138249
2076-07-24,108.796875,108.90625,108.515625,108.765625,1097129
2076-07-25,108.796875,108.859375,108.5,108.59375,627409
2076-07-26,108.59375,108.84375,108.53125,108.734375,842614
2076-07-27,108.703125,109.0625,108.3125,109.0,1165260
2076-07-28,108.859375,108.921875,108.453125,108.53125,1182351
2076-07-29,108.546875,108.734375,108.3125,108.375,805482
2076-07-30,108.359375,108.71875,108.203125,108.53125,981736
2076-07-31,108.4375,108.546875,108.328125,108.390625,946149
2076-08-01,108.453125,108.78125,108.265625,108.375,1582349
2076-08-02,108.375,108.40625,108.109375,108.25,1032076
2076-08-03,108.140625,108.71875,107.890625,108.125,1793832
2076-08-04,108.140625,108.265625,108.078125,108.15625,669631
2076-08-05,108.171875,108.1875,107.953125,108.0,760919
2076-08-06,107.96875,108.28125,107.9375,108.125,915556
2076-08-07,108.125,108.1875,107.90625,107.953125,555434
2076-08-08,107.375,107.5,107.359375,107.4375,370441
2076-08-09,107.421875,107.6875,107.421875,107.578125,649078
2076-08-10,107.578125,107.734375,107.421875,107.484375,870756
2076-08-11,107.484375,107.671875,107.4375,107.484375,789356
2076-08-12,107.46875,107.609375,107.25,107.3125,912627
2076-08-13,107.28125,107.5,107.171875,107.453125,911960
2076-08-14,107.453125,107.84375,107.3125,107.796875,1126870
2076-08-15,107.828125,108.09375,107.765625,108.03125,824909
2076-08-16,108.046875,108.25,107.890625,107.984375,1159136
2076-08-17,108.0,108.0625,107.828125,108.0,601958
2076-08-18,107.96875,108.21875,107.859375,108.125,758891
2076-08-19,108.15625,108.4375,108.140625,108.328125,1029201
2076-08-20,108.3125,108.40625,108.078125,108.171875,1038642
2076-08-21,108.140625,108.171875,107.796875,107.90625,1024478
2076-08-22,107.828125,108.125,107.78125,107.84375,1093871
2076-08-23,107.875,108.375,107.859375,108.328125,861376
2076-08-24,108.359375,108.46875,108.015625,108.21875,1092008
2076-08-25,108.21875,108.328125,108.078125,108.171875,834903
2076-08-26,108.1875,108.375,107.828125,107.953125,1206254
2076-08-27,107.953125,108.28125,107.5625,108.21875,1131452
2076-08-28,108.21875,108.3125,108.09375,108.234375,503160
2076-08-29,108.265625,108.421875,108.234375,108.265625,852200
2076-08-30,108.25,108.3125,107.9375,107.953125,802077
2076-08-31,107.96875,108.1875,107.875,108.140625,1140429
2076-09-01,108.171875,108.5,107.921875,107.96875,1423907
2076-09-02,107.9375,107.984375,107.78125,107.84375,795272
2076-09-03,107.796875,107.953125,107.578125,107.6875,1660822
2076-09-04,107.71875,107.875,107.625,107.6875,972096
2076-09-05,107.671875,107.75,107.34375,107.359375,1339947
2076-09-06,107.375,107.484375,106.96875,107.046875,1309834
2076-09-07,107.046875,107.171875,106.9375,107.140625,938791
2076-09-08,107.140625,107.171875,106.84375,106.875,1147190
2076-09-09,106.859375,106.9375,106.578125,106.703125,1633383
2076-09-10,106.765625,106.859375,106.40625,106.6875,2046309
2076-09-11,106.765625,106.859375,106.5625,106.65625,1156857
2076-09-12,106.625,106.703125,106.4375,106.5,1545482
2076-09-13,106.46875,106.765625,106.453125,106.5,1844556
2076-09-14,106.546875,106.671875,106.203125,106.390625,555059
2076-09-15,106.359375,106.484375,105.859375,105.921875,1957234
2076-09-16,105.921875,106.09375,105.875,106.0625,1139421
2076-09-17,106.03125,106.09375,105.625,105.75,1824078
2076-09-18,105.65625,105.90625,105.640625,105.859375,1499958
2076-09-19,105.875,105.921875,104.84375,105.078125,2794573
2076-09-20,104.859375,105.0625,104.125,104.953125,2428887
2076-09-21,104.9375,105.0,104.703125,104.859375,1068098
2076-09-22,104.71875,104.78125,103.8125,104.171875,2186788
2076-09-23,103.859375,104.421875,103.640625,104.375,2542245
2076-09-24,104.3125,104.578125,104.03125,104.265625,1655933
2076-09-25,104.25,104.75,104.09375,104.625,1472216
2076-09-26,104.640625,104.859375,104.453125,104.8125,960215
2076-09-27,104.84375,105.34375,104.734375,105.234375,1285855
2076-09-28,105.265625,105.421875,104.8125,104.953125,1449581
2076-09-29,104.9375,105.0625,104.5625,104.75,1436049
2076-09-30,104.625,105.046875,104.5,104.96875,1314150
2076-10-01,105.03125,105.453125,105.015625,105.40625,1364445
2076-10-02,105.390625,105.53125,105.171875,105.265625,1369953
2076-10-03,105.40625,105.796875,105.3125,105.484375,1499870
2076-10-04,105.40625,105.421875,105.140625,105.203125,1154830
2076-10-05,105.21875,105.796875,105.171875,105.703125,1156102
2076-10-06,105.6875,106.015625,105.640625,105.9375,865503
2076-10-07,105.96875,106.03125,105.5625,105.59375,733968
2076-10-08,105.46875,105.5,104.875,104.9375,1239218
2076-10-09,104.9375,105.0625,104.546875,104.609375,1356695
2076-10-10,104.65625,104.953125,104.59375,104.84375,727323
2076-10-11,104.921875,105.765625,104.859375,105.625,2029844
2076-10-12,105.71875,106.015625,105.296875,105.421875,2005184
2076-10-13,105.3125,105.640625,104.984375,105.125,1464691
2076-10-14,105.046875,105.375,104.9375,105.15625,1175570
2076-10-15,105.203125,105.640625,105.171875,105.609375,980251
2076-10-16,105.609375,105.640625,105.203125,105.34375,1453067
2076-10-17,105.578125,105.96875,105.390625,105.84375,1797645
2076-10-18,105.6875,105.8125,105.421875,105.734375,1032152
2076-10-19,105.796875,106.46875,105.6875,106.234375,1717224
2076-10-20,106.3125,106.421875,106.09375,106.171875,850221
2076-10-21,106.25,106.5625,106.09375,106.34375,1308078
2076-10-22,106.546875,106.6875,106.296875,106.59375,1621366
2076-10-23,106.546875,107.625,106.453125,107.53125,2804418
2076-10-24,107.515625,107.84375,107.21875,107.390625,2165398
2076-10-25,107.578125,107.6875,107.109375,107.21875,1418527
2076-10-26,107.203125,107.640625,106.8125,107.421875,1932371
2076-10-27,107.65625,107.96875,107.21875,107.453125,2037851
2076-10-28,107.34375,107.53125,107.125,107.46875,1364254
2076-10-29,107.34375,108.09375,107.28125,107.875,1687983
2076-10-30,108.03125,108.140625,107.515625,107.671875,1202817
2076-10-31,107.59375,107.9375,107.265625,107.5625,1289255
2076-11-01,107.40625,107.40625,106.640625,106.859375,1706675
2076-11-02,106.6875,107.71875,106.671875,107.375,1933226
2076-11-03,107.484375,107.953125,107.234375,107.484375,1484955
2076-11-04,107.265625,107.671875,107.09375,107.53125,1014272
2076-11-05,107.625,107.921875,107.21875,107.875,1446285
2076-11-06,107.921875,108.34375,107.765625,108.1875,1590029
2076-11-07,108.21875,109.265625,108.15625,108.859375,1989447
2076-11-08,108.53125,109.0,108.125,108.59375,1332491
2076-11-09,108.5,108.96875,108.359375,108.78125,939282
2076-11-10,108.84375,109.296875,108.734375,109.078125,1313203
2076-11-11,109.0625,109.078125,108.453125,108.84375,1183473
2076-11-12,108.578125,108.890625,108.1875,108.8125,1138927
2076-11-13,108.609375,108.921875,108.5625,108.65625,1107103
2076-11-14,108.625,109.078125,108.4375,108.84375,873899
2076-11-15,109.046875,109.703125,108.953125,109.5,1600039
2076-11-16,109.734375,109.828125,109.21875,109.390625,1468959
2076-11-17,109.28125,109.84375,109.25,109.828125,1483294
2076-11-18,109.71875,109.78125,109.203125,109.484375,362916
2076-11-19,109.125,109.390625,108.859375,109.046875,993349
2076-11-20,108.984375,109.78125,108.9375,109.71875,1227740
2076-11-21,109.765625,109.796875,109.390625,109.5,1026029
2076-11-22,109.421875,110.609375,109.390625,110.546875,1487720
2076-11-23,110.53125,110.96875,110.390625,110.78125,1147475
2076-11-24,110.75,110.765625,110.328125,110.421875,991784
2076-11-25,110.34375,110.6875,110.0625,110.15625,1113475
2076-11-26,110.125,110.3125,109.53125,109.65625,1193099
2076-11-27,109.8125,110.25,109.5625,109.828125,1312517
2076-11-28,109.84375,110.0,109.5625,109.765625,785579
2076-11-29,109.765625,110.09375,109.359375,109.859375,1156134
2076-11-30,109.875,109.90625,109.234375,109.59375,1351151
2076-12-01,109.5,109.546875,108.390625,108.640625,1553797
2076-12-02,108.40625,108.96875,108.40625,108.890625,1096251
2076-12-03,108.890625,108.984375,108.609375,108.9375,802769
2076-12-04,108.84375,109.40625,108.828125,109.046875,1035675
2076-12-05,108.984375,109.140625,108.703125,109.046875,960391
2076-12-06,109.046875,109.421875,108.796875,109.375,1016739
2076-12-07,109.421875,109.6875,109.125,109.28125,1097003
2076-12-08,109.21875,109.5625,109.140625,109.34375,947328
2076-12-09,109.421875,109.796875,109.171875,109.609375,1111381
2076-12-10,109.65625,109.84375,109.25,109.46875,1092977
2076-12-11,109.328125,109.703125,109.21875,109.625,730330
2076-12-12,109.671875,109.703125,108.65625,108.765625,1175612
2076-12-13,108.765625,108.765625,108.765625,108.765625,1306222
2076-12-14,108.78125,108.984375,108.546875,108.671875,767159
2076-12-15,108.609375,108.90625,108.453125,108.703125,928379
2076-12-16,108.703125,108.84375,108.296875,108.65625,1230159
2076-12-17,108.8125,108.84375,108.375,108.46875,1099403
2076-12-18,108.40625,108.65625,108.203125,108.625,841257
2076-12-19,108.53125,108.921875,108.453125,108.796875,1033125
2076-12-20,108.796875,109.6875,108.75,109.5625,1558534
2076-12-21,109.53125,109.953125,109.40625,109.890625,1108873
2076-12-22,109.875,110.765625,109.875,110.5625,1446244
2076-12-23,110.65625,110.890625,110.21875,110.53125,1364945
2076-12-24,110.421875,110.625,110.1875,110.515625,1082096
2076-12-25,110.53125,111.203125,110.5,111.03125,1638788
2076-12-26,110.890625,111.078125,110.640625,110.859375,1238676
2076-12-27,110.6875,110.90625,110.421875,110.640625,1086993
2076-12-28,110.59375,110.78125,110.34375,110.65625,560675
2076-12-29,110.640625,110.71875,110.46875,110.65625,702769
2076-12-30,110.671875,110.6875,109.953125,110.015625,1290714
2076-12-31,109.9375,111.0,109.734375,110.796875,1818770
2077-01-01,110.8125,111.4375,110.390625,111.34375,2101605
2077-01-02,111.15625,111.453125,110.90625,111.15625,1161938
2077-01-03,111.046875,111.203125,110.71875,110.875,1313926
2077-01-04,110.765625,111.296875,110.71875,111.171875,1634023
2077-01-05,111.328125,111.71875,111.125,111.625,1697599
2077-01-06,111.515625,112.03125,111.390625,111.984375,1081015
2077-01-07,111.984375,111.984375,111.984375,111.984375,1625586
2077-01-08,112.09375,112.15625,111.59375,111.71875,1127025
2077-01-09,111.625,111.734375,111.265625,111.59375,1236453
2077-01-10,111.71875,112.53125,111.5625,112.375,1508228
2077-01-11,112.515625,112.625,112.171875,112.453125,1306539
2077-01-12,112.21875,113.3125,112.1875,113.015625,1553054
2077-01-13,113.015625,113.328125,112.625,113.15625,1571850
2077-01-14,112.875,113.734375,112.859375,113.390625,1174270
2077-01-15,113.46875,113.625,113.1875,113.453125,354461
2077-01-16,113.375,114.96875,113.046875,114.59375,1765431
2077-01-17,114.671875,114.703125,113.453125,113.953125,2547889
2077-01-18,113.828125,114.015625,113.234375,113.421875,1782793
2077-01-19,113.359375,114.3125,113.140625,114.0,2000522
2077-01-20,114.109375,114.25,113.375,113.921875,618237
2077-01-21,113.34375,114.171875,113.25,113.890625,1236072
2077-01-22,114.078125,114.328125,113.6875,113.9375,1106811
2077-01-23,113.890625,114.125,113.4375,113.9375,1276885
2077-01-24,113.5,113.703125,113.171875,113.390625,1074153
2077-01-25,113.34375,113.46875,112.375,112.5625,1379683
2077-01-26,112.625,112.96875,112.15625,112.375,991786
2077-01-27,112.296875,113.90625,112.28125,113.609375,1127016
2077-01-28,113.703125,113.71875,111.96875,112.953125,1542253
2077-01-29,112.9375,113.171875,112.09375,112.390625,1215325
2077-01-30,112.09375,112.34375,111.734375,111.953125,896223
2077-01-31,111.859375,112.671875,111.828125,112.3125,568962
2077-02-01,112.625,113.03125,112.3125,112.828125,806767
2077-02-02,112.765625,113.6875,112.5,113.203125,967828
2077-02-03,113.515625,113.828125,113.171875,113.515625,665223
2077-02-04,113.3125,113.375,112.375,112.4375,548327
2077-02-05,112.453125,112.453125,112.015625,112.09375,121716
2077-02-06,112.203125,112.28125,111.5,111.59375,190867
2077-02-07,111.5625,112.34375,111.5625,112.21875,370546
2077-02-08,112.25,113.296875,112.21875,112.90625,395696
2077-02-09,113.015625,113.5625,112.96875,113.390625,189319
2077-02-10,113.4375,114.5,113.0625,114.390625,816994
2077-02-11,114.296875,114.578125,113.921875,114.34375,916555
2077-02-12,114.421875,115.234375,114.25,114.984375,1230992
2077-02-13,114.84375,115.25,114.671875,115.15625,1076770
2077-02-14,115.140625,115.703125,114.6875,115.15625,1222227
2077-02-15,115.625,115.734375,115.125,115.46875,1179016
2077-02-16,115.203125,115.453125,114.75,114.8125,1364268
2077-02-17,114.875,115.640625,114.796875,115.4375,1115885
2077-02-18,115.515625,115.765625,115.328125,115.5,760475
2077-02-19,115.484375,116.359375,115.484375,116.09375,1280544
2077-02-20,116.375,116.703125,115.78125,116.03125,1537787
2077-02-21,115.859375,116.828125,115.734375,116.546875,1499816
2077-02-22,116.71875,116.8125,116.234375,116.671875,937843
2077-02-23,117.25,118.515625,117.0625,117.828125,2063498
2077-02-24,118.1875,119.15625,116.734375,118.203125,2277289
2077-02-25,117.046875,117.75,116.015625,116.671875,1879355
2077-02-26,116.171875,117.234375,115.75,117.046875,1728900
2077-02-27,117.15625,117.5,116.75,117.0,946792
2077-02-28,116.9375,117.140625,116.21875,116.53125,1045980
2077-03-01,116.265625,116.8125,115.78125,116.0,1193690
2077-03-02,116.765625,117.328125,116.515625,116.71875,1461639
2077-03-03,116.984375,117.578125,116.515625,117.046875,1647300
2077-03-04,117.046875,117.046875,116.59375,116.8125,804856
2077-03-05,116.765625,117.78125,116.703125,117.4375,1313215
2077-03-06,117.5625,117.796875,117.15625,117.3125,1029594
2077-03-07,117.484375,117.8125,115.9375,116.53125,1563621
2077-03-08,116.234375,117.21875,116.234375,117.078125,1183400
2077-03-09,117.125,117.640625,116.875,117.328125,980403
2077-03-10,117.390625,117.453125,116.5,116.890625,1370498
2077-03-11,117.0625,117.265625,116.625,116.984375,1358736
2077-03-12,116.78125,116.96875,115.984375,116.234375,1633808
2077-03-13,116.296875,116.734375,116.078125,116.4375,1020002
2077-03-14,116.265625,116.421875,115.328125,115.625,1757938
2077-03-15,115.46875,115.90625,115.109375,115.296875,2021818
2077-03-16,115.46875,116.734375,115.234375,116.484375,1775630
2077-03-17,116.578125,116.96875,116.234375,116.5,1244124
2077-03-18,116.359375,116.40625,115.453125,115.625,1405807
2077-03-19,115.625,116.109375,115.3125,115.953125,1703387
2077-03-20,115.984375,116.8125,115.6875,116.0625,1916436
2077-03-21,115.984375,117.546875,115.984375,117.140625,2086539
2077-03-22,117.53125,118.828125,117.53125,118.6875,656537
2077-03-23,117.375,117.4375,116.78125,117.203125,1056622
2077-03-24,117.046875,117.5625,116.578125,117.03125,1295711
2077-03-25,116.6875,117.21875,116.171875,116.390625,1628101
2077-03-26,116.3125,117.125,116.3125,116.765625,1345314
2077-03-27,117.015625,117.90625,116.734375,117.484375,1428292
2077-03-28,117.609375,118.390625,117.46875,118.234375,1057189
2077-03-29,118.125,118.25,116.65625,116.890625,1511488
2077-03-30,116.875,118.296875,116.71875,117.90625,1178252
2077-03-31,118.03125,118.703125,117.5625,117.8125,1492362
2077-04-01,117.9375,119.375,117.734375,119.09375,1586871
2077-04-02,119.0625,120.03125,118.734375,119.828125,1093773
2077-04-03,119.703125,119.828125,118.703125,118.921875,1188601
2077-04-04,118.71875,119.828125,118.65625,119.625,1274707
2077-04-05,119.734375,119.96875,119.421875,119.828125,602753
2077-04-06,119.5625,119.5625,117.828125,118.21875,588347
2077-04-07,117.96875,118.6875,117.9375,118.53125,724395
2077-04-08,118.4375,118.953125,118.3125,118.65625,739208
2077-04-09,118.90625,118.96875,118.078125,118.359375,956368
2077-04-10,118.359375,118.9375,118.046875,118.703125,606324
2077-04-11,118.859375,119.34375,118.671875,118.953125,761339
2077-04-12,119.015625,119.09375,117.390625,117.71875,1210838
2077-04-13,117.546875,117.859375,117.125,117.421875,976186
2077-04-14,117.34375,117.984375,117.21875,117.421875,738992
2077-04-15,117.515625,118.53125,117.296875,118.3125,1080793
2077-04-16,118.375,118.375,117.015625,117.484375,718161
2077-04-17,117.5625,117.953125,117.359375,117.46875,653182
2077-04-18,117.359375,118.4375,117.1875,118.1875,889402
2077-04-19,118.140625,118.4375,117.328125,117.546875,908728
2077-04-20,117.4375,118.4375,117.328125,118.203125,782325
2077-04-21,118.28125,118.65625,117.78125,117.921875,745170
2077-04-22,117.90625,118.234375,117.171875,117.40625,948799
2077-04-23,117.1875,117.46875,116.453125,116.59375,1085169
2077-04-24,116.5625,116.796875,116.078125,116.359375,985254
2077-04-25,116.40625,116.5625,115.25,116.140625,929241
2077-04-26,116.21875,116.5,115.90625,116.390625,687259
2077-04-27,116.28125,116.546875,115.953125,116.25,842245
2077-04-28,116.28125,116.5,115.828125,116.078125,777223
2077-04-29,116.03125,116.234375,115.03125,115.3125,1115396
2077-04-30,115.296875,115.4375,114.625,115.0625,859990
2077-05-01,114.953125,115.46875,114.84375,115.34375,544093
2077-05-02,115.328125,115.796875,115.25,115.390625,642315
2077-05-03,115.40625,116.03125,114.9375,115.8125,859868
2077-05-04,115.9375,116.359375,115.515625,115.734375,790698
2077-05-05,115.5625,116.109375,114.640625,114.96875,1158164
2077-05-06,114.921875,115.4375,114.671875,115.078125,595022
2077-05-07,114.953125,115.46875,114.609375,114.84375,777833
2077-05-08,114.671875,115.296875,114.453125,115.109375,947165
2077-05-09,115.234375,116.03125,115.109375,115.796875,1096700
2077-05-10,115.875,116.40625,115.859375,116.0625,862224
2077-05-11,116.109375,116.34375,115.78125,116.03125,684455
2077-05-12,115.84375,116.203125,114.828125,114.921875,1189697
2077-05-13,114.859375,115.21875,114.3125,114.5625,1378270
2077-05-14,114.75,115.46875,114.390625,115.28125,1140539
2077-05-15,115.40625,115.796875,114.828125,115.21875,1284705
2077-05-16,115.21875,115.59375,114.96875,115.40625,849377
2077-05-17,115.390625,116.0,115.203125,115.96875,1199782
2077-05-18,115.96875,116.0625,115.4375,115.640625,1217396
2077-05-19,115.6875,115.8125,114.484375,114.734375,1389437
2077-05-20,114.71875,115.5625,114.484375,115.515625,1062776
2077-05-21,115.46875,115.546875,114.65625,114.8125,1359148
2077-05-22,114.8125,114.984375,113.921875,114.125,1732285
2077-05-23,114.09375,114.171875,113.125,113.703125,1917593
2077-05-24,113.703125,114.21875,113.671875,113.953125,432519
2077-05-25,112.28125,113.46875,112.234375,113.296875,1245253
2077-05-26,113.296875,114.28125,112.875,114.140625,1644941
2077-05-27,114.140625,114.46875,113.53125,113.921875,1508631
2077-05-28,113.71875,113.859375,112.984375,113.25,1098603
2077-05-29,113.15625,114.265625,112.5625,114.0,1253052
2077-05-30,114.21875,114.453125,112.9375,113.28125,1156379
2077-05-31,113.078125,113.25,112.15625,112.296875,986309
2077-06-01,112.234375,113.109375,112.0,112.5625,1062737
2077-06-02,112.546875,112.6875,111.25,111.484375,1110600
2077-06-03,111.40625,111.9375,111.015625,111.15625,1006408
2077-06-04,111.296875,111.6875,111.15625,111.359375,645503
2077-06-05,111.171875,112.0,111.171875,111.75,944877
2077-06-06,111.859375,112.59375,111.640625,112.40625,945888
2077-06-07,112.5625,112.765625,111.71875,111.859375,989674
2077-06-08,111.953125,112.65625,111.875,112.484375,857210
2077-06-09,112.21875,112.625,112.125,112.25,654965
2077-06-10,112.25,113.125,112.109375,112.9375,862756
2077-06-11,113.046875,113.09375,112.078125,112.78125,923322
2077-06-12,112.9375,113.8125,112.65625,113.65625,1056912
2077-06-13,113.640625,114.203125,113.515625,113.828125,963868
2077-06-14,113.90625,114.171875,113.578125,113.921875,901542
2077-06-15,113.890625,114.59375,113.703125,113.875,1232191
2077-06-16,113.890625,114.265625,113.53125,114.21875,958065
2077-06-17,114.25,114.5625,113.875,114.359375,921215
2077-06-18,114.296875,114.953125,114.25,114.359375,23708
2077-06-19,114.59375,115.453125,114.171875,114.84375,991569
2077-06-20,114.96875,115.375,114.765625,115.234375,974771
2077-06-21,115.125,115.765625,114.84375,115.5,930863
2077-06-22,115.671875,115.875,115.3125,115.671875,1076881
2077-06-23,115.65625,115.78125,114.203125,114.421875,1389877
2077-06-24,114.15625,115.390625,113.78125,114.96875,1229133
2077-06-25,115.109375,116.0625,114.953125,115.421875,1203722
2077-06-26,115.59375,115.765625,114.640625,114.875,1168307
2077-06-27,114.828125,115.0,113.734375,113.890625,1171065
2077-06-28,114.234375,114.453125,113.4375,113.609375,1086041
2077-06-29,113.59375,114.0625,113.328125,113.765625,718554
2077-06-30,113.921875,114.28125,113.25,113.46875,882641
2077-07-01,113.390625,113.421875,112.84375,113.015625,965203
2077-07-02,113.234375,114.296875,113.125,114.15625,995122
2077-07-03,114.21875,114.5,113.375,113.4375,1105564
2077-07-04,113.421875,114.46875,113.390625,114.265625,797229
2077-07-05,114.453125,114.46875,113.6875,114.109375,851320
2077-07-06,114.15625,114.40625,113.5,114.109375,1059677
2077-07-07,114.125,115.140625,113.96875,114.828125,1146131
2077-07-08,115.03125,115.296875,114.578125,115.03125,1029427
2077-07-09,115.09375,115.3125,114.78125,114.84375,674956
2077-07-10,114.90625,115.015625,114.515625,114.703125,681195
2077-07-11,114.546875,114.90625,114.0625,114.484375,960931
2077-07-12,114.4375,115.75,114.4375,115.59375,1128914
2077-07-13,115.640625,115.78125,115.265625,115.3125,826763
2077-07-14,115.453125,115.625,114.53125,114.875,655134
2077-07-15,114.84375,115.828125,114.828125,115.71875,805504
2077-07-16,115.796875,116.015625,115.25,115.40625,806090
2077-07-17,115.453125,115.953125,115.1875,115.8125,785906
2077-07-18,115.8125,116.453125,115.65625,116.09375,597848
2077-07-19,116.203125,116.484375,116.015625,116.390625,478491
2077-07-20,116.375,116.671875,116.140625,116.265625,777804
2077-07-21,116.328125,116.84375,116.09375,116.65625,778772
2077-07-22,116.59375,116.859375,116.125,116.3125,890819
2077-07-23,116.359375,116.46875,115.765625,116.015625,852555
2077-07-24,116.03125,117.046875,115.953125,116.8125,910191
2077-07-25,116.875,117.015625,116.515625,116.78125,975012
2077-07-26,116.8125,117.109375,116.296875,116.984375,1447992
2077-07-27,117.03125,117.046875,116.515625,116.828125,1204173
2077-07-28,116.9375,117.203125,116.25,116.6875,342186
2077-07-29,115.5,116.3125,114.984375,116.21875,1171654
2077-07-30,116.203125,116.65625,116.046875,116.609375,857236
2077-07-31,116.484375,117.09375,116.28125,116.9375,846616
2077-08-01,117.140625,117.75,116.15625,116.625,1234836
2077-08-02,115.78125,116.5625,114.75,116.421875,1388722
2077-08-03,116.359375,117.109375,115.84375,116.921875,1149126
2077-08-04,117.078125,117.171875,116.15625,116.515625,1282755
2077-08-05,116.515625,117.328125,116.40625,116.6875,1260986
2077-08-06,116.46875,116.875,115.78125,115.984375,1303595
2077-08-07,117.3125,118.71875,116.875,118.03125,1210205
2077-08-08,118.609375,119.359375,117.203125,117.703125,1543836
2077-08-09,118.046875,119.0625,117.078125,118.5625,1190016
2077-08-10,118.484375,118.984375,117.515625,118.484375,1139831
2077-08-11,117.6875,117.703125,115.109375,115.640625,1205308
2077-08-12,115.28125,115.640625,114.515625,115.140625,828022
2077-08-13,115.109375,115.484375,114.578125,114.859375,909342
2077-08-14,114.859375,115.65625,114.578125,115.234375,738129
2077-08-15,114.984375,115.15625,114.015625,114.34375,870787
2077-08-16,114.4375,115.078125,114.3125,114.8125,607197
2077-08-17,114.5,118.0,114.28125,116.578125,957117
2077-08-18,116.609375,116.796875,114.4375,114.625,804460
2077-08-19,114.734375,115.984375,114.578125,115.09375,787990
2077-08-20,115.1875,115.75,114.84375,115.5,726071
2077-08-21,115.625,116.4375,114.734375,116.0,915336
2077-08-22,116.4375,118.046875,116.375,117.96875,824584
2077-08-23,117.515625,117.578125,116.546875,117.140625,863292
2077-08-24,117.140625,118.0625,114.25,114.9375,1375860
2077-08-25,115.359375,115.40625,113.5,113.53125,792911
2077-08-26,114.25,114.9375,112.640625,113.546875,654871
2077-08-27,113.140625,113.140625,112.1875,112.25,104270
2077-08-28,112.203125,112.84375,111.5625,112.140625,583558
2077-08-29,111.765625,112.484375,111.5,111.96875,594258
2077-08-30,112.40625,112.78125,111.390625,112.296875,702897
2077-08-31,112.109375,112.890625,111.46875,111.921875,571559
2077-09-01,112.078125,113.3125,111.59375,113.015625,472568
2077-09-02,113.1875,114.546875,113.03125,114.5,588416
2077-09-03,114.25,115.34375,114.1875,115.25,575139
2077-09-04,115.1875,115.96875,114.6875,115.84375,667760
2077-09-05,114.9375,116.5,114.875,115.125,585635
2077-09-06,115.34375,115.953125,114.734375,115.125,453146
2077-09-07,115.25,115.453125,114.09375,114.359375,606093
2077-09-08,114.3125,115.171875,113.859375,114.0625,556249
2077-09-09,114.265625,114.3125,113.328125,113.578125,491083
2077-09-10,113.375,114.6875,113.03125,113.078125,603764
2077-09-11,113.109375,113.90625,112.859375,113.796875,312757
2077-09-12,113.78125,115.4375,113.375,115.125,451231
2077-09-13,115.234375,115.75,114.71875,115.453125,534388
2077-09-14,115.375,115.96875,114.734375,115.453125,485787
2077-09-15,115.578125,115.953125,114.8125,115.0625,502575
2077-09-16,114.78125,115.734375,114.390625,115.53125,330046
2077-09-17,115.53125,116.15625,115.46875,116.0,98536
2077-09-18,115.734375,116.890625,115.59375,116.65625,495511
2077-09-19,116.796875,117.3125,115.921875,116.40625,644247
2077-09-20,116.125,117.5,116.109375,116.921875,491582
2077-09-21,117.390625,117.6875,116.953125,117.453125,391834
2077-09-22,117.609375,118.640625,117.5625,118.46875,569275
2077-09-23,118.40625,119.609375,118.375,119.25,728414
2077-09-24,119.546875,121.796875,119.3125,120.71875,985951
2077-09-25,121.390625,121.484375,119.90625,120.484375,676678
2077-09-26,120.046875,120.375,119.234375,119.390625,605288
2077-09-27,119.46875,121.75,119.421875,121.171875,921709
2077-09-28,121.125,122.75,120.953125,122.359375,588171
2077-09-29,122.3125,123.171875,121.875,122.890625,124842
2077-09-30,120.890625,123.296875,120.796875,122.53125,627378
2077-10-01,122.484375,123.125,122.015625,122.78125,520599
2077-10-02,122.921875,123.75,122.28125,123.46875,512025
2077-10-03,123.5625,124.578125,123.28125,124.359375,486437
2077-10-04,124.328125,124.640625,122.625,123.046875,571725
2077-10-05,122.84375,123.28125,121.890625,122.765625,359403
2077-10-06,122.84375,123.703125,122.296875,123.34375,364428
2077-10-07,123.46875,123.484375,122.078125,122.796875,435695
2077-10-08,122.6875,124.3125,122.5,123.96875,537840
2077-10-09,124.265625,125.421875,122.78125,124.34375,555781
2077-10-10,124.296875,125.234375,124.03125,124.71875,277295
2077-10-11,124.859375,127.15625,124.671875,126.625,371263
2077-10-12,126.96875,128.40625,126.703125,127.546875,427740
2077-10-13,127.640625,128.703125,127.3125,128.0,321307
2077-10-14,127.96875,128.234375,126.796875,126.984375,253925
2077-10-15,126.859375,127.453125,126.640625,126.921875,154697
2077-10-16,126.796875,127.265625,126.5625,127.140625,137651
2077-10-17,126.875,127.34375,125.6875,126.71875,33032
2077-10-18,126.640625,127.375,126.640625,127.328125,32837
2077-10-19,127.234375,128.3125,127.125,127.75,96299
2077-10-20,127.609375,127.984375,126.890625,127.296875,118899
2077-10-21,127.671875,127.734375,125.515625,125.75,115346
2077-10-22,126.328125,126.765625,124.25,124.296875,206154
2077-10-23,124.5,124.78125,123.625,124.171875,400874
2077-10-24,124.359375,124.90625,123.28125,124.359375,444146
2077-10-25,124.78125,124.875,124.015625,124.484375,372027
2077-10-26,124.328125,125.6875,124.265625,125.3125,509890
2077-10-27,125.203125,126.34375,124.875,125.546875,482592
2077-10-28,125.625,126.359375,125.109375,126.328125,316431
2077-10-29,126.234375,126.359375,125.75,126.21875,366535
2077-10-30,126.28125,127.484375,125.8125,126.96875,508269
2077-10-31,127.125,127.515625,126.71875,127.015625,454528
2077-11-01,126.859375,126.875,125.40625,126.53125,513810
2077-11-02,125.828125,126.421875,124.5,126.265625,692677
2077-11-03,125.96875,125.96875,124.578125,124.75,496284
2077-11-04,124.671875,125.0625,123.703125,124.140625,684783
2077-11-05,124.25,124.765625,123.328125,123.90625,598290
2077-11-06,123.890625,124.109375,123.171875,123.65625,490652
2077-11-07,123.59375,124.75,123.34375,124.71875,461231
2077-11-08,124.484375,124.9375,123.578125,123.84375,575605
2077-11-09,123.796875,124.046875,122.34375,122.828125,587778
2077-11-10,122.53125,123.578125,122.453125,122.671875,556565
2077-11-11,122.65625,123.921875,122.609375,123.71875,389943
2077-11-12,123.8125,123.828125,122.109375,122.546875,493337
2077-11-13,122.1875,122.546875,121.53125,122.109375,627179
2077-11-14,121.96875,122.75,121.875,122.375,490157
2077-11-15,122.28125,122.578125,121.578125,121.828125,515504
2077-11-16,121.8125,122.03125,121.296875,121.5625,364737
2077-11-17,121.703125,123.421875,121.59375,123.09375,740724
2077-11-18,123.25,123.9375,123.078125,123.671875,574587
2077-11-19,123.6875,124.328125,123.53125,124.15625,654431
2077-11-20,123.640625,123.84375,122.53125,122.703125,514292
2077-11-21,123.015625,124.671875,122.625,124.4375,688889
2077-11-22,124.546875,124.78125,123.25,123.671875,806978
2077-11-23,123.359375,123.640625,122.25,122.53125,798006
2077-11-24,122.609375,124.15625,122.5625,123.3125,823669
2077-11-25,123.09375,123.40625,122.359375,123.171875,710141
2077-11-26,123.234375,123.796875,122.71875,122.859375,778143
2077-11-27,122.796875,123.0625,121.546875,121.625,1000549
2077-11-28,121.8125,122.046875,121.078125,121.71875,991138
2077-11-29,121.671875,122.515625,121.40625,121.703125,286061
2077-11-30,120.25,121.734375,120.234375,121.359375,655046
2077-12-01,121.625,121.71875,120.875,121.015625,665923
2077-12-02,121.390625,121.40625,120.03125,120.265625,694831
2077-12-03,120.5625,122.15625,120.25,121.859375,791340
2077-12-04,121.953125,122.46875,121.4375,121.890625,830264
2077-12-05,121.578125,121.9375,121.046875,121.640625,578376
2077-12-06,121.796875,121.8125,120.65625,120.828125,585296
2077-12-07,120.640625,121.640625,120.390625,121.421875,755301
2077-12-08,121.46875,122.40625,121.328125,121.828125,777363
2077-12-09,121.953125,122.390625,121.109375,121.984375,698533
2077-12-10,122.109375,122.265625,121.25,121.53125,572546
2077-12-11,121.46875,121.859375,120.828125,120.9375,656028
2077-12-12,120.84375,126.125,120.75,125.328125,1030466
2077-12-13,124.890625,125.5,124.4375,124.53125,891011
2077-12-14,124.484375,124.96875,124.375,124.578125,520145
2077-12-15,124.5,124.84375,124.09375,124.28125,418132
2077-12-16,124.203125,124.34375,123.453125,124.1875,717232
2077-12-17,123.828125,124.015625,122.8125,123.171875,722581
2077-12-18,123.046875,123.78125,122.75,123.65625,667485
2077-12-19,123.5625,123.9375,123.125,123.328125,433433
2077-12-20,123.46875,124.171875,123.328125,123.765625,510346
2077-12-21,123.71875,124.21875,123.5,124.078125,437242
2077-12-22,124.21875,124.421875,123.90625,124.28125,485860
2077-12-23,124.21875,124.5625,123.15625,123.375,605812
2077-12-24,123.328125,123.40625,121.953125,121.96875,753270
2077-12-25,122.140625,122.4375,121.8125,121.84375,474417
2077-12-26,121.96875,122.421875,121.921875,122.1875,415202
2077-12-27,122.1875,122.828125,122.109375,122.75,516614
2077-12-28,122.65625,122.75,121.921875,122.328125,505952
2077-12-29,122.1875,123.28125,122.1875,123.109375,333548
2077-12-30,123.046875,123.71875,122.875,123.59375,481761
2077-12-31,123.578125,123.859375,123.265625,123.796875,523504
2078-01-01,123.75,123.78125,123.03125,123.21875,504920
2078-01-02,123.171875,123.3125,122.0625,122.28125,584160
2078-01-03,122.21875,123.203125,122.15625,123.03125,501166
2078-01-04,123.046875,123.46875,122.3125,122.40625,689667
2078-01-05,122.390625,122.625,121.84375,121.921875,640309
2078-01-06,122.03125,122.1875,121.53125,122.078125,671530
2078-01-07,122.078125,122.171875,121.40625,121.546875,485530
2078-01-08,121.703125,122.34375,121.65625,122.296875,609303
2078-01-09,122.28125,122.703125,121.53125,121.671875,686531
2078-01-10,121.59375,121.953125,120.5,121.125,770215
2078-01-11,121.03125,121.25,120.546875,120.9375,641782
2078-01-12,121.0,121.109375,120.453125,120.75,382000
2078-01-13,120.796875,121.046875,120.53125,120.90625,371714
2078-01-14,120.84375,121.109375,120.5625,120.953125,472845
2078-01-15,120.890625,121.4375,120.59375,121.109375,613013
2078-01-16,120.953125,121.0625,119.875,120.25,858139
2078-01-17,120.03125,120.65625,119.703125,120.359375,679021
2078-01-18,120.421875,121.375,120.40625,121.265625,499495
2078-01-19,121.25,121.5,120.859375,121.296875,574302
2078-01-20,121.234375,121.90625,120.953125,121.734375,649050
2078-01-21,121.625,122.0625,121.484375,121.671875,528079
2078-01-22,121.796875,121.921875,121.1875,121.515625,531520
2078-01-23,121.453125,121.75,120.578125,120.828125,556584
2078-01-24,120.671875,120.765625,120.328125,120.65625,645954
2078-01-25,120.59375,121.203125,120.375,120.953125,716545
2078-01-26,120.9375,121.34375,119.65625,119.921875,1080205
2078-01-27,119.78125,120.109375,119.078125,119.171875,673648
2078-01-28,119.15625,119.578125,118.296875,118.734375,990408
2078-01-29,118.3125,118.6875,117.140625,117.515625,1502078
2078-01-30,117.328125,118.03125,116.9375,117.515625,1469628
2078-01-31,117.734375,118.75,117.625,118.625,319268
2078-02-01,116.78125,116.875,115.25,115.421875,885901
2078-02-02,115.65625,115.984375,115.203125,115.59375,930836
2078-02-03,115.6875,116.375,115.484375,116.171875,880703
2078-02-04,116.203125,116.21875,114.765625,115.015625,733062
2078-02-05,114.9375,115.078125,113.3125,113.40625,1129235
2078-02-06,113.484375,113.8125,112.984375,113.25,614682
2078-02-07,113.25,113.875,113.25,113.6875,581536
2078-02-08,113.671875,113.703125,112.859375,113.375,791808
2078-02-09,113.296875,114.34375,112.796875,114.03125,872250
2078-02-10,114.0625,114.625,114.0,114.34375,574693
2078-02-11,114.34375,114.90625,114.125,114.8125,517590
2078-02-12,114.75,115.296875,114.296875,115.078125,708024
2078-02-13,115.234375,115.78125,114.796875,115.34375,844828
2078-02-14,115.171875,115.265625,113.859375,114.015625,922654
2078-02-15,114.03125,114.53125,113.59375,114.375,612918
2078-02-16,114.4375,115.25,114.25,115.140625,538689
2078-02-17,115.21875,115.59375,114.84375,115.484375,701532
2078-02-18,115.515625,116.09375,114.984375,115.1875,831128
2078-02-19,115.171875,116.34375,114.828125,116.203125,905455
2078-02-20,116.234375,116.515625,115.828125,116.40625,644965
2078-02-21,116.296875,116.71875,116.109375,116.453125,521032
2078-02-22,116.484375,116.609375,115.765625,116.265625,880715
2078-02-23,116.265625,116.375,115.671875,116.265625,701172
