closed_trades,cum_open_open_pnl,current_peak_date,date,drawdown_abs,drawdown_pct,equity,filled_orders,ga_bull,ga_cooldown,ga_mult,ga_pos_pct,ga_pos_size,ga_sigma_ann,ga_stop,ga_target_pct,mr09_active_weight,mr09_atr_pct,mr09_atr_q,mr09_cooldown,mr09_freeze,mr09_loss_streak,mr09_perf_ema,mr09_pos_pct,mr09_pos_size,mr09_signal_strength,mr09_stop,mr09_z_score,mr_pos_pct,mr_pos_size,mr_stop,mr_target_pct,mr_z_score,portfolio_cum_open_open_pnl,running_peak_equity,submitted_orders,tf_active_weight,tf_cooldown,tf_freeze,tf_hot_score,tf_loss_streak,tf_perf_ema,tf_pos_pct,tf_pos_size,tf_score,tf_signal_strength,tf_stop,tf_target_pct,tf_trend_up,version
,0.0,2075-07-29,2075-07-29,0.0,0.0,1000000.0,,False,0,0.6,0.0,0.0,,,0.0,,,,,,,,,,,,,0.0,0.0,,0.23717389190580065,1.9969562717457565,0.0,1000000.0,BUY series_1 size=8214.0000,,,,,,,0.0,0.0,,,22.607074330918522,0.1984591004114273,True,V2
,-328.56000000002217,2075-07-29,2075-07-30,492.8400000000838,0.0004928400000000838,999507.1599999999,BUY series_1 fill_size=8214.0000 fill_px=24.1000,False,0,0.6,0.0,0.0,,,0.0,,,,,,,,,,,,,0.0,0.0,,0.24063946450562018,1.8784636204911918,-328.56000000002217,1000000.0,,,,,,,,0.19756192641981676,8214.0,,,22.607074330918522,0.19393143542106409,True,V2
,-6489.059999999993,2075-07-29,2075-07-31,3811.295999999973,0.003811295999999973,996188.704,,False,0,0.6,0.0,0.0,,,0.0,,,,,,,,,,,,,0.0,0.0,,0.23290622630659777,1.013428316960089,-6817.620000000015,1000000.0,,,,,,,,0.19508677343926195,8214.0,,,22.607074330918522,0.19222300233522785,True,V2
,2053.5,2075-07-29,2075-08-01,4468.415999999968,0.004468415999999968,995531.584,,False,0,0.6,0.0,0.0,,,0.0,,,,,,,,,,,,,0.0,0.0,,0.23825906644412356,1.4563605502217576,-4764.120000000015,1000000.0,,,,,,,,0.19455547479646812,8214.0,,,22.607074330918522,0.19218615066748257,True,V2
,5667.660000000011,2075-08-02,2075-08-02,0.0,0.0,1000542.1240000001,,False,0,0.6,0.0,0.0,,,0.0,,,,,,,,,,,,,0.0,0.0,,0.238865322952561,1.8586638234238024,903.5399999999954,1000542.1240000001,,,,,,,,0.19858900013688977,8214.0,,,22.607074330918522,0.18704340171995829,True,V2
,-2546.340000000019,2075-08-02,2075-08-03,2464.20000000007,0.0024628648218713773,998077.924,,False,0,0.6,0.0,0.0,,,0.0,,,,,,,,,,,,,0.0,0.0,,0.24056752368050713,1.3899146287813458,-1642.8000000000234,1000542.1240000001,,,,,,,,0.19661036005441193,8214.0,,,22.607074330918522,0.18901819853268537,True,V2
,1396.380000000014,2075-08-02,2075-08-04,1314.2399999999907,0.0013135279049980215,999227.8840000001,,False,0,0.6,0.0,0.0,,,0.0,,,,,,,,,,,,,0.0,0.0,,0.23462295966612146,0.8514287799808204,-246.4200000000094,1000542.1240000001,,,,,,,,0.19753493988764628,8214.0,,,22.607074330918522,0.193227104106989,True,V2
,3367.740000000001,2075-08-05,2075-08-05,0.0,0.0,1002184.924,,False,0,0.6,0.0,0.0,,,0.0,,,,,,,,,,,,,0.0,0.0,,0.23878677995603506,0.5437071710332656,3121.3199999999915,1002184.924,,,,,,,,0.19990268781971818,8214.0,,,22.78120752454927,0.1933911211427631,True,V2
,-739.2599999999989,2075-08-06,2075-08-06,0.0,0.0,1002595.6240000001,,False,0,0.6,0.0,0.0,,,0.0,,,,,,,,,,,,,0.0,0.0,,0.22820912247192132,-0.2607008090089474,2382.0599999999927,1002595.6240000001,,,,,,,,0.2002304370720054,8214.0,,,22.869335558510038,0.1984917894148768,True,V2
,492.8399999999895,2075-08-06,2075-08-07,1067.8200000000652,0.0010650555163405193,1001527.804,,False,0,0.6,0.0,0.0,,,0.0,,,,,,,,,,,,,0.0,0.0,,0.23576384486936727,-0.3486272296577689,2874.8999999999824,1002595.6240000001,,,,,,,,0.19937772990673755,8214.0,,,22.869335558510038,0.20436610355404736,True,V2
,-3285.5999999999885,2075-08-06,2075-08-08,3778.4400000000605,0.0037686579808970523,998817.184,,False,0,0.6,0.0,0.0,,,0.0,,,,,,,,,,,,,0.0,0.0,,0.23862441702257686,0.1542851355549003,-410.7000000000062,1002595.6240000001,,,,,,,,0.19720497720231453,8214.0,,,22.869335558510038,0.20175718165929354,True,V2
,-4107.0,2075-08-06,2075-08-09,7885.4400000000605,0.00786502535143726,994710.184,,False,0,0.6,0.0,0.0,,,0.0,,,,,,,,,,,,,0.0,0.0,,0.24275501165434213,-0.10246878178556224,-4517.700000000006,1002595.6240000001,,,,,,,,0.19389036435159288,8214.0,,,22.869335558510038,0.19539778752834425,True,V2
,574.9800000000023,2075-08-06,2075-08-10,5585.520000000019,0.005571059623934702,997010.104,,False,0,0.6,0.0,0.0,,,0.0,,,,,,,,,,,,,0.0,0.0,,0.2364173076151834,-0.8312382285187581,-3942.720000000004,1002595.6240000001,,,,,,,,0.19574991187852597,8214.0,,,22.869335558510038,0.19507238082758827,True,V2
,1314.2400000000011,2075-08-06,2075-08-11,5421.239999999991,0.0054072049291130665,997174.3840000001,,False,0,0.6,0.0,0.0,,,0.0,,,,,,,,,,,,,0.0,0.0,,0.24489946491607714,-0.5737702476313555,-2628.4800000000027,1002595.6240000001,,,,,,,,0.19588240846748425,8214.0,,,22.869335558510038,0.19754080518876332,True,V2
,-2053.5,2075-08-06,2075-08-12,7474.739999999991,0.0074553886143831705,995120.8840000001,,False,0,0.6,0.0,0.0,,,0.0,,,,,,,,,,,,,0.0,0.0,,0.24476577879141814,-0.7843358890434359,-4681.980000000003,1002595.6240000001,,,,,,,,0.19422305682411947,8214.0,,,22.869335558510038,0.20117796454262832,True,V2
,-1067.820000000021,2075-08-06,2075-08-13,8706.840000000084,0.008684298825545327,993888.784,,False,0,0.6,0.0,0.0,,,0.0,,,,,,,,,,,,,0.0,0.0,,0.2514995717793287,-0.6790660975982424,-5749.800000000025,1002595.6240000001,,,,,,,,0.19322415454484088,8214.0,,,22.869335558510038,0.20725781901849707,True,V2
,-821.3999999999825,2075-08-06,2075-08-14,9117.540000000037,0.0090939355625993,993478.084,,False,0,0.6,0.0,0.0,,,0.0,,,,,,,,,,,,,0.0,0.0,,0.23500746705237183,-1.4287797734046794,-6571.200000000007,1002595.6240000001,BUY series_1 size=928.0000,,,,,,,0.19289063652862623,8214.0,,,22.869335558510038,0.2146898393231474,True,V2
,-2651.179999999992,2075-08-06,2075-08-15,13386.44000000006,0.013351783789553085,989209.184,BUY series_1 fill_size=928.0000 fill_px=23.3000,False,0,0.6,0.0,0.0,,,0.0,,,,,,,,,,,,,0.0,0.0,,0.24300449585678802,-1.4700477886728054,-9222.38,1002595.6240000001,SELL series_1 size=9142.0000 | SELL series_1 size=9142.0000,,,,,,,0.21126585092440872,9142.0,,,,0.21240273248191793,False,V2
CLOSE series_1 pnl_net=-9222.38,-91.41999999998181,2075-08-06,2075-08-16,12117.69599999988,0.012086324446195547,990477.9280000002,SELL series_1 fill_size=9142.0000 fill_px=23.0100 | SELL series_1 fill_size=9142.0000 fill_px=23.0100,False,0,0.6,0.0,0.0,,,0.0,,,,,,,,,,,,,0.0,0.0,,0.24472793481032237,-1.4465725583839055,-9313.799999999981,1002595.6240000001,BUY series_1 size=18539.0000 | BUY series_1 size=9142.0000,,,,,,,-0.21247201381351727,-9142.0,,,,0.21841090354456033,False,V2
CLOSE series_1 pnl_net=-91.42,-2410.0699999999815,2075-08-06,2075-08-17,16551.755999999936,0.016508905089735296,986043.8680000001,BUY series_1 fill_size=18539.0000 fill_px=23.0200 | BUY series_1 fill_size=9142.0000 fill_px=23.0200,False,0,0.6,0.0,0.0,,,0.0,,,,,,,,,,,,,0.0,0.0,303.20479758123054,0.24457210975653162,-1.8011363862963214,-11723.869999999963,1002595.6240000001,SELL series_1 size=8811.0000 | SELL series_1 size=18539.0000 | BUY series_10 size=770.0000,,,,,,,0.42942385601854377,18539.0,,,,0.22531557706787164,False,V2
CLOSE series_1 pnl_net=-2410.07,-4989.709999999995,2075-08-06,2075-08-18,21456.345999999903,0.021400797576191996,981139.2780000002,SELL series_1 fill_size=8811.0000 fill_px=22.8900 | SELL series_1 fill_size=18539.0000 fill_px=22.8900 | BUY series_10 fill_size=770.0000 fill_px=313.5000,False,0,0.6,0.0,0.0,,,0.0,,,,,,,,,,,,,0.24583920490032604,770.0,303.7258834682855,0.2517342955865472,-1.7243020552342023,-16713.579999999958,1002595.6240000001,BUY series_1 size=18126.0000 | BUY series_1 size=8811.0000,,,,,,,-0.2113082562779634,-8811.0,,,,0.2233989911429789,False,V2
CLOSE series_1 pnl_net=-5374.71,-12268.059999999978,2075-08-06,2075-08-19,33583.575999999885,0.03349663133977521,969012.0480000002,BUY series_1 fill_size=18126.0000 fill_px=23.5000 | BUY series_1 fill_size=8811.0000 fill_px=23.5000,False,0,0.6,0.0,0.0,,,0.0,,,,,,,,,,,,,0.2473266462420702,770.0,303.7258834682855,0.2539826071430325,-1.8255454615031164,-28981.639999999934,1002595.6240000001,SELL series_1 size=9120.0000 | SELL series_1 size=18126.0000,,,,,,,0.429107605894287,18126.0,,,,0.21319118475658744,False,V2
CLOSE series_1 pnl_net=-10150.56,1611.3000000000184,2075-08-06,2075-08-20,32406.91999999981,0.03232302158940982,970188.7040000003,SELL series_1 fill_size=9120.0000 fill_px=22.9400 | SELL series_1 fill_size=18126.0000 fill_px=22.9400,False,0,0.6,0.0,0.0,,,0.0,,,,,,,,,,,,,0.24603461060292858,770.0,303.7258834682855,0.257381611035425,-1.829779315247708,-27370.339999999916,1002595.6240000001,BUY series_1 size=18450.0000 | BUY series_1 size=9120.0000,,,,,,,-0.2131032851110169,-9120.0,,,,0.2180297385034153,False,V2
CLOSE series_1 pnl_net=2188.80,3962.5000000000264,2075-08-06,2075-08-21,28341.019999999786,0.02826764781490786,974254.6040000003,BUY series_1 fill_size=18450.0000 fill_px=22.7000 | BUY series_1 fill_size=9120.0000 fill_px=22.7000,False,0,0.6,0.0,0.0,,,0.0,,,,,,,,,,,,,0.2473788668901173,770.0,303.82389430751573,0.2610729868786158,-1.4734268631886023,-23407.83999999989,1002595.6240000001,SELL series_1 size=8793.0000 | SELL series_1 size=18450.0000,,,,,,,0.431965626102394,18450.0,,,,0.22608931801954307,False,V2
CLOSE series_1 pnl_net=1845.00,45.1900000000162,2075-08-06,2075-08-22,28723.239999999758,0.02864887828395285,973872.3840000003,SELL series_1 fill_size=8793.0000 fill_px=22.8000 | SELL series_1 fill_size=18450.0000 fill_px=22.8000,False,0,0.6,0.0,0.0,,,0.0,,,,,,,,,,,,,0.2490572727853426,770.0,305.89004471412176,0.2646490357581577,-1.2318815925089461,-23362.649999999874,1002595.6240000001,BUY series_1 size=18359.0000 | BUY series_1 size=8793.0000,,,,,,,-0.20730362963038895,-8793.0,,,,0.2255354300861002,False,V2
CLOSE series_1 pnl_net=-1494.81,-7888.97999999998,2075-08-06,2075-08-23,36634.44199999969,0.036539598940040545,965961.1820000004,BUY series_1 fill_size=18359.0000 fill_px=22.9700 | BUY series_1 fill_size=8793.0000 fill_px=22.9700,False,0,0.6,0.0,0.0,,,0.0,,,,,,,,,,,,,0.24691209589413907,770.0,305.89004471412176,0.25447188069246307,-1.6091329759966018,-31251.629999999852,1002595.6240000001,SELL series_1 size=8910.0000 | SELL series_1 size=18359.0000,,,,,,,0.4327652474962496,18359.0,,,,0.22273331785999384,False,V2
CLOSE series_1 pnl_net=-4038.98,901.9999999999936,2075-08-06,2075-08-24,35673.629999999655,0.03558127439024176,966921.9940000004,SELL series_1 fill_size=8910.0000 fill_px=22.7500 | SELL series_1 fill_size=18359.0000 fill_px=22.7500,False,0,0.6,0.0,0.0,,,0.0,,,,,,,,,,,,,0.24806034146328446,770.0,305.89004471412176,0.2618138868925889,-1.400104095805937,-30349.62999999986,1002595.6240000001,BUY series_1 size=18678.0000 | BUY series_1 size=8910.0000,,,,,,,-0.2095447215569283,-8910.0,,,,0.22972629428053845,False,V2
CLOSE series_1 pnl_net=-445.50,-5229.840000000021,2075-08-06,2075-08-25,41650.50199999963,0.04154267284134847,960945.1220000004,BUY series_1 fill_size=18678.0000 fill_px=22.8000 | BUY series_1 fill_size=8910.0000 fill_px=22.8000,False,0,0.6,0.0,0.0,,,0.0,,,,,,,,,,,,,0.24980354705416766,770.0,305.89004471412176,0.26616040184519574,-1.3232729560155012,-35579.46999999988,1002595.6240000001,SELL series_1 size=8752.0000 | SELL series_1 size=18678.0000,,,,,,,0.4375294388559265,18678.0,,,,0.23250198863996113,False,V2
CLOSE series_1 pnl_net=-5229.84,-1154.56000000001,2075-08-06,2075-08-26,44207.9739999997,0.04409352379140216,958387.6500000004,SELL series_1 fill_size=8752.0000 fill_px=22.5200 | SELL series_1 fill_size=18678.0000 fill_px=22.5200,False,0,0.6,0.0,0.0,,,0.0,,,,,,,,,,,,,0.24665384617591837,770.0,305.89004471412176,0.250079479233323,-1.6395628157383606,-36734.02999999989,1002595.6240000001,BUY series_1 size=18936.0000 | BUY series_1 size=8752.0000,,,,,,,-0.20400897277839497,-8752.0,,,,0.23740568672704268,False,V2
CLOSE series_1 pnl_net=1925.44,12872.379999999968,2075-08-06,2075-08-27,46243.07399999956,0.046123355112509,956352.5500000005,BUY series_1 fill_size=18936.0000 fill_px=22.3000 | BUY series_1 fill_size=8752.0000 fill_px=22.3000,False,0,0.6,0.0,0.0,,,0.0,,,,,,,,,,,,,0.24697743525648558,770.0,305.89004471412176,0.2550050419005519,-1.5821713313224826,-23861.64999999992,1002595.6240000001,SELL series_1 size=8444.0000 | SELL series_1 size=18936.0000,,,,,,,0.4393670932335568,18936.0,,,,0.243421624923851,False,V2
CLOSE series_1 pnl_net=1514.88,-1624.4400000000132,2075-08-06,2075-08-28,31777.98199999961,0.031695711849625635,970817.6420000005,SELL series_1 fill_size=8444.0000 fill_px=22.3800 | SELL series_1 fill_size=18936.0000 fill_px=22.3800,False,0,0.6,0.0,0.0,,,0.0,,,,,,,,,,,,,0.254599823186979,770.0,,0.2362948919381346,-0.4572837166084948,-25486.089999999935,1002595.6240000001,BUY series_1 size=19118.0000 | BUY series_1 size=8444.0000 | SELL series_10 size=770.0000,,,,,,,-0.19430936546577499,-8444.0,,,,0.24563817294050763,False,V2
CLOSE series_1 pnl_net=-84.44 | CLOSE series_10 pnl_net=5582.50,-1338.2600000000054,2075-08-06,2075-08-29,38297.161999999546,0.038198014317285256,964298.4620000005,BUY series_1 fill_size=19118.0000 fill_px=22.3900 | BUY series_1 fill_size=8444.0000 fill_px=22.3900 | SELL series_10 fill_size=770.0000 fill_px=320.7500,False,0,0.6,0.0,0.0,,,0.0,,,,,,,,,,,,,0.0,0.0,,0.24118872786313822,-0.6802396716428912,-26824.34999999994,1002595.6240000001,SELL series_1 size=8308.0000 | SELL series_1 size=19118.0000,,,,,,,0.4399347678312483,19118.0,,,,0.24873856605784705,False,V2
CLOSE series_1 pnl_net=-1338.26,1578.5200000000107,2075-08-06,2075-08-30,34861.54199999967,0.03477128880825802,967734.0820000004,SELL series_1 fill_size=8308.0000 fill_px=22.3200 | SELL series_1 fill_size=19118.0000 fill_px=22.3200,False,0,0.6,0.0,0.0,,,0.0,,,,,,,,,,,,,0.0,0.0,,0.2383357873719287,-0.9823545254070581,-25245.82999999993,1002595.6240000001,BUY series_1 size=19408.0000 | BUY series_1 size=8308.0000,,,,,,,-0.18998611645466457,-8308.0,,,,0.2538496982111292,False,V2
CLOSE series_1 pnl_net=1578.52,0.0,2075-08-06,2075-08-31,36287.69399999967,0.036193748637386496,966307.9300000004,BUY series_1 fill_size=19408.0000 fill_px=22.1300 | BUY series_1 fill_size=8308.0000 fill_px=22.1300,False,0,0.6,0.0,0.0,,,0.0,,,,,,,,,,,,,0.0,0.0,,0.24236005926710616,-0.9776999279136306,-25245.82999999993,1002595.6240000001,SELL series_1 size=8003.0000 | SELL series_1 size=19408.0000,,,,,,,0.44447429920191156,19408.0,,,,0.2611818215156109,False,V2
CLOSE series_1 pnl_net=0.00,6002.25,2075-08-06,2075-09-01,33806.763999999734,0.03371924152742934,968788.8600000003,SELL series_1 fill_size=8003.0000 fill_px=22.1300 | SELL series_1 fill_size=19408.0000 fill_px=22.1300,False,0,0.6,0.0,0.0,,,0.0,,,,,,,,,,,,,0.0,0.0,,0.2528789338232803,-0.939857486090763,-19243.57999999993,1002595.6240000001,BUY series_1 size=19366.0000 | BUY series_1 size=8003.0000,,,,,,,-0.18025130883523985,-8003.0,,,,0.25593066180785295,False,V2
CLOSE series_1 pnl_net=6002.25,2517.5800000000495,2075-08-06,2075-09-02,28736.163999999873,0.028661768824955365,973859.4600000002,BUY series_1 fill_size=19366.0000 fill_px=21.3800 | BUY series_1 fill_size=8003.0000 fill_px=21.3800,False,0,0.6,0.0,0.0,,,0.0,,,,,,,,,,,,,0.0,0.0,,0.2608431986024604,-0.8653258055237691,-16725.99999999988,1002595.6240000001,SELL series_1 size=8672.0000 | SELL series_1 size=19366.0000,,,,,,,0.42674983102798014,19366.0,,,,0.2356518918772261,False,V2
CLOSE series_1 pnl_net=2517.58,3121.920000000026,2075-08-06,2075-09-03,29636.327999999747,0.029559602386614592,972959.2960000003,SELL series_1 fill_size=8672.0000 fill_px=21.5100 | SELL series_1 fill_size=19366.0000 fill_px=21.5100,False,0,0.6,0.0,0.0,,,0.0,,,,,,,,,,,,,0.0,0.0,,0.26806252880202697,-0.5731999221556792,-13604.079999999854,1002595.6240000001,BUY series_1 size=19513.0000 | BUY series_1 size=8672.0000,,,,,,,-0.18868851015119953,-8672.0,,,,0.2359003290258964,False,V2
CLOSE series_1 pnl_net=3121.92,3902.6000000000554,2075-08-06,2075-09-04,27291.827999999747,0.027221172072460338,975303.7960000003,BUY series_1 fill_size=19513.0000 fill_px=21.1500 | BUY series_1 fill_size=8672.0000 fill_px=21.1500,False,0,0.6,0.0,0.0,,,0.0,,,,,,,,,,,,,0.0,0.0,,0.2577937859913629,-0.23428591571558718,-9701.4799999998,1002595.6240000001,SELL series_1 size=8370.0000 | SELL series_1 size=19513.0000,,,,,,,0.42595114640566806,19513.0,,,,0.24322865880324893,False,V2
CLOSE series_1 pnl_net=3902.60,753.2999999999988,2075-08-06,2075-09-05,25676.927999999723,0.025610452893817658,976918.6960000003,SELL series_1 fill_size=8370.0000 fill_px=21.3500 | SELL series_1 fill_size=19513.0000 fill_px=21.3500,False,0,0.6,0.0,0.0,,,0.0,,,,,,,,,,,,,0.0,0.0,,0.2583583910398709,-0.09010100416328327,-8948.1799999998,1002595.6240000001,BUY series_1 size=19687.0000 | BUY series_1 size=8370.0000,,,,,,,-0.18223614793016504,-8370.0,,,,0.24641405058344015,False,V2
CLOSE series_1 pnl_net=753.30,5906.099999999944,2075-08-06,2075-09-06,20356.319999999832,0.020303619438099434,982239.3040000002,BUY series_1 fill_size=19687.0000 fill_px=21.2600 | BUY series_1 fill_size=8370.0000 fill_px=21.2600,False,0,0.6,0.0,0.0,,,0.0,,,,,,,,,,,,,0.0,0.0,,0.26429941139832813,-0.22885818222373372,-3042.079999999856,1002595.6240000001,SELL series_1 size=8138.0000 | SELL series_1 size=19687.0000,,,,,,,0.4321265889803977,19687.0,,,,0.2534917174458245,False,V2
CLOSE series_1 pnl_net=5906.10,-2929.6800000000244,2075-08-06,2075-09-07,23316.84799999988,0.02325648291479066,979278.7760000002,SELL series_1 fill_size=8138.0000 fill_px=21.5600 | SELL series_1 fill_size=19687.0000 fill_px=21.5600,False,0,0.6,0.0,0.0,,,0.0,,,,,,,,,,,,,0.0,0.0,,0.2637149973691546,-0.13977619545667158,-5971.75999999988,1002595.6240000001,BUY series_1 size=19602.0000 | BUY series_1 size=8138.0000,,,,,,,-0.18207642641690414,-8138.0,,,,0.25650831578716754,False,V2
CLOSE series_1 pnl_net=-2929.68,-12741.300000000041,2075-08-06,2075-09-08,34963.408000000054,0.03487289108694539,967632.216,BUY series_1 fill_size=19602.0000 fill_px=21.9200 | BUY series_1 fill_size=8138.0000 fill_px=21.9200,False,0,0.6,0.0,0.0,,,0.0,,,,,,,,,,,,,0.0,0.0,,0.25471365968844933,-0.5074667562656383,-18713.05999999992,1002595.6240000001,SELL series_1 size=8760.0000 | SELL series_1 size=19602.0000,,,,,,,0.43209667173793226,19602.0,,,,0.23898026175063583,False,V2
CLOSE series_1 pnl_net=-12741.30,438.00000000000625,2075-08-06,2075-09-09,35549.6880000002,0.03545765326420395,967045.9359999999,SELL series_1 fill_size=8760.0000 fill_px=21.2700 | SELL series_1 fill_size=19602.0000 fill_px=21.2700,False,0,0.6,0.0,0.0,,,0.0,,,,,,,,,,,,,0.0,0.0,,0.2536284093913415,-0.7068884469407961,-18275.059999999914,1002595.6240000001,BUY series_1 size=19724.0000 | BUY series_1 size=8760.0000,,,,,,,-0.19194993028748952,-8760.0,,,,0.24025370763258558,False,V2
CLOSE series_1 pnl_net=438.00,-1183.4399999999748,2075-08-06,2075-09-10,36493.17600000021,0.0363986986641787,966102.4479999999,BUY series_1 fill_size=19724.0000 fill_px=21.2200 | BUY series_1 fill_size=8760.0000 fill_px=21.2200,False,0,0.6,0.0,0.0,,,0.0,,,,,,,,,,,,,0.0,0.0,,0.2551379501141122,-0.7738289799442656,-19458.499999999887,1002595.6240000001,SELL series_1 size=8611.0000 | SELL series_1 size=19724.0000,,,,,,,0.4332286714172574,19724.0,,,,0.24408179527990867,False,V2
CLOSE series_1 pnl_net=-1183.44,-344.43999999999266,2075-08-06,2075-09-11,35521.23400000017,0.035429272928883405,967074.3899999999,SELL series_1 fill_size=8611.0000 fill_px=21.1600 | SELL series_1 fill_size=19724.0000 fill_px=21.1600,False,0,0.6,0.0,0.0,,,0.0,,,,,,,,,,,,,0.0,0.0,,0.25268659985604613,-1.286099167151744,-19802.93999999988,1002595.6240000001,BUY series_1 size=19741.0000 | BUY series_1 size=8611.0000,,,,,,,-0.18583014074025891,-8611.0,,,,0.24019530111146586,False,V2
CLOSE series_1 pnl_net=-344.44,-5330.0699999999915,2075-08-06,2075-09-12,42596.283999999985,0.04248600630237738,959999.3400000001,BUY series_1 fill_size=19741.0000 fill_px=21.2000 | BUY series_1 fill_size=8611.0000 fill_px=21.2000,False,0,0.6,0.0,0.0,,,0.0,,,,,,,,,,,,,0.0,0.0,,0.25486045336407753,-0.41454255103060417,-25133.00999999987,1002595.6240000001,SELL series_1 size=9308.0000 | SELL series_1 size=19741.0000,,,,,,,0.43224594300241914,19741.0,,,,0.22842784991654655,False,V2
CLOSE series_1 pnl_net=-5330.07,-1768.5200000000118,2075-08-06,2075-09-13,49232.39800000016,0.049104940039116064,953363.2259999999,SELL series_1 fill_size=9308.0000 fill_px=20.9300 | SELL series_1 fill_size=19741.0000 fill_px=20.9300,False,0,0.6,0.0,0.0,,,0.0,,,,,,,,,,,,,0.0,0.0,,0.25162651882811377,0.15040726490771728,-26901.529999999882,1002595.6240000001,BUY series_1 size=19860.0000 | BUY series_1 size=9308.0000,,,,,,,-0.2055181012404605,-9308.0,,,,0.23299067403810697,False,V2
CLOSE series_1 pnl_net=-1768.52,3574.7999999999943,2075-08-06,2075-09-14,47354.92200000002,0.04723232464457676,955240.702,BUY series_1 fill_size=19860.0000 fill_px=21.1200 | BUY series_1 fill_size=9308.0000 fill_px=21.1200,False,0,0.6,0.0,0.0,,,0.0,,,,,,,,,,,,,0.0,0.0,,0.25636561958416965,1.0353083143403767,-23326.729999999887,1002595.6240000001,SELL series_1 size=9067.0000 | SELL series_1 size=19860.0000,,,,,,,0.4428391703937255,19860.0,,,,0.24064214155178243,False,V2
CLOSE series_1 pnl_net=3574.80,-906.6999999999807,2075-08-06,2075-09-15,49078.325999999885,0.048951266916760335,953517.2980000002,SELL series_1 fill_size=9067.0000 fill_px=21.3000 | SELL series_1 fill_size=19860.0000 fill_px=21.3000,False,0,0.6,0.0,0.0,,,0.0,,,,,,,,,,,,,0.0,0.0,,0.24611426605934308,0.3044502138941364,-24233.42999999987,1002595.6240000001,BUY series_1 size=20015.0000 | BUY series_1 size=9067.0000,,,,,,,-0.2034926900717851,-9067.0,,,,0.2457218424374431,False,V2
CLOSE series_1 pnl_net=-906.70,4803.6000000000395,2075-08-06,2075-09-16,51079.825999999885,0.0509475852250477,951515.7980000002,BUY series_1 fill_size=20015.0000 fill_px=21.4000 | BUY series_1 fill_size=9067.0000 fill_px=21.4000,False,0,0.6,0.0,0.0,,,0.0,,,,,,,,,,,,,0.0,0.0,,0.25125445501988597,0.5203411053524131,-19429.82999999983,1002595.6240000001,SELL series_1 size=9151.0000 | SELL series_1 size=20015.0000,,,,,,,0.4480424822121555,20015.0,,,,0.24318129257322504,False,V2
CLOSE series_1 pnl_net=4803.60,-3019.8299999999845,2075-08-06,2075-09-17,46745.49599999993,0.04662447639009436,955850.1280000001,SELL series_1 fill_size=9151.0000 fill_px=21.6400 | SELL series_1 fill_size=20015.0000 fill_px=21.6400,False,0,0.6,0.0,0.0,,,0.0,,,,,,,,,,,,,0.0,0.0,,0.26116823028235625,1.2473335904002165,-22449.659999999814,1002595.6240000001,BUY series_1 size=19639.0000 | BUY series_1 size=9151.0000,,,,,,,-0.2097592542248422,-9151.0,,,,0.24042128574416555,False,V2
CLOSE series_1 pnl_net=-3019.83,-9033.939999999948,2075-08-06,2075-09-18,59705.902,0.05955132914085011,942889.7220000001,BUY series_1 fill_size=19639.0000 fill_px=21.9700 | BUY series_1 fill_size=9151.0000 fill_px=21.9700,False,0,0.6,0.0,0.0,,,0.0,,,,,,,,,,,,,0.0,0.0,,0.26671161918464975,2.1760863158399277,-31483.599999999762,1002595.6240000001,SELL series_1 size=9726.0000 | SELL series_1 size=19639.0000,,,,,,,0.4486463794543303,19639.0,,,,0.22644769433613618,False,V2
CLOSE series_1 pnl_net=-9033.94,-1556.1600000000014,2075-08-06,2075-09-19,61375.07199999993,0.06121617781966294,941220.5520000001,SELL series_1 fill_size=9726.0000 fill_px=21.5100 | SELL series_1 fill_size=19639.0000 fill_px=21.5100,False,0,0.6,0.0,0.0,,,0.0,,,,,,,,,,,,,0.0,0.0,,0.27418582210163717,1.9966540790276173,-33039.75999999976,1002595.6240000001,BUY series_1 size=19731.0000 | BUY series_1 size=9726.0000,,,,,,,-0.2226845764838335,-9726.0,,,,0.22909352606379485,False,V2
CLOSE series_1 pnl_net=-1556.16,789.2399999999832,2075-08-06,2075-09-20,61118.78200000001,0.06096055132991484,941476.8420000001,BUY series_1 fill_size=19731.0000 fill_px=21.6700 | BUY series_1 fill_size=9726.0000 fill_px=21.6700,False,0,0.6,0.0,0.0,,,0.0,,,,,,,,,,,,,0.0,0.0,,0.2847309428903327,2.444239547213613,-32250.51999999978,1002595.6240000001,SELL series_1 size=9854.0000 | SELL series_1 size=19731.0000,,,,,,,0.45603517882386746,19731.0,,,,0.22826785103160455,False,V2
CLOSE series_1 pnl_net=789.24,-394.1599999999916,2075-08-06,2075-09-21,62533.86800000002,0.062371973807856966,940061.756,SELL series_1 fill_size=9854.0000 fill_px=21.7100 | SELL series_1 fill_size=19731.0000 fill_px=21.7100,False,0,0.6,0.0,0.0,,,0.0,,,,,,,,,,,,,0.0,0.0,,0.2894493374381638,2.7790469024785494,-32644.67999999977,1002595.6240000001,BUY series_1 size=19842.0000 | BUY series_1 size=9854.0000,,,,,,,-0.2265222881803948,-9854.0,,,,0.22960773479619254,False,V2
CLOSE series_1 pnl_net=-394.16,-7936.799999999972,2075-08-06,2075-09-22,73830.86800000025,0.07363972695735628,928764.7559999998,BUY series_1 fill_size=19842.0000 fill_px=21.7500 | BUY series_1 fill_size=9854.0000 fill_px=21.7500,False,0,0.6,0.0,0.0,,,0.0,,,,,,,,,,,,,0.0,0.0,,0.2868989561231522,3.1546616930686873,-40581.47999999974,1002595.6240000001,SELL series_1 size=10118.0000 | SELL series_1 size=19842.0000,,,,,,,0.45462293575661916,19842.0,,,,0.22279542800787286,False,V2
CLOSE series_1 pnl_net=-7936.80,1922.420000000013,2075-08-06,2075-09-23,72789.56400000025,0.07260111879363264,929806.0599999998,SELL series_1 fill_size=10118.0000 fill_px=21.3500 | SELL series_1 fill_size=19842.0000 fill_px=21.3500,False,0,0.6,0.0,0.0,,,0.0,,,,,,,,,,,,,0.0,0.0,,0.28745490235427756,3.2606491475895982,-38659.05999999973,1002595.6240000001,BUY series_1 size=19979.0000 | BUY series_1 size=10118.0000,,,,,,,-0.2309126270912883,-10118.0,,,,0.22504870286321554,False,V2
CLOSE series_1 pnl_net=1922.42,-799.1599999999829,2075-08-06,2075-09-24,73021.36400000041,0.0728323186856443,929574.2599999997,BUY series_1 fill_size=19979.0000 fill_px=21.1600 | BUY series_1 fill_size=10118.0000 fill_px=21.1600,False,0,0.6,0.0,0.0,,,0.0,,,,,,,,,,,,,0.0,0.0,,0.26849777886838894,2.093936927327667,-39458.21999999971,1002595.6240000001,SELL series_1 size=10539.0000 | SELL series_1 size=19979.0000,,,,,,,0.4547841503270542,19979.0,,,,0.21487769102891172,False,V2
CLOSE series_1 pnl_net=-799.16,-8220.419999999975,2075-08-06,2075-09-25,82763.27200000046,0.08254900581931969,919832.3519999996,SELL series_1 fill_size=10539.0000 fill_px=21.1200 | SELL series_1 fill_size=19979.0000 fill_px=21.1200,False,0,0.6,0.0,0.0,,,0.0,,,,,,,,,,,,,0.0,0.0,,0.2728545235369553,2.1218826647019227,-47678.63999999969,1002595.6240000001,BUY series_1 size=19380.0000 | BUY series_1 size=10539.0000,,,,,,,-0.25091974586255916,-10539.0,,,,0.2104968962311731,False,V2
CLOSE series_1 pnl_net=-8220.42,23449.800000000017,2075-08-06,2075-09-26,57282.360000000685,0.05713406145886059,945313.2639999994,BUY series_1 fill_size=19380.0000 fill_px=21.9000 | BUY series_1 fill_size=10539.0000 fill_px=21.9000,False,0,0.6,0.0,0.0,0.010983388987033682,,0.6,,,,,,,,,,,,,0.0,0.0,,0.27547392359356254,2.5239011637258026,-24228.83999999967,1002595.6240000001,SELL series_1 size=11313.0000 | SELL series_1 size=19380.0000,,,,,,,0.47644650419292145,19380.0,,,,0.19831685157955434,False,V2
CLOSE series_1 pnl_net=23449.80,-4638.330000000002,2075-08-06,2075-09-27,65345.13000000059,0.06517595771991977,937250.4939999995,SELL series_1 fill_size=11313.0000 fill_px=23.1100 | SELL series_1 fill_size=19380.0000 fill_px=23.1100,False,0,0.6,0.0,0.0,0.01186907778227848,,0.6,,,,,,,,,,,,,0.0,0.0,,0.27616190199482155,2.3060866697130513,-28867.16999999967,1002595.6240000001,BUY series_1 size=19280.0000 | BUY series_1 size=11313.0000,,,,,,,-0.2848617330256645,-11313.0,,,,0.2006206719801116,False,V2
CLOSE series_1 pnl_net=-4638.33,-3663.200000000025,2075-08-06,2075-09-28,72012.92600000068,0.0718264914349962,930582.6979999994,BUY series_1 fill_size=19280.0000 fill_px=23.5200 | BUY series_1 fill_size=11313.0000 fill_px=23.5200,False,0,0.6,0.0,0.0,0.011774545426951211,,0.6,,,,,,,,,,,,,0.0,0.0,,0.2662145414708399,1.6136386852239988,-32530.369999999697,1002595.6240000001,SELL series_1 size=11415.0000,,,,,,,0.4808694605667387,19280.0,,,21.700526679067387,0.19614374184032543,True,V2
,-4011.149999999984,2075-08-06,2075-09-29,73352.4020000007,0.07316249965998325,929243.2219999994,SELL series_1 fill_size=11415.0000 fill_px=23.3300,False,0,0.6,0.0,0.0,0.011324177838030249,,0.6,,,,,,,,,,,,,0.0,0.0,,0.24635908492762731,0.7793009892271369,-36541.519999999684,1002595.6240000001,,,,,,,,0.19458452396438367,7865.0,,,21.700526679067387,0.1943716922770372,True,V2
,-1730.299999999991,2075-08-06,2075-09-30,77046.32200000074,0.07684685645506142,925549.3019999993,,False,0,0.6,0.0,0.0,0.011281401705322552,,0.6,,,,,,,,,,,,,0.0,0.0,,0.24281471798134266,0.37540713820283295,-38271.81999999967,1002595.6240000001,,,,,,,,0.19196205930475665,7865.0,,,21.700526679067387,0.19016875386564128,True,V2
,-1573.0000000000223,2075-08-06,2075-10-01,78304.72200000077,0.07810199857804362,924290.9019999993,,False,0,0.6,0.0,0.0,0.010819999192110115,,0.6,,,,,,,,,,,,,0.0,0.0,,0.25036228931344956,0.5893001677951304,-39844.819999999694,1002595.6240000001,,,,,,,,0.19086193493658357,7865.0,,,21.700526679067387,0.18697372814933727,True,V2
,-2280.849999999993,2075-08-06,2075-10-02,80506.92200000072,0.08029849729326238,922088.7019999993,,False,0,0.6,0.0,0.0,0.010827435851902269,,0.6,,,,,,,,,,,,,0.0,0.0,,0.2559728929674295,0.6621677057514594,-42125.669999999685,1002595.6240000001,,,,,,,,0.18892949194816197,7865.0,,,21.700526679067387,0.18909962218788484,True,V2
,-2988.699999999992,2075-08-06,2075-10-03,84124.82200000074,0.08390703089683617,918470.8019999993,,False,0,0.6,0.0,0.0,0.010834722787907263,,0.6,,,,,,,,,,,,,0.0,0.0,,0.25086286993217527,0.8653383262024731,-45114.369999999675,1002595.6240000001,SELL series_1 size=7865.0000 | SELL series_1 size=7865.0000,,,,,,,0.18573464679392185,7865.0,,,,0.18101206012025015,False,V2
CLOSE series_1 pnl_net=-16247.20,550.5500000000022,2075-08-06,2075-10-04,83338.32200000086,0.08312256706997243,919257.3019999992,SELL series_1 fill_size=7865.0000 fill_px=21.7300 | SELL series_1 fill_size=7865.0000 fill_px=21.7300,False,0,0.6,0.0,0.0,0.011444102607143403,,0.6,,,,,,,,,,,,,0.0,0.0,,0.2631631498980932,0.9525636732166378,-44563.81999999967,1002595.6240000001,BUY series_1 size=15730.0000 | BUY series_1 size=7865.0000,,,,,,,-0.1854046191737514,-7865.0,,,,0.185424894067486,False,V2
CLOSE series_1 pnl_net=550.55,-6921.20000000002,2075-08-06,2075-10-05,90432.55200000107,0.09019843078828466,912163.071999999,BUY series_1 fill_size=15730.0000 fill_px=21.6600 | BUY series_1 fill_size=7865.0000 fill_px=21.6600,False,0,0.6,0.0,0.0,0.011831763638009887,,0.6,,,,,,,,,,,,,0.0,0.0,,0.24752440168617296,0.36838731334616254,-51485.01999999969,1002595.6240000001,SELL series_1 size=7983.0000 | SELL series_1 size=15730.0000,,,,,,,0.36593303351793693,15730.0,,,,0.18019971504102333,False,V2
CLOSE series_1 pnl_net=-6921.20,0.0,2075-08-06,2075-10-06,90047.95200000121,0.08981482648083172,912547.6719999989,SELL series_1 fill_size=7983.0000 fill_px=21.2200 | SELL series_1 fill_size=15730.0000 fill_px=21.2200,False,0,0.6,0.0,0.0,0.011331560544778001,,0.6,,,,,,,,,,,,,0.0,0.0,,0.2416138726063093,-0.2649045679860366,-51485.01999999969,1002595.6240000001,BUY series_1 size=15951.0000 | BUY series_1 size=7983.0000,,,,,,,-0.1851084443947825,-7983.0,,,,0.18476082316327647,False,V2
CLOSE series_1 pnl_net=0.00,-2552.160000000002,2075-08-06,2075-10-07,92760.07200000121,0.092519925062032,909835.5519999989,BUY series_1 fill_size=15951.0000 fill_px=21.2200 | BUY series_1 fill_size=7983.0000 fill_px=21.2200,False,0,0.6,0.0,0.0,0.010861700355597297,,0.6,,,,,,,,,,,,,0.0,0.0,,0.24541034306765536,0.11166695787916746,-54037.179999999695,1002595.6240000001,SELL series_1 size=7710.0000 | SELL series_1 size=15951.0000,,,,,,,0.3695690713127908,15951.0,,,,0.19093234091711006,False,V2
CLOSE series_1 pnl_net=-2552.16,-2544.3000000000143,2075-08-06,2075-10-08,95349.70800000126,0.09510285674257168,907245.9159999988,SELL series_1 fill_size=7710.0000 fill_px=21.0600 | SELL series_1 fill_size=15951.0000 fill_px=21.0600,False,0,0.6,0.0,0.0,0.010965855225882492,,0.6,,,,,,,,,,,,,0.0,0.0,,0.251465564603082,0.09094560846980944,-56581.47999999971,1002595.6240000001,BUY series_1 size=16090.0000 | BUY series_1 size=7710.0000,,,,,,,-0.18084269888297874,-7710.0,,,,0.1965657381157377,False,V2
CLOSE series_1 pnl_net=-2544.30,2574.4000000000024,2075-08-06,2075-10-09,94295.39600000135,0.09405127425531366,908300.2279999987,BUY series_1 fill_size=16090.0000 fill_px=21.3900 | BUY series_1 fill_size=7710.0000 fill_px=21.3900,False,0,0.6,0.0,0.0,0.010568230427350701,,0.6,,,,,,,,,,,,,0.0,0.0,,0.25141945529742404,0.010648838901423822,-54007.07999999971,1002595.6240000001,SELL series_1 size=8301.0000 | SELL series_1 size=16090.0000,,,,,,,0.3812140406068471,16090.0,,,,0.18452359342039262,False,V2
CLOSE series_1 pnl_net=2574.40,415.0500000000059,2075-08-06,2075-10-10,94610.86600000132,0.09436592753371255,907984.7579999988,SELL series_1 fill_size=8301.0000 fill_px=21.5500 | SELL series_1 fill_size=16090.0000 fill_px=21.5500,False,0,0.6,0.0,0.0,0.010197096526781597,,0.6,,,,,,,,,,,,,0.0,0.0,,0.2506578517304119,0.6235910924830502,-53592.02999999971,1002595.6240000001,BUY series_1 size=16253.0000 | BUY series_1 size=8301.0000,,,,,,,-0.19674065938450505,-8301.0,,,,0.18848462678478048,False,V2
CLOSE series_1 pnl_net=415.05,325.05999999999307,2075-08-06,2075-10-11,94412.47800000128,0.09416805314123461,908183.1459999988,BUY series_1 fill_size=16253.0000 fill_px=21.5000 | BUY series_1 fill_size=8301.0000 fill_px=21.5000,False,0,0.6,0.0,0.0,0.009892473126422637,,0.6,,,,,,,,,,,,,0.0,0.0,,0.2407194592747584,1.5110353384134516,-53266.96999999972,1002595.6240000001,SELL series_1 size=8157.0000 | SELL series_1 size=16253.0000,,,,,,,0.3851255790646444,16253.0,,,,0.1918381091997476,False,V2
CLOSE series_1 pnl_net=325.06,-407.8500000000058,2075-08-06,2075-10-12,94527.34000000148,0.0942826177745231,908068.2839999986,SELL series_1 fill_size=8157.0000 fill_px=21.5200 | SELL series_1 fill_size=16253.0000 fill_px=21.5200,False,0,0.6,0.0,0.0,0.011328278197646304,,0.6,,,,,,,,,,,,,0.0,0.0,,0.24673192241716382,1.6673157667231069,-53674.81999999972,1002595.6240000001,BUY series_1 size=16440.0000 | BUY series_1 size=8157.0000,,,,,,,-0.19322012792597465,-8157.0,,,,0.1962149078140086,False,V2
CLOSE series_1 pnl_net=-407.85,8877.599999999986,2075-08-06,2075-10-13,87125.56000000145,0.08690000027369105,915470.0639999986,BUY series_1 fill_size=16440.0000 fill_px=21.5700 | BUY series_1 fill_size=8157.0000 fill_px=21.5700,False,0,0.6,0.0,0.0,0.011198188422193485,,0.6,,,,,,,,,,,,,0.0,0.0,,0.24266893351979033,1.4809346119899904,-44797.21999999974,1002595.6240000001,SELL series_1 size=8121.0000 | SELL series_1 size=16440.0000,,,,,,,0.39597362519546087,16440.0,,,,0.20035694240744092,False,V2
CLOSE series_1 pnl_net=8877.60,-730.8899999999988,2075-08-06,2075-10-14,87460.37800000142,0.08723395146197188,915135.2459999986,SELL series_1 fill_size=8121.0000 fill_px=22.1100 | SELL series_1 fill_size=16440.0000 fill_px=22.1100,False,0,0.6,0.0,0.0,0.010741940563923164,,0.6,,,,,,,,,,,,,0.0,0.0,,0.2481324930586443,1.5555617105461623,-45528.10999999974,1002595.6240000001,BUY series_1 size=16610.0000 | BUY series_1 size=8121.0000,,,,,,,-0.19700497908699305,-8121.0,,,,0.20595203365723247,False,V2
CLOSE series_1 pnl_net=-730.89,996.6000000000378,2075-08-06,2075-10-15,85558.34200000158,0.0853368396509195,917037.2819999985,BUY series_1 fill_size=16610.0000 fill_px=22.2000 | BUY series_1 fill_size=8121.0000 fill_px=22.2000,False,0,0.6,0.0,0.0,0.010583236270211002,,0.6,,,,,,,,,,,,,0.0,0.0,,0.24147090456040327,1.2902634739684318,-44531.509999999704,1002595.6240000001,SELL series_1 size=7828.0000 | SELL series_1 size=16610.0000,,,,,,,0.40481832885830327,16610.0,,,,0.21401435632821744,False,V2
CLOSE series_1 pnl_net=996.60,3522.600000000022,2075-08-06,2075-10-16,83608.92200000142,0.08339246651250236,918986.7019999987,SELL series_1 fill_size=7828.0000 fill_px=22.2600 | SELL series_1 fill_size=16610.0000 fill_px=22.2600,False,0,0.6,0.0,0.0,0.010211391914366137,,0.6,,,,,,,,,,,,,0.0,0.0,,0.24163914918904325,0.8643065004269634,-41008.90999999968,1002595.6240000001,BUY series_1 size=16526.0000 | BUY series_1 size=7828.0000,,,,,,,-0.18586445225841824,-7828.0,,,,0.20652711932439727,False,V2
CLOSE series_1 pnl_net=3522.60,4131.5,2075-08-06,2075-10-17,82096.77000000142,0.08188422932913321,920498.8539999987,BUY series_1 fill_size=16526.0000 fill_px=21.8100 | BUY series_1 fill_size=7828.0000 fill_px=21.8100,False,0,0.6,0.0,0.0,0.010775006094669366,,0.6,,,,,,,,,,,,,0.0,0.0,,0.24111941379473217,1.5338274585219103,-36877.40999999968,1002595.6240000001,SELL series_1 size=7491.0000 | SELL series_1 size=16526.0000,,,,,,,0.3940751239653369,16526.0,,,,0.21543885084332484,False,V2
CLOSE series_1 pnl_net=4131.50,-6217.530000000013,2075-08-06,2075-10-18,84870.92600000161,0.08465120330507407,917724.6979999985,SELL series_1 fill_size=7491.0000 fill_px=22.0600 | SELL series_1 fill_size=16526.0000 fill_px=22.0600,False,0,0.6,0.0,0.0,0.010339408947273322,,0.6,,,,,,,,,,,,,0.0,0.0,,0.23197996878967847,2.2129746077506054,-43094.9399999997,1002595.6240000001,BUY series_1 size=16222.0000 | BUY series_1 size=7491.0000,,,,,,,-0.18496403155535462,-7491.0,,,,0.2155907140190035,False,V2
CLOSE series_1 pnl_net=-6217.53,-5191.0400000000045,2075-08-06,2075-10-19,92841.64400000172,0.09260128587994088,909753.9799999984,BUY series_1 fill_size=16222.0000 fill_px=22.8900 | BUY series_1 fill_size=7491.0000 fill_px=22.8900,False,0,0.6,0.0,0.0,0.009931049104393247,,0.6,,,,,,,,,,,,,0.0,0.0,,0.23278809460838387,1.9561725754367545,-48285.979999999705,1002595.6240000001,SELL series_1 size=7717.0000,,,,,,,0.40245005578321363,16222.0,,,21.20535548871686,0.21097781171460717,True,V2
,-3912.3000000000075,2075-08-06,2075-10-20,97489.69000000169,0.09723729853423106,905105.9339999984,SELL series_1 fill_size=7717.0000 fill_px=22.5700,False,0,0.6,0.0,0.0,0.009845703842704561,,0.6,,,,,,,,,,,,,0.0,0.0,,0.23178738722341816,1.5983132525385058,-52198.279999999715,1002595.6240000001,,,,,,,,0.20935825617954723,8505.0,,,21.20535548871686,0.2073406403264608,True,V2
,765.4499999999988,2075-08-06,2075-10-21,98595.34000000171,0.09834008611232649,904000.2839999984,,False,0,0.6,0.0,0.0,0.00952446569889205,,0.6,,,,,,,,,,,,,0.0,0.0,,0.22771620926348046,1.984277614559395,-51432.82999999972,1002595.6240000001,,,,,,,,0.20839125090363395,8505.0,,,21.20535548871686,0.2156340766557126,True,V2
,3657.1499999999974,2075-08-06,2075-10-22,94342.84000000171,0.09409859542734421,908252.7839999984,,False,0,0.6,0.0,0.0,0.009570145484860902,,0.6,,,,,,,,,,,,,0.0,0.0,,0.22979917169931885,2.392133784279379,-47775.679999999724,1002595.6240000001,,,,,,,,0.2120976157668462,8505.0,,,21.31183528014247,0.2159152849783344,True,V2
,-3231.8999999999915,2075-08-06,2075-10-23,97574.74000000174,0.09732212834793076,905020.8839999983,,False,0,0.6,0.0,0.0,0.0092683095701288,,0.6,,,,,,,,,,,,,0.0,0.0,,0.21487309101104596,1.597918860408815,-51007.57999999972,1002595.6240000001,,,,,,,,0.2092839550429649,8505.0,,,21.31183528014247,0.21019659645756075,True,V2
,85.0500000000133,2075-08-06,2075-10-24,97999.99000000174,0.097746277416429,904595.6339999983,,False,0,0.6,0.0,0.0,0.009092315877325322,,0.6,,,,,,,,,,,,,0.0,0.0,,0.20516528508583845,0.9065304264063343,-50922.52999999971,1002595.6240000001,,,,,,,,0.2089122397864683,8505.0,,,21.31183528014247,0.2136946096611501,True,V2
,-1871.1000000000206,2075-08-06,2075-10-25,99530.89000000176,0.09927321406302264,903064.7339999983,,False,0,0.6,0.0,0.0,0.008771189437054242,,0.6,,,,,,,,,,,,,0.0,0.0,,0.208868600657639,0.7997893558143031,-52793.62999999973,1002595.6240000001,,,,,,,,0.20757116621055025,8505.0,,,21.31183528014247,0.21784560176472081,True,V2
,1105.6500000000217,2075-08-06,2075-10-26,97574.74000000174,0.09732212834793076,905020.8839999983,,False,0,0.6,0.0,0.0,0.008575523381711225,,0.6,,,,,,,,,,,,,0.0,0.0,,0.21080815621277638,1.1907441326949957,-51687.979999999705,1002595.6240000001,,,,,,,,0.2092839550429649,8505.0,,,21.31183528014247,0.21152132105859206,True,V2
,6889.049999999989,2075-08-06,2075-10-27,95023.24000000174,0.09477723393694139,907572.3839999983,,False,0,0.6,0.0,0.0,0.008289528950252933,,0.6,,,,,,,,,,,,,0.0,0.0,,0.21503643397911842,1.7507464175586296,-44798.92999999972,1002595.6240000001,,,,,,,,0.21150693144052338,8505.0,,,21.31183528014247,0.216303916665424,True,V2
,6123.59999999999,2075-08-06,2075-10-28,85327.54000000167,0.08510663517518172,917268.0839999984,,False,0,0.6,0.0,0.0,0.008016068729008204,,0.6,,,,,,,,,,,,,0.0,0.0,,0.20577939111427687,3.126764323717815,-38675.329999999725,1002595.6240000001,,,,,,,,0.21984145476929118,8505.0,,,22.254389078119715,0.2077834751797575,True,V2
,-1956.1500000000037,2075-08-06,2075-10-29,87198.64000000176,0.08697289107657401,915396.9839999983,,False,0,0.6,0.0,0.0,0.008125351379816579,,0.6,,,,,,,,,,,,,0.0,0.0,,0.2084728254402885,3.0141880770792233,-40631.47999999973,1002595.6240000001,,,,,,,,0.21824678635821282,8505.0,,,22.254389078119715,0.20795366081339176,True,V2
,-1615.9499999999807,2075-08-06,2075-10-30,90175.39000000176,0.08994193455606161,912420.2339999983,,False,0,0.6,0.0,0.0,0.008222464016647401,,0.6,,,,,,,,,,,,,0.0,0.0,,0.2024798372673258,2.301884794847566,-42247.42999999971,1002595.6240000001,,,,,,,,0.2156963345028146,8505.0,,,22.254389078119715,0.20785271155068513,True,V2
,-1190.7000000000048,2075-08-06,2075-10-31,90175.39000000176,0.08994193455606161,912420.2339999983,,False,0,0.6,0.0,0.0,0.00807140168606383,,0.6,,,,,,,,,,,,,0.0,0.0,,0.20326285643193984,2.108882226521848,-43438.12999999971,1002595.6240000001,,,,,,,,0.2156963345028146,8505.0,,,22.254389078119715,0.2093812513756048,True,V2
,2381.4000000000096,2075-08-06,2075-11-01,88219.24000000174,0.08799084884096973,914376.3839999983,,False,0,0.6,0.0,0.0,0.008282209905535576,,0.6,,,,,,,,,,,,,0.0,0.0,,0.20850083525285285,2.0836534207086537,-41056.729999999705,1002595.6240000001,,,,,,,,0.2173742164364564,8505.0,,,22.254389078119715,0.21511110879749096,True,V2
,-425.250000000006,2075-08-06,2075-11-02,88219.24000000174,0.08799084884096973,914376.3839999983,,False,0,0.6,0.0,0.0,0.008016621614645333,,0.6,,,,,,,,,,,,,0.0,0.0,,0.20932371250567838,2.221182991684004,-41481.97999999971,1002595.6240000001,,,,,,,,0.2173742164364564,8505.0,,,22.254389078119715,0.21357949163592072,True,V2
,4592.6999999999925,2075-08-06,2075-11-03,83116.24000000174,0.082901060018991,919479.3839999983,,False,0,0.6,0.0,0.0,0.00776983405139009,,0.6,,,,,,,,,,,,,0.0,0.0,,0.20199432183320246,1.8108019092695253,-36889.27999999972,1002595.6240000001,,,,,,,,0.22171769541273406,8505.0,,,22.522112115775784,0.2111824661564763,True,V2
,2041.1999999999866,2075-08-06,2075-11-04,81585.34000000171,0.08137412337239736,921010.2839999984,,False,0,0.6,0.0,0.0,0.008278908430936338,,0.6,,,,,,,,,,,,,0.0,0.0,,0.19627917798770178,1.346471620692946,-34848.07999999973,1002595.6240000001,,,,,,,,0.22301135347583195,8505.0,,,22.709104107506086,0.21380078178228595,True,V2
,5528.250000000018,2075-08-06,2075-11-05,76482.34000000171,0.07628433455041861,926113.2839999984,,False,0,0.6,0.0,0.0,0.008188189434935789,,0.6,,,,,,,,,,,,,0.0,0.0,,0.197833841709884,1.5983574467204884,-29319.829999999714,1002595.6240000001,,,,,,,,0.22729265807615862,8505.0,,,23.267382385541367,0.21294664637840702,True,V2
,510.2999999999891,2075-08-06,2075-11-06,75121.54000000167,0.07492705753122424,927474.0839999984,,False,0,0.6,0.0,0.0,0.008105813395323106,,0.6,,,,,,,,,,,,,0.0,0.0,,0.20173556662759876,1.7161217404089455,-28809.529999999726,1002595.6240000001,,,,,,,,0.22842638263949633,8505.0,,,23.445783643716982,0.21701673775958719,True,V2
,-340.19999999999277,2075-08-06,2075-11-07,76142.14000000176,0.07594501529562007,926453.4839999983,,False,0,0.6,0.0,0.0,0.008312957735608785,,0.6,,,,,,,,,,,,,0.0,0.0,,0.19728910763107876,1.3832284988174948,-29149.72999999972,1002595.6240000001,,,,,,,,0.22757640145050215,8505.0,,,23.445783643716982,0.21933331229633732,True,V2
,-4422.599999999997,2075-08-06,2075-11-08,80224.54000000167,0.08001684635320297,922371.0839999984,,False,0,0.6,0.0,0.0,0.00839054689399087,,0.6,,,,,,,,,,,,,0.0,0.0,,0.2015853057238535,1.3572785501289006,-33572.32999999972,1002595.6240000001,,,,,,,,0.22415766667724413,8505.0,,,23.445783643716982,0.21315155537710456,True,V2
,-3146.8500000000085,2075-08-06,2075-11-09,83541.49000000174,0.08332520908748922,919054.1339999983,,False,0,0.6,0.0,0.0,0.008110107652494121,,0.6,,,,,,,,,,,,,0.0,0.0,,0.2090799443695098,1.4503997286605816,-36719.179999999724,1002595.6240000001,,,,,,,,0.2213575810976118,8505.0,,,23.445783643716982,0.2139854475622997,True,V2
,1445.8500000000145,2075-08-06,2075-11-10,82265.74000000174,0.08205276188199453,920329.8839999983,,False,0,0.6,0.0,0.0,0.007879232572571936,,0.6,,,,,,,,,,,,,0.0,0.0,,0.20778344586511027,1.2176582858166456,-35273.32999999971,1002595.6240000001,,,,,,,,0.222436925670883,8505.0,,,23.445783643716982,0.2222974198372025,True,V2
,-85.0500000000133,2075-08-06,2075-11-11,81500.29000000167,0.08128929355869766,921095.3339999984,,False,0,0.6,0.0,0.0,0.007642318481269649,,0.6,,,,,,,,,,,,,0.0,0.0,,0.20470577374623358,1.1823205470842024,-35358.37999999972,1002595.6240000001,,,,,,,,0.22308309728122055,8505.0,,,23.445783643716982,0.2181229263063438,True,V2
,-2891.699999999999,2075-08-06,2075-11-12,85327.54000000167,0.08510663517518172,917268.0839999984,,False,0,0.6,0.0,0.0,0.007696506186959121,,0.6,,,,,,,,,,,,,0.0,0.0,,0.19006849958887725,0.46261558922010615,-38250.07999999972,1002595.6240000001,,,,,,,,0.21984145476929118,8505.0,,,23.445783643716982,0.2089160335132251,True,V2
,-170.09999999999638,2075-08-06,2075-11-13,85667.74000000174,0.08544595442998036,916927.8839999983,,False,0,0.6,0.0,0.0,0.007535964662817348,,0.6,,,,,,,,,,,,,0.0,0.0,,0.18832213913328777,0.18289773185861957,-38420.17999999972,1002595.6240000001,,,,,,,,0.21955199914064383,8505.0,,,23.445783643716982,0.21544881631317211,True,V2
,-1360.8000000000013,2075-08-06,2075-11-14,86688.34000000171,0.08646391219437609,915907.2839999984,,False,0,0.6,0.0,0.0,0.011027490043592296,,0.6,,,,,,,,,,,,,0.0,0.0,,0.1905874765878354,0.11919128191515264,-39780.97999999972,1002595.6240000001,,,,,,,,0.21868234208736825,8505.0,,,23.445783643716982,0.21798348114094362,True,V2
,-1190.7000000000048,2075-08-06,2075-11-15,87708.94000000169,0.08748186995877182,914886.6839999984,,False,0,0.6,0.0,0.0,0.010581855610737451,,0.6,,,,,,,,,,,,,0.0,0.0,,0.18261081668367507,-0.42213169363936087,-40971.679999999724,1002595.6240000001,SELL series_1 size=8505.0000,,,,,,,0.21781074474573983,8505.0,,,,0.22417088738140423,True,V2
CLOSE series_1 pnl_net=2123.26,0.0,2075-08-06,2075-11-16,87708.94000000169,0.08748186995877182,914886.6839999984,SELL series_1 fill_size=8505.0000 fill_px=23.4300,False,0,0.6,0.0,0.0,0.013296557618724265,,0.6,,,,,,,,,,,,,0.0,0.0,,0.18759369314275445,-0.21432424735431924,-40971.679999999724,1002595.6240000001,BUY series_1 size=8998.0000,,,,,,,0.0,0.0,,,21.943035776385887,0.22857718740975305,True,V2
,-2699.3999999999746,2075-08-06,2075-11-17,90678.28000000166,0.09044352262203935,911917.3439999984,BUY series_1 fill_size=8998.0000 fill_px=23.2400,False,0,0.6,0.0,0.0,0.01278329497700318,,0.6,,,,,,,,,,,,,0.0,0.0,,0.18341741380713752,-0.6954586906518281,-43671.079999999696,1002595.6240000001,,,,,,,,0.22605577287934592,8998.0,,,21.943035776385887,0.22283969350244107,True,V2
,-1259.720000000005,2075-08-06,2075-11-18,91398.12000000174,0.0911614990252558,911197.5039999983,,False,0,0.6,0.0,0.0,0.012226367575652923,,0.6,,,,,,,,,,,,,0.0,0.0,,0.19052271871474044,-0.6359710388563065,-44930.799999999705,1002595.6240000001,,,,,,,,0.22544436206006155,8998.0,,,21.943035776385887,0.2306864998270609,True,V2
,269.9399999999783,2075-08-06,2075-11-19,90948.22000000172,0.09071276377324554,911647.4039999984,,False,0,0.6,0.0,0.0,0.013567167779247671,,0.6,,,,,,,,,,,,,0.0,0.0,,0.1926887034286051,-0.9033403306881336,-44660.859999999724,1002595.6240000001,,,,,,,,0.22582660697183354,8998.0,,,21.943035776385887,0.24341378723112175,True,V2
,2249.5,2075-08-06,2075-11-20,89598.52000000165,0.08936655801721477,912997.1039999984,,False,0,0.6,0.0,0.0,0.01300522945029633,,0.6,,,,,,,,,,,,,0.0,0.0,,0.1939081855738883,-1.2591025366018813,-42411.359999999724,1002595.6240000001,BUY series_1 size=906.0000,,,,,,,0.22697108138910413,8998.0,,,21.943035776385887,0.24983229965193418,True,V2
,-3367.3599999999988,2075-08-06,2075-11-21,92515.98000000173,0.09227646499283117,910079.6439999983,BUY series_1 fill_size=906.0000 fill_px=23.0800,False,0,0.6,0.0,0.0,0.012735535730528493,,0.6,,,,,,,,,,,,,0.0,0.0,,0.19943958050850386,-1.3495816908171365,-45778.719999999725,1002595.6240000001,,,,,,,,0.24746950608643697,9904.0,,,21.943035776385887,0.2459527732474802,True,V2
,-792.3199999999831,2075-08-06,2075-11-22,93326.42000000167,0.09308480684132894,909269.2039999984,,False,0,0.6,0.0,0.0,0.013364273274938394,,0.6,,,,,,,,,,,,,0.0,0.0,326.98242231660856,0.20366995337781138,-1.512046418243847,-46571.03999999971,1002595.6240000001,BUY series_10 size=545.0000,,,,,,,0.24681869683117566,9904.0,,,21.943035776385887,0.24515292743518516,True,V2
,3429.75,2075-08-06,2075-11-23,90441.67000000167,0.09020752518265696,912153.9539999984,BUY series_10 fill_size=545.0000 fill_px=340.5000,False,0,0.6,0.0,0.0,0.012846903217263988,,0.6,,,,,,,,,,,,,0.2038923902970883,545.0,328.88546357970796,0.21123740782591205,-1.3955511606769864,-43141.28999999971,1002595.6240000001,,,,,,,,0.24875256967860537,9904.0,,,21.943035776385887,0.2532908650136261,True,V2
,49.239999999987276,2075-08-06,2075-11-24,89738.43000000168,0.08950610580363123,912857.1939999984,,False,0,0.6,0.0,0.0,0.013604652236453003,,0.6,,,,,,,,,,,,,0.2040338305095291,545.0,329.70614475258594,0.21717958734537343,-1.3562886422853841,-43092.04999999972,1002595.6240000001,,,,,,,,0.24921190466074192,9904.0,,,21.943035776385887,0.26339205515061154,True,V2
,3343.3000000000284,2075-08-06,2075-11-25,86258.88000000163,0.08603556402516438,916336.7439999984,,False,0,0.6,0.0,0.0,0.013220774691742022,,0.6,,,,,,,,,,,,,0.2048946538806484,545.0,332.72713441311555,0.22396649225392776,-1.2005361374690524,-39748.749999999694,1002595.6240000001,,,,,,,,0.25042723813332146,9904.0,,,22.062004575121666,0.26675515683628137,True,V2
,-3255.73000000001,2075-08-06,2075-11-26,88251.15000000165,0.08802267622903732,914344.4739999984,,False,0,0.6,0.0,0.0,0.012805736954266345,,0.6,,,,,,,,,,,,,0.20727828011130991,545.0,,0.22679886699109447,-0.989177779675515,-43004.479999999705,1002595.6240000001,SELL series_10 size=545.0000,,,,,,,0.24685680989854203,9904.0,,,22.062004575121666,0.26000005426778355,True,V2
CLOSE series_10 pnl_net=2180.00,-1584.6400000000015,2075-08-06,2075-11-27,91508.00000000163,0.0912710945564646,911087.6239999984,SELL series_10 fill_size=545.0000 fill_px=344.5000,False,0,0.4,0.0,0.0,0.012324625732351026,,0.4,,,,,,,,,,,,,0.0,0.0,,0.22067878250965017,-1.3153379500244313,-44589.119999999704,1002595.6240000001,,,,,,,,0.2461086662724774,9904.0,,,22.062004575121666,0.26494264037986154,True,V2
,-1980.799999999993,2075-08-06,2075-11-28,94197.30000000168,0.09395343221645826,908398.3239999984,,False,0,0.4,0.0,0.0,0.012287055941048007,,0.4,,,,,,,,,,,,,0.0,0.0,,0.2287194423326709,-1.2267843752176384,-46569.9199999997,1002595.6240000001,BUY series_1 size=1060.0000 | SELL series_1 size=9904.0000,,,,,,,0.24465672616102316,9904.0,,,,0.2708562231732992,False,V2
,-42.40000000000286,2075-08-06,2075-11-29,94271.50000000175,0.09402744011976831,908324.1239999983,BUY series_1 fill_size=1060.0000 fill_px=22.4400 | SELL series_1 fill_size=9904.0000 fill_px=22.4400,False,0,0.6,0.0,0.0,0.01200400861105567,,0.6,,,,,,,,,,,,,0.0,0.0,,0.23406215023194052,-0.9450113762240311,-46612.3199999997,1002595.6240000001,BUY series_1 size=10252.0000 | SELL series_1 size=1060.0000,,,,,,,0.026105438987548066,1060.0,,,,0.27861389219351884,False,V2
,2768.0400000000323,2075-08-06,2075-11-30,91471.66000000155,0.09123484863724235,911123.9639999985,BUY series_1 fill_size=10252.0000 fill_px=22.4000 | SELL series_1 fill_size=1060.0000 fill_px=22.4000,False,0,0.6,0.0,0.0,0.011818535707900238,,0.6,,,,,,,,,,,,,0.0,0.0,,0.23350463663974538,-0.5910181875510483,-43844.27999999967,1002595.6240000001,BUY series_1 size=1195.0000 | SELL series_1 size=10252.0000,,,,,,,0.2550836649929234,10252.0,,,,0.2848175000734225,False,V2
,-95.60000000000221,2075-08-06,2075-12-01,91762.75400000159,0.09152518902276954,910832.8699999985,BUY series_1 fill_size=1195.0000 fill_px=22.6700 | SELL series_1 fill_size=10252.0000 fill_px=22.6700,False,0,0.6,0.0,0.0,0.011505865939081367,,0.6,,,,,,,,,,,,,0.0,0.0,,0.23696771477416403,-0.6470661673062779,-43939.87999999968,1002595.6240000001,BUY series_1 size=10614.0000 | SELL series_1 size=1195.0000,,,,,,,0.029572165088859875,1195.0,,,,0.29223699493913036,False,V2
,636.8399999999864,2075-08-06,2075-12-02,91278.44400000165,0.09104213285495213,911317.1799999984,BUY series_1 fill_size=10614.0000 fill_px=22.5900 | SELL series_1 fill_size=1195.0000 fill_px=22.5900,False,0,0.6,0.0,0.0,0.011899462224958097,,0.6,,,,,,,,,,,,,0.0,0.0,,0.23751882071359356,-0.04876382334574929,-43303.03999999969,1002595.6240000001,BUY series_1 size=1339.0000 | SELL series_1 size=10614.0000,,,,,,,0.263568848773377,10614.0,,,,0.2968276846665952,False,V2
,415.09000000000304,2075-08-06,2075-12-03,90887.25400000159,0.09065195560837754,911708.3699999985,BUY series_1 fill_size=1339.0000 fill_px=22.6500 | SELL series_1 fill_size=10614.0000 fill_px=22.6500,False,0,0.6,0.0,0.0,0.011395182218450659,,0.6,,,,,,,,,,,,,0.0,0.0,,0.23269789201996247,0.3292064744933306,-42887.949999999684,1002595.6240000001,BUY series_1 size=10595.0000 | SELL series_1 size=1339.0000,,,,,,,0.03372069513851239,1339.0,,,,0.3005498660203486,False,V2
,-3496.3500000000195,2075-08-06,2075-12-04,94373.2780000018,0.0941289546262789,908222.3459999983,BUY series_1 fill_size=10595.0000 fill_px=22.9600 | SELL series_1 fill_size=1339.0000 fill_px=22.9600,False,0,0.6,0.0,0.0,0.011008008895214022,,0.6,,,,,,,,,,,,,0.0,0.0,,0.22737557133353978,-0.13366394502691964,-46384.299999999705,1002595.6240000001,BUY series_1 size=1293.0000 | SELL series_1 size=10595.0000,,,,,,,0.26411021602412815,10595.0,,,,0.2963500719150623,False,V2
,-64.65000000000092,2075-08-06,2075-12-05,94569.73800000187,0.09432490601016415,908025.8859999982,BUY series_1 fill_size=1293.0000 fill_px=22.6300 | SELL series_1 fill_size=10595.0000 fill_px=22.6300,False,0,0.6,0.0,0.0,0.010911795189153412,,0.6,,,,,,,,,,,,,0.0,0.0,,0.229206988003093,-0.3348445569473125,-46448.949999999706,1002595.6240000001,BUY series_1 size=10928.0000 | SELL series_1 size=1293.0000,,,,,,,0.032124722928879204,1293.0,,,,0.3036381989505568,False,V2
,1748.4800000000016,2075-08-06,2075-12-06,93280.07000000193,0.09303857683703787,909315.5539999981,BUY series_1 fill_size=10928.0000 fill_px=22.5800 | SELL series_1 fill_size=1293.0000 fill_px=22.5800,False,0,0.6,0.0,0.0,0.010742233798247265,,0.6,,,,,,,,,,,,,0.0,0.0,,0.2224973695510362,-0.8244470461409075,-44700.4699999997,1002595.6240000001,BUY series_1 size=1217.0000 | SELL series_1 size=10928.0000,,,,,,,0.2728047473825577,10928.0,,,,0.3031868080843896,False,V2
,657.1800000000032,2075-08-06,2075-12-07,92320.04800000193,0.09208104024200481,910275.5759999981,BUY series_1 fill_size=1217.0000 fill_px=22.7400 | SELL series_1 fill_size=10928.0000 fill_px=22.7400,False,0,0.6,0.0,0.0,0.010765311785588538,,0.6,,,,,,,,,,,,,0.0,0.0,,0.22755021846212656,-0.44234289337573496,-44043.2899999997,1002595.6240000001,BUY series_1 size=10340.0000 | SELL series_1 size=1217.0000,,,,,,,0.031084268045878074,1217.0,,,,0.29519119912879516,False,V2
,10340.0,2075-08-06,2075-12-08,86170.45800000185,0.08594737094124984,916425.1659999982,BUY series_1 fill_size=10340.0000 fill_px=23.2800 | SELL series_1 fill_size=1217.0000 fill_px=23.2800,False,0,0.6,0.0,0.0,0.011549779649870508,,0.6,,,,,,,,,,,,,0.0,0.0,,0.2262943323631251,-0.4215411162671716,-33703.2899999997,1002595.6240000001,,,,,,,,0.2695502144252556,10340.0,,,22.821333014532698,0.28516650572691526,True,V2
,2481.599999999984,2075-08-06,2075-12-09,79794.9420000019,0.07958836054126035,922800.6819999982,,False,0,0.6,0.0,0.0,0.011257732215434312,,0.6,,,,,,,,,,,,,0.0,0.0,,0.22081148744053208,0.35845532847558786,-31221.68999999972,1002595.6240000001,,,,,,,,0.27474708780070073,10340.0,,,23.39195208492322,0.2772794448341282,True,V2
,5583.599999999991,2075-08-06,2075-12-10,74211.34200000181,0.07401921594662955,928384.2819999983,,False,0,0.6,0.0,0.0,0.010879940600191398,,0.6,,,,,,,,,,,,,0.0,0.0,,0.21648735704263736,0.31682048002343455,-25638.089999999727,1002595.6240000001,,,,,,,,0.2791089907745772,10340.0,,,23.873241221714416,0.2693663683037468,True,V2
,-1654.4000000000015,2075-08-06,2075-12-11,75245.34200000181,0.0750505390197093,927350.2819999983,,False,0,0.6,0.0,0.0,0.010528399111605325,,0.6,,,,,,,,,,,,,0.0,0.0,,0.2165439388021211,0.2313323453664291,-27292.48999999973,1002595.6240000001,,,,,,,,0.27830519385122754,10340.0,,,23.873241221714416,0.25949453193574296,True,V2
,3825.80000000001,2075-08-06,2075-12-12,72143.34200000181,0.07195656980047002,930452.2819999983,,False,0,0.6,0.0,0.0,0.010201659678888237,,0.6,,,,,,,,,,,,,0.0,0.0,,0.22270102612198106,0.2810769748002835,-23466.68999999972,1002595.6240000001,SELL series_1 size=817.0000,,,,,,,0.2807112251243858,10340.0,,,24.013509012600696,0.2585050077453702,True,V2
,-1142.7600000000095,2075-08-06,2075-12-13,72706.55200000189,0.07251832170374792,929889.0719999982,SELL series_1 fill_size=817.0000 fill_px=25.2700,False,0,0.6,0.0,0.0,0.01077719765513838,,0.6,,,,,,,,,,,,,0.0,0.0,,0.2246704351234598,0.19560293462695846,-24609.449999999728,1002595.6240000001,,,,,,,,0.2580733629699011,9523.0,,,24.013509012600696,0.2658350291718871,True,V2
,4571.0400000000045,2075-08-06,2075-12-14,68424.47000000195,0.06824732560372909,934171.1539999981,,False,0,0.6,0.0,0.0,0.011015497670590518,,0.6,,,,,,,,,,,,,0.0,0.0,,0.21944777637243867,-0.21985329568723638,-20038.409999999723,1002595.6240000001,,,,,,,,0.26147772702474226,9523.0,,,24.40034705678325,0.26183199223772324,True,V2
,-4856.729999999981,2075-08-06,2075-12-15,67757.86000000197,0.06758244139314333,934837.7639999981,,False,0,0.4,0.0,0.0,0.012082470683811623,,0.4,,,,,,,,,,,,,0.0,0.0,,0.21882329264748424,0.030326076386825003,-24895.139999999705,1002595.6240000001,,,,,,,,0.2620043492380786,9523.0,,,24.40034705678325,0.24438252346284178,True,V2
,7999.319999999999,2075-08-06,2075-12-16,75376.26000000187,0.07518111808555217,927219.3639999982,,False,0,0.4,0.0,0.0,0.012069259550108307,,0.4,,,,,,,,,,,,,0.0,0.0,,0.21429379505274887,0.6111130146482717,-16895.819999999705,1002595.6240000001,SELL series_1 size=1139.0000,,,,,,,0.2559406858979279,9523.0,,,24.40034705678325,0.2253039428272004,True,V2
,-1844.4800000000203,2075-08-06,2075-12-17,67400.66000000178,0.06722616614971559,935194.9639999983,SELL series_1 fill_size=1139.0000 fill_px=25.9600,False,0,0.4,0.0,0.0,0.012802582868487303,,0.4,,,,,,,,,,,,,0.0,0.0,,0.21775328133742242,0.7925977299706307,-18740.299999999726,1002595.6240000001,,,,,,,,0.23066882126623642,8384.0,,,24.40034705678325,0.2173431376569492,True,V2
,-251.51999999997975,2075-08-06,2075-12-18,67958.32400000188,0.06778238641105606,934637.2999999982,,False,0,0.4,0.0,0.0,0.012288115647767193,,0.4,,,,,,,,,,,,,0.0,0.0,,0.21976473407166375,0.7334269247733244,-18991.819999999705,1002595.6240000001,,,,,,,,0.23071674969531003,8384.0,,,24.40034705678325,0.2261936895266335,True,V2
,-2599.040000000019,2075-08-06,2075-12-19,71395.76400000183,0.07121092720827776,931199.8599999982,,False,0,0.6,0.0,0.0,0.011841128134453089,,0.6,,,,,,,,,,,,,0.0,0.0,,0.22435724250306155,0.6051159510833459,-21590.859999999724,1002595.6240000001,,,,,,,,0.22787701020487738,8384.0,,,24.40034705678325,0.2256492095353287,True,V2
,1592.9600000000107,2075-08-06,2075-12-20,69551.28400000185,0.06937122239025635,933044.3399999982,,False,0,0.6,0.0,0.0,0.01152760569829242,,0.6,,,,,,,,,,,,,0.0,0.0,,0.21676502849204618,1.6545218070409378,-19997.899999999714,1002595.6240000001,,,,,,,,0.22940337433481503,8384.0,,,24.40034705678325,0.23084676850204433,True,V2
,-5365.760000000005,2075-08-06,2075-12-21,74665.52400000184,0.07447222211295212,927930.0999999982,,False,0,0.6,0.0,0.0,0.011237959468257386,,0.6,,,,,,,,,,,,,0.0,0.0,,0.21957493152780522,2.0778848971805246,-25363.65999999972,1002595.6240000001,,,,,,,,0.22515626985265424,8384.0,,,24.40034705678325,0.21304241861952306,True,V2
,1257.6000000000179,2075-08-06,2075-12-22,73324.0840000019,0.07313425497257296,929271.5399999982,,False,0,0.6,0.0,0.0,0.010910938471103833,,0.6,,,,,,,,,,,,,0.0,0.0,,0.21399359304271845,2.7590444780315324,-24106.059999999703,1002595.6240000001,,,,,,,,0.22627478723818487,8384.0,,,24.40034705678325,0.21745117621197566,True,V2
,1844.4799999999905,2075-08-06,2075-12-23,71647.28400000185,0.07146179604709889,930948.3399999982,,False,0,0.6,0.0,0.0,0.010466920137318434,,0.6,,,,,,,,,,,,,0.0,0.0,,0.21927347622344193,2.473230756032243,-22261.57999999971,1002595.6240000001,,,,,,,,0.22766840101997543,8384.0,,,24.40034705678325,0.22600186240706194,True,V2
,8216.320000000003,2075-08-06,2075-12-24,62927.92400000186,0.06276500963463397,939667.6999999982,,False,0,0.6,0.0,0.0,0.010144836827708672,,0.6,,,,,,,,,,,,,0.0,0.0,,0.21951536821284467,2.767430992187053,-14045.259999999707,1002595.6240000001,SELL series_1 size=721.0000,,,,,,,0.2348350166766405,8384.0,,,24.75574709164554,0.2146365460348027,True,V2
,-689.6699999999989,2075-08-06,2075-12-25,63938.53400000185,0.06377300326218245,938657.0899999982,SELL series_1 fill_size=721.0000 fill_px=26.3000,False,0,1.0,0.0,0.0,0.009748776308212255,,1.0,,,,,,,,,,,,,0.0,0.0,,0.20752868958667997,3.014691486988565,-14734.929999999706,1002595.6240000001,,,,,,,,0.21380967782387963,7663.0,,,24.75574709164554,0.21395991454609264,True,V2
,-5517.360000000019,2075-08-06,2075-12-26,69308.40200000186,0.06912896918848098,933287.2219999982,,False,0,1.0,0.0,0.0,0.009434997867574364,,1.0,,,,,,,,,,,,,0.0,0.0,,0.20593124224547227,2.554319955488398,-20252.289999999724,1002595.6240000001,,,,,,,,0.20929234365966748,7663.0,,,24.75574709164554,0.1987966999446942,True,V2
,1685.8600000000185,2075-08-06,2075-12-27,67622.54200000176,0.0674474737184787,934973.0819999983,,False,0,1.0,0.0,0.0,0.009246971651284165,,1.0,,,,,,,,,,,,,0.0,0.0,,0.20973162507126422,2.50954217420438,-18566.429999999706,1002595.6240000001,,,,,,,,0.2107180771221394,7663.0,,,24.75574709164554,0.19737188001963674,True,V2
,1072.8200000000043,2075-08-06,2075-12-28,66779.61200000183,0.06660672598347768,935816.0119999982,,False,0,1.0,0.0,0.0,0.009326350950223045,,1.0,,,,,,,,,,,,,0.0,0.0,,0.20264070591058225,3.103622732443397,-17493.609999999702,1002595.6240000001,,,,,,,,0.211429017523586,7663.0,,,24.75574709164554,0.20112697886595488,True,V2
,-2145.6400000000085,2075-08-06,2075-12-29,68695.36200000183,0.06851751629029833,933900.2619999982,,False,0,1.0,0.0,0.0,0.009301781961071315,,1.0,,,,,,,,,,,,,0.0,0.0,,0.20272981814321164,2.554497604950781,-19639.24999999971,1002595.6240000001,,,,,,,,0.20981138776037775,7663.0,,,24.75574709164554,0.19820793925491806,True,V2
,-6820.070000000004,2075-08-06,2075-12-30,72833.38200000185,0.07264482335303095,929762.2419999982,,False,0,1.0,0.0,0.0,0.009482384376977298,,1.0,,,,,,,,,,,,,0.0,0.0,,0.20202793184153914,2.233541788607594,-26459.319999999712,1002595.6240000001,,,,,,,,0.206294557184223,7663.0,,,24.75574709164554,0.19356535832850474,True,V2
,1992.380000000012,2075-08-06,2075-12-31,73676.31200000178,0.07348557108803197,928919.3119999983,,False,0,1.0,0.0,0.0,0.009360378657542004,,1.0,,,,,,,,,,,,,0.0,0.0,,0.196867076553719,2.4230280841927647,-24466.9399999997,1002595.6240000001,,,,,,,,0.20557432441451962,7663.0,,,24.75574709164554,0.19741225619740957,True,V2
,3754.869999999988,2075-08-06,2076-01-01,69768.18200000189,0.06958755886211797,932827.4419999982,,False,0,1.0,0.0,0.0,0.009074141284421992,,1.0,,,,,,,,,,,,,0.0,0.0,,0.18903468095692602,1.9953149650935895,-20712.069999999712,1002595.6240000001,,,,,,,,0.20890261288003614,7663.0,,,24.75574709164554,0.20221726430175457,True,V2
,-2911.9399999999923,2075-08-06,2076-01-02,72450.23200000194,0.07226266529166692,930145.3919999981,,False,0,1.0,0.0,0.0,0.008855749651885094,,1.0,,,,,,,,,,,,,0.0,0.0,,0.1852334783937732,1.5758213618291812,-23624.009999999704,1002595.6240000001,,,,,,,,0.20662150417877936,7663.0,,,24.75574709164554,0.20171707140789785,True,V2
,766.2999999999837,2075-08-06,2076-01-03,72373.60200000182,0.07218623367939397,930222.0219999983,,False,0,1.0,0.0,0.0,0.008878090418137322,,1.0,,,,,,,,,,,,,0.0,0.0,,0.18520360709040723,1.408788550170383,-22857.70999999972,1002595.6240000001,,,,,,,,0.20668686125773142,7663.0,,,24.75574709164554,0.2048982766675255,True,V2
,0.0,2075-08-06,2076-01-04,72220.34200000181,0.07203337045484831,930375.2819999983,,False,0,1.0,0.0,0.0,0.00873630868060195,,1.0,,,,,,,,,,,,,0.0,0.0,,0.18765830496326072,1.5554568929228207,-22857.70999999972,1002595.6240000001,,,,,,,,0.2068175431169724,7663.0,,,24.75574709164554,0.21171284751396532,True,V2
,2298.9000000000055,2075-08-06,2076-01-05,69998.0720000019,0.06981685369893645,932597.5519999982,,False,0,1.0,0.0,0.0,0.008495501409374589,,1.0,,,,,,,,,,,,,0.0,0.0,,0.18070513197114357,1.3443327666458493,-20558.809999999714,1002595.6240000001,,,,,,,,0.20870760338431638,7663.0,,,24.75574709164554,0.21031482071238164,True,V2
,-2222.2699999999936,2075-08-06,2076-01-06,71837.1920000019,0.07165121239348426,930758.4319999982,,False,0,1.0,0.0,0.0,0.008659167141016453,,1.0,,,,,,,,,,,,,0.0,0.0,,0.1617960850926168,0.5849134853799997,-22781.079999999707,1002595.6240000001,,,,,,,,0.20714405948030173,7663.0,,,24.75574709164554,0.21419273096392985,True,V2
,-153.25999999999672,2075-08-06,2076-01-07,71913.8220000019,0.0717276440057571,930681.8019999982,,False,0,0.6,0.0,0.0,0.00983387281774917,,0.6,,,,,,,,,,,,,0.0,0.0,,0.16440592521826028,0.4877937520617899,-22934.339999999705,1002595.6240000001,,,,,,,,0.2070787777152651,7663.0,,,24.75574709164554,0.21905097798876433,True,V2
,1149.4499999999891,2075-08-06,2076-01-08,69768.18200000189,0.06958755886211797,932827.4419999982,,False,0,0.6,0.0,0.0,0.00976162420107781,,0.6,,,,,,,,,,,,,0.0,0.0,,0.16850896037873123,0.9208140265415576,-21784.889999999716,1002595.6240000001,,,,,,,,0.20890261288003614,7663.0,,,24.75574709164554,0.222461777779102,True,V2
,76.63000000001198,2075-08-06,2076-01-09,70764.37200000184,0.07058116982166464,931831.2519999982,,False,0,0.4,0.0,0.0,0.0142272632402904,,0.4,,,,,,,,,,,,,0.0,0.0,,0.1695124880242347,0.6650474134701571,-21708.259999999704,1002595.6240000001,,,,,,,,0.20805687680455728,7663.0,,,24.75574709164554,0.22443796426776189,True,V2
,-1915.75,2075-08-06,2076-01-10,72833.38200000185,0.07264482335303095,929762.2419999982,,False,0,0.4,0.0,0.0,0.014662332259241509,,0.4,,,,,,,,,,,,,0.0,0.0,,0.15926078574535185,0.06633402820298365,-23624.009999999704,1002595.6240000001,BUY series_1 size=844.0000,,,,,,,0.206294557184223,7663.0,,,24.75574709164554,0.22901587464557815,True,V2
,-850.7000000000121,2075-08-06,2076-01-11,73530.82200000179,0.07334045774770087,929064.8019999983,BUY series_1 fill_size=844.0000 fill_px=25.0500,False,0,0.4,0.0,0.0,0.014064176659069757,,0.4,,,,,,,,,,,,,0.0,0.0,,0.1616479408910692,0.1572260744422639,-24474.709999999715,1002595.6240000001,,,,,,,,0.22845516216209039,8507.0,,,24.75574709164554,0.2296864068959084,True,V2
,-2126.75,2075-08-06,2076-01-12,76089.67400000175,0.07589268512506668,926505.9499999983,,False,0,0.4,0.0,0.0,0.013542850698329618,,0.4,,,,,,,,,,,,,0.0,0.0,,0.1656669578337115,-0.04440452514063096,-26601.459999999715,1002595.6240000001,SELL series_1 size=8507.0000,,,,,,,0.22633157401741497,8507.0,,,,0.22822664562843178,True,V2
CLOSE series_1 pnl_net=12190.22,0.0,2075-08-06,2076-01-13,75664.32400000177,0.07546843631545888,926931.2999999983,SELL series_1 fill_size=8507.0000 fill_px=24.7000,False,0,0.4,0.0,0.0,0.013055871130759462,,0.4,,,,,,,,,,,,,0.0,0.0,,0.15376609314049042,-0.5425887103310926,-26601.459999999715,1002595.6240000001,BUY series_1 size=8788.0000,,,,,,,0.0,0.0,,,23.514574810522024,0.23570366040910068,True,V2
,2724.279999999989,2075-08-06,2076-01-14,73022.30400000175,0.0728332562520757,929573.3199999983,BUY series_1 fill_size=8788.0000 fill_px=24.9800,False,0,0.4,0.0,0.0,0.012501952039983324,,0.4,,,,,,,,,,,,,0.0,0.0,,0.15921430308593792,-0.5133335495902018,-23877.179999999727,1002595.6240000001,,,,,,,,0.23918113312460432,8788.0,,,23.897105181199024,0.23004890321470262,True,V2
,-2987.9199999999987,2075-08-06,2076-01-15,76344.16800000181,0.07614652026448682,926251.4559999983,,False,0,0.6,0.0,0.0,0.011981555889449784,,0.6,,,,,,,,,,,,,0.0,0.0,,0.16060184637193542,-0.7344151036706936,-26865.099999999726,1002595.6240000001,,,,,,,,0.23690797847447637,8788.0,,,23.897105181199024,0.23150250401053368,True,V2
,-1845.4800000000075,2075-08-06,2076-01-16,78101.76800000179,0.07789957000650322,924493.8559999983,,False,0,0.6,0.0,0.0,0.011493070546280397,,0.6,,,,,,,,,,,,,0.0,0.0,,0.1561951047787136,-1.142698175710912,-28710.579999999733,1002595.6240000001,,,,,,,,0.23545722731120067,8788.0,,,23.897105181199024,0.2357794283680829,True,V2
,966.6800000000262,2075-08-06,2076-01-17,77662.36800000176,0.07746130757099909,924933.2559999983,,False,0,0.4,0.0,0.0,0.013577740857636965,,0.4,,,,,,,,,,,,,0.0,0.0,,0.16275684402178398,-1.150620287887863,-27743.899999999707,1002595.6240000001,,,,,,,,0.23582043199882566,8788.0,,,23.897105181199024,0.24160105064137774,True,V2
,-87.88000000001374,2075-08-06,2076-01-18,77310.84800000186,0.0771106976225959,925284.7759999982,,False,0,0.4,0.0,0.0,0.013265735257495824,,0.4,,,,,,,,,,,,,0.0,0.0,,0.16563284200050563,-1.247732993917046,-27831.77999999972,1002595.6240000001,,,,,,,,0.23611074737924836,8788.0,,,23.897105181199024,0.24822036927436586,True,V2
,-3866.720000000011,2075-08-06,2076-01-19,81441.20800000173,0.08123036451633438,921154.4159999983,,False,0,0.4,0.0,0.0,0.012755708373903996,,0.4,,,,,,,,,,,,,0.0,0.0,,0.16262543095770696,-0.4638455831552634,-31698.49999999973,1002595.6240000001,,,,,,,,0.23268554791360888,8788.0,,,23.897105181199024,0.24120240119333639,True,V2
,1054.5600000000088,2075-08-06,2076-01-20,80562.4080000018,0.08035383964532623,922033.2159999983,,False,0,0.4,0.0,0.0,0.012322423489775846,,0.4,,,,,,,,,,,,,0.0,0.0,,0.16787907246853495,-0.0918105551337913,-30643.939999999722,1002595.6240000001,,,,,,,,0.23341688375790617,8788.0,,,23.897105181199024,0.24718605852458872,True,V2
,1933.3599999999901,2075-08-06,2076-01-21,78980.56800000183,0.07877609487751148,923615.0559999982,,False,0,0.6,0.0,0.0,0.011838430597959122,,0.6,,,,,,,,,,,,,0.0,0.0,,0.17135403103854524,0.0929621574207139,-28710.579999999733,1002595.6240000001,BUY series_1 size=827.0000,,,,,,,0.2347297811914409,8788.0,,,23.897105181199024,0.2568240351465813,True,V2
,-96.14999999998088,2075-08-06,2076-01-22,78846.1580000018,0.07864203285212204,923749.4659999983,BUY series_1 fill_size=827.0000 fill_px=24.7400,False,0,0.6,0.0,0.0,0.011343107511979977,,0.6,,,,,,,,,,,,,0.0,0.0,,0.16967463128487892,-0.2750016382588442,-28806.729999999712,1002595.6240000001,,,,,,,,0.2569899726469779,9615.0,,,23.897105181199024,0.2651521900886626,True,V2
,192.2999999999959,2075-08-06,2076-01-23,77523.21400000178,0.07732251382737113,925072.4099999983,,False,0,0.6,0.0,0.0,0.011310311935948909,,0.6,,,,,,,,,,,,,0.0,0.0,,0.17365267010940227,-0.3545686752932918,-28614.429999999717,1002595.6240000001,,,,,,,,0.25807758119172575,9615.0,,,23.897105181199024,0.2764268405079309,True,V2
,-384.5999999999918,2075-08-06,2076-01-24,79253.91400000174,0.0790487332109099,923341.7099999983,,False,0,0.6,0.0,0.0,0.011039226646876524,,0.6,,,,,,,,,,,,,0.0,0.0,,0.17752126015531866,-0.17863711181157482,-28999.029999999708,1002595.6240000001,BUY series_1 size=824.0000,,,,,,,0.25668693121206493,9615.0,,,23.897105181199024,0.27869382647211627,True,V2
,7202.909999999976,2075-08-06,2076-01-25,72413.6140000018,0.07222614209215998,930182.0099999983,BUY series_1 fill_size=824.0000 fill_px=24.7100,False,0,0.6,0.0,0.0,0.010609956426884296,,0.6,,,,,,,,,,,,,0.0,0.0,,0.17905375728642686,0.24570621610239768,-21796.119999999733,1002595.6240000001,,,,,,,,0.2840423563986154,10439.0,,,24.142674741277165,0.2765827047669957,True,V2
,2087.8000000000297,2075-08-06,2076-01-26,70763.15000000177,0.07057995098530548,931832.4739999983,,False,0,0.6,0.0,0.0,0.010237557576958121,,0.6,,,,,,,,,,,,,0.0,0.0,,0.17807464958927646,-0.13285626062776282,-19708.319999999705,1002595.6240000001,,,,,,,,0.2853316850599483,10439.0,,,24.293197974043082,0.27608975714538664,True,V2
,2400.9699999999675,2075-08-06,2076-01-27,67005.11000000173,0.06683164019076322,935590.5139999983,,False,0,0.6,0.0,0.0,0.01013044238694215,,0.6,,,,,,,,,,,,,0.0,0.0,,0.18142451179068209,0.21299552644830566,-17307.349999999737,1002595.6240000001,,,,,,,,0.2882023342104989,10439.0,,,24.655112404468575,0.280448321315938,True,V2
,6994.130000000017,2075-08-06,2076-01-28,61054.88000000175,0.06089681476607138,941540.7439999983,,False,0,0.6,0.0,0.0,0.011378338571317244,,0.6,,,,,,,,,,,,,0.0,0.0,,0.1840844482097,0.22961420014670325,-10313.21999999972,1002595.6240000001,SELL series_1 size=884.0000,,,,,,,0.2927006629890469,10439.0,,,25.142961518435104,0.2679045632970435,True,V2
,-477.75000000000676,2075-08-06,2076-01-29,61635.330000001704,0.0614757620366411,940960.2939999984,SELL series_1 fill_size=884.0000 fill_px=26.5000,False,0,0.6,0.0,0.0,0.011441648820294116,,0.6,,,,,,,,,,,,,0.0,0.0,,0.18444484682621756,0.5403557321286464,-10790.969999999726,1002595.6240000001,,,,,,,,0.26736850811262863,9555.0,,,25.142961518435104,0.2711546054712076,True,V2
,0.0,2075-08-06,2076-01-30,60524.09000000171,0.06036739893052008,942071.5339999984,,False,0,0.6,0.0,0.0,0.011014099743762606,,0.6,,,,,,,,,,,,,0.0,0.0,,0.18827140523561445,0.6635465049020027,-10790.969999999726,1002595.6240000001,,,,,,,,0.2682702330755283,9555.0,,,25.21408416640578,0.27299930248341014,True,V2
,7644.000000000006,2075-08-06,2076-01-31,53166.74000000174,0.053029096404675444,949428.8839999983,,False,0,0.4,0.0,0.0,0.012093189004060308,,0.4,,,,,,,,,,,,,0.0,0.0,,0.1938128953112515,0.7744686483485432,-3146.96999999972,1002595.6240000001,,,,,,,,0.27394058089347156,9555.0,,,25.91164958309108,0.2653925949457042,True,V2
,1624.3500000000163,2075-08-06,2076-02-01,53835.59000000171,0.05369621481611584,948760.0339999984,,False,0,0.6,0.0,0.0,0.011762385642320204,,0.6,,,,,,,,,,,,,0.0,0.0,,0.18792929487209356,0.2265028981406348,-1522.6199999997039,1002595.6240000001,,,,,,,,0.2734287287653608,9555.0,,,25.91164958309108,0.2630349862527041,True,V2
,1242.1499999999905,2075-08-06,2076-02-02,52020.14000000176,0.05188546484220617,950575.4839999983,,False,0,0.6,0.0,0.0,0.011786311238699908,,0.6,,,,,,,,,,,,,0.0,0.0,,0.195084535081196,0.4888258195092316,-280.4699999997133,1002595.6240000001,,,,,,,,0.27481636587210834,9555.0,,,26.047723365012207,0.26987818158666455,True,V2
,95.549999999981,2075-08-06,2076-02-03,51064.64000000176,0.05093243854014842,951530.9839999983,,False,0,0.6,0.0,0.0,0.011288849189654507,,0.6,,,,,,,,,,,,,0.0,0.0,,0.19700145102675287,1.2376334225493921,-184.9199999997323,1002595.6240000001,,,,,,,,0.27554457438455887,9555.0,,,26.141814553225622,0.26963243142463,True,V2
,-4395.299999999974,2075-08-06,2076-02-04,54026.69000000169,0.05388682007652737,948568.9339999984,,False,0,0.6,0.0,0.0,0.010909752839860768,,0.6,,,,,,,,,,,,,0.0,0.0,,0.1932251033054416,1.0847449595621976,-4580.2199999997065,1002595.6240000001,,,,,,,,0.2732823527193443,9555.0,,,26.141814553225622,0.2669268126539524,True,V2
,1051.0499999999945,2075-08-06,2076-02-05,53262.29000000167,0.05312439903488115,949333.3339999984,,False,0,0.6,0.0,0.0,0.010488659860298271,,0.6,,,,,,,,,,,,,0.0,0.0,,0.17462027247031014,0.01532952862792392,-3529.1699999997118,1002595.6240000001,,,,,,,,0.27386750331891374,9555.0,,,26.141814553225622,0.26510729480850453,True,V2
,1146.5999999999756,2075-08-06,2076-02-06,51542.39000000176,0.0514089516911773,951053.2339999983,,False,0,0.6,0.0,0.0,0.010541111068717123,,0.6,,,,,,,,,,,,,0.0,0.0,,0.17888292457871394,0.17131220785215648,-2382.569999999736,1002595.6240000001,,,,,,,,0.2751806530316688,9555.0,,,26.141814553225622,0.265186822296038,True,V2
,-3821.9999999999864,2075-08-06,2076-02-07,57370.94000000169,0.057222412133729486,945224.6839999984,,False,0,0.6,0.0,0.0,0.010694091160004766,,0.6,,,,,,,,,,,,,0.0,0.0,,0.1777969330782585,-0.05785704117535247,-6204.569999999722,1002595.6240000001,,,,,,,,0.2707111910336024,9555.0,,,26.141814553225622,0.2557117437842024,True,V2
,-4968.599999999996,2075-08-06,2076-02-08,61479.59000000171,0.06132042523257782,941116.0339999984,,False,0,0.6,0.0,0.0,0.010470895482479217,,0.6,,,,,,,,,,,,,0.0,0.0,,0.18328421475395412,0.2785730275283407,-11173.169999999718,1002595.6240000001,SELL series_1 size=740.0000,,,,,,,0.26752731959085974,9555.0,,,26.141814553225622,0.24680168898746635,True,V2
,-969.649999999995,2075-08-06,2076-02-09,63638.94000000169,0.06347418488234065,938956.6839999984,SELL series_1 fill_size=740.0000 fill_px=26.4100,False,0,0.6,0.0,0.0,0.01147676251930328,,0.6,,,,,,,,,,,,,0.0,0.0,,0.18344148473157446,0.021680217510715912,-12142.819999999712,1002595.6240000001,SELL series_1 size=8815.0000,,,,,,,0.24502887504872417,8815.0,,,,0.24493461566199465,True,V2
CLOSE series_1 pnl_net=14458.64,0.0,2075-08-06,2076-02-10,61893.7000000017,0.06173346314146858,940701.9239999984,SELL series_1 fill_size=8815.0000 fill_px=26.3000,False,0,0.4,0.0,0.0,0.012637815213175889,,0.4,,,,,,,,,,,,,0.0,0.0,,0.1810834065068055,0.9553068793153459,-12142.819999999712,1002595.6240000001,BUY series_1 size=8717.0000,,,,,,,0.0,0.0,,,25.25350777941055,0.24678693391197476,True,V2
,0.0,2075-08-06,2076-02-11,63644.94000000169,0.06348016934891558,938950.6839999984,BUY series_1 fill_size=8717.0000 fill_px=26.5000,False,0,0.4,0.0,0.0,0.01278050537178211,,0.4,,,,,,,,,,,,,0.0,0.0,,0.18307778331989505,1.0225377709535695,-12142.819999999712,1002595.6240000001,,,,,,,,0.2449057910266141,8717.0,,,25.25350777941055,0.25234647914707825,True,V2
,1133.2099999999914,2075-08-06,2076-02-12,62965.014000001596,0.06280200361217773,939630.6099999985,,False,0,0.4,0.0,0.0,0.012301553883782639,,0.4,,,,,,,,,,,,,0.0,0.0,,0.18362604306372282,0.5864030361958158,-11009.60999999972,1002595.6240000001,,,,,,,,0.24593459125389752,8717.0,,,25.25350777941055,0.2585553522195575,True,V2
,-523.0199999999888,2075-08-06,2076-02-13,63575.20400000166,0.06341061388873731,939020.4199999984,,False,0,0.6,0.0,0.0,0.011793447691423008,,0.6,,,,,,,,,,,,,0.0,0.0,,0.17816240095670785,0.1290070718661323,-11532.62999999971,1002595.6240000001,,,,,,,,0.2454445878823385,8717.0,,,25.25350777941055,0.25314344891262736,True,V2
,-3225.2900000000086,2075-08-06,2076-02-14,64882.75400000159,0.06471477876707907,937712.8699999985,,False,0,0.6,0.0,0.0,0.01142691287775675,,0.6,,,,,,,,,,,,,0.0,0.0,,0.16801742888416824,-0.635519080397898,-14757.919999999718,1002595.6240000001,,,,,,,,0.24439243326158078,8717.0,,,25.25350777941055,0.2524836404846858,True,V2
,697.3600000000162,2075-08-06,2076-02-15,66626.15400000161,0.06645366527153485,935969.4699999985,,False,0,0.6,0.0,0.0,0.011294638455934264,,0.6,,,,,,,,,,,,,0.0,0.0,,0.17332214037686475,-0.20468240939735544,-14060.559999999701,1002595.6240000001,,,,,,,,0.24298498753383524,8717.0,,,25.25350777941055,0.2557654615233314,True,V2
,3661.139999999984,2075-08-06,2076-02-16,62093.31400000164,0.0619325603599499,940502.3099999984,,False,0,0.6,0.0,0.0,0.010849043971821784,,0.6,,,,,,,,,,,,,0.0,0.0,,0.1803320573552832,-0.1434432528794523,-10399.419999999718,1002595.6240000001,,,,,,,,0.24663349311709865,8717.0,,,25.30349272468169,0.2598111583963232,True,V2
,1743.3999999999937,2075-08-06,2076-02-17,59391.044000001624,0.059237286278043456,943204.5799999984,,False,0,0.4,0.0,0.0,0.01212142337900359,,0.4,,,,,,,,,,,,,0.0,0.0,,0.18510218922214017,0.5303596174179656,-8656.019999999724,1002595.6240000001,BUY series_1 size=727.0000,,,,,,,0.24879187927607435,8717.0,,,25.646100387204427,0.2695656851633249,True,V2
,-755.5199999999838,2075-08-06,2076-02-18,61454.184000001755,0.061295085006277415,941141.4399999983,BUY series_1 fill_size=727.0000 fill_px=26.9000,True,0,0.6,0.0,0.0,0.011624299240471668,101.49317659804561,0.6,,,,,,,,,,,,,0.0,0.0,,0.18919631622618913,0.17354017484527917,-9411.539999999708,1002595.6240000001,BUY series_7 size=5549.0000,,,,,,,0.2679244471479233,9444.0,,,25.646100387204427,0.27426601637710046,True,V2
,2317.6484375,2075-08-06,2076-02-19,58670.15156250168,0.058518260161986975,943925.4724374984,BUY series_7 fill_size=5549.0000 fill_px=101.7578,True,0,0.6,0.59815183135381,5549.0,0.011157960030650184,101.49924434104236,0.6,,,,,,,,,,,,,0.0,0.0,,0.19299479017919544,0.804157140090868,-7093.891562499708,1002595.6240000001,,,,,,,,0.27013573364170856,9444.0,,,25.712938599171164,0.26760193865487675,True,V2
,-2424.4924999999894,2075-08-06,2076-02-20,61548.570000001695,0.0613892266499676,941047.0539999984,,True,0,0.6,0.5997510855472068,5549.0,0.010698727097829826,101.49924434104236,0.6,,,,,,,,,,,,,0.0,0.0,,0.1891823054875411,0.33030203037282924,-9518.384062499697,1002595.6240000001,,,,,,,,0.2681520322787179,9444.0,,,25.712938599171164,0.26723027321643356,True,V2
,-2713.9518750000093,2075-08-06,2076-02-21,62460.42500000168,0.062298720944748184,940135.1989999984,,True,0,0.6,0.6010705883457736,5549.0,0.010411608458152678,101.57723427875591,0.6,,,,,,,,,,,,,0.0,0.0,,0.1946411518865138,0.363172880757992,-12232.335937499707,1002595.6240000001,,,,,,,,0.26670440620317676,9444.0,,,25.712938599171164,0.2689259256743687,True,V2
,-1574.5324999999907,2075-08-06,2076-02-22,65117.149062501616,0.06494856700322243,937478.4749374985,,True,0,0.6,0.602357780174791,5549.0,0.011418664711727115,101.57723427875591,0.6,,,,,,,,,,,,,0.0,0.0,,0.19987960167727464,0.10707033795286183,-13806.868437499697,1002595.6240000001,,,,,,,,0.26504250139350194,9444.0,,,25.712938599171164,0.27362416658335986,True,V2
,-1164.2275000000013,2075-08-06,2076-02-23,65903.61656250164,0.06573299841422571,936692.0074374984,,True,0,0.6,0.6032337856397296,5549.0,0.011374414963936921,101.57723427875591,0.6,,,,,,,,,,,,,0.0,0.0,,0.19430958377788304,-0.6028815497040192,-14971.095937499698,1002595.6240000001,,,,,,,,0.26405516224766534,9444.0,,,25.712938599171164,0.27399677166711683,True,V2
,3210.9599999999987,2075-08-06,2076-02-24,62787.096562501625,0.06262454678587508,939808.5274374984,,True,0,0.6,0.6012333886410475,5549.0,0.011245075488524261,101.58386056775755,0.6,,,,,,,,,,,,,0.0,0.0,,0.20144750284120383,-0.3427164605494031,-11760.1359374997,1002595.6240000001,,,,,,,,0.2664956453235166,9444.0,,,25.712938599171164,0.28106011955999727,True,V2
,-2963.2546875000066,2075-08-06,2076-02-25,65895.87968750158,0.06572528156925367,936699.7443124985,,True,0,0.6,0.6031362407541352,5549.0,0.010780503102414008,101.58386056775755,0.6,,,,,,,,,,,,,0.0,0.0,,0.2071855982385309,-0.5564634930285628,-14723.390624999705,1002595.6240000001,,,,,,,,0.264153803289021,9444.0,,,25.712938599171164,0.28362099288100184,True,V2
,-4718.930312500012,2075-08-06,2076-02-26,73077.98687500157,0.07288879496944779,929517.6371249985,,True,0,0.6,0.6072834691533566,5549.0,0.010367485980441021,101.58386056775755,0.6,,,,,,,,,,,,,0.0,0.0,358.6436866808903,0.18936456769846538,-1.7955024440914,-19442.320937499717,1002595.6240000001,SELL series_1 size=9444.0000 | BUY series_10 size=470.0000,,,,,,,0.25898116440756436,9444.0,,,,0.2624658613923479,True,V2
CLOSE series_1 pnl_net=-6996.04,-346.8125,2075-08-06,2076-02-27,70486.65406250162,0.07030417086929318,932108.9699374984,SELL series_1 fill_size=9444.0000 fill_px=25.7900 | BUY series_10 fill_size=470.0000 fill_px=373.5000,True,0,0.6,0.6050835753279132,5549.0,0.01065478310536447,101.58386056775755,0.6,,,,,,,,,,,,,0.18858310097776093,470.0,358.9816376322553,0.19060093678943804,-1.985255766029979,-19789.133437499717,1002595.6240000001,,,,,,,,0.0,0.0,,,23.76963122223182,0.2459305934105034,True,V2
,1942.7734375,2075-08-06,2076-02-28,69724.16062500165,0.06954365145423938,932871.4633749984,,True,0,0.6,0.6052860696581505,5549.0,0.01090799640960907,101.58386056775755,0.6,,,,,,,,,,,,,0.18981446742874572,470.0,362.1883063728085,0.19802379494796662,-1.7118251303027676,-17846.359999999717,1002595.6240000001,,,,,,,,0.0,0.0,,,24.10287184921526,0.2535022959668891,True,V2
,8096.125,2075-08-06,2076-02-29,71498.03562500165,0.07131293406184032,931097.5883749984,,True,0,0.6,0.6071841809290638,5549.0,0.011673335849902076,101.6336561447786,0.6,,,,,,,,,,,,,0.1875259931719188,470.0,362.1883063728085,0.19413275392776413,-2.1037120255088517,-9750.234999999717,1002595.6240000001,,,,,,,,0.0,0.0,,,24.10287184921526,0.2562516640632259,False,V2
,-3976.7578125,2075-08-06,2076-03-01,66309.79343750165,0.06613812373621696,936285.8305624984,,True,0,0.4,0.6035880820822448,5549.0,0.012467420349466019,101.6336561447786,0.4,,,,,,,,,,,,,0.1922596648630838,470.0,,0.1815665653023945,-0.9682904147791093,-13726.992812499717,1002595.6240000001,SELL series_10 size=470.0000 | SELL series_7 size=1871.0000,,,,,,,0.0,0.0,,,24.10287184921526,0.25974487532624274,False,V2
CLOSE series_10 pnl_net=4935.00,172.40625,2075-08-06,2076-03-02,65696.12156250165,0.06552604059889817,936899.5024374984,SELL series_10 fill_size=470.0000 fill_px=384.0000 | SELL series_7 fill_size=1871.0000 fill_px=101.8438,True,0,0.6,0.3999628384902449,3678.0,0.012052811808563265,101.64127270901828,0.6,,,,,,,,,,,,,0.0,0.0,,0.18352826216646917,-0.949041396433218,-13554.586562499717,1002595.6240000001,BUY series_7 size=1839.0000,,,,,,,0.0,0.0,,,24.10287184921526,0.2722986713950113,False,V2
,43.1015625,2075-08-06,2076-03-03,65812.28562500165,0.06564190392377141,936783.3383749984,BUY series_7 fill_size=1839.0000 fill_px=101.8906,True,0,0.6,0.6001106730427985,5517.0,0.011667073522643573,101.6652219798027,0.6,,,,,,,,,,,,,0.0,0.0,,0.19055228888468378,-0.7497758580525415,-13511.484999999717,1002595.6240000001,,,,,,,,0.0,0.0,,,24.10287184921526,0.2840890084948779,False,V2
,0.0,2075-08-06,2076-03-04,65818.0325000016,0.06564763592066267,936777.5914999985,,True,0,0.6,0.600114354558086,5517.0,0.01119800572663729,101.67295165981679,0.6,,,,,,,,,,,,,0.0,0.0,,0.19023295939652216,-1.2503530393293623,-13511.484999999717,1002595.6240000001,,,,,,,,0.0,0.0,,,24.10287184921526,0.2892837493394806,False,V2
,-43.1015625,2075-08-06,2076-03-05,65861.1340625016,0.06569062589734742,936734.4899374985,,True,0,0.6,0.6000959547913165,5517.0,0.010736316672920526,101.67295165981679,0.6,,,,,,,,,,,,,0.0,0.0,,0.19365927392876509,-0.5628104300010937,-13554.586562499717,1002595.6240000001,,,,,,,,0.0,0.0,,,24.10287184921526,0.30130261863292324,False,V2
,-43.1015625,2075-08-06,2076-03-06,65947.3371875016,0.06577660585071693,936648.2868124985,,True,0,1.0,0.6000591501775864,5517.0,0.01030887271142844,101.67295165981679,1.0,,,,,,,,,,,,,0.0,0.0,,0.19935990336705767,0.250442706514049,-13597.688124999717,1002595.6240000001,,,,,,,,0.0,0.0,,,24.10287184921526,0.28067486313983625,False,V2
,172.40625,2075-08-06,2076-03-07,65774.9309375016,0.0656046459439779,936820.6930624985,,True,0,1.0,0.6001327526317703,5517.0,0.009926350374751284,101.69975336520316,1.0,,,,,,,,,,,,,0.0,0.0,,0.1949538219131384,0.479438181915789,-13425.281874999717,1002595.6240000001,BUY series_7 size=3675.0000,,,,,,,0.0,0.0,,,24.10287184921526,0.28277242607135966,False,V2
,-359.0625,2075-08-06,2076-03-08,66162.7043750016,0.06599141547320538,936432.9196249985,BUY series_7 fill_size=3675.0000 fill_px=101.9141,True,0,1.0,0.9999255343083983,9192.0,0.009643041590037621,101.69975336520316,1.0,,,,,,,,,,,,,0.0,0.0,,0.19744904842204128,1.0166741863406776,-13784.344374999717,1002595.6240000001,,,,,,,,0.0,0.0,,,24.10287184921526,0.27596931351734877,False,V2
,143.625,2075-08-06,2076-03-09,66030.5637500016,0.06585961694762155,936565.0602499985,,True,0,1.0,0.9999378070435567,9192.0,0.009437447829843583,101.69975336520316,1.0,,,,,,,,,,,,,0.0,0.0,,0.19976437029381516,0.6929772112387792,-13640.719374999717,1002595.6240000001,,,,,,,,0.0,0.0,,,24.10287184921526,0.28847148523117644,False,V2
,646.3125,2075-08-06,2076-03-10,65527.8762500016,0.06535823085739062,937067.7477499985,,True,0,1.0,0.9999378404068027,9192.0,0.009112947544796163,101.73234740100267,1.0,,,,,,,,,,,,,0.0,0.0,,0.19565062067513725,2.0560302916023483,-12994.406874999717,1002595.6240000001,,,,,,,,0.0,0.0,,,24.10287184921526,0.2867399097811906,False,V2
,2010.75,2075-08-06,2076-03-11,64809.7512500016,0.06464196501420356,937785.8727499985,,True,0,1.0,0.9999378880065365,9192.0,0.009108200868601965,101.81173330093105,1.0,,,,,,,,,,,,,0.0,0.0,,0.1994827143273886,2.3925873016707846,-10983.656874999717,1002595.6240000001,,,,,,,,0.0,0.0,,,24.10287184921526,0.2865622008898874,False,V2
,71.8125,2075-08-06,2076-03-12,63086.2512500016,0.06292292699055467,939509.3727499985,,True,0,1.0,0.9999380019490088,9192.0,0.009429125468266193,101.9858952080074,1.0,,,,,,,,,,,,,0.0,0.0,,0.20468184853806604,2.005541000939744,-10911.844374999717,1002595.6240000001,,,,,,,,0.0,0.0,,,24.10287184921526,0.2824073122595409,False,V2
,-502.6875,2075-08-06,2076-03-13,63732.5637500016,0.063567566249423,938863.0602499985,,True,0,0.4,0.9999379592696054,9192.0,0.01226406443699428,101.9858952080074,0.4,,,,,,,,,,,,,0.0,0.0,,0.2072574190148385,2.0593530139152336,-11414.531874999717,1002595.6240000001,SELL series_7 size=5514.0000,,,,,,,0.0,0.0,,,24.10287184921526,0.2847745090249414,False,V2
,-172.40625,2075-08-06,2076-03-14,63904.9700000016,0.06373952615616203,938690.6539999985,SELL series_7 fill_size=5514.0000 fill_px=102.1328,True,0,0.4,0.3999955432868309,3678.0,0.012137855948506294,101.9858952080074,0.4,,,,,,,,,,,,,0.0,0.0,,0.20677686202936243,1.6736806367449362,-11586.938124999717,1002595.6240000001,,,,,,,,0.0,0.0,,,24.10287184921526,0.2901927539616133,False,V2
,-28.734375,2075-08-06,2076-03-15,63962.4387500016,0.06379684612507505,938633.1852499985,,True,0,0.6,0.39995880741741613,3678.0,0.011800680069360678,101.9858952080074,0.6,,,,,,,,,,,,,0.0,0.0,,0.208085222889143,1.876073056726592,-11615.672499999717,1002595.6240000001,BUY series_7 size=1839.0000,,,,,,,0.0,0.0,,,24.10287184921526,0.30557077944115524,False,V2
,-43.1015625,2075-08-06,2076-03-16,63761.2981250016,0.0635962262338795,938834.3258749985,BUY series_7 fill_size=1839.0000 fill_px=102.0781,True,0,0.6,0.6000392256109368,5517.0,0.011323228036607333,101.9858952080074,0.6,,,,,,,,,,,,,0.0,0.0,,0.20907373285313158,1.4426859695597183,-11658.774062499717,1002595.6240000001,,,,,,,,0.0,0.0,,,24.10287184921526,0.3023223761643594,False,V2
,-258.609375,2075-08-06,2076-03-17,64154.959062501555,0.06398886802093358,938440.6649374985,,True,0,0.6,0.5998775722810278,5517.0,0.01098900173625705,101.9858952080074,0.6,,,,,,,,,,,,,0.0,0.0,,0.20987126719575314,1.2091742086565924,-11917.383437499717,1002595.6240000001,,,,,,,,0.0,0.0,,,24.10287184921526,0.29846767804851804,False,V2
,215.5078125,2075-08-06,2076-03-18,64068.755937501555,0.06390288806756407,938526.8680624985,,True,0,0.6,0.5999143232839299,5517.0,0.010984575036176945,101.9858952080074,0.6,,,,,,,,,,,,,0.0,0.0,,0.19824738840153958,0.440381469048819,-11701.875624999717,1002595.6240000001,,,,,,,,0.0,0.0,,,24.10287184921526,0.2960947182045043,False,V2
,215.5078125,2075-08-06,2076-03-19,63853.248125001555,0.06368793818414029,938742.3758749985,,True,0,0.6,0.600006171261839,5517.0,0.01055841547178188,101.9858952080074,0.6,,,,,,,,,,,,,0.0,0.0,,0.19627133071358455,0.0843360227576165,-11486.367812499717,1002595.6240000001,,,,,,,,0.0,0.0,,,24.10287184921526,0.3009635830458317,False,V2
,-431.015625,2075-08-06,2076-03-20,64154.959062501555,0.06398886802093358,938440.6649374985,,True,0,0.6,0.5998775722810278,5517.0,0.010280916424648668,101.9858952080074,0.6,,,,,,,,,,,,,0.0,0.0,,0.19292688671968572,-0.41037797547337534,-11917.383437499717,1002595.6240000001,,,,,,,,0.0,0.0,,,24.10287184921526,0.3026132793149902,False,V2
,-387.9140625,2075-08-06,2076-03-21,64585.974687501555,0.06441876778778116,938009.6493124985,,True,0,1.0,0.5996937159439568,5517.0,0.01016503067984146,,1.0,,,,,,,,,,,,,0.0,0.0,,0.19368448681363368,-0.24433087776401913,-12305.297499999717,1002595.6240000001,SELL series_7 size=5517.0000,,,,,,,0.0,0.0,,,24.10287184921526,0.3062412406576078,False,V2
CLOSE series_7 pnl_net=1898.56,0.0,2075-08-06,2076-03-22,64629.076250001555,0.06446175776446592,937966.5477499985,SELL series_7 fill_size=5517.0000 fill_px=101.9531,True,0,0.6,0.0,0.0,0.010355416127176224,101.71160977047633,0.6,,,,,,,,,,,,,0.0,0.0,,0.20083950962743158,-0.008139019245154694,-12305.297499999717,1002595.6240000001,BUY series_7 size=5521.0000,,,,,,,0.0,0.0,,,24.10287184921526,0.3103832136384257,False,V2
,948.921875,2075-08-06,2076-03-23,63740.52781250153,0.06357550969372826,938855.0961874985,BUY series_7 fill_size=5521.0000 fill_px=101.9141,True,0,1.0,0.600277221068041,5521.0,0.010093760244039952,101.85386085829946,1.0,,,,,,,,,,,,,0.0,0.0,,0.19926399795096536,0.9437369765992956,-11356.375624999717,1002595.6240000001,,,,,,,,0.0,0.0,,,24.10287184921526,0.30183550636114986,False,V2
,-215.6640625,2075-08-06,2076-03-24,63887.17937500146,0.0637217815893853,938708.4446249986,,True,0,0.6,0.6002331532370397,5521.0,0.01189183910941101,101.85386085829946,0.6,,,,,,,,,,,,,0.0,0.0,,0.20312011227322002,0.8213951590397559,-11572.039687499717,1002595.6240000001,,,,,,,,0.0,0.0,,,24.10287184921526,0.29651303480043006,False,V2
,1250.8515625,2075-08-06,2076-03-25,62808.85906250146,0.06264625294484774,939786.7649374986,,True,0,0.6,0.6006918495362552,5521.0,0.011434595973159642,102.0051306635337,0.6,,,,,,,,,,,,,0.0,0.0,,0.20254447189652416,1.6859742969935274,-10321.188124999717,1002595.6240000001,,,,,,,,0.0,0.0,,,24.10287184921526,0.30300801645618164,False,V2
,215.6640625,2075-08-06,2076-03-26,62463.79656250146,0.062302083778595724,940131.8274374986,,True,0,0.4,0.6008384101191949,5521.0,0.013920683469280435,102.06503204470988,0.4,,,,,,,,,,,,,0.0,0.0,,0.2099857039275325,1.4277526119813955,-10105.524062499717,1002595.6240000001,SELL series_7 size=1845.0000,,,,,,,0.0,0.0,,,24.10287184921526,0.29092144836469763,False,V2
,258.46875,2075-08-06,2076-03-27,62291.48406250146,0.062130217379146924,940304.1399374986,SELL series_7 fill_size=1845.0000 fill_px=102.3125,True,0,0.4,0.4001610186731823,3676.0,0.013577452515066696,102.11507439865917,0.4,,,,,,,,,,,,,0.0,0.0,,0.20982981937946818,1.0203041194162037,-9847.055312499717,1002595.6240000001,,,,,,,,0.0,0.0,,,24.10287184921526,0.289215425830523,False,V2
,-344.625,2075-08-06,2076-03-28,62521.23406250146,0.06235937257841199,940074.3899374986,,True,0,0.4,0.40001442069387877,3676.0,0.013136017732112853,102.11507439865917,0.4,,,,,,,,,,,,,0.0,0.0,,0.21050286566969081,1.549902472341478,-10191.680312499717,1002595.6240000001,,,,,,,,0.0,0.0,,,24.10287184921526,0.29844146881456796,False,V2
,86.15625,2075-08-06,2076-03-29,62492.51531250146,0.06233072817850386,940103.1086874986,,True,0,0.4,0.40003274935984795,3676.0,0.01285429508093537,102.11507439865917,0.4,,,,,,,,,,,,,0.0,0.0,,0.20894645167755316,1.53497301232365,-10105.524062499717,1002595.6240000001,,,,,,,,0.0,0.0,,,24.10287184921526,0.30189077077020693,False,V2
,-28.71875,2075-08-06,2076-03-30,62607.39031250146,0.06244530577813639,939988.2336874986,,True,0,0.4,0.3999594279761888,3676.0,0.012297962549761633,102.11507439865917,0.4,,,,,,,,,,,,,0.0,0.0,,0.20086903912136,2.563848845420098,-10134.242812499717,1002595.6240000001,,,,,,,,0.0,0.0,,,24.10287184921526,0.3013688521648586,False,V2
,-258.46875,2075-08-06,2076-03-31,62693.54656250146,0.06253123897786078,939902.0774374986,,True,0,0.6,0.3999044251766691,3676.0,0.011849481524130014,102.11507439865917,0.6,,,,,,,,,,,,,0.0,0.0,,0.19888406022607275,2.202657884236337,-10392.711562499717,1002595.6240000001,BUY series_7 size=1839.0000,,,,,,,0.0,0.0,,,24.10287184921526,0.29034270298929604,False,V2
,517.03125,2075-08-06,2076-04-01,62320.12468750146,0.062158783856313196,940275.4993124986,BUY series_7 fill_size=1839.0000 fill_px=102.2344,True,0,0.6,0.6000937362640687,5515.0,0.011394773617578475,102.11507439865917,0.6,,,,,,,,,,,,,0.0,0.0,,0.19515986407036406,2.1589743265855894,-9875.680312499717,1002595.6240000001,,,,,,,,0.0,0.0,,,24.10287184921526,0.2759231717235045,False,V2
,-215.4296875,2075-08-06,2076-04-02,62417.790312501485,0.06225619663436859,940177.8336874986,,True,0,0.6,0.6000644191027811,5515.0,0.011260422309507726,102.11507439865917,0.6,,,,,,,,,,,,,0.0,0.0,,0.19162402878278237,1.7080295348928025,-10091.109999999717,1002595.6240000001,,,,,,,,0.0,0.0,,,24.10287184921526,0.27695403901207044,False,V2
,904.8046875,2075-08-06,2076-04-03,61728.415312501485,0.06156860636018643,940867.2086874986,,True,0,0.6,0.6003574525814009,5515.0,0.010816670365707985,102.17033794614,0.6,,,,,,,,,,,,,0.0,0.0,,0.18088549965303088,2.6301084522429243,-9186.305312499717,1002595.6240000001,,,,,,,,0.0,0.0,,,24.10287184921526,0.2711942269821504,False,V2
,-646.2890625,2075-08-06,2076-04-04,62288.532500001485,0.06212727345795944,940307.0914999986,,True,0,0.6,0.6001193956086429,5515.0,0.011737871074509729,102.17033794614,0.6,,,,,,,,,,,,,0.0,0.0,,0.1678100558861372,2.338867819243948,-9832.594374999717,1002595.6240000001,,,,,,,,0.0,0.0,,,24.10287184921526,0.27581978486838105,False,V2
,-1077.1484375,2075-08-06,2076-04-05,63279.509062501485,0.0631156844770963,939316.1149374986,,True,0,0.4,0.5996975223963681,5515.0,0.012093607386544719,,0.4,,,,,,,,,,,,,0.0,0.0,,0.164160366757558,2.144030463405801,-10909.742812499717,1002595.6240000001,SELL series_7 size=5515.0000,,,,,,,0.0,0.0,,,24.10287184921526,0.28474114525426886,False,V2
CLOSE series_7 pnl_net=1395.55,0.0,2075-08-06,2076-04-06,63279.509062501485,0.0631156844770963,939316.1149374986,SELL series_7 fill_size=5515.0000 fill_px=102.1406,True,0,0.4,0.0,0.0,0.014011601104007041,101.87327394958803,0.4,,,,,,,,,,,,,0.0,0.0,,0.15986705876339485,2.9329023746038674,-10909.742812499717,1002595.6240000001,BUY series_7 size=3678.0000,,,,,,,0.0,0.0,,,24.10287184921526,0.272036098690175,False,V2
,-574.6875,2075-08-06,2076-04-07,63739.259062501485,0.06357424422840038,938856.3649374986,BUY series_7 fill_size=3678.0000 fill_px=102.1406,True,0,0.4,0.39964949140540645,3678.0,0.013383017806938765,101.87327394958803,0.4,,,,,,,,,,,,,0.0,0.0,,0.15166616693508597,2.8181864767419325,-11484.430312499717,1002595.6240000001,,,,,,,,0.0,0.0,,,24.10287184921526,0.26376214902090395,False,V2
,-201.140625,2075-08-06,2076-04-08,64084.071562501485,0.06391816404187844,938511.5524374986,,True,0,0.4,0.3994289204820043,3678.0,0.013922565970387874,101.87327394958803,0.4,,,,,,,,,,,,,0.0,0.0,,0.15196103078070436,3.2342716726622176,-11685.570937499717,1002595.6240000001,,,,,,,,0.0,0.0,,,24.10287184921526,0.26322310897933127,False,V2
,114.9375,2075-08-06,2076-04-09,63997.868437501485,0.06383218408850892,938597.7555624986,,True,0,0.4,0.39948407840618666,3678.0,0.013925081959447754,101.87327394958803,0.4,,,,,,,,,,,,,0.0,0.0,,0.1354913752887243,2.515721997916718,-11570.633437499717,1002595.6240000001,,,,,,,,0.0,0.0,,,24.10287184921526,0.2524150383846715,False,V2
,-229.875,2075-08-06,2076-04-10,64170.274687501485,0.06400414399524795,938425.3493124986,,True,0,0.4,0.3993737524242818,3678.0,0.013341499921412262,101.87327394958803,0.4,,,,,,,,,,,,,0.0,0.0,,0.13607372310510588,2.508247140532875,-11800.508437499717,1002595.6240000001,,,,,,,,0.0,0.0,,,24.10287184921526,0.2543788170993568,False,V2
,201.140625,2075-08-06,2076-04-11,64055.337187501485,0.06388950405742194,938540.2868124986,,True,0,0.4,0.3994473075825427,3678.0,0.012917931799431981,101.87327394958803,0.4,,,,,,,,,,,,,0.0,0.0,,0.13542222910611773,2.6237409296316567,-11599.367812499717,1002595.6240000001,,,,,,,,0.0,0.0,,,24.10287184921526,0.25957198036723067,False,V2
,0.0,2075-08-06,2076-04-12,63969.134062501485,0.06380352410405242,938626.4899374986,,True,0,0.4,0.3995024621294989,3678.0,0.012429555751198477,101.87327394958803,0.4,,,,,,,,,,,,,0.0,0.0,,0.12947078512788457,2.1589334788814267,-11599.367812499717,1002595.6240000001,,,,,,,,0.0,0.0,,,24.10287184921526,0.25370129847261064,False,V2
,0.0,2075-08-06,2076-04-13,63997.868437501485,0.06383218408850892,938597.7555624986,,True,0,0.6,0.39948407840618666,3678.0,0.01193829177620655,101.87327394958803,0.6,,,,,,,,,,,,,0.0,0.0,,0.1256794289397646,1.6410310326902409,-11599.367812499717,1002595.6240000001,BUY series_1 size=9255.0000 | BUY series_7 size=1846.0000,,,,,,,0.0,0.0,,,24.646375860684362,0.2557917999140053,True,V2
,5108.962499999984,2075-08-06,2076-04-14,58354.26531250146,0.05820319171121922,944241.3586874986,BUY series_1 fill_size=9255.0000 fill_px=25.9100 | BUY series_7 fill_size=1846.0000 fill_px=101.9531,True,0,0.6,0.5962175624593868,5524.0,0.011436853274296945,101.87327394958803,0.6,,,,,,,,,,,,,0.0,0.0,,0.1246497917608862,1.5586901595557054,-6490.405312499733,1002595.6240000001,,,,,,,,0.26013232500366645,9255.0,,,25.15842044206405,0.24504721833897103,True,V2
,-2912.2062499999884,2075-08-06,2076-04-15,61938.600312501425,0.06177824721136168,940657.0236874986,,True,0,0.6,0.5984435461856652,5524.0,0.011046676461613444,101.87327394958803,0.6,,,,,,,,,,,,,0.0,0.0,,0.12291480168684539,1.3113144546199416,-9402.611562499722,1002595.6240000001,SELL series_1 size=721.0000,,,,,,,0.25748316751043987,9255.0,,,25.15842044206405,0.23741563155497505,True,V2
,2768.2012499999914,2075-08-06,2076-04-16,59034.69281250145,0.058881857649621505,943560.9311874986,SELL series_1 fill_size=721.0000 fill_px=26.1800,False,0,0.6,0.5961443971531116,5524.0,0.010599874002720111,,0.6,,,,,,,,,,,,,0.0,0.0,,0.12518037397196896,1.4836190314830016,-6634.410312499731,1002595.6240000001,SELL series_7 size=5524.0000 | SELL series_7 size=5524.0000,,,,,,,0.24022088294259705,8534.0,,,25.15842044206405,0.23770682595103612,True,V2
CLOSE series_7 pnl_net=-1466.44,255.04750000002304,2075-08-06,2076-04-17,58527.48181250156,0.05837595977029873,944068.1421874985,SELL series_7 fill_size=5524.0000 fill_px=101.8125 | SELL series_7 fill_size=5524.0000 fill_px=101.8125,False,0,0.6,-0.5958241120144523,-5524.0,0.0107420684571958,,0.6,,,,,,,,,,,,,0.0,0.0,,0.12861487430282345,1.5090653083343077,-6379.362812499708,1002595.6240000001,,,,,,,,0.24081498976675303,8534.0,,,25.262920813124897,0.2467743764639567,True,V2
,-516.9025000000133,2075-08-06,2076-04-18,59453.82181250141,0.059299901564802165,943141.8021874987,,False,0,1.0,-0.5967753854134709,-5524.0,0.010308517252155263,,1.0,,,,,,,,,,,,,0.0,0.0,,0.12503621894563785,1.316384052849167,-6896.265312499721,1002595.6240000001,,,,,,,,0.24050860588926046,8534.0,,,25.262920813124897,0.24529079660972342,True,V2
,3365.581249999994,2075-08-06,2076-04-19,56089.213062501396,0.055944003464452975,946506.4109374987,,False,0,1.0,-0.5952467275863003,-5524.0,0.010278219235538462,,1.0,,,,,,,,,,,,,0.0,0.0,,0.1265874497814556,1.0690172219215712,-3530.6840624997276,1002595.6240000001,,,,,,,,0.24380115901321442,8534.0,,,25.624304170500547,0.2436472375497342,True,V2
,2680.9162500000048,2075-08-06,2076-04-20,52767.76056250138,0.05263114988670784,949827.8634374987,,True,0,0.6,-0.5938013117543307,-5524.0,0.010839775117015893,101.86159562004391,0.6,,,,,,,,,,,,,0.0,0.0,,0.12572030655856434,1.03700022679233,-849.7678124997228,1002595.6240000001,BUY series_7 size=11105.0000,,,,,,,0.24708161239938495,8534.0,,,26.081853872607653,0.24736398438483098,True,V2
CLOSE series_7 pnl_net=-1639.94,-513.9031250000061,2075-08-06,2076-04-21,54904.54150000145,0.05476239890311096,947691.0824999986,BUY series_7 fill_size=11105.0000 fill_px=102.1094,True,0,0.6,0.6011891719868545,5581.0,0.011459613861327001,101.86159562004391,0.6,,,,,,,,,,,,,0.0,0.0,,0.12577622726647783,0.8407198686236613,-1363.670937499729,1002595.6240000001,,,,,,,,0.2455675528634093,8534.0,,,26.081853872607653,0.24066637336735264,True,V2
,-4252.094999999986,2075-08-06,2076-04-22,58040.18118750141,0.057889920719922675,944555.4428124987,,True,0,0.6,0.6038773530610292,5581.0,0.011003425756265093,101.96345011371133,0.6,,,,,,,,,,,,,0.0,0.0,,0.12065296098489128,0.4437021023428087,-5615.765937499715,1002595.6240000001,,,,,,,,0.24240739042086246,8534.0,,,26.081853872607653,0.23270570549441316,True,V2
,6024.854062500001,2075-08-06,2076-04-23,52055.2024375014,0.05192043650641487,950540.4215624987,,True,0,0.6,0.600625545662249,5581.0,0.01174375466736637,102.05199831987481,0.6,,,,,,,,,,,,,0.0,0.0,,0.12303615304865168,0.5037701402947756,409.0881250002867,1002595.6240000001,,,,,,,,0.24662704992034484,8534.0,,,26.081853872607653,0.22876568132357836,True,V2
,-261.609375,2075-08-06,2076-04-24,52060.79181250138,0.05192601141105856,950534.8321874987,,True,0,0.6,0.6003538541420168,5581.0,0.011978498518809803,102.05199831987481,0.6,,,,,,,,,,,,,0.0,0.0,,0.12305334870836754,0.5532092647195174,147.4787500002867,1002595.6240000001,SELL series_1 size=697.0000,,,,,,,0.24689784324884895,8534.0,,,26.081853872607653,0.2267084046885893,True,V2
,-2.2562500000055934,2075-08-06,2076-04-25,52204.066500001354,0.05206891517412144,950391.5574999987,SELL series_1 fill_size=697.0000 fill_px=27.4600,True,0,0.6,0.5988386479459028,5581.0,0.011652622970424496,,0.6,,,,,,,,,,,,,0.0,0.0,,0.12830899778302685,0.5393338140396162,145.22250000028112,1002595.6240000001,SELL series_7 size=5581.0000,,,,,,,0.2282513541793539,7837.0,,,26.12174222407723,0.22659563529283516,True,V2
CLOSE series_7 pnl_net=-828.43,-862.0699999999955,2075-08-06,2076-04-26,53399.60162500141,0.053261355173241216,949196.0223749987,SELL series_7 fill_size=5581.0000 fill_px=101.9609,True,0,0.4,0.0,0.0,0.01640658882297471,101.7104499576403,0.4,,,,,,,,,,,,,0.0,0.0,,0.13482389350419988,0.6176919214477051,-716.8474999997144,1002595.6240000001,BUY series_7 size=3723.0000,,,,,,,0.22738293767810552,7837.0,,,26.12174222407723,0.23137028595779563,True,V2
,1231.2993750000078,2075-08-06,2076-04-27,52153.89943750133,0.05201887798933912,950441.7245624987,BUY series_7 fill_size=3723.0000 fill_px=101.9844,True,0,0.4,0.3997610708193561,3723.0,0.0156457524602977,101.79363210352312,0.4,,,,,,,,,,,,,0.0,0.0,,0.14046051784494257,0.5584247503412026,514.4518750002934,1002595.6240000001,,,,,,,,0.228156850016048,7837.0,,,26.156502223821697,0.23321266356059467,True,V2
,508.19374999997774,2075-08-06,2076-04-28,51639.88850000128,0.0515061977769028,950955.7354999988,,True,0,0.4,0.3996979218492767,3723.0,0.015395796514362452,101.83683248898576,0.4,,,,,,,,,,,,,0.0,0.0,,0.14024964986484423,0.6718670261634037,1022.6456250002711,1002595.6240000001,,,,,,,,0.22844558573042043,7837.0,,,26.250323493548716,0.24060033699361827,True,V2
,-127.65406249999666,2075-08-06,2076-04-29,51689.17256250139,0.05155535424768759,950906.4514374987,,True,0,0.4,0.39974922518704237,3723.0,0.014788259338536551,101.85295159691535,0.4,,,,,,,,,,,,,0.0,0.0,,0.1338865195672263,0.2706516436634506,894.9915625002745,1002595.6240000001,,,,,,,,0.2283750096255118,7837.0,,,26.250323493548716,0.23986857975251524,True,V2
,-1146.4640624999888,2075-08-06,2076-04-30,51758.654750001384,0.05162465655246205,950836.9692499987,,True,0,0.4,0.399870206245665,3723.0,0.014119280866445101,101.88521844713568,0.4,,,,,,,,,,,,,0.0,0.0,,0.1345933877167513,0.04516812201661491,-251.47249999971427,1002595.6240000001,,,,,,,,0.22822685383296618,7837.0,,,26.250323493548716,0.2438155537417123,True,V2
,2196.78249999999,2075-08-06,2076-05-01,49611.15631250129,0.04948271778263944,952984.4676874988,,True,0,0.4,0.3987554743254342,3723.0,0.013523810063241461,101.88521844713568,0.4,,,,,,,,,,,,,0.0,0.0,,0.1368136209712174,-0.09731069341074541,1945.3100000002755,1002595.6240000001,,,,,,,,0.23017964871168436,7837.0,,,26.548325698005293,0.2476626402302275,True,V2
,6737.397500000015,2075-08-06,2076-05-02,44214.93662500125,0.04410046839083476,958380.6873749988,,True,0,0.4,0.3966620030358064,3723.0,0.013145374958457011,101.88521844713568,0.4,,,,,,,,,,,,,0.0,0.0,,0.1368137294597634,0.10580696980336714,8682.70750000029,1002595.6240000001,,,,,,,,0.23436242294823537,7837.0,,,27.162373862433487,0.24411672343276222,True,V2
,-2453.7109375,2075-08-06,2076-05-03,46796.30162500148,0.04667515048420107,955799.3223749986,,True,0,0.4,0.39724638764290016,3723.0,0.012684045483438515,101.88521844713568,0.4,,,,,,,,,,,,,0.0,0.0,,0.1360203179320981,-0.08713672336530649,6228.99656250029,1002595.6240000001,,,,,,,,0.23278153142768943,7837.0,,,27.162373862433487,0.24121440897321894,True,V2
,2225.86843749999,2075-08-06,2076-05-04,47441.03725000145,0.047318216950447654,955154.5867499986,,True,0,0.4,0.39733182226693686,3723.0,0.01332134456067935,101.88521844713568,0.4,,,,,,,,,,,,,0.0,0.0,,0.13179958946662174,-0.5135880255265712,8454.86500000028,1002595.6240000001,,,,,,,,0.2324463632169228,7837.0,,,27.162373862433487,0.23677732671170287,True,V2
,709.3728124999966,2075-08-06,2076-05-05,44046.88631250127,0.043932853144490955,958548.7376874988,,True,0,0.4,0.3964407426525538,3723.0,0.012899071126844092,101.88521844713568,0.4,,,,,,,,,,,,,0.0,0.0,,0.13447801334682896,0.20676980351948676,9164.237812500276,1002595.6240000001,,,,,,,,0.23464837118519882,7837.0,,,27.19882120108104,0.24387890232143253,True,V2
,2870.604062500008,2075-08-06,2076-05-06,40676.976312501356,0.04057166751857013,961918.6476874987,,True,0,0.4,0.3950518833906152,3723.0,0.013650538758313605,101.88521844713568,0.4,,,,,,,,,,,,,0.0,0.0,,0.13661944345454205,0.14544522391397327,12034.841875000284,1002595.6240000001,,,,,,,,0.2373296437789465,7837.0,,,27.60033397243239,0.24292299128457032,True,V2
,2066.7059374999844,2075-08-06,2076-05-07,39109.57631250145,0.0390083253669791,963486.0476874986,,True,0,0.4,0.3944092126186693,3723.0,0.013042859511081518,101.88521844713568,0.4,,,,,,,,,,,,,0.0,0.0,,0.1429530962045513,0.3805056076902458,14101.547812500268,1002595.6240000001,,,,,,,,0.238570356624981,7837.0,,,27.852452974401505,0.25321854451595,True,V2
,-705.3299999999989,2075-08-06,2076-05-08,39443.25443750131,0.039341139631286985,963152.3695624988,,True,0,0.4,0.39460625060304916,3723.0,0.012470656056360408,101.88521844713568,0.4,,,,,,,,,,,,,0.0,0.0,,0.14304243401635602,0.5129904352385771,13396.21781250027,1002595.6240000001,,,,,,,,0.23824616670385498,7837.0,,,27.852452974401505,0.25685402765080073,True,V2
,17.775625000003345,2075-08-06,2076-05-09,39141.08475000132,0.03903975223215349,963454.5392499988,,True,0,0.6,0.3946334357363406,3723.0,0.011952011726398986,101.88521844713568,0.6,,,,,,,,,,,,,0.0,0.0,,0.1465340690918615,0.9916161204260006,13413.993437500274,1002595.6240000001,BUY series_1 size=710.0000 | BUY series_7 size=1937.0000,,,,,,,0.2383341306158056,7837.0,,,27.86221710547885,0.2599555326963876,True,V2
,2054.2475000000036,2075-08-06,2076-05-10,37409.45193750132,0.03731260245107684,965186.1720624988,BUY series_1 fill_size=710.0000 fill_px=29.2900 | BUY series_7 fill_size=1937.0000 fill_px=102.1172,True,0,0.6,0.598876690042935,5660.0,0.011572762761043355,101.88521844713568,0.6,,,,,,,,,,,,,0.0,0.0,,0.14318259880010004,0.7499483012729601,15468.240937500277,1002595.6240000001,,,,,,,,0.26123094932163343,8547.0,,,28.077415883658933,0.26452627589270117,True,V2
,-1612.0600000000036,2075-08-06,2076-05-11,39714.16506250133,0.03961134889463803,962881.4589374987,,True,0,0.6,0.6006775233144697,5660.0,0.011088221264200246,101.93820651788631,0.6,,,,,,,,,,,,,0.0,0.0,,0.14436377008320572,0.44288529350556893,13856.180937500274,1002595.6240000001,,,,,,,,0.2591045114476489,8547.0,,,28.077415883658933,0.2587914588703131,True,V2
,804.5462500000085,2075-08-06,2076-05-12,38007.73256250133,0.03790933418486707,964587.8914374987,,True,0,0.6,0.5995231928924446,5660.0,0.010982374526154463,101.93820651788631,0.6,,,,,,,,,,,,,0.0,0.0,,0.1481311230073114,0.5853742713709172,14660.727187500283,1002595.6240000001,,,,,,,,0.2605068985735677,8547.0,,,28.077415883658933,0.2601860513037534,True,V2
,5025.512500000012,2075-08-06,2076-05-13,35508.330062501365,0.03541640239844231,967087.2939374987,,True,0,1.0,0.5986138775983278,5660.0,0.01055629692454007,102.03584516083055,1.0,,,,,,,,,,,,,0.0,0.0,,0.152961334731652,1.0789117012876674,19686.239687500296,1002595.6240000001,,,,,,,,0.26177796108689383,8547.0,,,28.201189029299808,0.26630865024185146,True,V2
,-777.8387500000074,2075-08-06,2076-05-14,32737.38631250139,0.03265263235629421,969858.2376874987,,True,0,0.6,0.5993200306633765,5660.0,0.011215284982177292,102.4004722921998,0.6,,,,,,,,,,,,,0.0,0.0,,0.15819511986989593,1.0048996409207467,18908.40093750029,1002595.6240000001,,,,,,,,0.26147067699775517,8547.0,,,28.272175527206965,0.27076321596190894,True,V2
,-1791.9025000000206,2075-08-06,2076-05-15,35557.8963125014,0.03546584032617062,967037.7276874987,,True,0,0.4,0.6010680370661139,5660.0,0.02108736704754785,102.41371980704267,0.3793740575559566,,,,,,,,,,,,,0.0,0.0,,0.1620432380184298,0.8175058505503519,17116.498437500268,1002595.6240000001,SELL series_7 size=2087.0000,,,,,,,0.25931664589722897,8547.0,,,28.272175527206965,0.2701373574887367,True,V2
,-26.186249999986643,2075-08-06,2076-05-16,35525.2869375014,0.03543331537371781,967070.3370624987,SELL series_7 fill_size=2087.0000 fill_px=102.7109,True,0,0.4,0.37942467833007937,3573.0,0.020065443946521995,102.41371980704267,0.3986953900108782,,,,,,,,,,,,,0.0,0.0,,0.1683025841092924,0.734597038436165,17090.31218750028,1002595.6240000001,,,,,,,,0.25930790180341723,8547.0,,,28.272175527206965,0.2770721888632268,True,V2
,-5232.944999999989,2075-08-06,2076-05-17,40771.27568750153,0.04066572276152437,961824.3483124985,,True,0,0.4,0.38102978699331985,3573.0,0.019099019172897972,102.41371980704267,0.4,,,,,,,,,,,,,0.0,0.0,,0.15483033403161295,-0.5911477443783665,11857.367187500291,1002595.6240000001,,,,,,,,0.2557459274467023,8547.0,,,28.272175527206965,0.2685995190692709,True,V2
,0.0,2075-08-06,2076-05-18,41226.53975000139,0.04111980818899065,961369.0842499987,,True,0,0.4,0.3811811909740018,3573.0,0.018989802281088382,102.41371980704267,0.4,,,,,,,,,,,,,0.0,0.0,,0.15860591519707154,-0.5374919647473467,11857.367187500291,1002595.6240000001,BUY series_1 size=774.0000,,,,,,,0.25542251568404367,8547.0,,,28.272175527206965,0.2785680865535042,True,V2
,-2189.2115625000015,2075-08-06,2076-05-19,42923.105375001556,0.04281198156815569,959672.5186249985,BUY series_1 fill_size=774.0000 fill_px=28.7800,True,0,0.4,0.38109880170270105,3573.0,0.01808538068334248,,0.4,,,,,,,,,,,,,0.0,0.0,,0.1578446499718826,-1.1103784506758343,9668.15562500029,1002595.6240000001,SELL series_7 size=3573.0000,,,,,,,0.2780742647318405,9321.0,,,28.272175527206965,0.2832204993775865,True,V2
CLOSE series_7 pnl_net=2598.95,3914.819999999983,2075-08-06,2076-05-20,39210.1853750014,0.039108673962256785,963385.4386249987,SELL series_7 fill_size=3573.0000 fill_px=102.3594,True,0,0.4,0.0,0.0,0.019391174445072393,102.09902375917362,0.4,,,,,,,,,,,,,0.0,0.0,,0.16195331287815903,-0.8026165856222287,13582.975625000274,1002595.6240000001,BUY series_7 size=3763.0000,,,,,,,0.28087265921955423,9321.0,,,28.272175527206965,0.28309252866377366,True,V2
,-3223.6118750000055,2075-08-06,2076-05-21,41967.74725000141,0.04185909677379702,960627.8767499987,BUY series_7 fill_size=3763.0000 fill_px=102.3672,True,0,0.4,0.4014242289034223,3763.0,0.01849014047314331,102.19295509780407,0.4,,,,,,,,,,,,,0.0,0.0,,0.1615045961487723,-1.2992660716746978,10359.363750000268,1002595.6240000001,,,,,,,,0.2783798976402132,9321.0,,,28.272175527206965,0.2772503346901527,True,V2
,-1480.6409374999841,2075-08-06,2076-05-22,43908.55850000144,0.04379488344944286,958687.0654999986,,True,0,0.4,0.4015009235435445,3763.0,0.01808307460976325,102.19295509780407,0.4,,,,,,,,,,,,,0.0,0.0,,0.1654113160157686,-0.8234625364100971,8878.722812500284,1002595.6240000001,,,,,,,,0.27767951564169757,9321.0,,,28.272175527206965,0.28241282691749287,True,V2
,-1854.1706249999972,2075-08-06,2076-05-23,45669.519125001505,0.04555128511612325,956926.1048749986,,True,0,0.4,0.40205544566344287,3763.0,0.019087297504861784,102.19295509780407,0.4,,,,,,,,,,,,,0.0,0.0,,0.1705244292375223,-0.5759239047760213,7024.552187500287,1002595.6240000001,,,,,,,,0.2765346129151396,9321.0,,,28.272175527206965,0.28611861189720866,True,V2
,-1741.5915625000118,2075-08-06,2076-05-24,47906.55912500154,0.04778253363392053,954689.0648749985,,True,0,0.4,0.40299754728297355,3763.0,0.018290454300318486,102.19295509780407,0.4,,,,,,,,,,,,,0.0,0.0,,0.17636696052997936,-0.3491041852398453,5282.960625000275,1002595.6240000001,SELL series_1 size=9321.0000,,,,,,,0.27483937928455826,9321.0,,,,0.29009656973755216,True,V2
CLOSE series_1 pnl_net=17998.93,88.1953125,2075-08-06,2076-05-25,47411.110687501496,0.0472883678649504,955184.5133124986,SELL series_1 fill_size=9321.0000 fill_px=28.2000,True,0,0.4,0.4028192926470946,3763.0,0.01742123254346962,102.19295509780407,0.4,,,,,,,,,,,,,0.0,0.0,,0.1748749010163774,-0.8010662875246652,5371.155937500275,1002595.6240000001,BUY series_1 size=9724.0000,,,,,,,0.0,0.0,,,26.457016167625657,0.28210826874303724,True,V2
,2887.8015624999725,2075-08-06,2076-05-26,44388.610687501496,0.044273692827828955,958207.0133124986,BUY series_1 fill_size=9724.0000 fill_px=28.1700,True,0,0.4,0.4015486681420444,3763.0,0.016603608217983543,102.19295509780407,0.4,,,,,,,,,,,,,0.0,0.0,,0.1782564113014157,-0.4413514603071228,8258.957500000248,1002595.6240000001,,,,,,,,0.2892214272591832,9724.0,,,27.191872155652398,0.2779197607073826,True,V2
,972.4000000000138,2075-08-06,2076-05-27,45886.10668750154,0.04576731195417778,956709.5173124985,,True,0,0.4,0.40217719489281534,3763.0,0.015827966450036195,102.19295509780407,0.4,,,,,,,,,,,,,0.0,0.0,,0.18362463244626537,-0.2713698134957182,9231.357500000262,1002595.6240000001,,,,,,,,0.2899790531814915,9724.0,,,27.240309858820083,0.28218969416305806,True,V2
,450.0212499999807,2075-08-06,2076-05-28,45017.727000001585,0.04490118041847905,957577.8969999985,,True,0,0.4,0.40221159123882805,3763.0,0.015095852623218543,102.19295509780407,0.4,,,,,,,,,,,,,0.0,0.0,,0.1893462451348429,0.49472765303212285,9681.378750000244,1002595.6240000001,,,,,,,,0.29022382499708055,9724.0,,,27.33957344033293,0.2939110572178719,True,V2
,3622.7496875000315,2075-08-06,2076-05-29,42989.260437501594,0.04287796536153801,959606.3635624985,,True,0,0.4,0.40084056427263165,3763.0,0.015079093457587926,102.19295509780407,0.4,,,,,,,,,,,,,0.0,0.0,,0.1942211585830824,1.3090692109351099,13304.128437500276,1002595.6240000001,,,,,,,,0.2922449982083045,9724.0,,,27.618532480309153,0.3011882951227752,True,V2
,2937.553749999992,2075-08-06,2076-05-30,38292.342000001576,0.038193206795805415,964303.2819999985,,True,0,0.4,0.3989186409172676,3763.0,0.015525567199174868,102.19295509780407,0.4,,,,,,,,,,,,,0.0,0.0,,0.20056877312446347,1.47834892573023,16241.682187500268,1002595.6240000001,,,,,,,,0.2956618372268492,9724.0,,,27.996494446001357,0.28259401189234745,True,V2
,-52.01656250000826,2075-08-06,2076-05-31,38149.87856250163,0.03805111218249405,964445.7454374984,,True,0,0.4,0.39840248136581236,3763.0,0.014814498439198806,,0.4,,,,,,,,,,,,,0.0,0.0,,0.19801771416873054,0.7207834068202149,16189.66562500026,1002595.6240000001,SELL series_7 size=3763.0000,,,,,,,0.2962231119288134,9724.0,,,28.10103055700126,0.2930328979912097,True,V2
CLOSE series_7 pnl_net=-940.75,3500.6399999999944,2075-08-06,2076-06-01,34911.56012500147,0.034821177441127026,967684.0638749986,SELL series_7 fill_size=3763.0000 fill_px=102.1172,True,0,0.4,0.0,0.0,0.01504852775840684,101.75886751250181,0.4,,,,,,,,,,,,,0.0,0.0,,0.2008579693368169,0.4785111156992115,19690.305625000256,1002595.6240000001,BUY series_7 size=3792.0000,,,,,,,0.2985478946952246,9724.0,,,28.431314088644026,0.29638998778078934,True,V2
,-207.375,2075-08-06,2076-06-02,35168.68450000149,0.03507763614575829,967426.9394999986,BUY series_7 fill_size=3792.0000 fill_px=102.0547,True,0,0.4,0.39986818043327865,3792.0,0.014560595034504681,101.75886751250181,0.4,,,,,,,,,,,,,0.0,0.0,,0.20018825888679354,0.20517340184813115,19482.930625000256,1002595.6240000001,,,,,,,,0.29852672921147283,9724.0,,,28.437648796598022,0.3001241949242086,True,V2
,-33.45999999999174,2075-08-06,2076-06-03,34990.93450000149,0.03490034632347596,967604.6894999986,,True,0,0.4,0.3999784252802555,3792.0,0.01400632767618885,101.77936950057554,0.4,,,,,,,,,,,,,0.0,0.0,,0.2024757960735153,0.18741698045813668,19449.470625000264,1002595.6240000001,,,,,,,,0.29847188953707565,9724.0,,,28.49210245398388,0.31365420012830103,True,V2
,-5356.564999999988,2075-08-06,2076-06-04,40812.43950000161,0.04070678000485828,961783.1844999985,,False,0,0.4,0.40261503968933304,3792.0,0.013536122355287322,,0.4,,,,,,,,,,,,,0.0,0.0,456.23587941513057,0.1799745728096524,-1.6266213954405884,14092.905625000276,1002595.6240000001,BUY series_10 size=363.0000 | SELL series_7 size=3792.0000,,,,,,,0.2940100477500087,9724.0,,,28.49210245398388,0.2921274725008348,True,V2
CLOSE series_7 pnl_net=237.00,-8615.200000000008,2075-08-06,2076-06-05,48805.25950000156,0.048678907359764774,953790.3644999985,BUY series_10 fill_size=363.0000 fill_px=478.0000 | SELL series_7 fill_size=3792.0000 fill_px=102.1172,True,0,0.4,0.0,0.0,0.013156808918107863,101.92033326835339,0.4,,,,,,,,,,,,,0.17792431787561874,363.0,456.23587941513057,0.17473618842076982,-2.1123366730829902,5477.705625000268,1002595.6240000001,BUY series_7 size=3732.0000,,,,,,,0.2920899710976273,9724.0,,,28.49210245398388,0.2829507879791015,True,V2
,2444.125,2075-08-06,2076-06-06,46916.08450000151,0.04679462325281554,955679.5394999986,BUY series_7 fill_size=3732.0000 fill_px=102.2266,False,0,0.4,0.39883626309444553,3732.0,0.013132777687206224,,0.4,,,,,,,,,,,,,0.17861714407876603,363.0,456.23587941513057,0.18014856251840225,-1.7922775898489538,7921.830625000268,1002595.6240000001,SELL series_7 size=3732.0000,,,,,,,0.2930388152356174,9724.0,,,28.49210245398388,0.28119202305578783,True,V2
CLOSE series_7 pnl_net=-349.88,-7156.60000000002,2075-08-06,2076-06-07,52234.2620000015,0.05209903250086547,950361.3619999986,SELL series_7 fill_size=3732.0000 fill_px=102.1328,False,0,0.6,0.0,0.0,0.01292995989811415,,0.6,,,,,,,,,,,,,0.17722942738911587,363.0,456.23587941513057,0.17546701965142106,-2.0362790530060653,765.2306250002475,1002595.6240000001,SELL series_1 size=9724.0000,,,,,,,0.2915067584576323,9724.0,,,,0.2775055624192662,True,V2
CLOSE series_1 pnl_net=2236.52,-2904.0,2075-08-06,2076-06-08,57102.422000001534,0.05695458930110145,945493.2019999985,SELL series_1 fill_size=9724.0000 fill_px=28.4000,False,0,0.6,0.0,0.0,0.012596085884522127,,0.6,,,,,,,,,,,,,0.17391875441532814,363.0,,0.17267193311043852,-2.473797158509731,-2138.7693749997525,1002595.6240000001,BUY series_1 size=9277.0000 | SELL series_10 size=363.0000,,,,,,,0.0,0.0,,,26.869995112614976,0.2764181901503747,True,V2
CLOSE series_10 pnl_net=-9075.00,-1020.4700000000277,2075-08-06,2076-06-09,58658.496000001556,0.05850663477462131,943937.1279999985,BUY series_1 fill_size=9277.0000 fill_px=28.1700 | SELL series_10 fill_size=363.0000 fill_px=453.0000,False,0,0.6,0.0,0.0,0.012094253720462666,,0.6,,,,,,,,,,,,,0.0,0.0,429.78334013670286,0.17449072986300643,-2.446847243454121,-3159.23937499978,1002595.6240000001,BUY series_10 size=366.0000,,,,,,,0.2755767013330155,9277.0,,,26.869995112614976,0.27666275847543953,True,V2
,6173.6799999999985,2075-08-06,2076-06-10,53493.85600000154,0.0533553655326961,949101.7679999985,BUY series_10 fill_size=366.0000 fill_px=450.5000,False,0,0.6,0.0,0.0,0.011659649435094337,,0.6,,,,,,,,,,,,,0.17603907782416042,366.0,436.5845301269384,0.1754390359015562,-1.9546442782416986,3014.4406250002185,1002595.6240000001,,,,,,,,0.27720496249249466,9277.0,,,27.052342724652707,0.27665406078569177,True,V2
,15662.950000000013,2075-08-06,2076-06-11,37893.42600000161,0.03779532355110459,964702.1979999985,,False,0,0.6,0.0,0.0,0.01190814511924373,,0.6,,,,,,,,,,,,,0.18191831672389355,366.0,,0.1690675934090589,-0.729524638161803,18677.390625000233,1002595.6240000001,SELL series_10 size=366.0000,,,,,,,0.2803192016776149,9277.0,,,27.733961101463226,0.26259601589096754,True,V2
CLOSE series_10 pnl_net=10797.00,-5009.579999999992,2075-08-06,2076-06-12,41050.14600000158,0.040943871105507214,961545.4779999985,SELL series_10 fill_size=366.0000 fill_px=480.0000,False,0,0.6,0.0,0.0,0.011532482857277706,,0.6,,,,,,,,,,,,,0.0,0.0,,0.15811711023749048,-1.4833104811721654,13667.810625000242,1002595.6240000001,,,,,,,,0.27776619630673405,9277.0,,,27.733961101463226,0.25793529491809525,True,V2
,2319.25,2075-08-06,2076-06-13,39453.48600000143,0.0393513447052522,963142.1379999986,,False,0,0.6,0.0,0.0,0.011098536024873094,,0.6,,,,,,,,,,,,,0.0,0.0,,0.1606114040146417,-0.837559788238977,15987.060625000242,1002595.6240000001,,,,,,,,0.2790394889772753,9277.0,,,27.733961101463226,0.26216282891653697,True,V2
,-1484.3200000000013,2075-08-06,2076-06-14,40845.03600000148,0.0407392921156431,961750.5879999986,,False,0,0.6,0.0,0.0,0.011186079378236855,,0.6,,,,,,,,,,,,,0.0,0.0,,0.15631007973630512,-1.1008755276216244,14502.74062500024,1002595.6240000001,,,,,,,,0.27799633640567156,9277.0,,,27.733961101463226,0.26226219824116065,True,V2
,4174.649999999993,2075-08-06,2076-06-15,36392.076000001514,0.03629786040239241,966203.5479999986,,False,0,0.6,0.0,0.0,0.010813235042002626,,0.6,,,,,,,,,,,,,0.0,0.0,,0.16009606223269005,-1.2451507359614868,18677.390625000233,1002595.6240000001,,,,,,,,0.2813238479227779,9277.0,,,27.873337620233528,0.2619818280399178,True,V2
,463.8500000000066,2075-08-06,2076-06-16,36299.306000001496,0.036205330575033,966296.3179999986,,False,0,1.0,0.0,0.0,0.010579078193048413,,1.0,,,,,,,,,,,,,0.0,0.0,,0.16567898193071068,-1.275677107551528,19141.24062500024,1002595.6240000001,,,,,,,,0.28139284496373335,9277.0,,,27.915599218788277,0.26813466135018593,True,V2
,5751.740000000009,2075-08-06,2076-06-17,30547.566000001505,0.030468481278750827,972048.0579999986,,False,0,1.0,0.0,0.0,0.01016152449454453,,1.0,,,,,,,,,,,,,0.0,0.0,,0.16969139523548854,-0.49810718542240623,24892.980625000248,1002595.6240000001,,,,,,,,0.2856449408183483,9277.0,,,28.51198498887483,0.26924685906632906,True,V2
,-6215.590000000016,2075-08-06,2076-06-18,37041.46600000141,0.03694556919390804,965554.1579999987,,False,0,1.0,0.0,0.0,0.009980864121089337,,1.0,,,,,,,,,,,,,0.0,0.0,,0.1610250356475286,-1.1446694983898211,18677.390625000233,1002595.6240000001,SELL series_1 size=889.0000,,,,,,,0.28084049740066513,9277.0,,,28.51198498887483,0.25390748245693845,True,V2
,-2348.6400000000094,2075-08-06,2076-06-19,39623.96600000141,0.039521383348867886,962971.6579999987,SELL series_1 fill_size=889.0000 fill_px=29.2500,False,0,1.0,0.0,0.0,0.00965076856488835,,1.0,,,,,,,,,,,,,0.0,0.0,,0.16457569981162246,-0.9596648856605614,16328.750625000222,1002595.6240000001,,,,,,,,0.25190872232295786,8388.0,,,28.51198498887483,0.24901646590583026,True,V2
,503.2800000000191,2075-08-06,2076-06-20,38960.038000001456,0.03885917419484114,963635.5859999986,,False,0,1.0,0.0,0.0,0.009905438870502896,,1.0,,,,,,,,,,,,,0.0,0.0,,0.1677052849547191,-1.161677633591315,16832.030625000243,1002595.6240000001,,,,,,,,0.25243152446219475,8388.0,,,28.51198498887483,0.2575466536317501,True,V2
,-1761.480000000007,2075-08-06,2076-06-21,40469.87800000142,0.040365105363756724,962125.7459999986,,False,0,1.0,0.0,0.0,0.009549572709332608,,1.0,,,,,,,,,,,,,0.0,0.0,,0.1680254607510568,-1.4318243295682482,15070.550625000236,1002595.6240000001,,,,,,,,0.25125838384954763,8388.0,,,28.51198498887483,0.25866698666770854,True,V2
,5284.439999999991,2075-08-06,2076-06-22,35101.558000001474,0.03501068342983459,967494.0659999986,,False,0,1.0,0.0,0.0,0.009217561654231599,,1.0,,,,,,,,,,,,,0.0,0.0,,0.17462988857858666,-1.2343305024101487,20354.990625000228,1002595.6240000001,,,,,,,,0.2554129153697573,8388.0,,,28.51198498887483,0.25693813546160205,True,V2
,-587.1600000000024,2075-08-06,2076-06-23,36108.118000001414,0.03601463754244494,966487.5059999987,,False,0,1.0,0.0,0.0,0.00894149627114664,,1.0,,,,,,,,,,,,,0.0,0.0,,0.18047984756304372,-0.791882960170056,19767.830625000224,1002595.6240000001,,,,,,,,0.25463745622387834,8388.0,,,28.51198498887483,0.26213377471310245,True,V2
,2768.0400000000154,2075-08-06,2076-06-24,34094.998000001535,0.03400672931722424,968500.6259999985,,False,0,1.0,0.0,0.0,0.00928715581847321,,1.0,,,,,,,,,,,,,0.0,0.0,,0.17837226532417616,-1.1310577674949391,22535.87062500024,1002595.6240000001,,,,,,,,0.2561867626505802,8388.0,,,28.51198498887483,0.265310406759678,True,V2
,5787.719999999981,2075-08-06,2076-06-25,27468.478000001516,0.027397364742539027,975127.1459999986,,False,0,1.0,0.0,0.0,0.009110900332065396,,1.0,,,,,,,,,,,,,0.0,0.0,,0.18314758341168388,-1.0394819859209008,28323.590625000223,1002595.6240000001,,,,,,,,0.2612413786704287,8388.0,,,28.844004344738167,0.25387284619239175,True,V2
,1845.3600000000204,2075-08-06,2076-06-26,25371.478000001516,0.025305793674600674,977224.1459999986,,False,0,1.0,0.0,0.0,0.008889380550344156,,1.0,,,,,,,,,,,,,0.0,0.0,,0.1871000785431121,-1.1348719307643864,30168.95062500024,1002595.6240000001,,,,,,,,0.26282666167358537,8388.0,,,29.097646891542585,0.2565751226503222,True,V2
,-2180.8800000000133,2075-08-06,2076-06-27,27468.478000001516,0.027397364742539027,975127.1459999986,,False,0,1.0,0.0,0.0,0.00863714443721124,,1.0,,,,,,,,,,,,,0.0,0.0,,0.1861708233647539,-1.4673665439122443,27988.07062500023,1002595.6240000001,,,,,,,,0.2612413786704287,8388.0,,,29.097646891542585,0.2615028760848882,True,V2
,922.6799999999953,2075-08-06,2076-06-28,26965.19800000149,0.026895387686233792,975630.4259999986,,False,0,1.0,0.0,0.0,0.008515833301789469,,1.0,,,,,,,,,,,,,0.0,0.0,,0.1931242948195597,-1.3375831608863853,28910.750625000226,1002595.6240000001,,,,,,,,0.26162246809633666,8388.0,,,29.097646891542585,0.26991194185580447,True,V2
,251.64000000000954,2075-08-06,2076-06-29,26965.19800000149,0.026895387686233792,975630.4259999986,,False,0,1.0,0.0,0.0,0.008405021105148881,,1.0,,,,,,,,,,,,,0.0,0.0,,0.19936529367224134,-1.0165279968691543,29162.390625000236,1002595.6240000001,BUY series_1 size=653.0000,,,,,,,0.26162246809633666,8388.0,,,29.097646891542585,0.28200136406885856,True,V2
,-1084.920000000009,2075-08-06,2076-06-30,27824.598000001395,0.027752562781982973,974771.0259999987,BUY series_1 fill_size=653.0000 fill_px=30.5000,False,0,1.0,0.0,0.0,0.008123585321334921,,1.0,,,,,,,,,,,,,0.0,0.0,,0.19859566075756838,-0.8076653101762739,28077.470625000227,1002595.6240000001,,,,,,,,0.28140346059075455,9041.0,,,29.097646891542585,0.2696446462605623,True,V2
,-4339.680000000004,2075-08-06,2076-07-01,31911.33200000145,0.03182871661925531,970684.2919999986,,False,0,1.0,0.0,0.0,0.008450624381788605,,1.0,,,,,,,,,,,,,0.0,0.0,,0.19884619633846903,-0.9966660173567448,23737.790625000223,1002595.6240000001,,,,,,,,0.2783968919937981,9041.0,,,29.097646891542585,0.2631612063735758,True,V2
,632.8700000000026,2075-08-06,2076-07-02,30826.412000001408,0.03074660537317626,971769.2119999987,,False,0,1.0,0.0,0.0,0.008345822184168605,,1.0,,,,,,,,,,,,,0.0,0.0,,0.20715315733288325,-0.7839855110978945,24370.660625000226,1002595.6240000001,,,,,,,,0.2792025170684255,9041.0,,,29.097646891542585,0.27364589091495684,True,V2
,-2621.889999999992,2075-08-06,2076-07-03,33809.942000001436,0.03372241129989356,968785.6819999986,,False,0,1.0,0.0,0.0,0.008097861056125552,,1.0,,,,,,,,,,,,,0.0,0.0,,0.2010730018785178,-1.147929247833804,21748.770625000234,1002595.6240000001,,,,,,,,0.27698270627414207,9041.0,,,29.097646891542585,0.2737671924532157,True,V2
,1084.920000000009,2075-08-06,2076-07-04,33086.66200000141,0.03300100380250753,969508.9619999987,,False,0,1.0,0.0,0.0,0.00999365750996304,,1.0,,,,,,,,,,,,,0.0,0.0,,0.2061873286688181,-0.9793437591422545,22833.690625000243,1002595.6240000001,,,,,,,,0.277522096799349,9041.0,,,29.097646891542585,0.2826504952522665,True,V2
,5515.009999999995,2075-08-06,2076-07-05,31730.5120000015,0.03164836474490886,970865.1119999986,,False,0,1.0,0.0,0.0,0.009993850969563274,,1.0,,,,,,,,,,,,,0.0,0.0,,0.20284315813025589,-0.17466526935009496,28348.700625000238,1002595.6240000001,,,,,,,,0.2785312878767863,9041.0,,,29.097646891542585,0.284348837620937,True,V2
,-2079.430000000004,2075-08-06,2076-07-06,29289.442000001436,0.02921361444123103,973306.1819999986,,False,0,1.0,0.0,0.0,0.0096073954927684,,1.0,,,,,,,,,,,,,0.0,0.0,,0.203198335123577,0.3861163589635042,26269.270625000234,1002595.6240000001,,,,,,,,0.28034074482021565,9041.0,,,29.097646891542585,0.2804484554003768,True,V2
,4882.139999999992,2075-08-06,2076-07-07,24407.302000001422,0.02434411383387548,978188.3219999986,,False,0,1.0,0.0,0.0,0.009303191232491532,,1.0,,,,,,,,,,,,,0.0,0.0,,0.20249083449917457,1.1089351690222087,31151.410625000226,1002595.6240000001,,,,,,,,0.28393256569669045,9041.0,,,29.3220907891027,0.2803283378928648,True,V2
,1356.1500000000192,2075-08-06,2076-07-08,23141.56200000143,0.023081650713449982,979454.0619999986,,False,0,1.0,0.0,0.0,0.009066438002955863,,1.0,,,,,,,,,,,,,0.0,0.0,,0.20499925337842645,1.8302603980039467,32507.560625000246,1002595.6240000001,,,,,,,,0.28485793343925137,9041.0,,,29.49051287559536,0.2874502729787054,True,V2
,994.5099999999949,2075-08-06,2076-07-09,22237.462000001455,0.022179891341717498,980358.1619999986,,False,0,1.0,0.0,0.0,0.009272901168407236,,1.0,,,,,,,,,,,,,0.0,0.0,,0.21141980963158288,1.758041599167162,33502.07062500024,1002595.6240000001,,,,,,,,0.2855174474489665,9041.0,,,29.615119098767124,0.2936580313433681,True,V2
,2531.4800000000105,2075-08-06,2076-07-10,19525.162000001408,0.019474613226519933,983070.4619999987,,False,0,1.0,0.0,0.0,0.0094548640548076,,1.0,,,,,,,,,,,,,0.0,0.0,,0.2085408337918195,1.677787023512372,36033.55062500025,1002595.6240000001,,,,,,,,0.2874887110584352,9041.0,,,29.884396305998045,0.2898814316036522,True,V2
,-6599.930000000004,2075-08-06,2076-07-11,24678.532000001404,0.024614641645395216,977917.0919999987,,True,0,1.0,0.0,0.0,0.009731114436819394,102.05294573290966,1.0,,,,,,,,,,,,,0.0,0.0,,0.18517771582966086,0.9693810957384487,29433.620625000247,1002595.6240000001,,,,,,,,0.2837339609562734,9041.0,,,29.884396305998045,0.23951879883758867,True,V2
,2441.069999999996,2075-08-06,2076-07-12,24045.662000001408,0.023983410085182465,978549.9619999987,,True,0,0.4,0.0,0.0,0.015504057223389404,102.0017308591304,0.4,,,,,,,,,,,,,0.0,0.0,,0.18900149698702304,1.343338601545079,31874.690625000243,1002595.6240000001,SELL series_1 size=1467.0000 | BUY series_7 size=3827.0000,,,,,,,0.28419720075570387,9041.0,,,29.884396305998045,0.23808295429832893,True,V2
,-6107.029375000014,2075-08-06,2076-07-13,29488.091375001473,0.029411749532034136,973107.5326249986,SELL series_1 fill_size=1467.0000 fill_px=30.8000 | BUY series_7 fill_size=3827.0000 fill_px=102.4453,True,0,0.4,0.40307734593773265,3827.0,0.014932645747335422,102.18520097633538,0.4,,,,,,,,,,,,,0.0,0.0,,0.17681586092045476,0.8031166044342253,25767.66125000023,1002595.6240000001,,,,,,,,0.23357720743036506,7574.0,,,29.884396305998045,0.221920256108031,True,V2
,809.2456249999968,2075-08-06,2076-07-14,28855.80993750156,0.02878110501058955,973739.8140624985,,True,0,0.4,0.40321477624699414,3827.0,0.017179317376038967,102.28413751373999,0.4,,,,,,,,,,,,,0.0,0.0,,0.17585284468346576,0.42115485563961225,26576.906875000226,1002595.6240000001,,,,,,,,0.2339700161273032,7574.0,,,29.884396305998045,0.2285905484450401,True,V2
,-452.45218749999356,2075-08-06,2076-07-15,29673.006812501466,0.029596186241185374,972922.6171874986,,True,0,0.4,0.40349199149036313,3827.0,0.016964818673876208,102.28413751373999,0.4,,,,,,,,,,,,,0.0,0.0,,0.17414945101262969,0.9058518945728052,26124.454687500234,1002595.6240000001,,,,,,,,0.233388057784497,7574.0,,,29.884396305998045,0.23106138934650586,True,V2
,-1646.361249999986,2075-08-06,2076-07-16,30807.11900000146,0.030727362320904623,971788.5049999986,,True,0,0.4,0.4038090491587988,3827.0,0.01618347764348496,102.28413751373999,0.4,,,,,,,,,,,,,0.0,0.0,,0.17339589135393982,0.3319680935148964,24478.093437500247,1002595.6240000001,SELL series_1 size=7574.0000,,,,,,,0.23264722605460367,7574.0,,,,0.23887480279316617,True,V2
CLOSE series_1 pnl_net=15490.98,418.578125,2075-08-06,2076-07-17,31068.213062501512,0.03098778043589537,971527.4109374986,SELL series_1 fill_size=7574.0000 fill_px=29.7800,True,0,0.4,0.40419454325644627,3827.0,0.01552584138020341,102.29690920834065,0.4,,,,,,,,,,,,,0.0,0.0,,0.18024111031835383,0.669678339233564,24896.671562500247,1002595.6240000001,BUY series_1 size=7746.0000,,,,,,,0.0,0.0,,,28.610178724460724,0.24088181474795906,True,V2
,2412.115625000011,2075-08-06,2076-07-18,28301.478812501533,0.028228208995755132,974294.1451874985,BUY series_1 fill_size=7746.0000 fill_px=30.2000,True,0,0.4,0.4029239899614221,3827.0,0.015127197045303605,102.29690920834065,0.4,,,,,,,,,,,,,0.0,0.0,,0.1836926829739112,0.4529224885051978,27308.787187500257,1002595.6240000001,,,,,,,,0.2432813551952374,7746.0,,,29.016237386999244,0.24646547803063523,True,V2
,-646.9100000000067,2075-08-06,2076-07-19,29276.977500001434,0.029201182210627154,973318.6464999986,,True,0,0.4,0.4024369933690575,3827.0,0.01449938066113048,102.29690920834065,0.4,,,,,,,,,,,,,0.0,0.0,,0.1873290793469506,0.48929320593964704,26661.87718750025,1002595.6240000001,,,,,,,,0.2434455980598542,7746.0,,,29.049720430785012,0.2533405326472739,True,V2
,1318.1996875000077,2075-08-06,2076-07-20,28078.371562501416,0.028005679349046724,974517.2524374987,,True,0,0.4,0.40221813892426617,3827.0,0.01703482527508347,102.29690920834065,0.4,,,,,,,,,,,,,0.0,0.0,,0.18736702544426656,0.025982554490455643,27980.076875000257,1002595.6240000001,,,,,,,,0.24409999864548995,7746.0,,,29.18688325715751,0.2572002470902114,True,V2
,-949.8515625,2075-08-06,2076-07-21,29160.052187501453,0.02908455960655724,973435.5718124986,,True,0,0.4,0.4034636563247043,3827.0,0.016525343767845632,102.29690920834065,0.4,,,,,,,,,,,,,0.0,0.0,,0.19079931304831435,-0.2776596177090562,27030.225312500257,1002595.6240000001,,,,,,,,0.24246147031645754,7746.0,,,29.18688325715751,0.2581945057683675,True,V2
,-478.375,2075-08-06,2076-07-22,29434.56593750161,0.029358362666763053,973161.0580624985,,True,0,0.4,0.40345457516733546,3827.0,0.01809216588302644,102.29690920834065,0.4,,,,,,,,,,,,,0.0,0.0,,0.18917279541493442,-0.5273646737593788,26551.850312500257,1002595.6240000001,BUY series_1 size=733.0000,,,,,,,0.24237067240400426,7746.0,,,29.18688325715751,0.2653319503411596,True,V2
,444.03781250000236,2075-08-06,2076-07-23,28778.29187500151,0.02870378763492539,973817.3321249986,BUY series_1 fill_size=733.0000 fill_px=30.4600,True,0,0.4,0.4029063586867206,3827.0,0.017288042348609003,102.29690920834065,0.4,,,,,,,,,,,,,0.0,0.0,,0.18547273562362934,-1.0730044714761795,26995.88812500026,1002595.6240000001,,,,,,,,0.26608505666516497,8479.0,,,29.18688325715751,0.2776558872999861,True,V2
,1835.4815624999903,2075-08-06,2076-07-24,27120.227625001455,0.027050015954389856,975475.3963749986,,True,0,0.4,0.40209891814812465,3827.0,0.016759390471838477,102.29690920834065,0.4,,,,,,,,,,,,,0.0,0.0,,0.1855284193748283,-0.6485081675415264,28831.36968750025,1002595.6240000001,,,,,,,,0.2674581347408003,8479.0,,,29.369844796638787,0.2803341941821213,True,V2
,1820.765625,2075-08-06,2076-07-25,25523.933562501566,0.02545785454425798,977071.6904374985,,True,0,0.4,0.4011665873253274,3827.0,0.01603358187563361,102.29690920834065,0.4,,,,,,,,,,,,,0.0,0.0,,0.18287481162030614,-1.04841150940287,30652.13531250025,1002595.6240000001,,,,,,,,0.2689303278066969,8479.0,,,29.604141596878872,0.285251195927346,True,V2
,2239.34375,2075-08-06,2076-07-26,23224.792937501566,0.023164666174028268,979370.8310624985,,True,0,0.4,0.4004079903263681,3827.0,0.015597287258133365,102.29690920834065,0.4,,,,,,,,,,,,,0.0,0.0,,0.18831569220553587,-0.4620414366631669,32891.47906250025,1002595.6240000001,BUY series_1 size=682.0000,,,,,,,0.2704633950682736,8479.0,,,29.87634576853038,0.292234521714354,True,V2
,-835.9781249999869,2075-08-06,2076-07-27,23946.082625001436,0.02388408851164249,978649.5413749986,BUY series_1 fill_size=682.0000 fill_px=31.2500,True,0,0.4,0.4012835647076845,3827.0,0.015019363256302988,102.29690920834065,0.4,,,,,,,,,,,,,0.0,0.0,,0.19249259349098707,-0.23042833778208605,32055.500937500263,1002595.6240000001,,,,,,,,0.29112270323011313,9161.0,,,29.87634576853038,0.2911331139528761,True,V2
,1778.1471874999716,2075-08-06,2076-07-28,22718.40875000134,0.02265959296666683,979877.2152499987,,True,0,0.4,0.40035362832414884,3827.0,0.01573785094652726,102.29690920834065,0.4,,,,,,,,,,,,,0.0,0.0,,0.19691936302796026,-0.11902671861930327,33833.64812500023,1002595.6240000001,,,,,,,,0.29244080333768163,9161.0,,,29.941440994294055,0.2980945124233822,True,V2
,5562.140937500023,2075-08-06,2076-07-29,16728.11625000136,0.016684808759948627,985867.5077499987,,True,0,0.4,0.3976783978125792,3827.0,0.015756007616972864,102.29690920834065,0.4,,,,,,,,,,,,,0.0,0.0,,0.19942754667700602,-0.5191757644232321,39395.789062500255,1002595.6240000001,,,,,,,,0.29698266521452904,9161.0,,,30.558123780415908,0.2908183854722613,True,V2
,-2903.536250000017,2075-08-06,2076-07-30,19145.618750001537,0.01909605257762579,983450.0052499985,,True,0,0.4,0.39889917773479067,3827.0,0.015275413675084587,102.29690920834065,0.4,,,,,,,,,,,,,0.0,0.0,,0.19445425921207352,-0.7678863128394584,36492.252812500235,1002595.6240000001,,,,,,,,0.29501130555817895,9161.0,,,30.558123780415908,0.2874746549078099,True,V2
,1951.7937499999935,2075-08-06,2076-07-31,17892.9771875015,0.01784665398410067,984702.6468124986,,True,0,0.4,0.39836137464419075,3827.0,0.014829568475580441,102.29690920834065,0.4,,,,,,,,,,,,,0.0,0.0,,0.19687240907029446,-1.0578892709769097,38444.046562500225,1002595.6240000001,,,,,,,,0.2959384855350032,9161.0,,,30.558123780415908,0.2932969395592434,True,V2
,5158.143750000039,2075-08-06,2076-08-01,12276.783437501406,0.012245000021565429,990318.8405624987,,True,0,0.4,0.39622299170550473,3827.0,0.01415818832296494,102.29690920834065,0.4,,,,,,,,,,,,,0.0,0.0,,0.20385523857961244,-0.8623281046841118,43602.190312500265,1002595.6240000001,,,,,,,,0.29981052347883935,9161.0,,,30.996744878124538,0.2925386279135411,True,V2
,4619.971874999974,2075-08-06,2076-08-02,7385.81093750149,0.007366689780706134,995209.8130624986,,True,0,0.6,0.39403540952160343,3827.0,0.013590249337239615,102.29690920834065,0.6,,,,,,,,,,,,,0.0,0.0,,0.2026050080763628,-0.5145421013272831,48222.16218750024,1002595.6240000001,BUY series_7 size=2000.0000,,,,,,,0.3034919531898066,9161.0,,,31.523763101115645,0.2908066051347068,True,V2
,-5634.296562499977,2075-08-06,2076-08-03,11948.771250001388,0.011917837026188125,990646.8527499987,BUY series_7 fill_size=2000.0000 fill_px=102.4375,True,0,0.6,0.6025849012495142,5827.0,0.013271534381932376,102.29690920834065,0.6,,,,,,,,,,,,,0.0,0.0,418.0788065172168,0.16828087615596915,-2.061385319833661,42587.86562500026,1002595.6240000001,,,,,,,,0.30035857800790894,9161.0,,,31.523763101115645,0.2815651054668587,True,V2
,4260.146562499989,2075-08-06,2076-08-04,9408.691250001546,0.009384333049913197,993186.9327499985,,True,0,0.6,0.6010437876831811,5827.0,0.012727446854198273,102.29690920834065,0.6,,,,,,,,,,,,,0.0,0.0,406.7160346231299,0.15391013984315605,-2.4865768720502355,46848.01218750025,1002595.6240000001,,,,,,,,0.3021730855530131,9161.0,,,31.523763101115645,0.2708014458359529,True,V2
,-3661.584375000013,2075-08-06,2076-08-05,13391.192187501583,0.013356523674096529,989204.4318124985,,True,0,0.6,0.603049385764451,5827.0,0.012173816564931772,102.29690920834065,0.6,,,,,,,,,,,,,0.0,0.0,397.7631035786206,0.1510076613236474,-2.714130542966498,43186.42781250024,1002595.6240000001,,,,,,,,0.2997778421358799,9161.0,,,31.523763101115645,0.2687367219914954,True,V2
,1555.6806250000052,2075-08-06,2076-08-06,11422.421875001397,0.011392850319284255,991173.2021249987,,True,0,0.6,0.6019893334820529,5827.0,0.012053942060985073,102.29690920834065,0.6,,,,,,,,,,,,,0.0,0.0,409.5746676087191,0.15227876624298642,-1.8961478958148554,44742.10843750025,1002595.6240000001,,,,,,,,0.3010309089877629,9161.0,,,31.523763101115645,0.27404739025320135,True,V2
,-1731.0168750000287,2075-08-06,2076-08-07,12978.665625001537,0.01294506510333775,989616.9583749985,,True,0,0.6,0.6027520006750621,5827.0,0.011586063083741641,102.29690920834065,0.6,,,,,,,,,,,,,0.0,0.0,409.5746676087191,0.15386378878637538,-1.1058524957116331,43011.091562500216,1002595.6240000001,,,,,,,,0.30011573416010223,9161.0,,,31.523763101115645,0.280259729082859,True,V2
,-3848.1831249999973,2075-08-06,2076-08-08,17322.538437501527,0.01727769204536397,985273.0855624985,,True,0,0.6,0.6041619094975682,5827.0,0.011184991973771988,,0.6,,,,,,,,,,,,,0.0,0.0,409.5746676087191,0.14201654700794888,-0.9451787859386978,39162.90843750022,1002595.6240000001,SELL series_1 size=998.0000 | SELL series_7 size=5827.0000,,,,,,,0.29827758852482944,9161.0,,,31.523763101115645,0.2657511904625969,True,V2
CLOSE series_7 pnl_net=-1668.74,2775.420000000028,2075-08-06,2076-08-09,14180.678437501541,0.014143966019845246,988414.9455624985,SELL series_1 fill_size=998.0000 fill_px=32.1200 | SELL series_7 fill_size=5827.0000 fill_px=102.1562,True,0,0.4,0.0,0.0,0.014169813454772804,101.9319476226504,0.4,,,,,,,,,,,,,0.0,0.0,409.5746676087191,0.14499776655282998,-0.37725597523445475,41938.32843750025,1002595.6240000001,BUY series_7 size=3867.0000,,,,,,,0.26807666273116426,8163.0,,,31.523763101115645,0.26298116522340004,True,V2
,1666.0134374999745,2075-08-06,2076-08-10,11735.541125001502,0.011705158933549765,990860.0828749986,BUY series_7 fill_size=3867.0000 fill_px=102.2266,True,0,0.6,0.3988040989131773,3867.0,0.013880269121551134,101.9319476226504,0.6,,,,,,,,,,,,,0.0,0.0,409.5746676087191,0.14939729052043932,-0.4605534398725909,43604.341875000224,1002595.6240000001,BUY series_7 size=1950.0000,,,,,,,0.27005138729940825,8163.0,,,31.523763101115645,0.26769309343973346,True,V2
,-326.51999999999305,2075-08-06,2076-08-11,12811.707687501563,0.01277853940393975,989783.9163124985,BUY series_7 fill_size=1950.0000 fill_px=102.1719,True,0,0.6,0.6005141449478153,5817.0,0.01336985918926632,101.9319476226504,0.6,,,,,,,,,,,,,0.0,0.0,409.5746676087191,0.1508921532224899,-0.36277600112468633,43277.821875000234,1002595.6240000001,,,,,,,,0.26927286411456763,8163.0,,,31.523763101115645,0.2661696401935234,True,V2
,1749.5568750000257,2075-08-06,2076-08-12,10666.18831250153,0.010638574573014025,991929.4356874985,,True,0,0.6,0.5987570967191385,5817.0,0.012783128026740323,101.9319476226504,0.6,,,,,,,,,,,,,0.0,0.0,409.5746676087191,0.1493707463790648,0.7265315238973347,45027.37875000026,1002595.6240000001,,,,,,,,0.27132384655312225,8163.0,,,31.523763101115645,0.2614941637232297,True,V2
,-833.963437500021,2075-08-06,2076-08-13,12035.377062501502,0.012004218624538402,990560.2469374986,,True,0,0.6,0.5997682343393964,5817.0,0.012699392177326106,101.9319476226504,0.6,,,,,,,,,,,,,0.0,0.0,409.5746676087191,0.15362309946743652,0.5187098278576511,44193.415312500234,1002595.6240000001,,,,,,,,0.27013313004159323,8163.0,,,31.523763101115645,0.2650890405633361,True,V2
,-6691.944374999985,2075-08-06,2076-08-14,18782.02737500146,0.0187334025058556,983813.5966249986,,True,0,0.6,0.6045741307504171,5817.0,0.012224882928280799,101.97378631688849,0.6,,,,,,,,,,,,,0.0,0.0,409.5746676087191,0.1547251245373416,0.6265531747602057,37501.47093750025,1002595.6240000001,,,,,,,,0.2644350625895685,8163.0,,,31.523763101115645,0.24712586564573974,True,V2
,-1477.7428125000197,2075-08-06,2076-08-15,24903.419562501484,0.024838946995545116,977692.2044374986,,True,0,0.6,0.608777747343233,5817.0,0.012783840649619266,102.04931943711074,0.6,,,,,,,,,,,,,0.0,0.0,409.5746676087191,0.15713655407213445,0.4680905467296098,36023.72812500023,1002595.6240000001,SELL series_1 size=8163.0000 | SELL series_1 size=767.0000,,,,,,,0.2594113043439057,8163.0,,,,0.23500520690293555,True,V2
CLOSE series_1 pnl_net=12845.83,-292.0346875000037,2075-08-06,2076-08-16,20544.709562501637,0.020491521278075752,982050.9144374984,SELL series_1 fill_size=8163.0000 fill_px=31.6500 | SELL series_1 fill_size=767.0000 fill_px=31.6500,True,0,0.6,0.6060757635498141,5817.0,0.012610434386211676,102.05528322731712,0.6,,,,,,,,,,,,,0.0,0.0,409.5746676087191,0.1544754194334775,2.181044046356419,35731.693437500224,1002595.6240000001,BUY series_1 size=7803.0000,,,,,,,-0.025101936811616207,-767.0,,,30.359670710310763,0.23028746162823552,True,V2
CLOSE series_1 pnl_net=-337.48,5120.133437499986,2075-08-06,2076-08-17,16878.959562501637,0.016835261553566922,985716.6644374984,BUY series_1 fill_size=7803.0000 fill_px=32.0900,True,0,0.6,0.6038218478858229,5817.0,0.012063724405873368,102.0630531753659,0.6,,,,,,,,,,,,,0.0,0.0,409.5746676087191,0.15319388811209295,2.4445443595266987,40851.82687500021,1002595.6240000001,,,,,,,,0.2348386796647058,7036.0,,,31.050408516717134,0.2269054034422354,True,V2
,-58.597500000016,2075-08-06,2076-08-18,18119.718312501675,0.018072808098054966,984475.9056874984,,True,0,0.6,0.6047675068763855,5817.0,0.011549580016588833,102.09816991283977,0.6,,,,,,,,,,,,,0.0,0.0,409.5746676087191,0.15243838391597025,1.9340529819029673,40793.22937500019,1002595.6240000001,,,,,,,,0.2338482015354451,7036.0,,,31.050408516717134,0.23170017204101503,True,V2
,-2144.48281250001,2075-08-06,2076-08-19,19796.59581250162,0.019745344322888863,982799.0281874985,,True,0,0.6,0.6061693026510037,5817.0,0.011151058835253443,102.16537652620835,0.6,,,,,,,,,,,,,0.0,0.0,409.5746676087191,0.15222389238466835,1.5269203574473753,38648.74656250018,1002595.6240000001,,,,,,,,0.23217104764624197,7036.0,,,31.050408516717134,0.2338319449045768,True,V2
,5315.066875000002,2075-08-06,2076-08-20,14320.278312501614,0.014283204484145657,988275.3456874985,,True,0,0.6,0.6024424687517846,5817.0,0.01103797562816066,102.16537652620835,0.6,,,,,,,,,,,,,0.0,0.0,409.5746676087191,0.15066304306790376,2.442289552275308,43963.81343750018,1002595.6240000001,,,,,,,,0.2367936840893311,7036.0,,,31.408277154237446,0.2291242293821586,True,V2
,-4224.594374999986,2075-08-06,2076-08-21,18453.9820625016,0.018406206471235902,984141.6419374985,,True,0,0.6,0.6044187848219079,5817.0,0.010935200935803425,102.16537652620835,0.6,,,,,,,,,,,,,0.0,0.0,409.5746676087191,0.15165445879877587,2.2846461846948505,39739.2190625002,1002595.6240000001,,,,,,,,0.23414210940850955,7036.0,,,31.408277154237446,0.22871395251628476,True,V2
,4333.021250000024,2075-08-06,2076-08-22,13574.227375001647,0.01353908500103492,989021.3966249984,,True,0,0.6,0.6013906797463578,5817.0,0.01126778035190652,102.16537652620835,0.6,,,,,,,,,,,,,0.0,0.0,409.5746676087191,0.1508891441493591,1.8016381121344642,44072.240312500224,1002595.6240000001,,,,,,,,0.23796674248215272,7036.0,,,31.591371627888414,0.22957696850558793,True,V2
,3707.159687499998,2075-08-06,2076-08-23,10686.473000001628,0.0106588067454019,991909.1509999984,,True,0,1.0,0.6002812694839237,5817.0,0.010807264479244696,102.16537652620835,1.0,,,,,,,,,,,,,0.0,0.0,409.5746676087191,0.14429667974966282,1.0511510862759383,47779.40000000022,1002595.6240000001,,,,,,,,0.23954383298153523,7036.0,,,31.86734508303924,0.22641009660567793,True,V2
,-243.373125000042,2075-08-06,2076-08-24,10768.595500001567,0.010740716638118467,991827.0284999985,,True,0,0.6,0.5999644139310738,5817.0,0.011426845069612581,102.16537652620835,0.6,,,,,,,,,,,,,0.0,0.0,409.5746676087191,0.14414810142227946,1.2358741832994773,47536.02687500018,1002595.6240000001,,,,,,,,0.23984742617850566,7036.0,,,31.952177577107864,0.23214841756700924,True,V2
,-1498.09062499997,2075-08-06,2076-08-25,12361.96081250161,0.012329956880503609,990233.6631874985,,True,0,0.6,0.6008839112247341,5817.0,0.011289328845225951,102.16537652620835,0.6,,,,,,,,,,,,,0.0,0.0,409.5746676087191,0.14430594983608688,0.9008601887341326,46037.93625000021,1002595.6240000001,,,,,,,,0.23867017329954146,7036.0,,,31.952177577107864,0.23803077233650466,True,V2
,-565.874375000014,2075-08-06,2076-08-26,12762.200500001549,0.012729160385804305,989833.4234999985,,True,0,0.6,0.6004381977459068,5817.0,0.010827480787714464,102.16537652620835,0.6,,,,,,,,,,,,,0.0,0.0,409.5746676087191,0.14774298516859694,0.9154059622339321,45472.061875000196,1002595.6240000001,,,,,,,,0.23905101038447646,7036.0,,,31.952177577107864,0.2390267138823913,True,V2
,-1465.797499999986,2075-08-06,2076-08-27,15635.198000001605,0.015594719970572705,986960.4259999985,,True,0,0.6,0.6025544122221987,5817.0,0.011593715785166383,102.16537652620835,0.6,,,,,,,,,,,,,0.0,0.0,409.5746676087191,0.15348489224705553,0.8970887232568722,44006.26437500021,1002595.6240000001,,,,,,,,0.23646755619763865,7036.0,,,31.952177577107864,0.23641356226702617,True,V2
,-2483.130625000024,2075-08-06,2076-08-28,16640.768625001656,0.016597687269580236,985954.8553749984,,False,0,0.6,0.6030767691932986,5817.0,0.01144223165702653,,0.6,,,,,,,,,,,,,0.0,0.0,409.5746676087191,0.15355075780521107,0.8428372306660726,41523.13375000018,1002595.6240000001,SELL series_7 size=5817.0000,,,,,,,0.2357810185047291,7036.0,,,31.952177577107864,0.23680797734468725,True,V2
CLOSE series_7 pnl_net=61.20,422.160000000016,2075-08-06,2076-08-29,16640.768625001656,0.016597687269580236,985954.8553749984,SELL series_7 fill_size=5817.0000 fill_px=102.2188,False,0,0.6,0.0,0.0,0.010987077686484934,,0.6,,,,,,,,,,,,,0.0,0.0,409.5746676087191,0.15043665211712123,0.32440510396497824,41945.2937500002,1002595.6240000001,,,,,,,,0.2357810185047291,7036.0,,,31.952177577107864,0.24170461701223556,True,V2
,1618.279999999978,2075-08-06,2076-08-30,14741.048625001567,0.014702885462625525,987854.5753749985,,False,0,1.0,0.0,0.0,0.010560680177198405,,1.0,,,,,,,,,,,,,0.0,0.0,409.5746676087191,0.15787913059316722,0.3480276120887499,43563.57375000018,1002595.6240000001,,,,,,,,0.23725067013131093,7036.0,,,31.952177577107864,0.25001651420300197,True,V2
,3236.560000000006,2075-08-06,2076-08-31,11856.288625001675,0.011825593829842683,990739.3353749984,,False,0,0.6,0.0,0.0,0.011077163011928785,,0.6,,,,,,,,,,,,,0.0,0.0,409.5746676087191,0.16358693729298465,0.3109392184940749,46800.13375000018,1002595.6240000001,,,,,,,,0.23947158604558536,7036.0,,,32.059715388022504,0.25907754935813415,True,V2
,4925.20000000002,2075-08-06,2076-09-01,7142.168625001563,0.00712367823480702,995453.4553749985,,False,0,0.6,0.0,0.0,0.010972274003558363,,0.6,,,,,,,,,,,,,0.0,0.0,409.5746676087191,0.1638080017302316,0.7228282112088017,51725.3337500002,1002595.6240000001,,,,,,,,0.24307318307398704,7036.0,,,32.69473571744947,0.2587733338509686,True,V2
,140.719999999972,2075-08-06,2076-09-02,6438.568625001586,0.0064218997877868115,996157.0553749985,,False,0,1.0,0.0,0.0,0.010663534574710892,,1.0,,,,,,,,,,,,,0.0,0.0,409.5746676087191,0.16524506415554285,0.8203598209745607,51866.053750000174,1002595.6240000001,BUY series_1 size=603.0000,,,,,,,0.24360781132915577,7036.0,,,32.82654030906022,0.2644878157533938,True,V2
,916.6800000000347,2075-08-06,2076-09-03,5592.248625001521,0.005577770829170825,997003.3753749985,BUY series_1 fill_size=603.0000 fill_px=34.4800,False,0,1.0,0.0,0.0,0.010377927511350957,,1.0,,,,,,,,,,,,,0.0,0.0,409.5746676087191,0.16407981198095703,0.9837858253859042,52782.73375000021,1002595.6240000001,,,,,,,,0.2651038166250806,7639.0,,,32.92678742984163,0.2637847821778854,True,V2
,381.9499999999783,2075-08-06,2076-09-04,4601.590625001583,0.004589677547806236,997994.0333749985,,False,0,1.0,0.0,0.0,0.009990795788653263,,1.0,,,,,,,,,,,,,0.0,0.0,409.5746676087191,0.1672311313324391,0.7454701625977559,53164.683750000186,1002595.6240000001,,,,,,,,0.2658357275972931,7639.0,,,33.10308832771008,0.2723112385433217,True,V2
,2597.260000000026,2075-08-06,2076-09-05,2615.450625001453,0.0026086794739505594,999980.1733749986,,False,0,1.0,0.0,0.0,0.009604535236768326,,1.0,,,,,,,,,,,,,0.0,0.0,409.5746676087191,0.16317983418260495,0.2935521381407968,55761.94375000021,1002595.6240000001,,,,,,,,0.2672939095361096,7639.0,,,33.384653447159366,0.2780352752760534,True,V2
,1375.019999999998,2075-08-06,2076-09-06,1393.2106250015786,0.0013896037361934251,1001202.4133749985,,False,0,1.0,0.0,0.0,0.009986450079957635,,1.0,,,,,,,,,,,,,0.0,0.0,409.5746676087191,0.15649885053627918,-0.26041449058950894,57136.963750000206,1002595.6240000001,,,,,,,,0.26818837670882617,7639.0,,,33.584321058076554,0.2863830935452938,True,V2
,229.17000000000868,2075-08-06,2076-09-07,552.9206250016578,0.0005514891664853883,1002042.7033749984,,False,0,1.0,0.0,0.0,0.009987015946110957,,1.0,,,,,,,,,,,,,0.0,0.0,409.5746676087191,0.1613879424121677,0.04100072740006884,57366.13375000021,1002595.6240000001,BUY series_1 size=840.0000,,,,,,,0.26880205713069255,7639.0,,,33.75258383964251,0.29838287781533257,True,V2
,-3391.600000000048,2075-08-06,2076-09-08,4148.4906250016065,0.004137750580289393,998447.1333749985,BUY series_1 fill_size=840.0000 fill_px=35.2000,False,0,1.0,0.0,0.0,0.009625620667920722,,1.0,,,,,,,,,,,,,0.0,0.0,409.5746676087191,0.16130882347289832,-0.3036665501276097,53974.53375000016,1002595.6240000001,,,,,,,,0.2957828813647181,8479.0,,,33.75258383964251,0.29380317377189236,True,V2
,678.3200000000458,2075-08-06,2076-09-09,3659.9106250016484,0.003650435467092811,998935.7133749984,,False,0,1.0,0.0,0.0,0.009570885465621218,,1.0,,,,,,,,,,,,,0.0,0.0,409.5746676087191,0.16877456250268402,-0.11200487778549136,54652.853750000206,1002595.6240000001,,,,,,,,0.2961474958188277,8479.0,,,33.75258383964251,0.30051570998766647,True,V2
,5935.299999999964,2076-09-10,2076-09-10,0.0,0.0,1004786.2233749984,,False,0,1.0,0.0,0.0,0.009218071265029854,,1.0,,,,,,,,,,,,,0.0,0.0,409.5746676087191,0.171073842806433,0.4310099499125071,60588.15375000017,1004786.2233749984,,,,,,,,0.3002457766455744,8479.0,,,34.04048895615693,0.29481385672188093,True,V2
,2882.860000000029,2076-09-11,2076-09-11,0.0,0.0,1006990.7633749985,,False,0,1.0,0.0,0.0,0.00888857392051124,,1.0,,,,,,,,,,,,,0.0,0.0,409.5746676087191,0.17575366595303066,0.7895925825236313,63471.0137500002,1006990.7633749985,,,,,,,,0.30177770348309924,8479.0,,,34.31045403071715,0.2989029658038448,True,V2
,-6274.460000000017,2076-09-11,2076-09-12,5596.140000000014,0.005557290298516908,1001394.6233749985,,False,0,1.0,0.0,0.0,0.008601910243408837,,1.0,,,,,,,,,,,,,0.0,0.0,409.5746676087191,0.172707967415575,0.3511912406478543,57196.55375000018,1006990.7633749985,,,,,,,,0.29787579545281523,8479.0,,,34.31045403071715,0.2797411304107837,True,V2
,3476.3900000000313,2076-09-11,2076-09-13,2374.1199999999953,0.002357638308461708,1004616.6433749985,,False,0,1.0,0.0,0.0,0.008752002845233323,,1.0,,,,,,,,,,,,,0.0,0.0,409.5746676087191,0.17305626642771402,1.1423061023963876,60672.94375000021,1006990.7633749985,SELL series_1 size=577.0000,,,,,,,0.30012765763771304,8479.0,,,34.31045403071715,0.2797018920462145,True,V2
,948.2399999999798,2076-09-11,2076-09-14,1171.5100000000093,0.0011633771059365167,1005819.2533749985,SELL series_1 fill_size=577.0000 fill_px=35.5900,False,0,1.0,0.0,0.0,0.008558625117100038,,1.0,,,,,,,,,,,,,0.0,0.0,409.5746676087191,0.17419020169337318,1.4328471668430252,61621.183750000186,1006990.7633749985,,,,,,,,0.280547841029242,7902.0,,,34.31045403071715,0.28428461768424707,True,V2
,0.0,2076-09-11,2076-09-15,388.23399999993853,0.00038553878955030897,1006602.5293749985,,False,0,1.0,0.0,0.0,0.008521447403119319,,1.0,,,,,,,,,,,,,0.0,0.0,409.5746676087191,0.17536631230814917,1.6085546334606358,61621.183750000186,1006990.7633749985,,,,,,,,0.28111455290669396,7902.0,,,34.31045403071715,0.29028735823137,True,V2
,474.12000000001797,2076-09-11,2076-09-16,862.3539999999339,0.0008563673385738866,1006128.4093749985,,False,0,1.0,0.0,0.0,0.008346710442910693,,1.0,,,,,,,,,,,,,0.0,0.0,409.5746676087191,0.17741591655974168,1.545621796553668,62095.3037500002,1006990.7633749985,,,,,,,,0.2807757910101011,7902.0,,,34.31045403071715,0.2972021023482151,True,V2
,3951.0,2076-09-17,2076-09-17,0.0,0.0,1010237.4493749986,,False,0,1.0,0.0,0.0,0.00809868046648661,,1.0,,,,,,,,,,,,,0.0,0.0,409.5746676087191,0.1791296433054918,1.8623455699007474,66046.3037500002,1010237.4493749986,,,,,,,,0.28370116369900333,7902.0,,,34.72016608919219,0.29852943127651177,True,V2
,-2923.740000000036,2076-09-17,2076-09-18,2923.740000000107,0.002894111678208852,1007313.7093749985,,False,0,1.0,0.0,0.0,0.008309496792281714,,1.0,,,,,,,,,,,,,0.0,0.0,409.5746676087191,0.17576133097748142,1.4020418685677685,63122.56375000016,1010237.4493749986,,,,,,,,0.28162209782294556,7902.0,,,34.72016608919219,0.2901331813733778,True,V2
,3792.9600000000314,2076-09-19,2076-09-19,0.0,0.0,1010948.6293749985,,False,0,1.0,0.0,0.0,0.008494759409150888,,1.0,,,,,,,,,,,,,0.0,0.0,409.5746676087191,0.17807474430680437,1.61781366692561,66915.5237500002,1010948.6293749985,,,,,,,,0.28420506408681573,7902.0,,,34.76754116874224,0.2912597135631692,True,V2
,-3002.76000000002,2076-09-19,2076-09-20,7822.979999999981,0.007738256695433084,1003125.6493749985,,False,0,1.0,0.0,0.0,0.00970099084964002,,1.0,,,,,,,,,,,,,0.0,0.0,409.5746676087191,0.17933101574238017,1.7363943515413065,63912.76375000017,1010948.6293749985,,,,,,,,0.27862286262358027,7902.0,,,34.76754116874224,0.26208092004679645,True,V2
,-4188.060000000009,2076-09-19,2076-09-21,7427.880000000005,0.007347435650209213,1003520.7493749985,,False,0,1.0,0.0,0.0,0.009333327262618046,,1.0,,,,,,,,,,,,,0.0,0.0,409.5746676087191,0.17643276605687244,2.963227617770785,59724.70375000016,1010948.6293749985,SELL series_1 size=1082.0000,,,,,,,0.2789068787808496,7902.0,,,34.76754116874224,0.2406963178236543,True,V2
,-750.1999999999962,2076-09-19,2076-09-22,8396.779999999912,0.008305842409807782,1002551.8493749986,SELL series_1 fill_size=1082.0000 fill_px=35.4700,False,0,1.0,0.0,0.0,0.009016022139224502,,1.0,,,,,,,,,,,,,0.0,0.0,409.5746676087191,0.17375443157431744,2.984447676625508,58974.50375000016,1010948.6293749985,,,,,,,,0.2399291369817492,6820.0,,,34.76754116874224,0.24577614524149186,True,V2
,-3273.5999999999785,2076-09-19,2076-09-23,11146.419999999925,0.011025703657060208,999802.2093749986,,False,0,1.0,0.0,0.0,0.010488448162567407,,1.0,,,,,,,,,,,,,0.0,0.0,409.5746676087191,0.1683129247107283,3.422526629501582,55700.90375000019,1010948.6293749985,,,,,,,,0.23786044656638947,6820.0,,,34.76754116874224,0.23657853655920305,True,V2
,2182.400000000002,2076-09-19,2076-09-24,9168.619999999995,0.009069323340067572,1001780.0093749985,,False,0,1.0,0.0,0.0,0.01012390782102649,,1.0,,,,,,,,,,,,,0.0,0.0,409.5746676087191,0.16516013845004968,3.4035205376486575,57883.30375000019,1010948.6293749985,,,,,,,,0.23936512782841768,6820.0,,,34.76754116874224,0.24065052733426953,True,V2
,5115.0,2076-09-19,2076-09-25,4258.219999999972,0.004212103242706351,1006690.4093749985,,False,0,1.0,0.0,0.0,0.009784241093575074,,1.0,,,,,,,,,,,,,0.0,0.0,409.5746676087191,0.17101940380255048,2.9300215642020344,62998.30375000019,1010948.6293749985,,,,,,,,0.2430753265563764,6820.0,,,34.76754116874224,0.2397327400725031,True,V2
,2591.599999999969,2076-09-19,2076-09-26,2826.019999999902,0.002795414047642599,1008122.6093749986,,False,0,1.0,0.0,0.0,0.01042748710339696,,1.0,,,,,,,,,,,,,0.0,0.0,409.5746676087191,0.17105218954148446,2.4750932036681856,65589.90375000016,1010948.6293749985,,,,,,,,0.24415065956371568,6820.0,,,34.76754116874224,0.24628847640652432,True,V2
,-3750.9999999999804,2076-09-19,2076-09-27,6167.819999999949,0.0061010221694579045,1004780.8093749986,,False,0,1.0,0.0,0.0,0.010225479611316094,,1.0,,,,,,,,,,,,,0.0,0.0,409.5746676087191,0.1659002335128757,2.1578489948856827,61838.90375000018,1010948.6293749985,,,,,,,,0.24163678061389662,6820.0,,,34.76754116874224,0.23395326022341242,True,V2
,750.1999999999962,2076-09-19,2076-09-28,6099.619999999995,0.006033560779216823,1004849.0093749985,,False,0,1.0,0.0,0.0,0.01053149507505724,,1.0,,,,,,,,,,,,,0.0,0.0,409.5746676087191,0.16376577733567965,2.391627600543472,62589.10375000018,1010948.6293749985,,,,,,,,0.24168825140311925,6820.0,,,34.76754116874224,0.23633306191067244,True,V2
,-3750.9999999999804,2076-09-19,2076-09-29,8145.619999999995,0.008057402486450656,1002803.0093749985,,False,0,1.0,0.0,0.0,0.010480750710869968,,1.0,,,,,,,,,,,,,0.0,0.0,409.5746676087191,0.1606920520833753,2.302078563550313,58838.1037500002,1010948.6293749985,,,,,,,,0.24014108229500483,6820.0,,,34.76754116874224,0.23301788169471885,True,V2
,-1977.8000000000427,2076-09-19,2076-09-30,10259.819999999949,0.01014870558392557,1000688.8093749986,,False,0,1.0,0.0,0.0,0.0100635092581997,,1.0,,,,,,,,,,,,,0.0,0.0,409.5746676087191,0.15434679769500617,1.7891554765561661,56860.30375000016,1010948.6293749985,,,,,,,,0.23853569437744102,6820.0,,,34.76754116874224,0.23341308333459468,True,V2
,1909.6000000000076,2076-09-19,2076-10-01,7668.219999999972,0.007585172754762739,1003280.4093749985,,False,0,1.0,0.0,0.0,0.010268976024320833,,1.0,,,,,,,,,,,,,0.0,0.0,409.5746676087191,0.15904765893516837,1.6665459058877337,58769.903750000165,1010948.6293749985,,,,,,,,0.24050265284290212,6820.0,,,34.76754116874224,0.23851052498293196,True,V2
,-272.79999999999416,2076-09-19,2076-10-02,8282.019999999902,0.00819232526693282,1002666.6093749986,,False,0,0.6,0.0,0.0,0.010981144260849202,,0.6,,,,,,,,,,,,,0.0,0.0,409.5746676087191,0.15629600073006703,1.9566172184973805,58497.10375000017,1010948.6293749985,,,,,,,,0.24003771318367118,6820.0,,,34.76754116874224,0.2419426930305168,True,V2
,-272.79999999999416,2076-09-19,2076-10-03,8486.619999999995,0.008394709437656295,1002462.0093749985,,False,0,0.6,0.0,0.0,0.010622499411759042,,0.6,,,,,,,,,,,,,0.0,0.0,409.5746676087191,0.15104761903867236,1.741068213410146,58224.303750000174,1010948.6293749985,,,,,,,,0.23988260677322523,6820.0,,,34.76754116874224,0.24778340612135247,True,V2
,4023.8000000000234,2076-09-19,2076-10-04,4394.619999999995,0.004347026023188629,1006554.0093749985,,False,0,1.0,0.0,0.0,0.010477460570843,,1.0,,,,,,,,,,,,,0.0,0.0,409.5746676087191,0.15556108270187485,1.6704890307602056,62248.1037500002,1010948.6293749985,,,,,,,,0.24297275429051077,6820.0,,,34.76754116874224,0.2528978432049606,True,V2
,7365.5999999999885,2076-10-05,2076-10-05,0.0,0.0,1013715.0093749985,,False,0,0.6,0.0,0.0,0.012002555099667847,,0.6,,,,,,,,,,,,,0.0,0.0,409.5746676087191,0.1323519835430253,1.1105047008231461,69613.70375000019,1013715.0093749985,,,,,,,,0.24832048225782968,6820.0,,,34.86075958902627,0.22976077675521903,True,V2
,1159.4000000000117,2076-10-06,2076-10-06,0.0,0.0,1013851.4093749985,,False,0,0.6,0.0,0.0,0.013225621457491349,,0.6,,,,,,,,,,,,,0.0,0.0,409.5746676087191,0.12608179103502343,0.813073626482442,70773.1037500002,1013851.4093749985,,,,,,,,0.24842161057433837,6820.0,,,34.9235624755244,0.23478936615577492,True,V2
,-3069.0000000000196,2076-10-06,2076-10-07,2796.1999999999534,0.00275799784282364,1011055.2093749986,,False,0,0.6,0.0,0.0,0.012810265972028568,,0.6,,,,,,,,,,,,,0.0,0.0,409.5746676087191,0.1293968419486123,0.7683075736733633,67704.10375000018,1013851.4093749985,,,,,,,,0.24634302626655252,6820.0,,,34.9235624755244,0.23516676179751803,True,V2
,1841.3999999999728,2076-10-06,2076-10-08,136.40000000002328,0.00013453648013776376,1013715.0093749985,,False,0,0.6,0.0,0.0,0.012726185198203175,,0.6,,,,,,,,,,,,,0.0,0.0,409.5746676087191,0.13281548470665608,1.1032741358733114,69545.50375000016,1013851.4093749985,,,,,,,,0.24832048225782968,6820.0,,,34.99373499165114,0.24570456932217308,True,V2
,3000.800000000033,2076-10-09,2076-10-09,0.0,0.0,1016579.4093749985,,False,0,0.4,0.0,0.0,0.013988710405878502,,0.4,,,,,,,,,,,,,0.0,0.0,409.5746676087191,0.1385950152906589,1.1560657542457933,72546.3037500002,1016579.4093749985,,,,,,,,0.2504384779508021,6820.0,,,35.44703963510463,0.25289577192713425,True,V2
,613.7999999999748,2076-10-10,2076-10-10,0.0,0.0,1017807.0093749985,,False,0,0.6,0.0,0.0,0.013432507702009391,,0.6,,,,,,,,,,,,,0.0,0.0,409.5746676087191,0.13861557412897332,0.9135994360295995,73160.10375000017,1017807.0093749985,,,,,,,,0.2513425410157958,6820.0,,,35.65439394688287,0.2578612245622702,True,V2
,1909.6000000000076,2076-10-11,2076-10-11,0.0,0.0,1020057.6093749986,,False,0,0.6,0.0,0.0,0.012911455497930813,,0.6,,,,,,,,,,,,,0.0,0.0,409.5746676087191,0.14394303558315127,0.909146219679717,75069.70375000018,1020057.6093749986,,,,,,,,0.2529943383865563,6820.0,,,36.01872295067695,0.2650329496325111,True,V2
,68.19999999998643,2076-10-11,2076-10-12,750.2000000000698,0.0007354486581005226,1019307.4093749985,,False,0,0.4,0.0,0.0,0.015459312210662688,,0.4,,,,,,,,,,,,,0.0,0.0,409.5746676087191,0.14808332020884796,1.2275504591932052,75137.90375000016,1020057.6093749986,BUY series_1 size=564.0000,,,,,,,0.25244454973380226,6820.0,,,36.01872295067695,0.2733345035064675,True,V2
,516.8800000000022,2076-10-13,2076-10-13,0.0,0.0,1020710.3693749986,BUY series_1 fill_size=564.0000 fill_px=37.7300,False,0,0.4,0.0,0.0,0.014848125867578315,,0.4,,,,,,,,,,,,,0.0,0.0,409.5746676087191,0.1505647391299771,1.1576645067725397,75654.78375000016,1020710.3693749986,,,,,,,,0.27432001124026045,7384.0,,,36.19387336053268,0.2802337450202861,True,V2
,0.0,2076-10-14,2076-10-14,0.0,0.0,1021079.5693749986,,False,0,0.4,0.0,0.0,0.014762151150433176,,0.4,,,,,,,,,,,,,0.0,0.0,409.5746676087191,0.1572140154932762,1.0885253550905796,75654.78375000016,1021079.5693749986,,,,,,,,0.27458240122423994,7384.0,,,36.295739549066056,0.28929593799771497,True,V2
,-5021.119999999998,2076-10-14,2076-10-15,5464.160000000033,0.005351355725729228,1015615.4093749985,,False,0,0.4,0.0,0.0,0.014094696208774472,,0.4,,,,,,,,,,,,,0.0,0.0,409.5746676087191,0.1518083301162345,0.6910082306660532,70633.66375000017,1021079.5693749986,,,,,,,,0.27067954804779404,7384.0,,,36.295739549066056,0.274287679507292,True,V2
,-443.0399999999643,2076-10-14,2076-10-16,7753.199999999953,0.007593139881102192,1013326.3693749986,,False,0,0.4,0.0,0.0,0.014186523881690035,,0.4,,,,,,,,,,,,,0.0,0.0,409.5746676087191,0.1526123161041647,0.6434932287289569,70190.6237500002,1021079.5693749986,,,,,,,,0.2690320594026833,7384.0,,,36.295739549066056,0.2663070219285866,True,V2
,5611.839999999986,2076-10-14,2076-10-17,3470.4799999999814,0.0033988340420171735,1017609.0893749986,,False,0,0.6,0.0,0.0,0.013897891627061934,,0.6,,,,,,,,,,,,,0.0,0.0,409.5746676087191,0.15380723437436608,1.046383449908828,75802.46375000018,1021079.5693749986,,,,,,,,0.27210841853827006,7384.0,,,36.295739549066056,0.2698746999200868,True,V2
,1698.319999999977,2076-10-14,2076-10-18,221.52000000001863,0.00021694685374579645,1020858.0493749985,,False,0,0.4,0.0,0.0,0.014650951136354768,,0.4,,,,,,,,,,,,,0.0,0.0,409.5746676087191,0.15199093995702165,0.9418630069699244,77500.78375000016,1021079.5693749986,,,,,,,,0.2744249900086657,7384.0,,,36.295739549066056,0.2769193840439624,True,V2
,-5094.959999999983,2076-10-14,2076-10-19,1476.7999999999302,0.0014463123583051197,1019602.7693749986,,False,0,0.6,0.0,0.0,0.014091066293710626,,0.6,,,,,,,,,,,,,0.0,0.0,409.5746676087191,0.15307526438115723,0.8295241467395914,72405.82375000019,1021079.5693749986,,,,,,,,0.27353170114569003,7384.0,,,36.295739549066056,0.2745308480505638,True,V2
,-2658.2399999999957,2076-10-14,2076-10-20,7531.679999999935,0.0073761930273563946,1013547.8893749986,,False,0,0.4,0.0,0.0,0.01481350768166858,,0.4,,,,,,,,,,,,,0.0,0.0,409.5746676087191,0.15907005926391293,0.8866292181624896,69747.5837500002,1021079.5693749986,,,,,,,,0.26919181901532574,7384.0,,,36.295739549066056,0.2507614965989896,True,V2
,664.5600000000252,2076-10-14,2076-10-21,6497.9199999999255,0.0063637743765427544,1014581.6493749986,,True,0,0.4,0.0,0.0,0.014242996048309258,101.8001463105458,0.4,,,,,,,,,,,,,0.0,0.0,409.5746676087191,0.16013278765908742,1.359286852600448,70412.14375000022,1021079.5693749986,BUY series_7 size=3975.0000,,,,,,,0.2699364414571372,7384.0,,,36.295739549066056,0.25417126036215215,True,V2
,400.254687499979,2076-10-14,2076-10-22,7827.040000000037,0.007665455499017533,1013252.5293749985,BUY series_7 fill_size=3975.0000 fill_px=102.1484,True,0,0.6,0.4007293614287412,3975.0,0.013876254326084555,101.86743496693538,0.6,,,,,,,,,,,,,0.0,0.0,409.5746676087191,0.1623648470904248,1.1407092296391699,70812.3984375002,1021079.5693749986,BUY series_7 size=1976.0000,,,,,,,0.2689787906753237,7384.0,,,36.295739549066056,0.2605508229436119,True,V2
,-429.3525000000168,2076-10-14,2076-10-23,6366.5840624999255,0.0062351497899393905,1014712.9853124986,BUY series_7 fill_size=1976.0000 fill_px=102.1562,True,0,0.6,0.6011330384346533,5951.0,0.01353735311872744,102.18103336215428,0.6,,,,,,,,,,,,,0.0,0.0,409.5746676087191,0.1609062817640194,1.5336865675325044,70383.04593750018,1021079.5693749986,,,,,,,,0.2680822695062138,7384.0,,,36.295739549066056,0.2616814033793957,True,V2
,3899.8506250000355,2076-10-14,2076-10-24,5016.291250000009,0.004912732954857254,1016063.2781249986,,True,0,0.4,0.6002884081570605,5951.0,0.020132713661581543,102.18103336215428,0.3973632235810358,,,,,,,,,,,,,0.0,0.0,409.5746676087191,0.16584882010593927,1.5421514239342222,74282.89656250022,1021079.5693749986,SELL series_7 size=2011.0000,,,,,,,0.26910678290093865,7384.0,,,36.295739549066056,0.27162928832314787,True,V2
,2811.796249999954,2076-10-14,2076-10-25,407.019687499851,0.00039861701253016666,1020672.5496874987,SELL series_7 fill_size=2011.0000 fill_px=102.5781,True,0,0.4,0.39542921980567824,3940.0,0.01916568200791286,102.18103336215428,0.4,,,,,,,,,,,,,0.0,0.0,409.5746676087191,0.16005713621265522,1.0762180752334232,77094.69281250017,1021079.5693749986,,,,,,,,0.2724492199629947,7384.0,,,36.295739549066056,0.2747160915010797,True,V2
,3784.518750000021,2076-10-26,2076-10-26,0.0,0.0,1023458.6265624986,,True,0,0.4,0.3944730783656607,3940.0,0.01840506553476991,102.18103336215428,0.4,,,,,,,,,,,,,0.0,0.0,409.5746676087191,0.1614789634621165,0.8329706059892709,80879.21156250019,1023458.6265624986,,,,,,,,0.2743770121349911,7384.0,,,36.30082882325881,0.2805518228551093,True,V2
,-4676.824999999979,2076-10-26,2076-10-27,3365.858750000014,0.0032887101272524905,1020092.7678124986,,True,0,0.4,0.3958048414712552,3940.0,0.017582948842413057,102.18103336215428,0.4,,,,,,,,,,,,,0.0,0.0,409.5746676087191,0.16458604140592317,0.9924189228668363,76202.3865625002,1023458.6265624986,,,,,,,,0.27195259956101514,7384.0,,,36.30082882325881,0.274372183105951,True,V2
,73.83999999998531,2076-10-26,2076-10-28,3033.6662500000093,0.0029641317892734136,1020424.9603124986,,True,0,0.4,0.3954949990897992,3940.0,0.01675631098920688,102.18103336215428,0.4,,,,,,,,,,,,,0.0,0.0,409.5746676087191,0.1684957090282174,1.1861242961706466,76276.22656250019,1023458.6265624986,,,,,,,,0.27237060127859336,7384.0,,,36.30082882325881,0.28324288613137777,True,V2
,-1223.973750000002,2076-10-26,2076-10-29,2787.241250000079,0.0027233550801771204,1020671.3853124985,,True,0,0.4,0.39600266997418543,3940.0,0.016103706352508504,102.19998429466591,0.4,,,,,,,,,,,,,0.0,0.0,409.5746676087191,0.17662377880964644,1.515378173013586,75052.25281250018,1023458.6265624986,BUY series_1 size=632.0000,,,,,,,0.27194311900398593,7384.0,,,36.30082882325881,0.2952472814077923,True,V2
,-4678.773749999975,2076-10-26,2076-10-30,9738.013750000042,0.0095148093897134,1013720.6128124986,BUY series_1 fill_size=632.0000 fill_px=37.3200,True,0,0.4,0.3984142929968252,3940.0,0.01681217153048548,102.19998429466591,0.4,,,,,,,,,,,,,0.0,0.0,409.5746676087191,0.1765845018417046,2.1483928210911456,70373.4790625002,1023458.6265624986,,,,,,,,0.29052170418327405,8016.0,,,36.30082882325881,0.2799414895518523,True,V2
,765.0487499999635,2076-10-26,2076-10-31,8430.722249999992,0.00823748223053857,1015027.9043124986,,True,0,0.4,0.3975979054717211,3940.0,0.01638590773415554,102.19998429466591,0.4,,,,,,,,,,,,,0.0,0.0,409.5746676087191,0.1805111159645576,2.042740325570287,71138.52781250016,1023458.6265624986,,,,,,,,0.29180596783752166,8016.0,,,36.30082882325881,0.2870423309899155,True,V2
,2646.567499999998,2076-10-26,2076-11-01,5611.650999999954,0.005483026723657474,1017846.9755624987,,True,0,0.4,0.3958011466088627,3940.0,0.01599311714932433,102.19998429466591,0.4,,,,,,,,,,,,,0.0,0.0,409.5746676087191,0.18341664864219367,2.623550234989153,73785.09531250017,1023458.6265624986,,,,,,,,0.2944629666304849,8016.0,,,36.30082882325881,0.2881674774646207,True,V2
,-1087.6200000000022,2076-10-26,2076-11-02,6988.48600000015,0.006828303380931433,1016470.1405624985,,True,0,0.4,0.39742743921277185,3940.0,0.017168690094030752,102.19998429466591,0.4,,,,,,,,,,,,,0.0,0.0,409.5746676087191,0.1768415609660542,2.19244324417705,72697.47531250017,1023458.6265624986,,,,,,,,0.2924171287860121,8016.0,,,36.30082882325881,0.29376702254850273,True,V2
,-2521.511250000009,2076-10-26,2076-11-03,11224.782250000047,0.010967499768604075,1012233.8443124986,,True,0,0.4,0.3991819390552369,3940.0,0.020489253705806402,102.19998429466591,0.3904485792829487,,,,,,,,,,,,,0.0,0.0,409.5746676087191,0.1754139775222799,1.7809178291153345,70175.96406250016,1023458.6265624986,,,,,,,,0.28936459855176905,8016.0,,,36.30082882325881,0.2729615330805295,True,V2
,-1122.8837499999818,2076-10-26,2076-11-04,10694.443499999936,0.01044931687753659,1012764.1830624987,,True,0,0.4,0.39894251224232585,3940.0,0.019526762129448646,102.19998429466591,0.4,,,,,,,,,,,,,0.0,0.0,409.5746676087191,0.17684632778416068,1.6489530488716992,69053.08031250018,1023458.6265624986,,,,,,,,0.28976711944195005,8016.0,,,36.30082882325881,0.28001579676447286,True,V2
,-4458.822499999996,2076-10-26,2076-11-05,15381.562250000075,0.015029002492911992,1008077.0643124986,,True,0,0.4,0.40131650949315634,3940.0,0.018592866745975774,102.21642578668823,0.4,,,,,,,,,,,,,0.0,0.0,409.5746676087191,0.17859110843947998,2.4340248152275503,64594.25781250019,1023458.6265624986,SELL series_1 size=8016.0000,,,,,,,0.2859457577249693,8016.0,,,,0.2717595870182743,True,V2
CLOSE series_1 pnl_net=26479.33,492.5,2076-10-26,2076-11-06,14506.859749999945,0.014174348990270657,1008951.7668124987,SELL series_1 fill_size=8016.0000 fill_px=36.0000,True,0,0.4,0.40151773808755825,3940.0,0.018636262514378478,102.35107840906765,0.4,,,,,,,,,,,,,0.0,0.0,409.5746676087191,0.1712921304143376,1.7839005017743632,65086.75781250019,1023458.6265624986,BUY series_1 size=7694.0000,,,,,,,0.0,0.0,,,34.16726075610788,0.27331565766830573,True,V2
,-7909.390000000018,2076-10-26,2076-11-07,23790.76575000002,0.02324545920327656,999667.8608124986,BUY series_1 fill_size=7694.0000 fill_px=35.8500,True,0,0.4,0.4064782886185187,3940.0,0.018781738356477767,102.61785405841997,0.4,,,,,,,,,,,,,0.0,0.0,409.5746676087191,0.1653522456895177,1.4897496190776744,57177.367812500175,1023458.6265624986,SELL series_1 size=1018.0000,,,,,,,0.26553119331480385,7694.0,,,34.16726075610788,0.23036652842622302,True,V2
,4215.871250000023,2076-10-26,2076-11-08,16377.400499999989,0.01600201520114881,1007081.2260624986,SELL series_1 fill_size=1018.0000 fill_px=34.7900,True,0,0.4,0.403027632723253,3940.0,0.022484424835720624,102.61785405841997,0.3558018521021066,,,,,,,,,,,,,0.0,0.0,409.5746676087191,0.16946228393750912,1.895725925430982,61393.2390625002,1023458.6265624986,SELL series_7 size=461.0000,,,,,,,0.23625963213540643,6676.0,,,34.16726075610788,0.22662761129449943,True,V2
,1344.713749999983,2076-10-26,2076-11-09,18779.8025625,0.01834935196704133,1004678.8239999986,SELL series_7 fill_size=461.0000 fill_px=102.9688,True,0,0.4,0.35712811509153547,3479.0,0.021987856691352038,102.61785405841997,0.36383719033180945,,,,,,,,,,,,,0.0,0.0,409.5746676087191,0.17411554985316913,1.8447621119001176,62737.95281250018,1023458.6265624986,SELL series_1 size=6676.0000,,,,,,,0.2341666156188441,6676.0,,,,0.22778314863783375,False,V2
CLOSE series_1 pnl_net=-3415.68,0.0,2076-10-26,2076-11-10,16998.32693750004,0.016608709425404426,1006460.2996249986,SELL series_1 fill_size=6676.0000 fill_px=35.5000,True,0,0.4,0.3565499942682357,3479.0,0.021531155923383987,102.6196913917087,0.3715545987622324,,,,,,,,,,,,,0.0,0.0,409.5746676087191,0.1781768583858928,2.09429029627394,62737.95281250018,1023458.6265624986,,,,,,,,0.0,0.0,,,,0.23264545249847604,False,V2
,-1060.0078125,2076-10-26,2076-11-11,18426.482500000042,0.01800413033000588,1005032.1440624986,,True,0,0.4,0.35632647633778575,3479.0,0.02049651126986588,102.6196913917087,0.3903103262144743,,,,,,,,,,,,,0.0,0.0,409.5746676087191,0.17729234774192243,2.6256743953856887,61677.94500000018,1023458.6265624986,BUY series_7 size=331.0000,,,,,,,0.0,0.0,,,,0.2395431579805904,False,V2
,-119.0625,2076-10-26,2076-11-12,18447.224687500042,0.018024397087216835,1005011.4018749986,BUY series_7 fill_size=331.0000 fill_px=102.8203,True,0,0.4,0.39017700995075144,3810.0,0.021563638115780624,102.6196913917087,0.37099491083304126,,,,,,,,,,,,,0.0,0.0,409.5746676087191,0.1737796172595729,2.5246344963999334,61558.88250000018,1023458.6265624986,,,,,,,,0.0,0.0,,,,0.24094800977773898,False,V2
,-89.296875,2076-10-26,2076-11-13,19028.287187500042,0.01859214109261119,1004430.3393749986,,True,0,0.4,0.38983967481373605,3810.0,0.02052726734278684,102.6196913917087,0.3897255229547714,,,,,,,,,,,,,0.0,0.0,409.5746676087191,0.1814736230559287,2.3484996367210034,61469.58562500018,1023458.6265624986,,,,,,,,0.0,0.0,,,,0.2462999398134089,False,V2
,744.140625,2076-10-26,2076-11-14,18760.396562500042,0.01833039077066631,1004698.2299999986,,True,0,0.4,0.39000236668078986,3810.0,0.020582485622239848,102.6196913917087,0.3886799751413803,,,,,,,,,,,,,0.0,0.0,409.5746676087191,0.18696888344308224,2.079749174339728,62213.72625000018,1023458.6265624986,,,,,,,,0.0,0.0,,,,0.24635103331702918,False,V2
,892.96875,2076-10-26,2076-11-15,17659.068437500042,0.017254306113781797,1005799.5581249986,,True,0,0.4,0.3906703005094846,3810.0,0.019827183772219665,102.6196913917087,0.4,,,,,,,,,,,,,0.0,0.0,409.5746676087191,0.1872916487329323,1.956811303344265,63106.69500000018,1023458.6265624986,,,,,,,,0.0,0.0,,,,0.2546973582593628,False,V2
,-684.609375,2076-10-26,2076-11-16,17956.724687500042,0.017545139804831664,1005501.9018749986,,True,0,0.4,0.3904899221402087,3810.0,0.022694402879091195,102.6196913917087,0.3525098255557348,,,,,,,,,,,,,0.0,0.0,409.5746676087191,0.18654127330660678,2.247179669352531,62422.08562500018,1023458.6265624986,BUY series_1 size=6984.0000 | SELL series_7 size=370.0000,,,,,,,0.0,0.0,,,34.64359207983713,0.25340222837183607,True,V2
,-1015.2449999999981,2076-10-26,2076-11-17,18932.672812500154,0.01849871828829029,1004525.9537499985,BUY series_1 fill_size=6984.0000 fill_px=36.7400 | SELL series_7 fill_size=370.0000 fill_px=103.0156,True,0,0.4,0.3532051597825633,3440.0,0.02185228342781562,102.6196913917087,0.36609446451792116,,,,,,,,,,,,,0.0,0.0,409.5746676087191,0.1869794894138991,2.5406345686968614,61406.840625000186,1023458.6265624986,,,,,,,,0.254184612201216,6984.0,,,34.78154978842019,0.26223414083198054,True,V2
,2788.2949999999682,2076-10-26,2076-11-18,18434.7200625001,0.01801217907988815,1005023.9064999985,,True,0,0.4,0.3526557902829354,3440.0,0.021123214419207576,102.6196913917087,0.37873023684906176,,,,,,,,,,,,,0.0,0.0,409.5746676087191,0.1769573252672985,2.1603969191329218,64195.135625000155,1023458.6265624986,BUY series_7 size=254.0000,,,,,,,0.2556569633202057,6984.0,,,35.052867660675886,0.2701603682367794,True,V2
,2776.861875000026,2076-10-26,2076-11-19,14160.19943750021,0.013835634455552174,1009298.4271249984,BUY series_7 fill_size=254.0000 fill_px=103.1250,True,0,0.4,0.3774056120448357,3694.0,0.020656203556621577,102.6196913917087,0.38729285263242447,,,,,,,,,,,,,0.0,0.0,409.5746676087191,0.17942489443299098,2.4916120051343578,66971.99750000019,1023458.6265624986,,,,,,,,0.2585184252622298,6984.0,,,35.62909139919904,0.27533250675212095,True,V2
,1999.9593749999901,2076-10-26,2076-11-20,12437.00381250016,0.012151936081942517,1011021.6227499985,,True,0,0.4,0.37764724577449754,3694.0,0.020010931192760918,102.81025236322117,0.39978149557048365,,,,,,,,,,,,,0.0,0.0,409.5746676087191,0.18208022368858887,2.7108441723739904,68971.95687500018,1023458.6265624986,BUY series_1 size=601.0000 | BUY series_7 size=216.0000,,,,,,,0.25890674750160814,6984.0,,,35.77987058497053,0.2812175096239578,True,V2
,-2415.546875,2076-10-26,2076-11-21,14605.439437499968,0.014270669139362686,1008853.1871249987,BUY series_1 fill_size=601.0000 fill_px=37.5000 | BUY series_7 fill_size=216.0000 fill_px=103.3594,True,0,0.4,0.4002556028749192,3910.0,0.021765859326895197,102.81025236322117,0.3675480889520738,,,,,,,,,,,,,0.0,0.0,409.5746676087191,0.17344334445192847,2.2851942073667093,66556.41000000018,1023458.6265624986,SELL series_7 size=319.0000,,,,,,,0.279986626007459,7585.0,,,35.77987058497053,0.28913646212061417,True,V2
,2759.720312499983,2076-10-26,2076-11-22,11929.903687500278,0.011656459164909648,1011528.7228749983,SELL series_7 fill_size=319.0000 fill_px=103.2266,True,0,0.4,0.36779302705324635,3591.0,0.021041346010408437,103.04573418053253,0.38020381376945533,,,,,,,,,,,,,0.0,0.0,409.5746676087191,0.17332988134665112,2.355503042344293,69316.13031250016,1023458.6265624986,,,,,,,,0.2807457599353742,7585.0,,,35.794735351326636,0.290285157758396,True,V2
,2915.556250000026,2076-10-26,2076-11-23,8054.019312500139,0.007869413675813413,1015404.6072499985,,True,0,0.4,0.36677593729964886,3591.0,0.02457122836673276,103.16021298906593,0.32558404816387954,,,,,,,,,,,,,0.0,0.0,409.5746676087191,0.1748293695390697,2.372630879807709,72231.68656250018,1023458.6265624986,SELL series_7 size=403.0000,,,,,,,0.28311029706527896,7585.0,,,36.275825683374734,0.2976674372874431,True,V2
,1424.162499999985,2076-10-26,2076-11-24,7775.920875000185,0.007597689513954515,1015682.7056874984,SELL series_7 fill_size=403.0000 fill_px=103.6875,True,0,0.4,0.3249123083932233,3188.0,0.023837560029389696,103.16021298906593,0.3356048182002134,,,,,,,,,,,,,0.0,0.0,409.5746676087191,0.17600607156349743,2.5183427818766635,73655.84906250017,1023458.6265624986,BUY series_1 size=626.0000,,,,,,,0.2839289262140181,7585.0,,,36.442195277419394,0.30738567055394145,True,V2
,7815.232499999991,2076-10-26,2076-11-25,230.70775000017602,0.000225419713130033,1023227.9188124985,BUY series_1 fill_size=626.0000 fill_px=38.0400,True,0,0.4,0.3224434045279981,3188.0,0.02419613958758904,103.16021298906593,0.3306312550826684,,,,,,,,,,,,,0.0,0.0,409.5746676087191,0.15910064901577034,1.9736551760630061,81471.08156250016,1023458.6265624986,,,,,,,,0.3125583695675188,8211.0,,,37.263467043318016,0.2946031505531255,True,V2
,1360.8400000000397,2076-11-26,2076-11-26,0.0,0.0,1024506.2995624985,,True,0,0.4,0.32153053879773125,3188.0,0.023029421674683873,103.16021298906593,0.3473817151385248,,,,,,,,,,,,,0.0,0.0,409.5746676087191,0.15242654806159003,1.6654382373485017,82831.9215625002,1024506.2995624985,BUY series_7 size=256.0000,,,,,,,0.31393156892968405,8211.0,,,37.51821939736673,0.30250040953727064,True,V2
,4215.9074999999675,2076-11-27,2076-11-27,0.0,0.0,1027602.3058124986,BUY series_7 fill_size=256.0000 fill_px=103.4062,True,0,0.4,0.346538944819161,3444.0,0.023032050088921795,103.16021298906593,0.34734207198724043,,,,,,,,,,,,,0.0,0.0,409.5746676087191,0.1515684197175317,1.582880109720368,87047.82906250017,1027602.3058124986,,,,,,,,0.31578239768879,8211.0,,,37.89691801184053,0.310599845095549,True,V2
,250.50375000001867,2076-11-28,2076-11-28,0.0,0.0,1029048.1620624985,,True,0,0.4,0.345869015777304,3444.0,0.02211717062581853,103.16021298906593,0.3617099192001161,,,,,,,,,,,,,0.0,0.0,409.5746676087191,0.1561688539951984,1.8222829831353942,87298.33281250019,1029048.1620624985,,,,,,,,0.3169345537203263,8211.0,,,38.13606672528049,0.3198873856490231,True,V2
,-1541.53125,2076-11-28,2076-11-29,1459.4212499998976,0.0014182244367210294,1027588.7408124986,,True,0,0.4,0.34685772585263885,3444.0,0.02117327252017765,103.16021298906593,0.37783483834991416,,,,,,,,,,,,,0.0,0.0,409.5746676087191,0.15340730546678252,1.649165772358832,85756.80156250019,1029048.1620624985,BUY series_7 size=307.0000,,,,,,,0.31546694424043953,8211.0,,,38.13606672528049,0.3138351759682158,True,V2
,1583.590624999965,2076-11-28,2076-11-30,3153.035312499851,0.0030640308478665293,1025895.1267499987,BUY series_7 fill_size=307.0000 fill_px=103.4688,True,0,0.4,0.37834333726403047,3751.0,0.021152345359330388,103.16021298906593,0.37820865081853294,,,,,,,,,,,,,0.0,0.0,409.5746676087191,0.14633322621741351,1.2907549762561146,87340.39218750015,1029048.1620624985,,,,,,,,0.314386989069495,8211.0,,,38.13606672528049,0.31265899474401526,True,V2
,1367.1340625000257,2076-12-01,2076-12-01,0.0,0.0,1030608.1961249985,,True,0,0.4,0.37593071246108084,3751.0,0.020138317717989754,103.16021298906593,0.3972526460268091,,,,,,,,,,,,,0.0,0.0,409.5746676087191,0.14917524273936142,1.2837328860097472,88707.52625000018,1030608.1961249985,BUY series_7 size=212.0000,,,,,,,0.3182075799834067,8211.0,,,38.29829941524826,0.3103407924908912,True,V2
,-3353.0221874999743,2076-12-01,2076-12-02,3218.6434374999953,0.0031230524360293544,1027389.5526874985,BUY series_7 fill_size=212.0000 fill_px=103.2266,True,0,0.4,0.3986329043143126,3963.0,0.02082599433111183,103.16021298906593,0.38413532015846413,,,,,,,,,,,,,0.0,0.0,409.5746676087191,0.1530391435833424,1.4834190510469483,85354.50406250021,1030608.1961249985,,,,,,,,0.315847790306179,8211.0,,,38.29829941524826,0.30630037492112766,True,V2
,2237.158124999951,2076-12-01,2076-12-03,616.6115624998929,0.0005982987179980727,1029991.5845624986,,True,0,0.4,0.39768597070527345,3963.0,0.019960234647521176,103.16021298906593,0.4,,,,,,,,,,,,,0.0,0.0,409.5746676087191,0.1547924240959593,1.445075027236461,87591.66218750016,1030608.1961249985,,,,,,,,0.3175211670675115,8211.0,,,38.29829941524826,0.3127183954969487,True,V2
,-4719.288749999979,2076-12-01,2076-12-04,5438.19843749993,0.005276688520377682,1025169.9976874986,,True,0,0.4,0.3999791811845376,3963.0,0.019011663530075714,103.16021298906593,0.4,,,,,,,,,,,,,0.0,0.0,409.5746676087191,0.1551972256381435,1.4759713560887122,82872.37343750018,1030608.1961249985,,,,,,,,0.3138885167590425,8211.0,,,38.29829941524826,0.30204642427998696,True,V2
,3736.6837499999815,2076-12-01,2076-12-05,2502.42656250007,0.0024281065994904627,1028105.7695624984,,True,0,0.4,0.39889726355637334,3963.0,0.018715309296186432,103.16021298906593,0.4,,,,,,,,,,,,,0.0,0.0,409.5746676087191,0.1592440894634359,1.7235620923298662,86609.05718750016,1030608.1961249985,,,,,,,,0.31578748958694935,8211.0,,,38.29829941524826,0.3094869027988121,True,V2
,6210.7565625000325,2076-12-06,2076-12-06,0.0,0.0,1035004.3670624986,,True,0,0.4,0.3964778108034985,3963.0,0.01783560733419628,103.16021298906593,0.4,,,,,,,,,,,,,0.0,0.0,409.5746676087191,0.16193541607146167,1.7951411121065077,92819.81375000019,1035004.3670624986,,,,,,,,0.3201086493386686,8211.0,,,38.67952427706048,0.30812584512999375,True,V2
,-3214.4203125000117,2076-12-06,2076-12-07,2966.732812500093,0.0028663964200654887,1032037.6342499985,,True,0,0.6,0.39752754085430836,3963.0,0.01720639052341565,103.16021298906593,0.6,,,,,,,,,,,,,0.0,0.0,409.5746676087191,0.1588842209578449,1.7586314512696488,89605.39343750018,1035004.3670624986,BUY series_7 size=2018.0000,,,,,,,0.3182442084475763,8211.0,,,38.67952427706048,0.3057207979759188,True,V2
,-3060.7562500000117,2076-12-06,2076-12-08,6470.357500000158,0.00625152676250442,1028534.0095624984,BUY series_7 fill_size=2018.0000 fill_px=103.4531,True,0,0.6,0.6014057178703464,5981.0,0.016428623565782646,103.16021298906593,0.6,,,,,,,,,,,,,0.0,0.0,409.5746676087191,0.16534167938345387,1.798762531605542,86544.63718750018,1035004.3670624986,,,,,,,,0.31637449707512766,8211.0,,,38.67952427706048,0.30216886523092007,True,V2
,-8236.39437499996,2076-12-06,2076-12-09,14517.178124999977,0.01402619987604686,1020487.1889374986,,True,0,0.6,0.6066058513135472,5981.0,0.01627098485262416,103.16021298906593,0.6,,,,,,,,,,,,,0.0,0.0,409.5746676087191,0.1574161080262776,1.3958592693722454,78308.24281250022,1035004.3670624986,SELL series_1 size=8211.0000 | SELL series_1 size=1214.0000,,,,,,,0.3105816549544277,8211.0,,,,0.26463445679480213,True,V2
CLOSE series_1 pnl_net=13919.79,-740.9853124999993,2076-12-06,2076-12-10,15013.1875,0.014505433965085319,1019991.1795624986,SELL series_1 fill_size=8211.0000 fill_px=38.5900 | SELL series_1 fill_size=1214.0000 fill_px=38.5900,True,0,0.6,0.6066259718935998,5981.0,0.015880125433942106,103.16021298906593,0.6,,,,,,,,,,,,,0.0,0.0,409.5746676087191,0.1504233702374739,1.3775423427616924,77567.25750000023,1035004.3670624986,BUY series_1 size=8243.0000,,,,,,,-0.046060986547110876,-1214.0,,,36.849035372686494,0.26670895814237583,True,V2
CLOSE series_1 pnl_net=-133.54,3958.202187499964,2076-12-06,2076-12-11,11583.514375000028,0.0111917541061936,1023420.8526874986,BUY series_1 fill_size=8243.0000 fill_px=38.7000,True,0,0.6,0.6046843701932706,5981.0,0.01528104303892274,103.16021298906593,0.6,,,,,,,,,,,,,0.0,0.0,409.5746676087191,0.14293913375967573,1.092115330241455,81525.45968750019,1035004.3670624986,,,,,,,,0.2690938134363891,7029.0,,,37.325532846066025,0.26950699596468636,True,V2
,-2363.494374999984,2076-12-06,2076-12-12,13572.395624999888,0.013113370394291604,1021431.9714374987,,True,0,0.6,0.6049468587030712,5981.0,0.014595607377113516,103.16021298906593,0.6,,,,,,,,,,,,,0.0,0.0,409.5746676087191,0.14296981777753007,0.870275307286644,79161.96531250021,1035004.3670624986,,,,,,,,0.26858555211847207,7029.0,,,37.325532846066025,0.27651054376376816,True,V2
,-4029.693125000016,2076-12-06,2076-12-13,17438.345625000075,0.016848572025345922,1017566.0214374985,,True,0,0.6,0.6072451806390763,5981.0,0.01549789617802721,103.16021298906593,0.6,,,,,,,,,,,,,0.0,0.0,409.5746676087191,0.1387006987728514,0.4898210776192398,75132.27218750019,1035004.3670624986,,,,,,,,0.26580675288066635,7029.0,,,37.325532846066025,0.27181154732489493,True,V2
,3726.971249999996,2076-12-06,2076-12-14,14414.274375000037,0.013926776382509344,1020590.0926874985,,True,0,0.6,0.6048964693791429,5981.0,0.014784417608523821,103.16021298906593,0.6,,,,,,,,,,,,,0.0,0.0,409.5746676087191,0.13346569378503267,0.27749895771465494,78859.24343750019,1035004.3670624986,,,,,,,,0.2685316190737475,7029.0,,,37.325532846066025,0.27278029264627784,True,V2
,3350.756875000014,2076-12-06,2076-12-15,11273.987187499879,0.010892695283496423,1023730.3798749987,,True,0,0.6,0.6028127357252525,5981.0,0.014688417643080829,103.16021298906593,0.6,,,,,,,,,,,,,0.0,0.0,409.5746676087191,0.1392098266835116,0.3310315647076666,82210.00031250021,1035004.3670624986,,,,,,,,0.2710036113550482,7029.0,,,37.67155179134974,0.27995868695567117,True,V2
,3349.555937499998,2076-12-06,2076-12-16,7852.940312499879,0.0075873499305009985,1027151.4267499987,,True,0,0.6,0.6007140152302776,5981.0,0.014123588469340673,103.16021298906593,0.6,,,,,,,,,,,,,0.0,0.0,409.5746676087191,0.14419326091511717,0.6749349322036937,85559.55625000021,1035004.3670624986,,,,,,,,0.2735226011309246,7029.0,,,38.187512377681905,0.286043697105991,True,V2
,-2877.886875000006,2076-12-06,2076-12-17,11740.051874999888,0.011342997429392456,1023264.3151874987,,True,0,0.6,0.6022196778523294,5981.0,0.01350567518743509,,0.6,,,,,,,,,,,,,0.0,0.0,409.5746676087191,0.13821130471409393,0.29285833533935474,82681.6693750002,1035004.3670624986,SELL series_7 size=5981.0000,,,,,,,0.2715391965457984,7029.0,,,38.187512377681905,0.27851412940928194,True,V2
CLOSE series_7 pnl_net=3331.02,1827.540000000036,2076-12-06,2076-12-18,8154.861562500009,0.007879060052321092,1026849.5054999986,SELL series_7 fill_size=5981.0000 fill_px=103.0078,True,0,0.6,0.0,0.0,0.014143245661210677,102.67844412371001,0.6,,,,,,,,,,,,,0.0,0.0,409.5746676087191,0.13318825202207654,-0.1012994164532796,84509.20937500024,1035004.3670624986,BUY series_7 size=5977.0000,,,,,,,0.274219092955487,7029.0,,,38.25915608075634,0.2837655230192981,True,V2
,2503.8809374999782,2076-12-06,2076-12-19,5895.315937500098,0.005695933394205775,1029109.0511249985,BUY series_7 fill_size=5977.0000 fill_px=103.0312,True,0,0.6,0.5994879435523155,5977.0,0.013660597713023406,102.81301954344501,0.6,,,,,,,,,,,,,0.0,0.0,409.5746676087191,0.13416958424400902,-0.24289150764528555,87013.09031250022,1035004.3670624986,,,,,,,,0.2747781391008805,7029.0,,,38.46135921784517,0.2901584046699121,True,V2
,1235.696562499998,2076-12-06,2076-12-20,4982.064062500023,0.004813568155890865,1030022.3029999986,,True,0,0.6,0.6004977829834437,5977.0,0.014416449440241643,103.05516993319894,0.6,,,,,,,,,,,,,0.0,0.0,409.5746676087191,0.13659240853042193,-0.4451532026932676,88248.78687500022,1035004.3670624986,,,,,,,,0.2739885817792825,7029.0,,,38.46135921784517,0.28434083719910186,True,V2
,5292.874375000026,2076-12-21,2076-12-21,0.0,0.0,1036487.0067499985,,True,0,0.4,0.5972930187192632,5977.0,0.017961897311067773,103.14944350939902,0.4,,,,,,,,,,,,,0.0,0.0,409.5746676087191,0.14314601711367342,-0.42016684742524313,93541.66125000025,1036487.0067499985,SELL series_7 size=1974.0000,,,,,,,0.2779761908481835,7029.0,,,39.1406362643665,0.2827354978590863,True,V2
,-1420.3834375000238,2076-12-21,2076-12-22,2303.180937499972,0.0022221030485676902,1034183.8258124986,SELL series_7 fill_size=1974.0000 fill_px=103.5781,True,0,0.4,0.40161382635353954,4003.0,0.017587215168329073,103.31622433015623,0.4,,,,,,,,,,,,,0.0,0.0,409.5746676087191,0.1476940244275294,0.06785207107326266,92121.27781250022,1036487.0067499985,,,,,,,,0.2756726926917623,7029.0,,,39.1406362643665,0.2830421525273026,True,V2
,-2499.768437500008,2076-12-21,2076-12-23,4755.587812499958,0.00458817889807567,1031731.4189374986,,True,0,0.4,0.4025078319221539,4003.0,0.01847590303117582,103.31622433015623,0.4,,,,,,,,,,,,,0.0,0.0,409.5746676087191,0.14771248063684753,0.31675511551380403,89621.50937500021,1036487.0067499985,,,,,,,,0.27401160303050354,7029.0,,,39.1406362643665,0.27988187697279227,True,V2
,1648.244374999984,2076-12-21,2076-12-24,3287.240937500028,0.0031715216072099907,1033199.7658124985,,True,0,0.4,0.4019963391211946,4003.0,0.01760945884744088,103.31622433015623,0.4,,,,,,,,,,,,,0.0,0.0,409.5746676087191,0.14032203318765113,-0.35873167931265104,91269.75375000019,1036487.0067499985,,,,,,,,0.2749828149414812,7029.0,,,39.1406362643665,0.28838817001527356,True,V2
,1304.838437500046,2076-12-21,2076-12-25,2114.9384375000373,0.0020404871684128714,1034372.0683124985,,True,0,0.6,0.40226635916061143,4003.0,0.016791476533461417,103.49926072006313,0.6,,,,,,,,,,,,,0.0,0.0,409.5746676087191,0.13550044189646474,-1.1244940566729456,92574.59218750024,1036487.0067499985,BUY series_7 size=1967.0000,,,,,,,0.27507888961483273,7029.0,,,39.1406362643665,0.2927684944555187,True,V2
,2859.556874999984,2076-12-26,2076-12-26,0.0,0.0,1037370.4689374985,BUY series_7 fill_size=1967.0000 fill_px=103.8984,True,0,0.4,0.5980187133728568,5970.0,0.01794119351725073,103.49926072006313,0.4,,,,,,,,,,,,,0.0,0.0,409.5746676087191,0.13591671446652662,-1.4264169850971975,95434.14906250022,1037370.4689374985,SELL series_7 size=1976.0000,,,,,,,0.277265151276761,7029.0,,,39.16078888354821,0.29671699466190604,True,V2
,3764.456874999994,2076-12-27,2076-12-27,0.0,0.0,1040302.8495624986,SELL series_7 fill_size=1976.0000 fill_px=103.8594,True,0,0.6,0.3988038196516305,3994.0,0.017144479076922448,103.49926072006313,0.6,,,,,,,,,,,,,0.0,0.0,756.4562950441004,0.14061790260959184,-1.5084525379548335,99198.60593750021,1040302.8495624986,,,,,,,,0.2795916786369678,7029.0,,,39.63394682043762,0.30231366379411173,True,V2
,4319.22499999999,2076-12-28,2076-12-28,0.0,0.0,1045711.3733124987,,True,0,0.6,0.3964427750620937,3994.0,0.01642566328654336,103.49926072006313,0.6,,,,,,,,,,,,,0.0,0.0,756.4562950441004,0.14474738574272228,-0.8800070410412422,103517.8309375002,1045711.3733124987,BUY series_7 size=2050.0000,,,,,,,0.28365742935393845,7029.0,,,40.421522047549225,0.3026834827733348,True,V2
,-3795.659999999994,2076-12-28,2076-12-29,3733.5018750000745,0.0035702986218591705,1041977.8714374986,BUY series_7 fill_size=2050.0000 fill_px=103.7891,True,0,0.6,0.6019838733567816,6044.0,0.01602021298586851,103.49926072006313,0.6,,,,,,,,,,,,,0.0,0.0,756.4562950441004,0.14539874073506093,-1.2725265723740502,99722.17093750021,1045711.3733124987,BUY series_1 size=567.0000,,,,,,,0.2811659710160872,7029.0,,,40.421522047549225,0.3038780116960081,True,V2
,4604.804999999987,2076-12-28,2076-12-30,284.0818750000326,0.00027166375182489103,1045427.2914374986,BUY series_1 fill_size=567.0000 fill_px=41.6100,True,0,0.6,0.5986877675532912,6044.0,0.015292223675595755,103.49926072006313,0.6,,,,,,,,,,,,,0.0,0.0,756.4562950441004,0.14748600282092655,-1.3855888607541282,104326.9759375002,1045711.3733124987,,,,,,,,0.30742143679651035,7596.0,,,40.46031747977458,0.2917901250013778,True,V2
,-1311.8337499999825,2076-12-28,2076-12-31,564.7791250000009,0.0005400908313839514,1045146.5941874987,,True,0,0.6,0.6003394676780023,6044.0,0.017583197363797893,103.49926072006313,0.6,,,,,,,,,,,,,0.0,0.0,734.2782367439232,0.1354631766863544,-2.0312118116674385,103015.14218750023,1045711.3733124987,,,,,,,,0.3057597104341427,7596.0,,,40.46031747977458,0.2650546767301641,True,V2
,5339.7912500000175,2077-01-01,2077-01-01,0.0,0.0,1050940.0954374988,,True,0,0.4,0.5984228158962673,6044.0,0.020132331776598174,103.57293702519841,0.3973707610610313,,,,,,,,,,,,,0.0,0.0,736.3297912622144,0.14129567670302154,-1.8957213218620672,108354.93343750025,1050940.0954374988,SELL series_1 size=1021.0000 | BUY series_10 size=190.0000 | SELL series_7 size=2030.0000,,,,,,,0.30819400782797757,7596.0,,,40.60098803103013,0.2667609025278922,True,V2
,-648.4062500000018,2077-01-01,2077-01-02,859.2737500001676,0.0008176239099931364,1050080.8216874986,SELL series_1 fill_size=1021.0000 fill_px=42.5600 | SELL series_7 fill_size=2030.0000 fill_px=104.0234,True,0,0.4,0.3975764062656533,4014.0,0.02183252655425423,103.57293702519841,0.3664257537999487,,,,,,,,,,,,,0.0,0.0,743.4848061720562,0.14472334584233137,-1.6386355017285712,107706.52718750025,1050940.0954374988,BUY series_10 size=193.0000 | SELL series_7 size=314.0000,,,,,,,0.26648615441838563,6575.0,,,40.60098803103013,0.2753168228370516,True,V2
,9466.24999999997,2077-01-03,2077-01-03,0.0,0.0,1058719.6809374986,BUY series_10 fill_size=193.0000 fill_px=787.2500 | SELL series_7 fill_size=314.0000 fill_px=103.9766,True,0,0.4,0.36334865774797076,3700.0,0.020868613417115354,103.57293702519841,0.3833508168510523,,,,,,,,,,,,,0.1452896387680176,193.0,756.4144628740522,0.15030140175511386,-1.2941500006993405,117172.77718750022,1058719.6809374986,BUY series_7 size=203.0000,,,,,,,0.2708946524409905,6575.0,,,41.55498457777597,0.2694555411373549,True,V2
,-1902.81249999997,2077-01-03,2077-01-04,1088.4609375,0.001028091719742251,1057631.2199999986,BUY series_7 fill_size=203.0000 fill_px=103.9141,True,0,0.4,0.38437012454114255,3903.0,0.019930041519568727,103.67896449776272,0.4,,,,,,,,,,,,,0.1437511933507411,193.0,756.4144628740522,0.14936812826965562,-1.4223387917611443,115269.96468750025,1058719.6809374986,,,,,,,,0.2712977780667257,6575.0,,,41.5849856793634,0.27089104366883027,True,V2
,-101.83593750002274,2077-01-03,2077-01-05,1947.0968750000466,0.0018391052041989888,1056772.5840624985,,True,0,0.4,0.3854037799426985,3903.0,0.02062396335764706,103.86260989077967,0.3878982842080021,,,,,,,,,,,,,0.13916523026613867,193.0,756.4144628740522,0.14274647227965476,-1.851815318826851,115168.12875000022,1058719.6809374986,,,,,,,,0.2746913142694022,6575.0,,,42.09891527369459,0.2745818738447621,True,V2
,4754.960937500019,2077-01-06,2077-01-06,0.0,0.0,1062887.3340624985,,True,0,0.4,0.38318656680271573,3903.0,0.021353740878995588,103.86405293429542,0.374641616442444,,,,,,,,,,,,,0.1383646180427176,193.0,756.4144628740522,0.14521718811528697,-1.7369828184125948,119923.08968750024,1062887.3340624985,,,,,,,,0.2788639872742819,6575.0,,,42.9700641827164,0.2725457536429864,True,V2
,-3434.0703125000205,2077-01-06,2077-01-07,4269.5,0.004016888585624025,1058617.8340624985,,True,0,0.4,0.3847319923513161,3903.0,0.020317399470586,103.89887504613145,0.39375117920882535,,,,,,,,,,,,,0.13874034167398028,193.0,756.4144628740522,0.14689770582759756,-1.6456778693124456,116489.01937500022,1062887.3340624985,,,,,,,,0.276137894709548,6575.0,,,42.9700641827164,0.2635330852164258,True,V2
,-4313.773437500004,2077-01-06,2077-01-08,8748.1328125,0.008230536325109322,1054139.2012499985,,True,0,0.4,0.38593267866576325,3903.0,0.01933726314128867,103.89887504613145,0.4,,,,,,,,,,,,,0.13694965506340445,193.0,,0.14714514540384666,-1.7680846947305837,112175.24593750022,1062887.3340624985,SELL series_10 size=193.0000,,,,,,,0.2758765157914199,6575.0,,,42.9700641827164,0.26262376738885224,True,V2
CLOSE series_10 pnl_net=-7575.25,6257.679687500025,2077-01-06,2077-01-09,3478.6015625,0.0032727848484225665,1059408.7324999985,SELL series_10 fill_size=193.0000 fill_px=748.0000,True,0,0.4,0.38389790870918705,3903.0,0.01908933502564226,103.89887504613145,0.4,,,,,,,,,,,,,0.0,0.0,714.3896023115689,0.15112594553223688,-1.587376439385588,118432.92562500025,1062887.3340624985,BUY series_10 size=212.0000,,,,,,,0.2795934570984862,6575.0,,,42.9700641827164,0.26637113553995373,True,V2
,1539.9453124999964,2077-01-06,2077-01-10,2324.1796875,0.002186666086815309,1060563.1543749985,BUY series_10 fill_size=212.0000 fill_px=754.0000,True,0,0.6,0.3846875757157812,3903.0,0.018226017782526076,104.05948502691356,0.6,,,,,,,,,,,,,0.1530187045727012,212.0,727.8885592893139,0.15577624579344487,-1.2874681984708847,119972.87093750025,1062887.3340624985,,,,,,,,0.27687130067520116,6575.0,,,42.9700641827164,0.26857711937186846,True,V2
,4707.835937500016,2077-01-06,2077-01-11,4638.918749999953,0.004364450117463891,1058248.4153124986,,True,0,0.4,0.385673083731458,3903.0,0.02237524636909241,104.10657538213401,0.35753796262331383,,,,,,,,,,,,,0.15014811050114252,212.0,727.8885592893139,0.15277023729124942,-1.4789604012338775,124680.70687500027,1062887.3340624985,SELL series_7 size=284.0000,,,,,,,0.2784710052346057,6575.0,,,42.9700641827164,0.2741193073315148,True,V2
,1990.0312499999645,2077-01-12,2077-01-12,0.0,0.0,1068035.4856249986,SELL series_7 fill_size=284.0000 fill_px=104.4844,True,0,0.4,0.3551534032392469,3619.0,0.02134978662106912,104.31715481912444,0.3747110049383431,,,,,,,,,,,,,0.154429325822898,212.0,,0.15440852058014448,-0.9411515749565542,126670.73812500024,1068035.4856249986,SELL series_10 size=212.0000,,,,,,,0.2786279145265084,6575.0,,,43.15896992427065,0.27479386816154944,True,V2
CLOSE series_10 pnl_net=5088.00,5803.742187499998,2077-01-13,2077-01-13,0.0,0.0,1074365.9965624986,SELL series_10 fill_size=212.0000 fill_px=778.0000,True,0,0.4,0.3530870412422184,3619.0,0.02281518214860185,104.32463483204413,0.3506437050510357,,,,,,,,,,,,,0.0,0.0,,0.15730766818508332,-0.5976526780805113,132474.48031250024,1074365.9965624986,,,,,,,,0.28286124186016304,6575.0,,,44.02261492967989,0.26831720963364364,True,V2
,2661.59375,2077-01-14,2077-01-14,0.0,0.0,1076030.8090624986,,True,0,0.4,0.353171368549009,3619.0,0.021702626061404145,104.48950466546955,0.3686189854336184,,,,,,,,,,,,,0.0,0.0,,0.16049224054256397,-0.042180000863846275,135136.07406250024,1076030.8090624986,,,,,,,,0.2833401678021021,6575.0,,,44.220642434702754,0.27520301193893076,True,V2
,4094.9062500000036,2077-01-15,2077-01-15,0.0,0.0,1080605.0356249986,,True,0,0.4,0.3516502213782662,3619.0,0.022151916041782557,104.49192843936459,0.36114257497683455,,,,,,,,,,,,,0.0,0.0,,0.1626271852863415,0.35866823341629356,139230.98031250024,1080605.0356249986,,,,,,,,0.2863999701991028,6575.0,,,44.90631083222399,0.277507090815426,True,V2
,2436.734375000032,2077-01-16,2077-01-16,0.0,0.0,1082993.7621874986,,True,0,0.4,0.3516839060948901,3619.0,0.021075126130158644,104.68781747940997,0.3795944067234762,,,,,,,,,,,,,0.0,0.0,,0.1585066384147335,0.2056573205478862,141667.71468750027,1082993.7621874986,BUY series_7 size=287.0000,,,,,,,0.28716462721985375,6575.0,,,45.17300291563656,0.2836736542968421,True,V2
,-5172.546875000028,2077-01-16,2077-01-17,4706.71875,0.00434602572455549,1078287.0434374986,BUY series_7 fill_size=287.0000 fill_px=105.3203,True,0,0.4,0.38024006686839645,3906.0,0.022564687958331872,104.68781747940997,0.35453625659583077,,,,,,,,,,,,,0.0,0.0,,0.16213786291502252,0.658615119935159,136495.16781250024,1082993.7621874986,SELL series_7 size=264.0000,,,,,,,0.2850644008668522,6575.0,,,45.17300291563656,0.2787556190687848,True,V2
,-1432.6562500000036,2077-01-16,2077-01-18,6528.6875,0.006028370363660219,1076465.0746874986,SELL series_7 fill_size=264.0000 fill_px=104.9219,True,0,0.4,0.3545059858173138,3642.0,0.02443575216860151,104.68781747940997,0.3273891445944327,,,,,,,,,,,,,0.0,0.0,,0.162251589990558,1.3776625541759862,135062.51156250024,1082993.7621874986,SELL series_7 size=278.0000,,,,,,,0.2845085337198788,6575.0,,,45.17300291563656,0.28550471905995606,True,V2
,1393.2812499999886,2077-01-16,2077-01-19,5429.543750000186,0.005013458008320614,1077564.2184374984,SELL series_7 fill_size=278.0000 fill_px=104.7812,True,0,0.4,0.3277704592512749,3364.0,0.024581439459693027,104.68781747940997,0.3254488010402262,,,,,,,,,,,,,0.0,0.0,,0.16166920995872547,1.6145148100971454,136455.79281250024,1082993.7621874986,,,,,,,,0.28458443102784503,6575.0,,,45.17300291563656,0.2874131525765886,True,V2
,-3142.999999999987,2077-01-16,2077-01-20,8901.200000000186,0.00821906857710887,1074092.5621874984,,True,0,0.4,0.32890327606451775,3364.0,0.025055391628380316,104.68781747940997,0.31929255461879824,,,,,,,,,,,,,0.0,0.0,,0.15477415944002462,1.5969715188722524,133312.79281250024,1082993.7621874986,,,,,,,,0.2821986769768621,6575.0,,,45.17300291563656,0.28017039345248695,True,V2
,-921.1562500000075,2077-01-16,2077-01-21,9980.137500000186,0.009215323161087908,1073013.6246874984,,True,0,0.4,0.3300667548402718,3364.0,0.02384140245288579,104.68781747940997,0.33555073011368397,,,,,,,,,,,,,0.0,0.0,,0.15540946151610757,1.4135970586547297,132391.63656250024,1082993.7621874986,,,,,,,,0.28064415313244667,6575.0,,,45.17300291563656,0.27715833674615337,True,V2
,131.68750000001495,2077-01-16,2077-01-22,9020.262500000186,0.008329006883456554,1073973.4996874984,,True,0,0.4,0.32986963840642697,3364.0,0.025350303823202067,104.71180924797834,0.31557807179722785,,,,,,,,,,,,,0.0,0.0,,0.16158905209780944,1.759449928015249,132523.32406250027,1082993.7621874986,,,,,,,,0.28118920074645426,6575.0,,,45.17300291563656,0.28256932557272313,True,V2
,-1906.5625,2077-01-16,2077-01-23,10506.231250000186,0.009701100428112387,1072487.5309374984,,True,0,0.4,0.33035118920244816,3364.0,0.02413633090168907,104.7234657302656,0.33145054368806975,,,,,,,,,,,,,0.0,0.0,,0.15944992534955513,1.4883814586319886,130616.76156250027,1082993.7621874986,,,,,,,,0.28016875845385564,6575.0,,,45.17300291563656,0.28407510497577454,True,V2
,-39.093749999998124,2077-01-16,2077-01-24,11610.325000000186,0.010720583446897169,1071383.4371874984,,True,0,0.4,0.33002931091431464,3364.0,0.0229527744873658,104.7234657302656,0.34854174184491504,,,,,,,,,,,,,0.0,0.0,,0.16280579477554738,1.5746397600353341,130577.66781250027,1082993.7621874986,,,,,,,,0.2800892655086693,6575.0,,,45.17300291563656,0.2783934205482515,True,V2
,-1169.8437500000018,2077-01-16,2077-01-25,12030.543750000186,0.011108599301347905,1070963.2184374984,,True,0,0.4,0.3293980714526172,3364.0,0.023613328761730407,104.7234657302656,0.3387917087304278,,,,,,,,,,,,,0.0,0.0,,0.1667669327118843,2.141789077772963,129407.82406250027,1082993.7621874986,,,,,,,,0.28056752540800345,6575.0,,,45.17300291563656,0.28156056452082445,True,V2
,210.62499999998875,2077-01-16,2077-01-26,11820.012500000186,0.010914201828942564,1071173.7496874984,,True,0,0.4,0.32916158569313664,3364.0,0.024728962099706497,104.7234657302656,0.32350730967778674,,,,,,,,,,,,,0.0,0.0,,0.16840451753871866,2.152040515777379,129618.44906250025,1082993.7621874986,,,,,,,,0.2808806695344949,6575.0,,,45.17300291563656,0.2880970741884745,True,V2
,1813.5937499999943,2077-01-16,2077-01-27,9559.075000000186,0.008826528216277227,1073434.6871874984,,True,0,0.4,0.329594517228603,3364.0,0.02362768668294855,104.7234657302656,0.33858583395611813,,,,,,,,,,,,,0.0,0.0,,0.16492579336113983,1.6645056871578303,131432.04281250024,1082993.7621874986,,,,,,,,0.2812690921988647,6575.0,,,45.17300291563656,0.29589679284427967,True,V2
,4734.750000000016,2077-01-16,2077-01-28,5284.762500000186,0.0048797718735938906,1077708.9996874984,,True,0,0.4,0.3275557224653053,3364.0,0.02722223060751508,104.7234657302656,0.2938774604969913,,,,,,,,,,,,,0.0,0.0,,0.16693931416318772,2.0737396340766856,136166.79281250027,1082993.7621874986,SELL series_7 size=345.0000,,,,,,,0.28485124471356965,6575.0,,,45.17300291563656,0.29144312112609777,True,V2
,-3769.2343749999795,2077-01-16,2077-01-29,8568.231249999953,0.007911616436915854,1074425.5309374987,SELL series_7 fill_size=345.0000 fill_px=104.9141,True,0,0.4,0.2944440266711264,3019.0,0.027743458937139243,104.7234657302656,0.2883562578886178,,,,,,,,,,,,,0.0,0.0,,0.16326178624338208,2.1197252675200735,132397.5584375003,1082993.7621874986,,,,,,,,0.2830903503704004,6575.0,,,45.17300291563656,0.2938282459941609,True,V2
,-387.39062500002615,2077-01-16,2077-01-30,9471.285937499953,0.00874546674984467,1073522.4762499987,,True,0,0.4,0.29409850875024973,3019.0,0.027120796057165858,,0.2949765922481557,,,,,,,,,,,,,0.0,0.0,,0.16304366189251823,2.325729800347553,132010.16781250027,1082993.7621874986,SELL series_7 size=3019.0000,,,,,,,0.2830835000880126,6575.0,,,45.17300291563656,0.2973639815355253,True,V2
CLOSE series_7 pnl_net=7531.40,-262.9999999999944,2077-01-16,2077-01-31,9917.965625000186,0.009157915743639427,1073075.7965624984,SELL series_7 fill_size=3019.0000 fill_px=104.5391,True,0,0.4,0.0,0.0,0.027317590567900188,104.04641546361304,0.2928515961213828,,,,,,,,,,,,,0.0,0.0,,0.15577075303537333,1.9610053392984712,131747.16781250027,1082993.7621874986,BUY series_7 size=3001.0000,,,,,,,0.2828949744020431,6575.0,,,45.17300291563656,0.2870402155660318,True,V2
,4029.609374999983,2077-01-16,2077-02-01,9631.801562500186,0.008893681477024643,1073361.9606249984,BUY series_7 fill_size=3001.0000 fill_px=104.8047,True,0,0.4,0.29308771380515536,3001.0,0.026510495996790225,104.18818935906926,0.30176726987562236,,,,,,,,,,,,,0.0,0.0,,0.15356273294285705,1.6584249681823926,135776.77718750024,1082993.7621874986,,,,,,,,0.28306457760351883,6575.0,,,45.17300291563656,0.29633431417202744,True,V2
,4512.273437500022,2077-01-16,2077-02-02,1756.1781250000931,0.0016215957896681275,1081237.5840624985,,True,0,0.4,0.29123478209512393,3001.0,0.025761169802882792,104.27854190485002,0.3105449038694184,,,,,,,,,,,,,0.0,0.0,,0.15690065727962937,1.8429486915897169,140289.05062500027,1082993.7621874986,,,,,,,,0.2881175280917659,6575.0,,,45.300741447688026,0.2906774335520659,True,V2
,-1009.6953124999907,2077-01-16,2077-02-03,2278.107812500093,0.002103528101490288,1080715.6543749985,,True,0,0.4,0.29174423561241053,3001.0,0.02487150920215986,104.41657016164645,0.3216531789436114,,,,,,,,,,,,,0.0,0.0,,0.15329397833721428,1.4762970045664179,139279.35531250027,1082993.7621874986,BUY series_7 size=307.0000,,,,,,,0.28740492352692765,6575.0,,,45.300741447688026,0.2991100575431451,True,V2
,2667.25,2077-02-04,2077-02-04,0.0,0.0,1083171.8965624985,BUY series_7 fill_size=307.0000 fill_px=104.9922,True,0,0.4,0.32007284102389555,3308.0,0.02431876523539106,104.41657016164645,0.3289640704437417,,,,,,,,,,,,,0.0,0.0,,0.15600127072188735,1.3317623988739484,141946.60531250027,1083171.8965624985,,,,,,,,0.2897882607517307,6575.0,,,45.70673624826161,0.29951146648024596,True,V2
,4238.406249999998,2077-02-05,2077-02-05,0.0,0.0,1084666.0121874986,,True,0,0.4,0.3194413324994138,3308.0,0.025619699174947143,104.41657016164645,0.31225971645377476,,,,,,,,,,,,,0.0,0.0,,0.15737700935532048,1.0888045016514647,146185.01156250027,1084666.0121874986,BUY series_1 size=505.0000,,,,,,,0.29096514176148486,6575.0,,,46.04589794481435,0.3133421023994452,True,V2
,8610.674999999987,2077-02-06,2077-02-06,0.0,0.0,1095870.7434374986,BUY series_1 fill_size=505.0000 fill_px=48.4200,True,0,0.4,0.3158686273658534,3308.0,0.024501399273511592,104.41657016164645,0.32651196410030275,,,,,,,,,,,,,0.0,0.0,,0.16292408896540322,1.115201644419331,154795.68656250025,1095870.7434374986,SELL series_1 size=540.0000,,,,,,,0.32083418788709783,7080.0,,,47.52226237732761,0.2963309899010797,True,V2
,-2321.168749999998,2077-02-06,2077-02-07,1505.4524999998976,0.0013737500604109876,1094365.2909374987,SELL series_1 fill_size=540.0000 fill_px=49.6800,True,0,0.4,0.3167282239946295,3308.0,0.023699628167455508,104.41657016164645,0.33755803861031275,,,,,,,,,,,,,0.0,0.0,,0.15685193516184942,0.73133916902954,152474.51781250024,1095870.7434374986,BUY series_7 size=217.0000,,,,,,,0.29503841420573734,6540.0,,,47.52226237732761,0.2992270092408771,True,V2
,1201.354687500002,2077-02-08,2077-02-08,0.0,0.0,1096982.2131249986,BUY series_7 fill_size=217.0000 fill_px=104.7891,True,0,0.4,0.3373025007360239,3525.0,0.02332977676723024,104.41657016164645,0.3429094105708315,,,,,,,,,,,,,0.0,0.0,,0.1497385887871055,0.31024167921087487,153675.87250000023,1096982.2131249986,,,,,,,,0.29612312407018493,6540.0,,,47.56743541718554,0.3013488736868175,True,V2
,3252.824999999998,2077-02-09,2077-02-09,0.0,0.0,1097270.7162499984,,True,0,0.4,0.3377157701487147,3525.0,0.02359454207815198,104.56097040654186,0.3390614648719046,,,,,,,,,,,,,0.0,0.0,,0.1524126169296813,0.2789089569790812,156928.69750000024,1097270.7162499984,,,,,,,,0.2958068553121295,6540.0,,,47.58119003024372,0.30900631400269774,True,V2
,9114.796875000018,2077-02-10,2077-02-10,0.0,0.0,1106271.9303124985,,True,0,0.4,0.3361877210040409,3525.0,0.023410423138734683,104.90817787750315,0.34172812480109643,,,,,,,,,,,,,0.0,0.0,,0.1574380752205764,0.6457044261525373,166043.49437500027,1106271.9303124985,,,,,,,,0.3003167583815956,6540.0,,,48.61539074236916,0.29662974589656566,True,V2
,1944.8249999999796,2077-02-11,2077-02-11,0.0,0.0,1109060.0599999984,,True,0,0.4,0.3356157003345703,3525.0,0.027604663266265143,104.99007142196722,0.28980610713612903,,,,,,,,,,,,,0.0,0.0,,0.16246492321977474,1.0046364165407642,167988.31937500025,1109060.0599999984,SELL series_7 size=481.0000,,,,,,,0.30180259128617476,6540.0,,,49.01036283219994,0.30091090484159083,True,V2
,-749.1374999999982,2077-02-12,2077-02-12,0.0,0.0,1109685.8881249987,SELL series_7 fill_size=481.0000 fill_px=105.6094,True,0,0.4,0.29021337564646377,3044.0,0.026487587352972887,105.17158417754098,0.302028263027214,,,,,,,,,,,,,0.0,0.0,,0.15562321183095099,0.7778789381218411,167239.18187500024,1109685.8881249987,SELL series_1 size=1423.0000,,,,,,,0.3016323840664146,6540.0,,,49.01036283219994,0.23599478278946842,True,V2
,-1374.375,2077-02-12,2077-02-13,2697.2687500000466,0.002430659683847595,1106988.6193749986,SELL series_1 fill_size=1423.0000 fill_px=51.0000,True,0,0.4,0.290705676072525,3044.0,0.02661395965883483,105.17158417754098,0.300594128139978,,,,,,,,,,,,,0.0,0.0,,0.15017400872150885,0.35097410503024457,165864.80687500024,1109685.8881249987,,,,,,,,0.2345893584223284,5117.0,,,49.01036283219994,0.24063805460873677,True,V2
,1833.433750000016,2077-02-12,2077-02-14,1520.4747500000522,0.0013701848120004035,1108165.4133749986,,True,0,0.4,0.2903969670194909,3044.0,0.025512479370436988,105.17158417754098,0.313572032096188,,,,,,,,,,,,,0.0,0.0,,0.14959257921231062,0.37541527057806173,167698.24062500027,1109685.8881249987,BUY series_7 size=242.0000,,,,,,,0.23549462638903876,5117.0,,,49.01036283219994,0.2419215706471311,True,V2
,75.97312499997525,2077-02-12,2077-02-15,582.2553750001825,0.0005247028742376828,1109103.6327499985,BUY series_7 fill_size=242.0000 fill_px=105.8672,True,0,0.4,0.3137277558881032,3286.0,0.024253054239354793,105.28733206561863,0.3298553625884616,,,,,,,,,,,,,0.0,0.0,,0.14746059235893547,0.07064350892126672,167774.21375000026,1109685.8881249987,,,,,,,,0.2356645062571141,5117.0,,,49.01036283219994,0.25280430343420907,True,V2
,1765.9731250000116,2077-02-16,2077-02-16,0.0,0.0,1109933.1346249986,,True,0,0.4,0.31337764728729994,3286.0,0.024186806781905462,105.28733206561863,0.33075883361275,,,,,,,,,,,,,0.0,0.0,,0.14707801748831262,-0.08492632350078232,169540.18687500028,1109933.1346249986,BUY series_1 size=438.0000,,,,,,,0.23636431944942068,5117.0,,,49.01036283219994,0.2566066281408912,True,V2
,8901.921875000015,2077-02-17,2077-02-17,0.0,0.0,1118295.1652499984,BUY series_1 fill_size=438.0000 fill_px=51.3900,True,0,0.4,0.31165419097746605,3286.0,0.023057723430753498,105.46897190862015,0.3469553281799673,,,,,,,,,,,,,0.0,0.0,,0.1517543639316194,0.29366038157165947,178442.1087500003,1118295.1652499984,BUY series_7 size=372.0000,,,,,,,0.2615823702811098,5555.0,,,49.96298476117627,0.24907045355088508,True,V2
,2302.9156249999983,2077-02-18,2077-02-18,0.0,0.0,1121146.9099999985,BUY series_7 fill_size=372.0000 fill_px=106.1094,True,0,0.4,0.3461043131715901,3658.0,0.023681300322666674,105.50132212943299,0.3378192874123032,,,,,,,,,,,,,0.0,0.0,,0.1509571450818218,0.3828923479438957,180745.0243750003,1121146.9099999985,SELL series_1 size=461.0000,,,,,,,0.2634439317145337,5555.0,,,50.36205727823511,0.24154784818147587,True,V2
,345.4406249999783,2077-02-19,2077-02-19,0.0,0.0,1122127.8199999987,SELL series_1 fill_size=461.0000 fill_px=53.2700,True,0,0.4,0.3460055078662968,3658.0,0.02252939741131673,105.57265626304492,0.35509161003931355,,,,,,,,,,,,,0.0,0.0,,0.14929635763316904,0.6247999470139773,181090.4650000003,1122127.8199999987,,,,,,,,0.2420055319544616,5094.0,,,50.499053186932606,0.24192503438086543,True,V2
,-2816.635624999984,2077-02-19,2077-02-20,2801.4912499999627,0.002496588356574179,1119326.3287499987,,True,0,0.4,0.3470246924628149,3658.0,0.02159220578332126,105.62103795854172,0.37050406430358973,,,,,,,,,,,,,0.0,0.0,,0.14551223259033266,0.4867151733160826,178273.8293750003,1122127.8199999987,BUY series_7 size=247.0000,,,,,,,0.23997168037668237,5094.0,,,50.499053186932606,0.2342974771234553,True,V2
,1638.7509374999827,2077-02-19,2077-02-21,1417.3056250000373,0.0012630518553581882,1120710.5143749986,BUY series_7 fill_size=247.0000 fill_px=106.1484,True,0,0.6,0.37040770061750095,3905.0,0.020638409408629616,105.72846381864588,0.5814401566712983,,,,,,,,,,,,,0.0,0.0,,0.14852363459860876,0.7861263899024735,179912.58031250027,1122127.8199999987,BUY series_7 size=2224.0000,,,,,,,0.24049345173700695,5094.0,,,50.499053186932606,0.23232776714994408,True,V2
,-511.46437500000866,2077-02-22,2077-02-22,0.0,0.0,1122666.4234374987,BUY series_7 fill_size=2224.0000 fill_px=106.3594,True,0,0.6,0.5811621239435093,6129.0,0.020255573926118448,105.88569408159974,0.5924295230423791,,,,,,,,,,,,,0.0,0.0,,0.14816904666033506,1.33800619699642,179401.11593750026,1122666.4234374987,,,,,,,,0.24111806886604564,5094.0,,,50.499053186932606,0.23925022340708918,True,V2
,-1892.958749999968,2077-02-22,2077-02-23,5522.69468750013,0.0049192659299368375,1117143.7287499986,,True,0,0.6,0.5857924827360768,6129.0,0.02027127537073418,106.14943914719976,0.5919706471613773,,,,,,,,,,,,,0.0,0.0,,0.13759797590261041,0.5348049637059279,177508.1571875003,1122666.4234374987,,,,,,,,0.23565268570640072,5094.0,,,50.499053186932606,0.22208563531916048,True,V2
,-12061.544062500016,2077-02-22,2077-02-24,14800.92125000013,0.013183721309381558,1107865.5021874986,,True,0,0.4,0.5915196118852439,6129.0,0.023541915213214214,106.25204617239977,0.3398194211280463,,,,,,,,,,,,,0.0,0.0,,0.12981464605199555,-0.36666956920652544,165446.6131250003,1122666.4234374987,SELL series_1 size=5094.0000 | SELL series_1 size=688.0000 | SELL series_7 size=2607.0000,,,,,,,0.22843018353790176,5094.0,,,,0.19753631899002705,True,V2
CLOSE series_1 pnl_net=78261.84,-2593.59375,2077-02-22,2077-02-25,18134.89218750014,0.016153411030119535,1104531.5312499986,SELL series_1 fill_size=5094.0000 fill_px=49.7500 | SELL series_1 fill_size=688.0000 fill_px=49.7500 | SELL series_7 fill_size=2607.0000 fill_px=106.6172,True,0,0.4,0.33951991637631257,3522.0,0.023240505582227705,106.25204617239977,0.344226590583197,,,,,,,,,,,,,0.0,0.0,,0.1325366656828355,-0.3297398692637796,162853.0193750003,1122666.4234374987,BUY series_1 size=4911.0000,,,,,,,-0.0321908782085754,-688.0,,,48.34382832543267,0.19760542865594322,True,V2
CLOSE series_1 pnl_net=-1548.00,1093.5631250000013,2077-02-22,2077-02-26,18599.83693749993,0.01656755430571174,1104066.5864999988,BUY series_1 fill_size=4911.0000 fill_px=52.0000,True,0,0.4,0.3398373495655105,3522.0,0.028977178404603673,106.25204617239977,0.27607933002645363,,,,,,,,,,,,,0.0,0.0,,0.13596536450817184,0.43109153260726746,163946.5825000003,1122666.4234374987,SELL series_7 size=660.0000,,,,,,,0.19893567352334707,4223.0,,,48.73712630218748,0.20271335663953813,True,V2
,3706.285000000007,2077-02-22,2077-02-27,16892.993687500013,0.015047206663378476,1105773.4297499987,SELL series_7 fill_size=660.0000 fill_px=106.5469,True,0,0.4,0.2757682071624224,2862.0,0.02763036869099308,106.25204617239977,0.28953649115105123,,,,,,,,,,,,,0.0,0.0,,0.1417874503968744,1.42692929672259,167652.8675000003,1122666.4234374987,,,,,,,,0.20069088660429557,4223.0,,,49.30733156631694,0.20672592013980404,True,V2
,1607.1893750000036,2077-02-22,2077-02-28,13580.858687500004,0.01209696700994824,1109085.5647499987,,True,0,0.4,0.27462209943978116,2862.0,0.02626670643232761,106.25204617239977,0.30456806682675847,,,,,,,,,,,,,0.0,0.0,,0.13372709050102471,0.7099405597440255,169260.05687500033,1122666.4234374987,BUY series_7 size=312.0000,,,,,,,0.20340419817009459,4223.0,,,50.200022168722874,0.21162928231399766,True,V2
,646.6712499999987,2077-02-22,2077-03-01,13419.673062500078,0.0119533930848402,1109246.7503749987,BUY series_7 fill_size=312.0000 fill_px=106.3672,True,0,0.4,0.3044933278017857,3174.0,0.02551742544841464,106.25204617239977,0.31351125199415564,,,,,,,,,,,,,0.0,0.0,,0.13212759049462147,-0.10234378517205361,169906.7281250003,1122666.4234374987,,,,,,,,0.2035269248466833,4223.0,,,50.36644915667124,0.2204430714333828,True,V2
,1380.8149999999748,2077-02-22,2077-03-02,11708.59618750005,0.010429274398043751,1110957.8272499987,,True,0,0.4,0.304582359429072,3174.0,0.024259976314304925,106.25204617239977,0.32976124528542067,,,,,,,,,,,,,0.0,0.0,,0.13376722763841617,0.11289091556645703,171287.5431250003,1122666.4234374987,BUY series_1 size=462.0000 | BUY series_7 size=262.0000,,,,,,,0.2042017747528321,4223.0,,,50.69563135976615,0.22658232818350926,True,V2
,2597.262500000015,2077-02-22,2077-03-03,9327.548062499845,0.008308387841456747,1113338.875374999,BUY series_1 fill_size=462.0000 fill_px=53.6600 | BUY series_7 fill_size=262.0000 fill_px=106.7266,True,0,0.4,0.32947726147301415,3436.0,0.024492713376096632,106.25204617239977,0.32662775565762775,,,,,,,,,,,,,0.0,0.0,,0.13784998059008496,0.5972536899125706,173884.8056250003,1122666.4234374987,,,,,,,,0.2277403633413929,4685.0,,,51.11701483406857,0.2298949112393876,True,V2
,7215.40625,2077-02-22,2077-03-04,1399.0798124999274,0.0012462115044075844,1121267.3436249988,,True,0,0.4,0.32738693705572725,3436.0,0.02411109653086471,106.25204617239977,0.3317974356644946,,,,,,,,,,,,,0.0,0.0,,0.14367765134856256,1.689510233696129,181100.2118750003,1122666.4234374987,,,,,,,,0.23298243856406173,4685.0,,,52.642942345920815,0.2281931939324966,True,V2
,-787.5874999999826,2077-02-22,2077-03-05,2414.5860625000205,0.002150760022827427,1120251.8373749987,,True,0,0.4,0.3282827688653854,3436.0,0.02316055888754494,106.34173686387415,0.3454148079432644,,,,,,,,,,,,,0.0,0.0,,0.14928168034170994,2.5879472112916084,180312.6243750003,1122666.4234374987,,,,,,,,0.23168808239420657,4685.0,,,52.642942345920815,0.2278532565122871,True,V2
,-4223.337500000002,2077-02-22,2077-03-06,3700.0485624999274,0.003295768435980055,1118966.3748749988,,True,0,0.4,0.3285159596874078,3436.0,0.02350399365321926,106.34173686387415,0.3403676889141888,,,,,,,,,,,,,0.0,0.0,,0.15513107459749284,3.1182812884612874,176089.2868750003,1122666.4234374987,,,,,,,,0.23094938847368754,4685.0,,,52.642942345920815,0.21370829757439505,True,V2
,2909.512499999981,2077-02-22,2077-03-07,4075.354812499834,0.0036300674246776544,1118591.068624999,,True,0,0.6,0.3284581975981896,3436.0,0.022438251678088404,106.34173686387415,0.5348010251493144,,,,,,,,,,,,,0.0,0.0,,0.16098228650797222,3.3525243262028,178998.7993750003,1122666.4234374987,BUY series_7 size=2158.0000,,,,,,,0.23085934372552414,4685.0,,,52.642942345920815,0.2186162355554056,True,V2
,2354.3812499999904,2077-02-22,2077-03-08,1828.8548124998342,0.001629027798747248,1120837.568624999,BUY series_7 fill_size=2158.0000 fill_px=106.8438,True,0,0.6,0.5342613733804533,5594.0,0.02146650355709176,106.36669743619953,0.559010458693709,,,,,,,,,,,,,0.0,0.0,,0.16683167770342006,3.410192829010642,181353.18062500027,1122666.4234374987,BUY series_7 size=259.0000,,,,,,,0.23165060421602376,4685.0,,,52.642942345920815,0.2192765624188445,True,V2
,-527.7078124999946,2077-02-22,2077-03-09,2145.1501249999274,0.001910763589447772,1120521.2733124988,BUY series_7 fill_size=259.0000 fill_px=107.0469,True,0,0.6,0.559440914012594,5853.0,0.021007839619941855,106.43537083361385,0.5712153280439607,,,,,,,,,,,,,0.0,0.0,,0.13671824707817812,2.1769881010800187,180825.4728125003,1122666.4234374987,,,,,,,,0.2312142626566143,4685.0,,,52.642942345920815,0.22026100129170473,True,V2
,1872.8765625000026,2077-02-22,2077-03-10,732.909500000067,0.0006528292685159027,1121933.5139374987,,True,0,0.6,0.5584921728012543,5853.0,0.020121332291530535,106.43537083361385,0.5963819803846209,,,,,,,,,,,,,0.0,0.0,,0.12323662605443812,1.2466726580033558,182698.34937500028,1122666.4234374987,BUY series_7 size=397.0000,,,,,,,0.23242651793582747,4685.0,,,52.642942345920815,0.22767485287905515,True,V2
,3466.900000000009,2077-03-11,2077-03-11,0.0,0.0,1125540.4748749987,BUY series_7 fill_size=397.0000 fill_px=107.1406,True,0,0.6,0.5952001637918892,6250.0,0.019252462843723766,106.53599098663642,0.6,,,,,,,,,,,,,0.0,0.0,,0.12280061115723243,0.9110581797157287,186165.2493750003,1125540.4748749987,,,,,,,,0.23417913960781614,4685.0,,,53.19634520822903,0.234252727874488,True,V2
,9188.534375,2077-03-12,2077-03-12,0.0,0.0,1134330.6717499988,,True,0,0.6,0.5905017253184406,6250.0,0.019157089377674415,106.54346484473382,0.6,,,,,,,,,,,,,0.0,0.0,,0.12514741816748434,1.6621105225958857,195353.7837500003,1134330.6717499988,,,,,,,,0.24021178901883136,4685.0,,,54.952677693355525,0.23131646686484764,True,V2
,2283.781249999987,2077-03-13,2077-03-13,0.0,0.0,1136056.209249999,,True,0,0.6,0.5894329002365783,6250.0,0.018252008605696167,106.54346484473382,0.6,,,,,,,,,,,,,0.0,0.0,,0.12514915600067872,1.4892966188781511,197637.5650000003,1136056.209249999,,,,,,,,0.24153774062038144,4685.0,,,55.41320071525871,0.2366753410888165,True,V2
,7936.181250000016,2077-03-14,2077-03-14,0.0,0.0,1142079.4529999988,,True,0,0.6,0.5848706482245073,6250.0,0.017434147652112413,106.54346484473382,0.6,,,,,,,,,,,,,0.0,0.0,,0.12610763351552162,1.5761570933144529,205573.74625000032,1142079.4529999988,,,,,,,,0.2469914411462582,4685.0,,,56.951900664168804,0.23573771143174577,True,V2
,1510.4437499999908,2077-03-15,2077-03-15,0.0,0.0,1146664.193624999,,True,0,0.6,0.58138240849528,6250.0,0.02000472626677651,106.54346484473382,0.5998582454951851,,,,,,,,,,,,,0.0,0.0,,0.1280215055132149,1.4502804634053474,207084.1900000003,1146664.193624999,,,,,,,,0.2511519515487568,4685.0,,,58.21426490244246,0.24084570665749516,True,V2
,6169.624999999994,2077-03-16,2077-03-16,0.0,0.0,1151613.740499999,,True,0,0.6,0.5805372617469222,6250.0,0.02100642750081083,106.54346484473382,0.5712537269622268,,,,,,,,,,,,,0.0,0.0,,0.13289362529432533,1.574821316630308,213253.8150000003,1151613.740499999,,,,,,,,0.2527168526780879,4685.0,,,58.91110312369656,0.24694511741379005,True,V2
,3624.6281249999984,2077-03-17,2077-03-17,0.0,0.0,1155976.724874999,,True,0,0.4,0.5784728684284796,6250.0,0.023739969244562877,106.54346484473382,0.3369844298274408,,,,,,,,,,,,,0.0,0.0,,0.1358872150966369,1.782699232222205,216878.44312500028,1155976.724874999,SELL series_7 size=2609.0000,,,,,,,0.255410592312684,4685.0,,,59.83138147200396,0.25211610598661993,True,V2
,4464.124999999986,2077-03-18,2077-03-18,0.0,0.0,1160954.9733124985,SELL series_7 fill_size=2609.0000 fill_px=106.8750,True,0,0.6,0.33481504816971985,3641.0,0.022596633395497504,106.54346484473382,0.5310525594662727,,,,,,,,,,,,,0.0,0.0,,0.13858637506812793,2.5066851887708346,221342.56812500028,1160954.9733124985,BUY series_7 size=2134.0000,,,,,,,0.2596018423867631,4685.0,,,61.10128279543225,0.25416064307432307,True,V2
,4317.195312500013,2077-03-19,2077-03-19,0.0,0.0,1164940.9576874988,BUY series_7 fill_size=2134.0000 fill_px=106.7500,True,0,0.4,0.5299311286882439,5775.0,0.02364133540433225,106.54346484473382,0.3383903600696774,,,,,,,,,,,,,0.0,0.0,,0.13711741646248488,3.268044839982041,225659.76343750028,1164940.9576874988,SELL series_7 size=2087.0000,,,,,,,0.2615287478644287,4685.0,,,61.71226259575852,0.25003252235466406,True,V2
,1809.1125000000452,2077-03-20,2077-03-20,0.0,0.0,1167204.9701874987,SELL series_7 fill_size=2087.0000 fill_px=106.9297,True,0,0.4,0.3378888113684491,3688.0,0.023245813740233955,106.54346484473382,0.3441479867901362,,,,,,,,,,,,,0.0,0.0,,0.10412894130138667,3.177685128154555,227468.87593750033,1167204.9701874987,,,,,,,,0.2627875633109476,4685.0,,,62.21960098177576,0.25693923097889826,True,V2
,10035.724999999944,2077-03-21,2077-03-21,0.0,0.0,1176732.0576874986,,True,0,0.6,0.33598568375622173,3688.0,0.022168327398679896,106.55660080181471,0.5413128281709964,,,,,,,,,,,,,0.0,0.0,,0.09052950774077763,2.010865101939103,237504.60093750028,1176732.0576874986,BUY series_7 size=2253.0000,,,,,,,0.267945874288175,4685.0,,,63.88534376879178,0.25141595427237723,True,V2
,7628.267187500056,2077-03-22,2077-03-22,0.0,0.0,1186193.2420624986,BUY series_7 fill_size=2253.0000 fill_px=107.3594,True,0,0.4,0.5391918943476002,5941.0,0.023849125839410693,106.98559360168508,0.3354420641606913,,,,,,,,,,,,,0.0,0.0,,0.08137326981090011,1.0552288035095485,245132.86812500033,1186193.2420624986,SELL series_1 size=466.0000 | SELL series_7 size=2244.0000,,,,,,,0.2718121201225087,4685.0,,,65.23317635673521,0.24475377650506405,True,V2
,9530.403124999988,2077-03-23,2077-03-23,0.0,0.0,1193572.2051874986,SELL series_1 fill_size=466.0000 fill_px=68.6800 | SELL series_7 fill_size=2244.0000 fill_px=107.5078,True,0,0.4,0.33302154984629434,3697.0,0.029546105654542094,106.98559360168508,0.27076326381342136,,,,,,,,,,,,,0.0,0.0,,0.08283531525743078,1.180678451438703,254663.2712500003,1193572.2051874986,SELL series_7 size=691.0000,,,,,,,0.25033222012158285,4219.0,,,67.09294947411126,0.24239039100748763,True,V2
,-12456.016875000041,2077-03-23,2077-03-24,8729.06006249995,0.007313390865304793,1184843.1451249986,SELL series_7 fill_size=691.0000 fill_px=107.4609,True,0,0.4,0.27269266196067987,3006.0,0.028679803279954775,106.98559360168508,0.27894194119495425,,,,,,,,,,,,,0.0,0.0,,0.0809768838987808,0.9642987271798372,242207.25437500028,1193572.2051874986,SELL series_1 size=578.0000,,,,,,,0.24505486755326455,4219.0,,,67.09294947411126,0.2114424176744491,True,V2
,-2683.78125,2077-03-23,2077-03-25,15031.62881249981,0.012593816065060335,1178540.5763749988,SELL series_1 fill_size=578.0000 fill_px=68.1000,True,0,0.4,0.2737723542089871,3006.0,0.027283590761414303,106.98559360168508,0.29321653700047307,,,,,,,,,,,,,0.0,0.0,,0.08319271018817209,1.1024055171032818,239523.47312500028,1193572.2051874986,,,,,,,,0.20801025854709002,3641.0,,,67.09294947411126,0.19504286510729768,True,V2
,-9088.483124999993,2077-03-23,2077-03-26,22362.670937499963,0.018735917978239956,1171209.5342499986,,True,0,0.4,0.27558625554281374,3006.0,0.02666214429716538,106.98559360168508,0.30005088528646706,,,,,,,,,,,,,0.0,0.0,,0.08659436090902584,1.2579437222360836,230434.99000000028,1193572.2051874986,SELL series_1 size=3641.0000 | SELL series_1 size=419.0000 | BUY series_7 size=266.0000,,,,,,,0.203094769162993,3641.0,,,,0.17971276202842146,True,V2
CLOSE series_1 pnl_net=62807.33,1441.359999999999,2077-03-23,2077-03-27,23416.286562500056,0.0196186593996813,1170155.9186249985,SELL series_1 fill_size=3641.0000 fill_px=64.7700 | SELL series_1 fill_size=419.0000 fill_px=64.7700 | BUY series_7 fill_size=266.0000 fill_px=107.4766,True,0,0.4,0.3005924205496606,3272.0,0.025394186843936226,106.98559360168508,0.3150327297016911,,,,,,,,,,,,,0.0,0.0,,0.08714800945195474,0.9879833134358494,231876.35000000027,1193572.2051874986,BUY series_1 size=3620.0000,,,,,,,-0.02267669596644906,-419.0,,,58.66685924953384,0.17324301008354748,True,V2
CLOSE series_1 pnl_net=1441.36,3546.435000000007,2077-03-23,2077-03-28,20701.22281249985,0.01734392165176793,1172870.9823749987,BUY series_1 fill_size=3620.0000 fill_px=61.3300,True,0,0.4,0.30007094155175695,3272.0,0.024699810849843504,106.98559360168508,0.32388911998695286,,,,,,,,,,,,,0.0,0.0,,0.08978418707681853,1.5551555049674706,235422.78500000027,1193572.2051874986,BUY series_7 size=259.0000,,,,,,,0.1695925152800848,3201.0,,,58.66685924953384,0.16840931554814065,True,V2
,1273.109062500001,2077-03-23,2077-03-29,21577.766562500037,0.01807830851683613,1171994.4386249986,BUY series_7 fill_size=259.0000 fill_px=107.5234,True,0,0.4,0.32291234846344913,3531.0,0.02362828435594453,106.98559360168508,0.3385772694913128,,,,,,,,,,,,,0.0,0.0,,0.09349116747819898,2.0614034288657637,236695.89406250027,1193572.2051874986,,,,,,,,0.172587158551117,3201.0,,,58.66685924953384,0.17166357603104254,True,V2
,-1984.8778124999917,2077-03-23,2077-03-30,24015.87281249999,0.020121005422313206,1169556.3323749986,,True,0,0.4,0.3241044118137965,3531.0,0.02758883308982575,106.98559360168508,0.289972394771211,,,,,,,,,,,,,0.0,0.0,,0.09256652975088828,2.4442113666659475,234711.01625000028,1193572.2051874986,SELL series_7 size=371.0000,,,,,,,0.1703468524644952,3201.0,,,58.66685924953384,0.16450500210423702,True,V2
,1038.964999999988,2077-03-23,2077-03-31,23010.443437499925,0.01927863545874479,1170561.7617499987,SELL series_7 fill_size=371.0000 fill_px=107.3672,True,0,0.4,0.28978073697955425,3160.0,0.027188271813049253,106.98559360168508,0.2942445203950157,,,,,,,,,,,,,0.0,0.0,,0.08899597946095432,1.911177969945221,235749.98125000027,1193572.2051874986,,,,,,,,0.17107560364915553,3201.0,,,58.66685924953384,0.16413935173190633,True,V2
,-6394.884999999994,2077-03-23,2077-04-01,28377.88718750002,0.023775593185032428,1165194.3179999986,,True,0,0.4,0.29200547903804697,3160.0,0.025841853403696585,106.98559360168508,0.30957531857431053,,,,,,,,,,,,,0.0,0.0,,0.0832861803160105,1.3271281779419495,229355.0962500003,1193572.2051874986,,,,,,,,0.16636929738272224,3201.0,,,58.66685924953384,0.15554848788630368,True,V2
,-12034.922499999999,2077-03-23,2077-04-02,34508.32468750002,0.028911803188378618,1159063.8804999986,,True,0,0.4,0.2937842281420316,3160.0,0.02812883644013856,107.03110522550374,0.28440564959112097,,,,,,,,,,,,,0.0,0.0,,0.07776038061644246,0.703598381470142,217320.1737500003,1193572.2051874986,SELL series_1 size=3201.0000,,,,,,,0.16172582301429092,3201.0,,,,0.14852409159153745,True,V2
CLOSE series_1 pnl_net=-15268.77,-1259.0625,2077-03-23,2077-04-03,42194.07468750002,0.03535108685014304,1151378.1304999986,SELL series_1 fill_size=3201.0000 fill_px=56.5600,True,0,0.4,0.2946303464637506,3160.0,0.026969488384038117,107.03110522550374,0.29663150765347107,,,,,,,,,,,,,0.0,0.0,,0.08188429178941005,0.9731261711825424,216061.1112500003,1193572.2051874986,BUY series_1 size=2852.0000,,,,,,,0.0,0.0,,,53.25113439612994,0.14468584609030088,True,V2
,-7324.5625,2077-03-23,2077-04-04,50354.59968750016,0.042188147033459064,1143217.6054999984,BUY series_1 fill_size=2852.0000 fill_px=58.4500,True,0,0.4,0.29694942665926294,3160.0,0.030735175747789768,107.03110522550374,0.2602880837789027,,,,,,,,,,,,,0.0,0.0,,0.07384648752540542,0.05571952159017669,208736.5487500003,1193572.2051874986,SELL series_7 size=390.0000,,,,,,,0.1407018219682239,2852.0,,,53.25113439612994,0.138100230651082,True,V2
,-4894.826875000002,2077-03-23,2077-04-05,56592.045937500196,0.04741401122742309,1136980.1592499984,SELL series_7 fill_size=390.0000 fill_px=107.4844,True,0,0.4,0.261290839231503,2770.0,0.029381422195833517,107.03110522550374,0.27228089731934263,,,,,,,,,,,,,0.0,0.0,,0.06515272870692104,-0.8556157031686735,203841.7218750003,1193572.2051874986,,,,,,,,0.13645691064859292,2852.0,,,53.25113439612994,0.13358707101697392,True,V2
,3432.0106249999862,2077-03-23,2077-04-06,53991.774687500205,0.04523544906025909,1139580.4304999984,,True,0,0.4,0.2595552315427379,2770.0,0.028911038699924882,,0.2767109159596119,,,,,,,,,,,,,0.0,0.0,,0.06745819806828988,-0.5675000229834212,207273.7325000003,1193572.2051874986,SELL series_7 size=2770.0000,,,,,,,0.13957421147554555,2852.0,,,53.25113439612994,0.13736625203464178,True,V2
CLOSE series_7 pnl_net=8663.05,6359.960000000011,2077-03-23,2077-04-07,48287.774687500205,0.04045651740014729,1145284.4304999984,SELL series_7 fill_size=2770.0000 fill_px=106.7812,True,0,0.4,0.0,0.0,0.03378565323486761,106.17363249465524,0.23678689721895943,,,,,,,,,,,,,0.0,0.0,,0.06890295386690226,-0.10034681969025945,213633.69250000032,1193572.2051874986,BUY series_7 size=2536.0000,,,,,,,0.14385949517192903,2852.0,,,53.25113439612994,0.14230025943456048,True,V2
,-324.575000000004,2077-03-23,2077-04-08,47928.75218750024,0.04015572076761883,1145643.4529999983,BUY series_7 fill_size=2536.0000 fill_px=106.9297,True,0,0.4,0.2370630664268287,2536.0,0.03262904220616194,106.35654267360844,0.24518035035944805,,,,,,,,,,,,,0.0,0.0,,0.06776616627251393,-0.5064447877465993,213309.1175000003,1193572.2051874986,,,,,,,,0.1437646237742697,2852.0,,,53.25113439612994,0.14094598262248587,True,V2
,-177.43000000000973,2077-03-23,2077-04-09,48607.65468750009,0.04072451961954351,1144964.5504999985,,True,0,0.4,0.23729015224214173,2536.0,0.03182155637532669,106.42036105406498,0.25140190836809356,,,,,,,,,,,,,0.0,0.0,,0.06813280556018005,-0.7545758423875243,213131.6875000003,1193572.2051874986,,,,,,,,0.14317732363714802,2852.0,,,53.25113439612994,0.1431264497676689,True,V2
,-7385.797499999999,2077-03-23,2077-04-10,55381.02968750009,0.046399396238286456,1138191.1754999985,,True,0,0.4,0.23901559189342034,2536.0,0.03027282889637384,106.57727722877462,0.2642633771486834,,,,,,,,,,,,,0.0,0.0,,0.06783694109489505,-1.0886182266007294,205745.8900000003,1193572.2051874986,BUY series_7 size=267.0000,,,,,,,0.13776504630789962,2852.0,,,53.25113439612994,0.13331933842897736,True,V2
,-11208.880312499983,2077-03-23,2077-04-11,65224.34218750009,0.05464633132710558,1128347.8629999985,BUY series_7 fill_size=267.0000 fill_px=107.3281,True,0,0.4,0.2666205558054931,2803.0,0.02935817044994968,106.65267260529072,0.2724965444845598,,,,,,,,,,,,,0.0,0.0,816.1710177704891,0.06301893376033742,-1.7917548061362834,194537.0096875003,1193572.2051874986,SELL series_1 size=2852.0000 | SELL series_1 size=2852.0000 | BUY series_10 size=76.0000,,,,,,,0.13012029783939086,2852.0,,,,0.11289232210246837,False,V2
CLOSE series_1 pnl_net=-21390.00,-7766.217187499992,2077-03-23,2077-04-12,73558.38500000001,0.06162876839817554,1120013.8201874986,SELL series_1 fill_size=2852.0000 fill_px=50.9500 | SELL series_1 fill_size=2852.0000 fill_px=50.9500 | BUY series_10 fill_size=76.0000 fill_px=929.0000,True,0,0.4,0.2678810625187399,2803.0,0.02798859393582938,106.65267260529072,0.2858307215554285,,,,,,,,,,,,,0.06073139346496006,76.0,816.1710177704891,0.06264403934387151,-2.1203637449697297,186770.7925000003,1193572.2051874986,BUY series_1 size=5136.0000 | BUY series_1 size=2852.0000,,,,,,,-0.1327946113871177,-2852.0,,,,0.10635231489343286,False,V2
CLOSE series_1 pnl_net=-4420.60,17928.07750000001,2077-03-23,2077-04-13,59996.79862499982,0.05026658493239201,1133575.4065624988,BUY series_1 fill_size=5136.0000 fill_px=52.5000 | BUY series_1 fill_size=2852.0000 fill_px=52.5000,True,0,0.4,0.2642512574182109,2803.0,0.02922441263176411,106.65267260529072,0.27374373955097986,,,,,,,,,,,,,0.06278717726933668,76.0,830.139168383738,0.0673910254628942,-1.611932159776494,204698.87000000032,1193572.2051874986,SELL series_1 size=2859.0000 | SELL series_1 size=5136.0000,,,,,,,0.2494203723573916,5136.0,,,,0.11053723445170073,False,V2
CLOSE series_1 pnl_net=15356.64,597.5259375000105,2077-03-23,2077-04-14,58539.89393749996,0.049045959417515016,1135032.3112499986,SELL series_1 fill_size=2859.0000 fill_px=55.4900 | SELL series_1 fill_size=5136.0000 fill_px=55.4900,True,0,0.4,0.2638541901244931,2803.0,0.028690335652140325,106.65267260529072,0.27883954015028034,,,,,,,,,,,,,0.06274006413224925,76.0,835.3702992134711,0.0705659108163578,-1.5527748434433253,205296.39593750032,1193572.2051874986,BUY series_1 size=5210.0000 | BUY series_1 size=2859.0000,,,,,,,-0.13946988859344703,-2859.0,,,,0.11469768832002825,False,V2
CLOSE series_1 pnl_net=457.44,10102.276562500014,2077-03-23,2077-04-15,49872.98674999992,0.04178464154346269,1143699.2184374987,BUY series_1 fill_size=5210.0000 fill_px=55.3300 | BUY series_1 fill_size=2859.0000 fill_px=55.3300,True,0,0.4,0.2622568010908293,2803.0,0.02728011004510234,106.65267260529072,0.29325394900436846,,,,,,,,,,,,,0.06473992357986938,76.0,873.8259921267945,0.07425212244025219,-1.1120028887154845,215398.67250000034,1193572.2051874986,SELL series_1 size=2790.0000 | SELL series_1 size=5210.0000 | BUY series_7 size=331.0000,,,,,,,0.2578808267465104,5210.0,,,,0.1197428599652244,False,V2
CLOSE series_1 pnl_net=7189.80,-2055.4718750000047,2077-03-23,2077-04-16,52034.70168749988,0.04359577197034823,1141537.5034999987,SELL series_1 fill_size=2790.0000 fill_px=56.7100 | SELL series_1 fill_size=5210.0000 fill_px=56.7100 | BUY series_7 fill_size=331.0000 fill_px=107.0156,True,0,0.4,0.2932666323695605,3134.0,0.02682645132802466,106.65267260529072,0.29821312935426086,,,,,,,,,,,,,0.061333946353344736,76.0,873.8259921267945,0.07026517279940055,-1.5952177109686383,213343.20062500032,1193572.2051874986,BUY series_1 size=5236.0000 | BUY series_1 size=2790.0000,,,,,,,-0.13679471723111913,-2790.0,,,,0.11996013364264407,False,V2
CLOSE series_1 pnl_net=2315.70,1499.6881249999897,2077-03-23,2077-04-17,50879.87293750001,0.04262823205530936,1142692.3322499986,BUY series_1 fill_size=5236.0000 fill_px=55.8800 | BUY series_1 fill_size=2790.0000 fill_px=55.8800,True,0,0.4,0.2933773624260709,3134.0,0.0266853873588369,106.65267260529072,0.2997895399614947,,,,,,,,,,,,,0.06211995827453413,76.0,873.8259921267945,0.07381065975531123,-1.3848727874851117,214842.8887500003,1193572.2051874986,SELL series_1 size=2714.0000 | SELL series_1 size=5236.0000,,,,,,,0.25586785851997246,5236.0,,,,0.12319551840833758,False,V2
CLOSE series_1 pnl_net=52.36,-5445.139999999995,2077-03-23,2077-04-18,56015.5445625002,0.04693100620058483,1137556.6606249984,SELL series_1 fill_size=2714.0000 fill_px=55.8900 | SELL series_1 fill_size=5236.0000 fill_px=55.8900,True,0,0.4,0.295412139462458,3134.0,0.02611869630777301,106.65267260529072,0.3062940012675585,,,,,,,,,,,,,0.062400408223182345,76.0,873.8259921267945,0.07369385783860062,-1.3255493121316517,209397.74875000032,1193572.2051874986,BUY series_1 size=5206.0000 | BUY series_1 size=2714.0000,,,,,,,-0.13854429010455624,-2714.0,,,,0.12722262955838143,False,V2
CLOSE series_1 pnl_net=-6133.64,9057.432500000017,2077-03-23,2077-04-19,47201.23206249997,0.03954618904273589,1146370.9731249986,BUY series_1 fill_size=5206.0000 fill_px=58.1500 | BUY series_1 fill_size=2714.0000 fill_px=58.1500,True,0,0.4,0.29271358682457777,3134.0,0.027077780837172587,106.65267260529072,0.2954451861512055,,,,,,,,,,,,,0.06119136095078985,76.0,873.8259921267945,0.0754441137936093,-1.385789721126617,218455.18125000034,1193572.2051874986,SELL series_1 size=2742.0000,,,,,,,0.27324925991984644,5206.0,,,54.23478758860577,0.12932083568467806,True,V2
,-1268.5,2077-03-23,2077-04-20,49472.25143750012,0.04144889703570846,1144099.9537499985,SELL series_1 fill_size=2742.0000 fill_px=60.1700,True,0,0.4,0.29378683121024507,3134.0,0.026555015338526354,106.65267260529072,0.3012613586554213,,,,,,,,,,,,,0.059552489078142395,76.0,873.8259921267945,0.07429179102935932,-1.5802517204091293,217186.68125000034,1193572.2051874986,,,,,,,,0.12909025956684267,2464.0,,,54.23765990370535,0.1340875266774571,True,V2
,2956.276249999996,2077-03-23,2077-04-21,45764.348937500035,0.03834233801574736,1147807.8562499986,,True,0,0.4,0.2927524503951577,3134.0,0.026339107060688555,106.65267260529072,0.30373087369921137,,,,,,,,,,,,,0.0593270028857237,76.0,873.8259921267945,0.07642909163199665,-1.5081281952434062,220142.95750000034,1193572.2051874986,,,,,,,,0.1320220968822108,2464.0,,,55.64425562486926,0.13397314825107293,True,V2
,2267.5218749999967,2077-03-23,2077-04-22,43735.27206250001,0.03664233455874554,1149836.9331249986,,True,0,0.4,0.29183125859684095,3134.0,0.025069871865126728,106.65267260529072,0.31910813278341266,,,,,,,,,,,,,0.059205786523991714,76.0,873.8259921267945,0.07881403059060213,-1.4414081492450448,222410.47937500034,1193572.2051874986,BUY series_7 size=292.0000,,,,,,,0.13397489292792905,2464.0,,,56.78073736595003,0.13895930315883426,True,V2
,1194.4706249999972,2077-03-23,2077-04-23,44983.91331249988,0.03768847256746678,1148588.2918749987,BUY series_7 fill_size=292.0000 fill_px=106.9922,True,0,0.4,0.3184829581344982,3426.0,0.02463239361430758,106.65267260529072,0.324775583131038,,,,,,,,,,,,,0.06117248495133245,76.0,873.8259921267945,0.08392713906948628,-1.1371183180783178,223604.95000000033,1193572.2051874986,BUY series_10 size=28.0000,,,,,,,0.1319967485934462,2464.0,,,56.78073736595003,0.13912103749565854,True,V2
,-3563.8712499999883,2077-03-23,2077-04-24,45802.10393750016,0.038373969952077674,1147770.1012499984,BUY series_10 fill_size=28.0000 fill_px=939.2500,True,0,0.4,0.3179404402088667,3426.0,0.02653132908570542,,0.30153031437502503,,,,,,,,,,,,,0.08408652559854275,104.0,873.8259921267945,0.08535197594937377,-1.066950379409031,220041.07875000034,1193572.2051874986,SELL series_7 size=3426.0000,,,,,,,0.1321981813559636,2464.0,,,56.78073736595003,0.1377806968956964,True,V2
CLOSE series_7 pnl_net=-1464.59,-3179.8400000000056,2077-03-23,2077-04-25,49938.00143749989,0.041839112221664976,1143634.2037499987,SELL series_7 fill_size=3426.0000 fill_px=106.5469,True,0,0.4,0.0,0.0,0.02745457535921126,105.72547034924355,0.29139041108191566,,,,,,,,,,,,,0.08048027918210128,104.0,873.8259921267945,0.0810815887850035,-1.3744909922999797,216861.23875000034,1193572.2051874986,BUY series_7 size=3132.0000,,,,,,,0.13302099526332062,2464.0,,,56.78073736595003,0.1368975103448779,True,V2
,-8501.349999999997,2077-03-23,2077-04-26,57756.9189375001,0.04838996642723182,1135815.2862499985,BUY series_7 fill_size=3132.0000 fill_px=106.4766,True,0,0.4,0.29347886516877775,3132.0,0.026555977983865824,105.7713072885833,0.3012504380317091,,,,,,,,,,,,,0.07869941625378447,104.0,,0.07945290158942572,-1.5038049448569604,208359.88875000033,1193572.2051874986,SELL series_10 size=104.0000,,,,,,,0.12955458671966802,2464.0,,,56.78073736595003,0.1305992274821986,True,V2
CLOSE series_10 pnl_net=-7151.00,4830.981249999993,2077-03-23,2077-04-27,52881.230187499896,0.04430501142508825,1140690.9749999987,SELL series_10 fill_size=104.0000 fill_px=863.0000,False,0,0.4,0.2919884809292897,3132.0,0.02527546711899375,,0.31651244910082166,,,,,,,,,,,,,0.0,0.0,,0.08275206938937342,-1.3706444599395369,213190.87000000032,1193572.2051874986,BUY series_7 size=263.0000 | SELL series_7 size=3132.0000,,,,,,,0.13327781435283134,2464.0,,,56.78073736595003,0.13424398638250876,True,V2
,689.9200000000028,2077-03-23,2077-04-28,52380.02612499986,0.043885092076831216,1141192.1790624987,BUY series_7 fill_size=263.0000 fill_px=106.3438 | SELL series_7 fill_size=3132.0000 fill_px=106.3438,False,0,0.6,0.02451346129578403,263.0,0.024300858377651575,,0.4938097170689193,,,,,,,,,,,,,0.0,0.0,752.2226363973978,0.08027661695300549,-1.5677888292097835,213880.79000000033,1193572.2051874986,BUY series_10 size=110.0000 | BUY series_7 size=5034.0000 | SELL series_7 size=263.0000,,,,,,,0.1337806574572037,2464.0,,,56.78073736595003,0.13924226207808654,True,V2
,-4601.308750000006,2077-03-23,2077-04-29,57234.4033125001,0.04795219180184339,1136337.8018749985,BUY series_10 fill_size=110.0000 fill_px=829.0000 | BUY series_7 fill_size=5034.0000 fill_px=106.3438 | SELL series_7 fill_size=263.0000 fill_px=106.3438,False,0,0.6,0.46968602425646616,5034.0,0.023127262419593182,,0.5188681557845655,,,,,,,,,,,,,0.07976501340573262,110.0,752.2226363973978,0.08304313497012658,-1.5619726703423378,209279.48125000033,1193572.2051874986,BUY series_7 size=527.0000 | SELL series_7 size=5034.0000,,,,,,,0.13198863907591696,2464.0,,,56.78073736595003,0.1404626373652384,True,V2
,-3678.431562499997,2077-03-23,2077-04-30,61237.74424999999,0.05130627538396819,1132334.4609374986,BUY series_7 fill_size=527.0000 fill_px=106.0469 | SELL series_7 fill_size=5034.0000 fill_px=106.0469,False,0,0.4,0.04933711647462051,527.0,0.026363440565180724,,0.3034505295399846,,,,,,,,,,,,,0.07922129290821914,110.0,752.2226363973978,0.08548872501977069,-1.5426200691597707,205601.04968750034,1193572.2051874986,BUY series_7 size=2714.0000 | SELL series_7 size=527.0000,,,,,,,0.12980051837185297,2464.0,,,56.78073736595003,0.13850281006481308,True,V2
,476.3099999999977,2077-03-23,2077-05-01,61105.086749999784,0.051195132128936234,1132467.1184374988,BUY series_7 fill_size=2714.0000 fill_px=106.0234 | SELL series_7 fill_size=527.0000 fill_px=106.0234,False,0,0.4,0.25431382702957916,2714.0,0.025067479156778746,,0.31913859187698346,,,,,,,,,,,,,0.08168890601224608,110.0,770.1768429901905,0.09088594378211419,-1.265630012118238,206077.35968750034,1193572.2051874986,BUY series_7 size=691.0000 | SELL series_7 size=2714.0000,,,,,,,0.12723965018853006,2464.0,,,56.78073736595003,0.13225067706596752,True,V2
,-5565.57687499999,2077-03-23,2077-05-02,66241.77049999987,0.05549875425391121,1127330.4346874987,BUY series_7 fill_size=691.0000 fill_px=106.1484 | SELL series_7 fill_size=2714.0000 fill_px=106.1484,False,0,0.6,0.06506394935823104,691.0,0.02427740271194601,,0.4942868124066355,,,,,,,,,,,,,0.07888991307562206,110.0,770.1768429901905,0.08776744521968832,-1.4404155070484235,200511.78281250034,1193572.2051874986,BUY series_7 size=4558.0000 | SELL series_7 size=691.0000,,,,,,,0.12637685954029348,2464.0,,,56.78073736595003,0.13457661964126044,True,V2
,1529.7743749999986,2077-03-23,2077-05-03,64902.03674999974,0.05437629702494979,1128670.1684374989,BUY series_7 fill_size=4558.0000 fill_px=106.1328 | SELL series_7 fill_size=691.0000 fill_px=106.1328,False,0,0.6,0.4294565640651479,4558.0,0.023121711632996273,,0.5189927195041727,,,,,,,,,,,,,0.07806532188405152,110.0,770.1768429901905,0.09114356542595532,-1.4158729089587065,202041.55718750035,1193572.2051874986,BUY series_7 size=950.0000 | SELL series_7 size=4558.0000,,,,,,,0.1273402310251269,2464.0,,,56.78073736595003,0.13908197043284862,True,V2
,-6851.210625000006,2077-03-23,2077-05-04,71243.21924999962,0.0596890736399211,1122328.985937499,BUY series_7 fill_size=950.0000 fill_px=106.3281 | SELL series_7 fill_size=4558.0000 fill_px=106.3281,False,0,0.6,0.08986962157601884,950.0,0.02348814117120312,,0.5108961118946362,,,,,,,,,,,,,0.07742827734900838,110.0,770.1768429901905,0.09169464573243703,-1.4182206366724552,195190.34656250034,1193572.2051874986,SELL series_1 size=2464.0000 | BUY series_7 size=4450.0000 | SELL series_7 size=950.0000,,,,,,,0.12371274531773714,2464.0,,,,0.13250313509666048,True,V2
CLOSE series_1 pnl_net=610.84,1498.984375,2077-03-23,2077-05-05,70288.64737499971,0.0588893131638886,1123283.5578124989,SELL series_1 fill_size=2464.0000 fill_px=56.1500 | BUY series_7 fill_size=4450.0000 fill_px=106.1172 | SELL series_7 fill_size=950.0000 fill_px=106.1172,False,0,0.6,0.4198986365415414,4450.0,0.02348792851467393,,0.5109007374789598,,,,,,,,,,,,,0.07922309498885625,110.0,770.1768429901905,0.09721074516249699,-1.2106147977369306,196689.33093750034,1193572.2051874986,BUY series_1 size=2640.0000 | BUY series_7 size=964.0000 | SELL series_7 size=4450.0000,,,,,,,0.0,0.0,,,51.83329802037389,0.13459847176875583,True,V2
,-95.01875000000825,2077-03-23,2077-05-06,70676.81424999982,0.05921452756927863,1122895.3909374988,BUY series_1 fill_size=2640.0000 fill_px=57.2700 | BUY series_7 fill_size=964.0000 fill_px=105.9844 | SELL series_7 fill_size=4450.0000 fill_px=105.9844,False,0,0.6,0.09106082550096727,964.0,0.02359595599134749,,0.5085617215255164,,,,,,,,,,,,,0.07890761749945754,110.0,770.1768429901905,0.09694735402540543,-1.1755057169659437,196594.31218750033,1193572.2051874986,BUY series_7 size=4419.0000 | SELL series_7 size=964.0000,,,,,,,0.13488059637821614,2640.0,,,52.10591959034718,0.13902313972374705,True,V2
,2872.1874999999964,2077-03-23,2077-05-07,67723.79768749978,0.05674042792983859,1125848.4074999988,BUY series_7 fill_size=4419.0000 fill_px=106.0547 | SELL series_7 fill_size=964.0000 fill_px=106.0547,False,0,0.6,0.4166061956036479,4419.0,0.022681481362245022,,0.5290659727355761,,,,,,,,,,,,,0.07992194988293759,110.0,770.1768429901905,0.09935491364429502,-1.033216922860979,199466.49968750033,1193572.2051874986,BUY series_7 size=1192.0000 | SELL series_7 size=4419.0000,,,,,,,0.13562891680867806,2640.0,,,52.60371104817953,0.14090598409486102,True,V2
,3401.1875000000036,2077-03-23,2077-05-08,65400.836749999784,0.05479420219887405,1128171.3684374988,BUY series_7 fill_size=1192.0000 fill_px=106.1172 | SELL series_7 fill_size=4419.0000 fill_px=106.1172,False,0,0.6,0.11223655026396366,1192.0,0.021777743743584543,,0.5510212692963226,,,,,,,,,,,,,0.07873360597957857,110.0,770.1768429901905,0.10113345325531523,-1.0800137374907692,202867.68718750033,1193572.2051874986,BUY series_10 size=31.0000 | BUY series_7 size=4660.0000 | SELL series_7 size=1192.0000,,,,,,,0.13843854255609267,2640.0,,,53.96916025902384,0.1453835607900999,True,V2
,2626.0937499999927,2077-03-23,2077-05-09,61836.37112500006,0.051807817621964625,1131735.8340624985,BUY series_10 fill_size=31.0000 fill_px=810.2500 | BUY series_7 fill_size=4660.0000 fill_px=106.2344 | SELL series_7 fill_size=1192.0000 fill_px=106.2344,False,0,0.6,0.43797419753930605,4660.0,0.02103475435866293,,0.5704844371076734,,,,,,,,,,,,,0.1024108246037913,141.0,,0.10308340509568838,-0.9573988675459416,205493.78093750033,1193572.2051874986,SELL series_10 size=141.0000 | BUY series_7 size=1409.0000 | SELL series_7 size=4660.0000,,,,,,,0.13891227552252108,2640.0,,,54.47993452623642,0.14982799065235122,True,V2
CLOSE series_10 pnl_net=-405.75,7433.792187500001,2077-03-23,2077-05-10,55202.321124999784,0.04624967043056104,1138369.8840624988,SELL series_10 fill_size=141.0000 fill_px=822.0000 | BUY series_7 fill_size=1409.0000 fill_px=106.4141 | SELL series_7 fill_size=4660.0000 fill_px=106.4141,False,0,0.6,0.13171238642348707,1409.0,0.020878487687460107,,0.5747542724182728,,,,,,,,,,,,,0.0,0.0,,0.0988392871401493,-1.113376476210554,212927.57312500032,1193572.2051874986,BUY series_7 size=4739.0000 | SELL series_7 size=1409.0000,,,,,,,0.14378454867048612,2640.0,,,56.763510631505255,0.15103452028952616,True,V2
,-4077.4921875,2077-03-23,2077-05-11,57783.274249999784,0.048412047464629585,1135788.9309374988,BUY series_7 fill_size=4739.0000 fill_px=106.4062 | SELL series_7 fill_size=1409.0000 fill_px=106.4062,False,0,0.6,0.4434836909105414,4739.0,0.019966129554601437,,0.6,,,,,,,,,,,,,0.0,0.0,,0.10336779109324065,-1.0966007762859595,208850.08093750032,1193572.2051874986,BUY series_7 size=1672.0000 | SELL series_7 size=4739.0000,,,,,,,0.14243773256925898,2640.0,,,56.763510631505255,0.15226410990607891,True,V2
,1906.5749999999994,2077-03-23,2077-05-12,56408.45237499988,0.04726019266353363,1137163.7528124987,BUY series_7 fill_size=1672.0000 fill_px=106.2422 | SELL series_7 fill_size=4739.0000 fill_px=106.2422,False,0,0.6,0.15572806648296256,1672.0,0.019724204570114628,,0.6,,,,,,,,,,,,,0.0,0.0,,0.10587519417142947,-1.1754803761536672,210756.65593750033,1193572.2051874986,BUY series_7 size=4769.0000 | SELL series_7 size=1672.0000,,,,,,,0.14416921010234832,2640.0,,,57.06318008532851,0.15727508691759146,True,V2
,-1580.8046875,2077-03-23,2077-05-13,58671.52581249969,0.04915624338226188,1134900.679374999,BUY series_7 fill_size=4769.0000 fill_px=105.9141 | SELL series_7 fill_size=1672.0000 fill_px=105.9141,False,0,0.6,0.44457220446185486,4769.0,0.024584227147025576,,0.4881178459763731,,,,,,,,,,,,,0.0,0.0,706.7265633786939,0.10209773861815809,-1.5519653110826162,209175.85125000033,1193572.2051874986,BUY series_10 size=151.0000 | BUY series_7 size=467.0000 | SELL series_7 size=4769.0000,,,,,,,0.1430609770093831,2640.0,,,57.06318008532851,0.15992122309102708,True,V2
,-2339.6781249999867,2077-03-23,2077-05-14,61176.63831249974,0.05125507953906273,1132395.5668749989,BUY series_10 fill_size=151.0000 fill_px=764.7500 | BUY series_7 fill_size=467.0000 fill_px=105.8594 | SELL series_7 fill_size=4769.0000 fill_px=105.8594,False,0,0.6,0.04370796263498932,467.0,0.023896984601228383,,0.5021554058072734,,,,,,,,,,,,,0.10287615335821924,151.0,715.3443088516443,0.10515215101999394,-1.4256233573777213,206836.17312500035,1193572.2051874986,BUY series_7 size=4898.0000 | SELL series_7 size=467.0000,,,,,,,0.13995038892402692,2640.0,,,57.06318008532851,0.15169363587248214,True,V2
,4215.196875000002,2077-03-23,2077-05-15,55860.21018749988,0.04680086378077544,1137711.9949999987,BUY series_7 fill_size=4898.0000 fill_px=106.0000 | SELL series_7 fill_size=467.0000 fill_px=106.0000,False,0,0.6,0.4564112301989051,4898.0,0.024074486259508105,,0.49845300417410393,,,,,,,,,,,,,0.10292631220786252,151.0,721.4000725050984,0.10971376697569758,-1.307937103591648,211051.37000000034,1193572.2051874986,BUY series_7 size=451.0000 | SELL series_7 size=4898.0000,,,,,,,0.14351962598407886,2640.0,,,57.06318008532851,0.15394684635522818,True,V2
,-490.97187500000064,2077-03-23,2077-05-16,57832.21799999988,0.04845305357199986,1135739.9871874987,BUY series_7 fill_size=451.0000 fill_px=106.0234 | SELL series_7 fill_size=4898.0000 fill_px=106.0234,False,0,0.6,0.04213581335945301,451.0,0.022930060553404345,,0.523330497625677,,,,,,,,,,,,,0.10516579617468513,151.0,736.9072101833056,0.11192139392439113,-1.0685155856142239,210560.39812500036,1193572.2051874986,BUY series_7 size=5150.0000 | SELL series_7 size=451.0000,,,,,,,0.1399334370480016,2640.0,,,57.06318008532851,0.14839220325523153,True,V2
,498.45312499998863,2077-03-23,2077-05-17,55859.24143749988,0.046800052141566864,1137712.9637499987,BUY series_7 fill_size=5150.0000 fill_px=106.1328 | SELL series_7 fill_size=451.0000 fill_px=106.1328,False,0,0.6,0.4811660969790023,5150.0,0.02216692699967449,,0.5413470256917531,,,,,,,,,,,,,0.10405436500415383,151.0,736.9072101833056,0.11261772207811566,-1.1479764123538831,211058.85125000036,1193572.2051874986,BUY series_7 size=644.0000 | SELL series_7 size=5150.0000,,,,,,,0.1416167391368535,2640.0,,,57.06318008532851,0.14945825218251207,True,V2
,6286.343749999996,2077-03-23,2077-05-18,51143.07581249997,0.04284874898244291,1142429.1293749986,BUY series_7 fill_size=644.0000 fill_px=106.2812 | SELL series_7 fill_size=5150.0000 fill_px=106.2812,False,0,0.6,0.05981943824155397,644.0,0.022527440071027038,,0.5326836942930513,,,,,,,,,,,,,0.10283176170785316,151.0,736.9072101833056,0.11547616556688955,-1.2093258606892405,217345.19500000036,1193572.2051874986,BUY series_7 size=5090.0000 | SELL series_7 size=644.0000,,,,,,,0.1461622394829442,2640.0,,,57.879211123299555,0.15022672730203568,True,V2
,-10993.553124999995,2077-03-23,2077-05-19,61183.58831250016,0.05126090239583688,1132388.6168749984,BUY series_7 fill_size=5090.0000 fill_px=106.1172 | SELL series_7 fill_size=644.0000 fill_px=106.1172,False,0,0.6,0.4758648897955885,5090.0,0.022734457519135127,,0.5278331356664151,,,,,,,,,,,,,0.09934310388111049,151.0,736.9072101833056,0.10797064995477816,-1.657229663484876,206351.64187500035,1193572.2051874986,BUY series_7 size=555.0000 | SELL series_7 size=5090.0000,,,,,,,0.14414768708154427,2640.0,,,57.879211123299555,0.14327329244747125,True,V2
,6423.585937500007,2077-03-23,2077-05-20,55221.50549999997,0.04626574350508205,1138350.6996874986,BUY series_7 fill_size=555.0000 fill_px=105.8906 | SELL series_7 fill_size=5090.0000 fill_px=105.8906,False,0,0.6,0.051752401811386156,555.0,0.024077767478742046,,0.4983850770464765,,,,,,,,,,,,,0.09981765727485664,151.0,736.9072101833056,0.11264735943929685,-1.495364746320865,212775.22781250035,1193572.2051874986,BUY series_7 size=4789.0000 | SELL series_7 size=555.0000,,,,,,,0.14740483758306136,2640.0,,,57.941054488967474,0.14429584477795623,True,V2
,-4192.139062500006,2077-03-23,2077-05-21,58481.95237499988,0.04899741475281165,1135090.2528124987,BUY series_7 fill_size=4789.0000 fill_px=106.1484 | SELL series_7 fill_size=555.0000 fill_px=106.1484,False,0,0.4,0.44731794756356935,4789.0,0.025808594741962232,,0.30997425779997195,,,,,,,,,,,,,0.10096906366346169,151.0,736.9072101833056,0.11809617750979287,-1.3239831023682587,208583.08875000034,1193572.2051874986,SELL series_7 size=1470.0000 | SELL series_7 size=4789.0000,,,,,,,0.14466514851407583,2640.0,,,57.941054488967474,0.13609423051074435,True,V2
CLOSE series_7 pnl_net=-2530.00,1660.6781249999904,2077-03-23,2077-05-22,57055.74143749988,0.04780250510989151,1136516.4637499987,SELL series_7 fill_size=1470.0000 fill_px=106.0156 | SELL series_7 fill_size=4789.0000 fill_px=106.0156,False,0,0.4,-0.13688085365406585,-1470.0,0.025097358327471897,,0.3187586476479119,,,,,,,,,,,,,0.10084235790288623,151.0,736.9072101833056,0.12053616862692532,-1.2553408200050955,210243.76687500032,1193572.2051874986,BUY series_7 size=4893.0000 | BUY series_7 size=1470.0000,,,,,,,0.14552890809365557,2640.0,,,57.941054488967474,0.13978490654563677,True,V2
CLOSE series_7 pnl_net=310.08,-8215.282812499998,2077-03-23,2077-05-23,65700.02737500006,0.05504487042296635,1127872.1778124985,BUY series_7 fill_size=4893.0000 fill_px=105.8047 | BUY series_7 fill_size=1470.0000 fill_px=105.8047,False,0,0.4,0.45890630732097515,4893.0,0.025255551643345333,,0.31676203762937594,,,,,,,,,,,,,0.09954009169527002,151.0,736.9072101833056,0.1181744275650449,-1.427669268157039,202028.48406250033,1193572.2051874986,SELL series_7 size=1515.0000 | SELL series_7 size=4893.0000,,,,,,,0.14114365362638162,2640.0,,,57.941054488967474,0.1324600934120097,True,V2
CLOSE series_7 pnl_net=-191.13,5595.920312500013,2077-03-23,2077-05-24,60570.09300000011,0.05074690306690339,1133002.1121874985,SELL series_7 fill_size=1515.0000 fill_px=105.7656 | SELL series_7 fill_size=4893.0000 fill_px=105.7656,False,0,0.6,-0.14152955190913485,-1515.0,0.02409207901808822,,0.4980890188426851,,,,,,,,,,,,,0.10148833683813212,151.0,736.9072101833056,0.12290945315252479,-1.0965247590524736,207624.40437500033,1193572.2051874986,BUY series_10 size=31.0000 | BUY series_7 size=6846.0000 | BUY series_7 size=1515.0000,,,,,,,0.14285798610516123,2640.0,,,57.941054488967474,0.1367938937365964,True,V2
CLOSE series_7 pnl_net=698.32,6526.953125000004,2077-03-23,2077-05-25,52954.42581250006,0.0443663362654976,1140617.7793749985,BUY series_10 fill_size=31.0000 fill_px=759.5000 | BUY series_7 fill_size=6846.0000 fill_px=105.3047 | BUY series_7 fill_size=1515.0000 fill_px=105.3047,False,0,0.6,0.6337279158677335,6846.0,0.0230614770617676,,0.520348283323715,,,,,,,,,,,,,0.12485777670240797,182.0,,0.12429468295555143,-0.7308631399748955,214151.35750000033,1193572.2051874986,SELL series_10 size=182.0000 | SELL series_7 size=1224.0000 | SELL series_7 size=6846.0000,,,,,,,0.1428068218340893,2640.0,,,57.941054488967474,0.1411780399860657,True,V2
CLOSE series_10 pnl_net=2938.25 | CLOSE series_7 pnl_net=1871.95,-1947.7875000000015,2077-03-23,2077-05-26,57281.57581249997,0.04799171391855727,1136290.6293749986,SELL series_10 fill_size=182.0000 fill_px=780.0000 | SELL series_7 fill_size=1224.0000 fill_px=105.5781 | SELL series_7 fill_size=6846.0000 fill_px=105.5781,False,0,0.6,-0.11394642061883117,-1224.0,0.024514554737971483,,0.4895051176031668,,,,,,,,,,,,,0.0,0.0,,0.1179976869710131,-1.2247017204222106,212203.57000000033,1193572.2051874986,BUY series_7 size=6482.0000 | BUY series_7 size=1224.0000,,,,,,,0.14181723921162315,2640.0,,,57.941054488967474,0.14235813790231663,True,V2
CLOSE series_7 pnl_net=-258.19,-1722.9656250000105,2077-03-23,2077-05-27,59053.79768750002,0.049476518832158325,1134518.4074999986,BUY series_7 fill_size=6482.0000 fill_px=105.7891 | BUY series_7 fill_size=1224.0000 fill_px=105.7891,False,0,0.6,0.6043745592554441,6482.0,0.024741357821810347,,0.48501784285345867,,,,,,,,,,,,,0.0,0.0,,0.12228068075362587,-1.1419821378233062,210480.60437500032,1193572.2051874986,SELL series_7 size=1280.0000 | SELL series_7 size=6482.0000,,,,,,,0.1407123929807196,2640.0,,,57.941054488967474,0.14701823668778977,True,V2
CLOSE series_7 pnl_net=-455.77,6070.0,2077-03-23,2077-05-28,53657.80393750011,0.04495564131293673,1139914.4012499985,SELL series_7 fill_size=1280.0000 fill_px=105.7188 | SELL series_7 fill_size=6482.0000 fill_px=105.7188,False,0,0.6,-0.11864925984941378,-1280.0,0.023523052626157608,,0.5101378715896769,,,,,,,,,,,,,0.0,0.0,,0.12681495400329648,-0.5192315120217135,216550.60437500032,1193572.2051874986,BUY series_7 size=6783.0000 | BUY series_7 size=1280.0000,,,,,,,0.14509510522775337,2640.0,,,57.941054488967474,0.15082316412879865,True,V2
CLOSE series_7 pnl_net=130.00,6368.549999999989,2077-03-23,2077-05-29,47793.48050000006,0.040042387291091594,1145778.7246874985,BUY series_7 fill_size=6783.0000 fill_px=105.6172 | BUY series_7 fill_size=1280.0000 fill_px=105.6172,False,0,0.6,0.6265940715959895,6783.0,0.02291686695350455,,0.5236317872048782,,,,,,,,,,,,,0.0,0.0,,0.12666788291094602,0.0215094117364406,222919.1543750003,1193572.2051874986,SELL series_7 size=1114.0000 | SELL series_7 size=6783.0000,,,,,,,0.1482464251955169,2640.0,,,58.98218280024584,0.1531855928316051,True,V2
CLOSE series_7 pnl_net=1695.75,-1266.3437499999814,2077-03-23,2077-05-30,47168.92581250006,0.03951912218422536,1146403.2793749985,SELL series_7 fill_size=1114.0000 fill_px=105.8672 | SELL series_7 fill_size=6783.0000 fill_px=105.8672,False,0,0.6,-0.10224472453001278,-1114.0,0.023092826497110575,,0.5196418897228309,,,,,,,,,,,,,0.0,0.0,,0.11828370742620867,-0.3944138847825199,221652.81062500033,1193572.2051874986,BUY series_7 size=6775.0000 | BUY series_7 size=1114.0000,,,,,,,0.14807354711384477,2640.0,,,59.08381260022828,0.15724706363598925,True,V2
CLOSE series_7 pnl_net=713.66,-5312.3656250000095,2077-03-23,2077-05-31,53883.63987500011,0.045144851430697915,1139688.5653124985,BUY series_7 fill_size=6775.0000 fill_px=105.2266 | BUY series_7 fill_size=1114.0000 fill_px=105.2266,False,0,0.4,0.6235334862556481,6775.0,0.034488837503783225,,0.23195910848321427,,,,,,,,,,,,,0.0,0.0,,0.12343632818363384,0.08685237874596623,216340.44500000033,1193572.2051874986,SELL series_7 size=4254.0000 | SELL series_7 size=6775.0000,,,,,,,0.1451238566692551,2640.0,,,59.08381260022828,0.15086954917379505,True,V2
CLOSE series_7 pnl_net=-2434.77,5655.768750000008,2077-03-23,2077-06-01,48893.34768750006,0.04096387924836051,1144678.8574999985,SELL series_7 fill_size=4254.0000 fill_px=104.8672 | SELL series_7 fill_size=6775.0000 fill_px=104.8672,False,0,0.4,-0.3906207215415443,-4254.0,0.03563165754702553,,0.2245194456486302,,,,,,,,,,,,,0.0,0.0,,0.12434252419177966,1.462496432594793,221996.21375000034,1193572.2051874986,BUY series_7 size=6699.0000 | BUY series_7 size=4254.0000,,,,,,,0.14991104175259934,2640.0,,,59.634766986931524,0.15454306656287803,True,V2
CLOSE series_7 pnl_net=-997.03,-450.604687500012,2077-03-23,2077-06-02,48045.95550000016,0.040253916177993274,1145526.2496874984,BUY series_7 fill_size=6699.0000 fill_px=105.1016 | BUY series_7 fill_size=4254.0000 fill_px=105.1016,False,0,0.4,0.6126659446402551,6699.0,0.03510792328751775,,0.2278687900302071,,,,,,,,,,,,,0.0,0.0,,0.11929624657891438,1.1955960005399757,221545.60906250033,1193572.2051874986,SELL series_7 size=4207.0000 | SELL series_7 size=6699.0000,,,,,,,0.15256568764589815,2640.0,,,60.72514077357928,0.15424453650709646,True,V2
CLOSE series_7 pnl_net=-2773.80,350.1984375000045,2077-03-23,2077-06-03,48629.94299999997,0.040743193238452366,1144942.2621874986,SELL series_7 fill_size=4207.0000 fill_px=104.6875 | SELL series_7 fill_size=6699.0000 fill_px=104.6875,False,0,0.4,-0.3846659583152636,-4207.0,0.03644244255922137,,0.21952425354034585,,,,,,,,,,,,,0.0,0.0,,0.11928762295814208,2.150271503166424,221895.80750000034,1193572.2051874986,BUY series_7 size=6607.0000 | BUY series_7 size=4207.0000,,,,,,,0.15262044713603548,2640.0,,,60.74905928975218,0.15518264318170963,True,V2
CLOSE series_7 pnl_net=-98.60,-1711.268749999982,2077-03-23,2077-06-04,50443.33987500006,0.04226249543660905,1143128.8653124985,BUY series_7 fill_size=6607.0000 fill_px=104.7109 | BUY series_7 fill_size=4207.0000 fill_px=104.7109,False,0,0.4,0.6052482814882474,6607.0,0.03476892615956921,,0.23009051137457168,,,,,,,,,,,,,0.0,0.0,,0.11814728189738391,2.03379002828998,220184.53875000036,1193572.2051874986,SELL series_7 size=4095.0000 | SELL series_7 size=6607.0000,,,,,,,0.15161545234239224,2640.0,,,60.74905928975218,0.14755505986316,True,V2
CLOSE series_7 pnl_net=-206.47,296.25,2077-03-23,2077-06-05,51174.61956250016,0.04287517700235079,1142397.5856249984,SELL series_7 fill_size=4095.0000 fill_px=104.6797 | SELL series_7 fill_size=6607.0000 fill_px=104.6797,False,0,0.4,-0.37590339669490896,-4095.0,0.0330484334790983,,0.24206896236275935,,,,,,,,,,,,,0.0,0.0,,0.12219832524592626,2.464099627321088,220480.78875000036,1193572.2051874986,BUY series_7 size=6732.0000 | BUY series_7 size=4095.0000,,,,,,,0.15205914489478134,2640.0,,,60.74905928975218,0.15025697946436495,True,V2
CLOSE series_7 pnl_net=-1023.75,-450.6562500000225,2077-03-23,2077-06-06,51229.61956250016,0.0429212571638701,1142342.5856249984,BUY series_7 fill_size=6732.0000 fill_px=104.9297 | BUY series_7 fill_size=4095.0000 fill_px=104.9297,False,0,0.4,0.6186890179825698,6732.0,0.03202875742514556,,0.24977553433650398,,,,,,,,,,,,,0.0,0.0,,0.12657605105639858,2.810561323707914,220030.13250000033,1193572.2051874986,SELL series_7 size=4014.0000 | SELL series_7 size=6732.0000,,,,,,,0.1520664660373829,2640.0,,,60.74905928975218,0.1516359214962388,True,V2
CLOSE series_7 pnl_net=473.34,-3728.8124999999773,2077-03-23,2077-06-07,53991.925812500296,0.045235575675975706,1139580.2793749983,SELL series_7 fill_size=4014.0000 fill_px=105.0000 | SELL series_7 fill_size=6732.0000 fill_px=105.0000,False,0,0.4,-0.3690211443292427,-4014.0,0.030835320960507624,,0.25944273485092023,,,,,,,,,,,,,0.0,0.0,,0.12384056726219636,2.101412471063476,216301.32000000036,1193572.2051874986,BUY series_7 size=6836.0000 | BUY series_7 size=4014.0000,,,,,,,0.14933076947710255,2640.0,,,60.74905928975218,0.14847201526117407,True,V2
CLOSE series_7 pnl_net=627.19,-22.156250000015007,2077-03-23,2077-06-08,53964.55706250016,0.04521264555923774,1139607.6481249984,BUY series_7 fill_size=6836.0000 fill_px=104.8438 | BUY series_7 fill_size=4014.0000 fill_px=104.8438,False,0,0.4,0.6298483527913897,6836.0,0.030754784718531023,,0.26012212646637944,,,,,,,,,,,,,0.0,0.0,,0.1232765932455465,1.6812283549461242,216279.16375000033,1193572.2051874986,SELL series_7 size=4012.0000 | SELL series_7 size=6836.0000,,,,,,,0.14874803646579837,2640.0,,,60.74905928975218,0.15118810311061578,True,V2
CLOSE series_7 pnl_net=373.84,118.7500000000075,2077-03-23,2077-06-09,56299.80706250016,0.047169167326291755,1137272.3981249984,SELL series_7 fill_size=4012.0000 fill_px=104.8984 | SELL series_7 fill_size=6836.0000 fill_px=104.8984,False,0,0.4,-0.36980624711668664,-4012.0,0.030892635052624153,,0.2589613992581849,,,,,,,,,,,,,0.0,0.0,,0.12445455454560275,1.5904699359133172,216397.91375000033,1193572.2051874986,BUY series_7 size=6821.0000 | BUY series_7 size=4012.0000,,,,,,,0.14766066623692264,2640.0,,,60.74905928975218,0.15360839748227628,True,V2
CLOSE series_7 pnl_net=250.75,-90.9281250000015,2077-03-23,2077-06-10,55621.97893750016,0.04660126860843118,1137950.2262499984,BUY series_7 fill_size=6821.0000 fill_px=104.8359 | BUY series_7 fill_size=4012.0000 fill_px=104.8359,False,0,0.4,0.629803118827317,6821.0,0.030256214555412227,,0.26440848987729576,,,,,,,,,,,,,0.0,0.0,,0.12820379575017263,1.599261298681418,216306.98562500032,1193572.2051874986,SELL series_7 size=3957.0000 | SELL series_7 size=6821.0000,,,,,,,0.14717831776519694,2640.0,,,60.74905928975218,0.15807658488599147,True,V2
CLOSE series_7 pnl_net=1598.67,2717.1468749999867,2077-03-23,2077-06-11,53189.14300000016,0.04456298728206783,1140383.0621874984,SELL series_7 fill_size=3957.0000 fill_px=105.0703 | SELL series_7 fill_size=6821.0000 fill_px=105.0703,False,0,0.4,-0.36498870537553213,-3957.0,0.030555944462765078,,0.2618148494722085,,,,,,,,,,,,,0.0,0.0,,0.13018725808534803,2.0754125945442548,219024.1325000003,1193572.2051874986,BUY series_7 size=6795.0000 | BUY series_7 size=3957.0000,,,,,,,0.14943399779466504,2640.0,,,60.74905928975218,0.15818166891007032,True,V2
CLOSE series_7 pnl_net=-556.45,6004.523437500007,2077-03-23,2077-06-12,47489.70550000016,0.03978787818080933,1146082.4996874984,BUY series_7 fill_size=6795.0000 fill_px=105.2109 | BUY series_7 fill_size=3957.0000 fill_px=105.2109,False,0,0.4,0.625498164569714,6795.0,0.02945779917455658,,0.2715749385279874,,,,,,,,,,,,,0.0,0.0,,0.12861198983087477,2.2741768976639247,225028.6559375003,1193572.2051874986,SELL series_7 size=3844.0000 | SELL series_7 size=6795.0000,,,,,,,0.15203094022246208,2640.0,,,60.793080434712586,0.16169173598163336,True,V2
CLOSE series_7 pnl_net=2176.52,-576.187500000015,2077-03-23,2077-06-13,47702.2242500002,0.03996593087764359,1145869.9809374984,SELL series_7 fill_size=3844.0000 fill_px=105.5312 | SELL series_7 fill_size=6795.0000 fill_px=105.5312,False,0,0.4,-0.354073493720515,-3844.0,0.030996880866898058,,0.2580904844701099,,,,,,,,,,,,,0.0,0.0,,0.12070625418335264,1.6155510289200468,224452.46843750027,1193572.2051874986,BUY series_7 size=6645.0000 | BUY series_7 size=3844.0000,,,,,,,0.15182874400607024,2640.0,,,60.822146117947405,0.16555030000032991,True,V2
CLOSE series_7 pnl_net=-180.19,476.0859375000075,2077-03-23,2077-06-14,46690.7945625002,0.039118533725544934,1146881.4106249984,BUY series_7 fill_size=6645.0000 fill_px=105.5781 | BUY series_7 fill_size=3844.0000 fill_px=105.5781,False,0,0.4,0.6118526085710057,6645.0,0.029514687083767508,,0.2710514930175168,,,,,,,,,,,,,0.0,0.0,,0.10787283136387806,0.6650508728638554,224928.55437500027,1193572.2051874986,SELL series_7 size=3701.0000 | SELL series_7 size=6645.0000,,,,,,,0.152661642588301,2640.0,,,61.29413568095115,0.1683288338545241,True,V2
CLOSE series_7 pnl_net=-51.91,2349.6000000000013,2077-03-23,2077-06-15,45395.277375000296,0.03803312206643513,1148176.9278124983,SELL series_7 fill_size=3701.0000 fill_px=105.5703 | SELL series_7 fill_size=6645.0000 fill_px=105.5703,False,0,0.4,-0.34031744686722193,-3701.0,0.02813942426314019,,0.2842986382802151,,,,,,,,,,,,,0.0,0.0,,0.11215070716964225,0.738561160335003,227278.15437500027,1193572.2051874986,BUY series_1 size=357.0000 | BUY series_7 size=6792.0000 | BUY series_7 size=3701.0000,,,,,,,0.15393794781849476,2640.0,,,62.063483132311795,0.17477364197618167,True,V2
CLOSE series_7 pnl_net=0.00,4018.9425000000188,2077-03-23,2077-06-16,41367.050812500296,0.03465818878213735,1152205.1543749983,BUY series_1 fill_size=357.0000 fill_px=66.9400 | BUY series_7 fill_size=6792.0000 fill_px=105.5703 | BUY series_7 fill_size=3701.0000 fill_px=105.5703,False,0,0.4,0.6231891493225391,6792.0,0.02675911897189492,,0.2989635050541983,,,,,,,,,,,,,0.0,0.0,,0.11645349077111443,0.9663620320964211,231297.09687500028,1193572.2051874986,SELL series_7 size=3533.0000 | SELL series_7 size=6792.0000,,,,,,,0.17684874019725313,2997.0,,,63.12752005143237,0.17836595969964322,True,V2
CLOSE series_7 pnl_net=902.06,-1652.2671875000085,2077-03-23,2077-06-17,43244.83475000039,0.03623143582101683,1150327.3704374982,SELL series_7 fill_size=3533.0000 fill_px=105.7031 | SELL series_7 fill_size=6792.0000 fill_px=105.7031,False,0,0.6,-0.3249578950688894,-3533.0,0.026126161226941592,,0.45930972773854983,,,,,,,,,,,,,0.0,0.0,,0.12089853842523147,1.041643400235688,229644.82968750029,1193572.2051874986,BUY series_7 size=8526.0000 | BUY series_7 size=3533.0000,,,,,,,0.17593896763755784,2997.0,,,63.12752005143237,0.1796329753434802,True,V2
CLOSE series_7 pnl_net=-303.62,-53.186249999984625,2077-03-23,2077-06-18,43120.94412500039,0.03612763763900359,1150451.2610624982,BUY series_7 fill_size=8526.0000 fill_px=105.7891 | BUY series_7 fill_size=3533.0000 fill_px=105.7891,False,0,0.6,0.7841190636723496,8526.0,0.02510063762530605,,0.4780755046597621,,,,,,,,,,,,,0.0,0.0,,0.13019842599640313,1.0011375337747843,229591.6434375003,1193572.2051874986,SELL series_7 size=3327.0000 | SELL series_7 size=8526.0000,,,,,,,0.17592002099514004,2997.0,,,63.12752005143237,0.1934508965237479,True,V2
CLOSE series_7 pnl_net=666.09,-6981.157500000016,2077-03-23,2077-06-19,50218.003187500406,0.04207370360104159,1143354.2019999982,SELL series_7 fill_size=3327.0000 fill_px=105.8672 | SELL series_7 fill_size=8526.0000 fill_px=105.8672,False,0,0.6,-0.3082177662080264,-3327.0,0.023863162090344326,,0.5028671369942009,,,,,,,,,,,,,0.0,0.0,,0.11660432279722076,0.13682180725868742,222610.48593750026,1193572.2051874986,BUY series_7 size=8755.0000 | BUY series_7 size=3327.0000,,,,,,,0.17056375850884423,2997.0,,,63.12752005143237,0.18118121241560878,True,V2
CLOSE series_7 pnl_net=-207.94,-4627.702187499999,2077-03-23,2077-06-20,54852.13662500051,0.04595627846107875,1138720.068562498,BUY series_7 fill_size=8755.0000 fill_px=105.9297 | BUY series_7 fill_size=3327.0000 fill_px=105.9297,False,0,0.6,0.8146760853908533,8755.0,0.023229762782580106,,0.5165786716082502,,,,,,,,,,,,,0.0,0.0,,0.11743826433534285,0.13246871215547384,217982.78375000026,1193572.2051874986,SELL series_7 size=3203.0000 | SELL series_7 size=8755.0000,,,,,,,0.16723107395516001,2997.0,,,63.12752005143237,0.17062002894195782,True,V2
CLOSE series_7 pnl_net=-341.99,223.4671874999915,2077-03-23,2077-06-21,54927.31818750035,0.04601926716186542,1138644.8869999982,SELL series_7 fill_size=3203.0000 fill_px=105.8906 | SELL series_7 fill_size=8755.0000 fill_px=105.8906,False,0,0.6,-0.29844096709143747,-3203.0,0.02215430430051282,,0.5416554651062652,,,,,,,,,,,,,0.0,0.0,,0.11911143975757152,-0.05847224796975453,218206.25093750027,1193572.2051874986,,,,,,,,0.1683212669623135,2997.0,,,63.12752005143237,0.1764992720375789,True,V2
,3132.300937500018,2077-03-23,2077-06-22,53130.52975000022,0.04451387986339204,1140441.6754374984,,False,0,0.6,-0.29786105802577434,-3203.0,0.021812313547582125,,0.5501479691194973,,,,,,,,,,,,,0.0,0.0,,0.12177380126008985,-0.21308602613600577,221338.5518750003,1193572.2051874986,,,,,,,,0.16981678604976044,2997.0,,,63.12752005143237,0.18446896849784808,True,V2
,506.86843749997274,2077-03-23,2077-06-23,51899.43475000048,0.04348244247347196,1141672.770437498,,False,0,0.6,-0.29648779214799625,-3203.0,0.020816963490862313,,0.5764529493106643,,,,,,,,,,,,,0.0,0.0,,0.12374291711017414,-0.022998257408823438,221845.42031250027,1193572.2051874986,,,,,,,,0.16965991921290555,2997.0,,,63.12752005143237,0.180300026738274,True,V2
,-3598.434374999983,2077-03-23,2077-06-24,55317.75850000046,0.046346386301204606,1138254.4466874981,,False,0,0.6,-0.2981696085617652,-3203.0,0.02540417389776773,,0.4723633229834899,,,,,,,,,,,,,0.0,0.0,,0.12673411124400757,-0.26234466729245637,218246.98593750029,1193572.2051874986,BUY series_7 size=8277.0000 | BUY series_7 size=3203.0000,,,,,,,0.1679577273397528,2997.0,,,63.12752005143237,0.1807020574005705,True,V2
CLOSE series_7 pnl_net=-275.26,-1239.996562500011,2077-03-23,2077-06-25,56481.572250000434,0.047321454038993585,1137090.6329374982,BUY series_7 fill_size=8277.0000 fill_px=105.9766 | BUY series_7 fill_size=3203.0000 fill_px=105.9766,True,0,0.4,0.772437953049059,8277.0,0.026938016534308558,105.44710374073634,0.2969780640609197,,,,,,,,,,,,,0.0,0.0,,0.12827418721440192,-0.3940825160528945,217006.98937500027,1193572.2051874986,SELL series_1 size=2997.0000 | SELL series_7 size=5094.0000,,,,,,,0.16612652019830967,2997.0,,,,0.17618248269385714,True,V2
CLOSE series_1 pnl_net=13331.01,-223.8046875,2077-03-23,2077-06-26,56958.19381250022,0.047720777649604064,1136614.0113749984,SELL series_1 fill_size=2997.0000 fill_px=62.8700 | SELL series_7 fill_size=5094.0000 fill_px=106.1562,True,0,0.6,0.29706361921980706,3183.0,0.02644382761230783,105.44710374073634,0.4537920975711854,,,,,,,,,,,,,0.0,0.0,,0.12898757875433303,-0.01591621129401863,216783.18468750027,1193572.2051874986,BUY series_1 size=3132.0000 | BUY series_7 size=1679.0000,,,,,,,0.0,0.0,,,59.461282756247265,0.17662589562802186,True,V2
,-3177.991875000016,2077-03-23,2077-06-27,60471.35900000017,0.05066418163658621,1133100.8461874984,BUY series_1 fill_size=3132.0000 fill_px=63.9900 | BUY series_7 fill_size=1679.0000 fill_px=106.0859,True,0,0.6,0.4538946725090482,4862.0,0.025189161519754127,105.44710374073634,0.4763953730889068,,,,,,,,,,,,,0.0,0.0,,0.12465632287302807,-0.46474783611797943,213605.19281250026,1193572.2051874986,BUY series_7 size=241.0000,,,,,,,0.17529899537920893,3132.0,,,59.461282756247265,0.17365052524249056,True,V2
,-3846.8587499999876,2077-03-23,2077-06-28,64200.63712500036,0.053788649606594234,1129371.5680624982,BUY series_7 fill_size=241.0000 fill_px=105.9219,True,0,0.4,0.4774722450735176,5103.0,0.027051832904288926,105.44710374073634,0.2957285751506932,,,,,,,,,,,,,0.0,0.0,,0.12636589258181202,-0.606193504696332,209758.33406250027,1193572.2051874986,SELL series_7 size=1942.0000,,,,,,,0.17321555237627015,3132.0,,,59.461282756247265,0.17157122165124847,True,V2
,-6399.511562500008,2077-03-23,2077-06-29,71295.38212500047,0.0597327767982002,1122276.8230624981,SELL series_7 fill_size=1942.0000 fill_px=105.6406,False,0,0.6,0.2975469231501753,3161.0,0.026126798057897912,,0.45929853223527717,,,,,,,,,,,,,0.0,0.0,,0.12848229294814584,-0.880223071688152,203358.82250000027,1193572.2051874986,BUY series_7 size=1718.0000 | SELL series_7 size=3161.0000,,,,,,,0.16814300725293635,3132.0,,,59.461282756247265,0.16267047831198947,True,V2
,357.9693750000124,2077-03-23,2077-06-30,70636.3518125005,0.059180627284634385,1122935.853374998,BUY series_7 fill_size=1718.0000 fill_px=105.7266 | SELL series_7 fill_size=3161.0000 fill_px=105.7266,False,0,0.6,0.16147808506159259,1718.0,0.024870161160939038,,0.48250592034148726,,,,,,,,,,,,,0.0,0.0,,0.13427494224272776,-0.8067531128481736,203716.7918750003,1193572.2051874986,SELL series_1 size=3132.0000 | BUY series_7 size=3415.0000 | SELL series_7 size=1718.0000,,,,,,,0.16868582424426617,3132.0,,,,0.16127914737595953,False,V2
CLOSE series_1 pnl_net=-10742.76,-133.3984375,2077-03-23,2077-07-01,71034.06993750064,0.05951384392898281,1122538.135249998,SELL series_1 fill_size=3132.0000 fill_px=60.5600 | BUY series_7 fill_size=3415.0000 fill_px=105.5156 | SELL series_7 fill_size=1718.0000 fill_px=105.5156,False,0,0.6,0.3206207193084318,3415.0,0.023978663888036437,,0.5004448978488374,,,,,,,,,,,,,0.0,0.0,,0.1333452672137542,-1.0921757002664374,203583.3934375003,1193572.2051874986,BUY series_7 size=1915.0000 | SELL series_7 size=3415.0000,,,,,,,0.0,0.0,,,,0.1565968360549377,False,V2
,658.28125,2077-03-23,2077-07-02,70321.50331250066,0.05891684056219609,1123250.701874998,BUY series_7 fill_size=1915.0000 fill_px=105.4766 | SELL series_7 fill_size=3415.0000 fill_px=105.4766,False,0,0.6,0.18034361644453556,1915.0,0.023751596074966734,,0.5052292048974147,,,,,,,,,,,,,0.0,0.0,,0.13821956342501965,-1.0597803802173973,204241.6746875003,1193572.2051874986,BUY series_7 size=3449.0000 | SELL series_7 size=1915.0000,,,,,,,0.0,0.0,,,,0.16274802432205093,False,V2
,-646.6875,2077-03-23,2077-07-03,71076.60487500066,0.059549480597895804,1122495.600312498,BUY series_7 fill_size=3449.0000 fill_px=105.8203 | SELL series_7 fill_size=1915.0000 fill_px=105.8203,False,0,0.4,0.3245692635330355,3449.0,0.028036895383442062,,0.28533829764634405,,,,,,,,,,,,,0.0,0.0,,0.13825148988083347,-0.6375510725305442,203594.9871875003,1193572.2051874986,SELL series_7 size=416.0000 | SELL series_7 size=3449.0000,,,,,,,0.0,0.0,,,,0.16748614734055836,False,V2
CLOSE series_7 pnl_net=-1181.97,-123.5,2077-03-23,2077-07-04,71264.41737500066,0.059706833876720274,1122307.787812498,SELL series_7 fill_size=416.0000 fill_px=105.6328 | SELL series_7 fill_size=3449.0000 fill_px=105.6328,False,0,0.4,-0.03924703230105261,-416.0,0.027379307406904668,,0.29219146712171823,,,,,,,,,,,,,0.0,0.0,,0.13373704208115167,-0.9254618075225677,203471.4871875003,1193572.2051874986,BUY series_7 size=3513.0000 | BUY series_7 size=416.0000,,,,,,,0.0,0.0,,,,0.16918951269253196,False,V2
CLOSE series_7 pnl_net=-123.50,-274.453125,2077-03-23,2077-07-05,71750.48768750066,0.060114073849624666,1121821.717499998,BUY series_7 fill_size=3513.0000 fill_px=105.9297 | BUY series_7 fill_size=416.0000 fill_px=105.9297,False,0,0.4,0.33130435618884396,3513.0,0.028102141758349887,,0.2846758111460665,,,,,,,,,,,,,0.0,0.0,,0.1349703148223317,-1.1019000420595877,203197.0340625003,1193572.2051874986,SELL series_7 size=494.0000 | SELL series_7 size=3513.0000,,,,,,,0.0,0.0,,,,0.16259025364596352,False,V2
CLOSE series_7 pnl_net=-274.45,15.4375,2077-03-23,2077-07-06,71593.44550000085,0.05998250058843672,1121978.7596874977,SELL series_7 fill_size=494.0000 fill_px=105.8516 | SELL series_7 fill_size=3513.0000 fill_px=105.8516,False,0,0.4,-0.046571361243553,-494.0,0.026952941026400494,,0.29681362015981766,,,,,,,,,,,,,0.0,0.0,,0.1386079693755218,-1.2486755021823233,203212.4715625003,1193572.2051874986,BUY series_7 size=3642.0000 | BUY series_7 size=494.0000,,,,,,,0.0,0.0,,,,0.16809317079577893,False,V2
CLOSE series_7 pnl_net=15.44,796.6875,2077-03-23,2077-07-07,71049.8330000008,0.0595270505556382,1122522.3721874978,BUY series_7 fill_size=3642.0000 fill_px=105.8203 | BUY series_7 fill_size=494.0000 fill_px=105.8203,False,0,0.6,0.3439147491089084,3642.0,0.025636248412187194,,0.4680872102290651,,,,,,,,,,,,,0.0,0.0,,0.142284664195486,-1.3343174030840956,204009.1590625003,1193572.2051874986,BUY series_7 size=1314.0000 | SELL series_7 size=3642.0000,,,,,,,0.0,0.0,,,,0.17337991050293977,False,V2
,20.53125,2077-03-23,2077-07-08,70995.38300000085,0.05948143119573412,1122576.8221874977,BUY series_7 fill_size=1314.0000 fill_px=106.0391 | SELL series_7 fill_size=3642.0000 fill_px=106.0391,True,0,0.6,0.12411182891564218,1314.0,0.02619550400908448,105.41055767163323,0.4580938773248438,,,,,,,,,,,,,0.0,0.0,,0.14409287500196793,-1.0896397591617328,204029.6903125003,1193572.2051874986,BUY series_7 size=3535.0000,,,,,,,0.0,0.0,,,,0.16654963297215566,False,V2
,-340.9453125,2077-03-23,2077-07-09,71420.85175000085,0.05983789789975993,1122151.3534374977,BUY series_7 fill_size=3535.0000 fill_px=106.0547,True,0,0.6,0.45794210378869576,4849.0,0.024934882153360375,105.41055767163323,0.4812535277365572,,,,,,,,,,,,,0.0,0.0,714.6322409640453,0.13163193554677544,-1.7998419688464415,203688.7450000003,1193572.2051874986,BUY series_10 size=194.0000 | BUY series_7 size=246.0000,,,,,,,0.0,0.0,,,,0.1541698937987056,False,V2
,4108.78125,2077-03-23,2077-07-10,67227.71893750085,0.05632480267663407,1126344.4862499977,BUY series_10 fill_size=194.0000 fill_px=758.0000 | BUY series_7 fill_size=246.0000 fill_px=105.9844,True,0,0.6,0.4793478263897357,5095.0,0.023819149174471387,105.41055767163323,0.5037963326104538,,,,,,,,,,,,,0.13434610978014214,194.0,732.524580895185,0.12574820746711965,-1.310244840141549,207797.5262500003,1193572.2051874986,BUY series_7 size=259.0000,,,,,,,0.0,0.0,,,,0.1481300847168245,False,V2
,-3189.453125,2077-03-23,2077-07-11,70381.76581250085,0.05896732975735184,1123190.4393749977,BUY series_7 fill_size=259.0000 fill_px=105.9531,True,0,0.6,0.5048316319497171,5354.0,0.02265257038683847,105.41055767163323,0.5297412079545819,,,,,,,,,,,,,0.13226207666320958,194.0,732.524580895185,0.12143662716595256,-1.5149845404889384,204608.0731250003,1193572.2051874986,BUY series_7 size=264.0000,,,,,,,0.0,0.0,,,,0.13719354290527822,False,V2
,12822.84375,2077-03-23,2077-07-12,57967.80643750075,0.048566652428366976,1135604.3987499978,BUY series_7 fill_size=264.0000 fill_px=105.8828,True,0,0.6,0.5252090461973487,5618.0,0.021708402566299183,105.58278736814131,0.5527813464556431,,,,,,,,,,,,,0.14046837100629916,194.0,,0.12255437915228322,-0.34396009112519965,217430.9168750003,1193572.2051874986,SELL series_10 size=194.0000 | BUY series_7 size=294.0000,,,,,,,0.0,0.0,,,,0.14083721697680646,False,V2
CLOSE series_10 pnl_net=12610.00,-739.0,2077-03-23,2077-07-13,58568.375187500846,0.04906982161024797,1135003.8299999977,SELL series_10 fill_size=194.0000 fill_px=823.0000 | BUY series_7 fill_size=294.0000 fill_px=106.1797,True,0,0.6,0.5523355260395917,5912.0,0.023360667781083116,105.58278736814131,0.5136839457011284,,,,,,,,,,,,,0.0,0.0,,0.10802584397523432,-1.425441424259969,216691.9168750003,1193572.2051874986,SELL series_7 size=413.0000,,,,,,,0.0,0.0,,,,0.13291647773837828,False,V2
,-601.453125,2077-03-23,2077-07-14,59266.373625000706,0.04965461944188834,1134305.831562498,SELL series_7 fill_size=413.0000 fill_px=106.0547,True,0,0.6,0.5134985419431897,5499.0,0.022837308616890012,105.58278736814131,0.5254559633671125,,,,,,,,,,,,,0.0,0.0,,0.10859322890085268,-0.8109143224753746,216090.4637500003,1193572.2051874986,,,,,,,,0.0,0.0,,,,0.13513712744130735,False,V2
,1202.90625,2077-03-23,2077-07-15,57980.12675000075,0.0485769746463664,1135592.0784374978,,True,0,0.6,0.5140518587917654,5499.0,0.022281162917230157,105.58278736814131,0.5385715298872632,,,,,,,,,,,,,0.0,0.0,,0.11099395311323229,-0.8375857569725222,217293.3700000003,1193572.2051874986,BUY series_7 size=262.0000,,,,,,,0.0,0.0,,,,0.1362583084833214,False,V2
,-450.078125,2077-03-23,2077-07-16,58477.25956250075,0.048993483015394565,1135094.9456249978,BUY series_7 fill_size=262.0000 fill_px=106.1641,True,0,0.6,0.5383435744012025,5761.0,0.023403109341702616,105.58278736814131,0.5127523793864812,,,,,,,,,,,,,0.0,0.0,,0.11405672715777668,0.43913368219144133,216843.2918750003,1193572.2051874986,SELL series_7 size=273.0000,,,,,,,0.0,0.0,,,,0.13972191310389614,False,V2
,557.375,2077-03-23,2077-07-17,57873.562687500846,0.048487693024327316,1135698.6424999977,SELL series_7 fill_size=273.0000 fill_px=106.0859,True,0,0.6,0.5130886867287958,5488.0,0.02255150239857248,105.62352778272593,0.5321153237559731,,,,,,,,,,,,,0.0,0.0,,0.1127474281684263,0.7762000510788056,217400.6668750003,1193572.2051874986,,,,,,,,0.0,0.0,,,,0.13593282032868437,False,V2
,557.375,2077-03-23,2077-07-18,57317.89393750066,0.048022142010668366,1136254.311249998,,True,0,0.6,0.5133283053142749,5488.0,0.02194401084891396,105.72463740538836,0.5468462480546895,,,,,,,,,,,,,0.0,0.0,,0.10559412697234088,-0.06607946054454061,217958.0418750003,1193572.2051874986,BUY series_7 size=358.0000,,,,,,,0.0,0.0,,,,0.12833598173091376,False,V2
,548.0625,2077-03-23,2077-07-19,56681.28456250066,0.04748877723203732,1136890.920624998,BUY series_7 fill_size=358.0000 fill_px=106.2891,True,0,1.0,0.547070596190602,5846.0,0.02131256764699518,105.84810080500348,0.938413443713797,,,,,,,,,,,,,0.0,0.0,,0.10778936928703807,0.7427802220484053,218506.1043750003,1193572.2051874986,BUY series_7 size=4181.0000,,,,,,,0.0,0.0,,,,0.13227228743983996,False,V2
,861.6953125,2077-03-23,2077-07-20,56336.3955000008,0.04719982189192391,1137235.8096874978,BUY series_7 fill_size=4181.0000 fill_px=106.3828,True,0,1.0,0.9383209106985713,10027.0,0.020797703996775774,105.89801324750323,0.9616446124582099,,,,,,,,,,,,,0.0,0.0,,0.1095767108159177,1.0000116864422008,219367.7996875003,1193572.2051874986,BUY series_7 size=249.0000,,,,,,,0.0,0.0,,,,0.12784889440988015,False,V2
,883.09375,2077-03-23,2077-07-21,54916.070500000846,0.04600984361174368,1138656.1346874977,BUY series_7 fill_size=249.0000 fill_px=106.4688,True,0,1.0,0.9616917844126233,10276.0,0.019835361498134578,106.04257480125301,1.0,,,,,,,,,,,,,0.0,0.0,,0.11427159088638454,1.7144143784203458,220250.8934375003,1193572.2051874986,BUY series_7 size=409.0000,,,,,,,0.0,0.0,,,,0.1321601274969137,False,V2
,-1001.71875,2077-03-23,2077-07-22,56253.1689375008,0.047130092920238516,1137319.0362499978,BUY series_7 fill_size=409.0000 fill_px=106.5547,True,0,1.0,0.9999697984919772,10685.0,0.019790516654634306,106.04257480125301,1.0,,,,,,,,,,,,,0.0,0.0,,0.11225382622211258,2.3243658294804543,219249.1746875003,1193572.2051874986,,,,,,,,0.0,0.0,,,,0.1351647993009466,False,V2
,-1753.0078125,2077-03-23,2077-07-23,57923.97831250075,0.04852993229965627,1135648.2268749978,,True,0,1.0,0.9999708795169003,10685.0,0.01956228680313666,106.04257480125301,1.0,,,,,,,,,,,,,0.0,0.0,,0.10963549464053338,1.6156661288831538,217496.1668750003,1193572.2051874986,,,,,,,,0.0,0.0,,,,0.1312520317098494,False,V2
,1586.0546875,2077-03-23,2077-07-24,56170.97050000075,0.04706122533339057,1137401.2346874978,,True,0,1.0,0.9999709243985418,10685.0,0.019756934561509537,106.04257480125301,1.0,,,,,,,,,,,,,0.0,0.0,,0.1054555368618661,0.9772954431273722,219082.2215625003,1193572.2051874986,,,,,,,,0.0,0.0,,,,0.13774974183689812,False,V2
,0.0,2077-03-23,2077-07-25,56504.87675000075,0.0473409790412507,1137067.3284374978,,True,0,1.0,0.999970915860327,10685.0,0.020041972795844895,106.04257480125301,0.997905755273074,,,,,,,,,,,,,0.0,0.0,,0.10557373493536769,0.7370057897947468,219082.2215625003,1193572.2051874986,,,,,,,,0.0,0.0,,,,0.13627823048068702,False,V2
,918.2421875,2077-03-23,2077-07-26,55419.68143750075,0.04643177949070527,1138152.5237499978,,True,0,1.0,0.9999709435912079,10685.0,0.019122326318270537,106.04257480125301,1.0,,,,,,,,,,,,,0.0,0.0,,0.10137279622958946,0.06563540114706184,220000.4637500003,1193572.2051874986,,,,,,,,0.0,0.0,,,,0.1411460431647666,False,V2
,-1168.671875,2077-03-23,2077-07-27,56671.82987500075,0.047480855895180765,1136900.3753124978,,True,0,1.0,0.9999709115893389,10685.0,0.018704434584729875,106.04257480125301,1.0,,,,,,,,,,,,,0.0,0.0,,0.10166979651562648,-0.26656079888967366,218831.7918750003,1193572.2051874986,,,,,,,,0.0,0.0,,,,0.14061447053955164,False,V2
,-3339.0625,2077-03-23,2077-07-28,55920.54081250075,0.04685141005249547,1137651.6643749978,,True,0,1.0,0.9999709307989137,10685.0,0.01848545144597265,106.04257480125301,1.0,,,,,,,,,,,,,0.0,0.0,,0.10390321682175892,-0.4818000907991772,215492.7293750003,1193572.2051874986,,,,,,,,0.0,0.0,,,,0.14596801677033078,False,V2
,1753.0078125,2077-03-23,2077-07-29,57590.07206250075,0.04825017859179614,1135982.1331249978,,True,0,1.0,0.999970888076464,10685.0,0.0178536189206725,106.04257480125301,1.0,,,,,,,,,,,,,0.0,0.0,,0.09841960728393226,-1.3393015613088304,217245.7371875003,1193572.2051874986,,,,,,,,0.0,0.0,,,,0.1389668023247932,False,V2
,417.3828125,2077-03-23,2077-07-30,57172.68925000075,0.04790048645697097,1136399.5159374978,,True,0,1.0,0.9999708987688449,10685.0,0.01824205817730026,106.04257480125301,1.0,,,,,,,,,,,,,0.0,0.0,,0.10258030391933116,-1.0740182217619034,217663.1200000003,1193572.2051874986,,,,,,,,0.0,0.0,,,,0.1313729112922124,False,V2
,2420.8203125,2077-03-23,2077-07-31,55837.06425000075,0.04678147162553043,1137735.1409374978,,True,0,1.0,0.9999709329317449,10685.0,0.01745361926361272,106.04257480125301,1.0,,,,,,,,,,,,,0.0,0.0,,0.10746700308339313,-0.9721220975407779,220083.9403125003,1193572.2051874986,,,,,,,,0.0,0.0,,,,0.13025583317821304,False,V2
,-4340.78125,2077-03-23,2077-08-01,56838.78300000075,0.047620732749110835,1136733.4221874978,,True,0,1.0,0.9999709073170963,10685.0,0.017446942079113962,106.04257480125301,1.0,,,,,,,,,,,,,0.0,0.0,696.5524001190903,0.10467820463789958,-1.5398337073938737,215743.1590625003,1193572.2051874986,,,,,,,,0.0,0.0,,,,0.12641437982178963,False,V2
,1085.1953125,2077-03-23,2077-08-02,58007.45487500075,0.04859987072662131,1135564.7503124978,,True,0,1.0,0.9999708773762229,10685.0,0.017088342698698758,106.04257480125301,1.0,,,,,,,,,,,,,0.0,0.0,687.2093715391553,0.1006798024743314,-1.6258558422518774,216828.3543750003,1193572.2051874986,,,,,,,,0.0,0.0,,,,0.12434425975474246,False,V2
,2838.203125,2077-03-23,2077-08-03,56254.44706250075,0.0471311637603556,1137317.7581249978,,True,0,1.0,0.9999709222644582,10685.0,0.016927934037281225,106.04257480125301,1.0,,,,,,,,,,,,,0.0,0.0,675.2390592863585,0.10117610450246863,-1.8134259491028502,219666.5575000003,1193572.2051874986,,,,,,,,0.0,0.0,,,,0.12632264470453264,False,V2
,-333.90625,2077-03-23,2077-08-04,56337.92362500075,0.04720110218732063,1137234.2815624978,,True,0,1.0,0.9999709201300612,10685.0,0.017558028342288187,106.04257480125301,1.0,,,,,,,,,,,,,0.0,0.0,671.8648407659043,0.10308462169832097,-1.7952282190353637,219332.6512500003,1193572.2051874986,,,,,,,,0.0,0.0,,,,0.12992372181426332,False,V2
,-500.859375,2077-03-23,2077-08-05,55586.63456250075,0.04657165634463533,1137985.5706249978,,True,0,1.0,0.999970939328361,10685.0,0.016732520457160414,106.04257480125301,1.0,,,,,,,,,,,,,0.0,0.0,674.0441378540539,0.10647383103357876,-1.66948600652473,218831.7918750003,1193572.2051874986,,,,,,,,0.0,0.0,,,,0.13089863040556793,False,V2
,4006.875,2077-03-23,2077-08-06,56671.82987500075,0.047480855895180765,1136900.3753124978,,True,0,1.0,0.9999709115893389,10685.0,0.016222987931378153,106.04257480125301,1.0,,,,,,,,,,,,,0.0,0.0,667.6927708644787,0.10677419584692042,-1.7047483841229742,222838.6668750003,1193572.2051874986,,,,,,,,0.0,0.0,,,,0.13336560726367638,False,V2
,6594.6484375,2077-03-23,2077-08-07,46821.59550000075,0.0392281215133068,1146750.6096874978,,True,0,1.0,0.9999711614498231,10685.0,0.016050888934809278,106.61510758243257,1.0,,,,,,,,,,,,,0.0,0.0,667.6927708644787,0.10711697999887873,-1.462388642759234,229433.3153125003,1193572.2051874986,,,,,,,,0.0,0.0,,,,0.12803186306574943,False,V2
,-2420.8203125,2077-03-23,2077-08-08,50578.04081250075,0.04237535072673331,1142994.1643749978,,True,0,0.4,0.9999710666720544,10685.0,0.04164981566916414,106.61510758243257,0.19207768081247192,,,,,,,,,,,,,0.0,0.0,636.8358585515148,0.09933591430680197,-2.0397595529542096,227012.4950000003,1193572.2051874986,BUY series_10 size=164.0000 | SELL series_7 size=8632.0000,,,,,,,0.0,0.0,,,,0.11809342019835495,False,V2
,513.25,2077-03-23,2077-08-09,47615.17362500075,0.03989299802563756,1145957.0315624978,SELL series_7 fill_size=8632.0000 fill_px=107.1875,True,0,0.4,0.1925739402607475,2053.0,0.04219831064849988,106.66513899964849,0.1895810490291368,,,,,,,,,,,,,0.0,0.0,636.8358585515148,0.10271134848146302,-1.295755703365592,227525.7450000003,1193572.2051874986,,,,,,,,0.0,0.0,,,,0.12188625466751526,False,V2
,-368.8984375,2077-03-23,2077-08-10,48386.5126875008,0.04053924218174949,1145185.6924999978,,True,0,0.4,0.192689642666838,2053.0,0.045666410311807744,106.66513899964849,0.17518346516348537,,,,,,,,,,,,,0.0,0.0,637.4426535469694,0.09586712861400692,-1.7914332225716378,227156.8465625003,1193572.2051874986,BUY series_10 size=158.0000,,,,,,,0.0,0.0,,,,0.12638037417394168,False,V2
,2183.0625,2077-03-23,2077-08-11,47421.4736250008,0.039730712074977775,1146150.7315624978,BUY series_10 fill_size=158.0000 fill_px=699.0000,True,0,0.4,0.19075018225521984,2053.0,0.04335202560497675,,0.1845357832387332,,,,,,,,,,,,,0.09897825554353283,158.0,663.2413925793287,0.10035708930835859,-1.2813000260114853,229339.9090625003,1193572.2051874986,SELL series_7 size=2053.0000,,,,,,,0.0,0.0,,,,0.12989985309788993,False,V2
CLOSE series_7 pnl_net=9922.94,2567.5,2077-03-23,2077-08-12,44535.5830000008,0.037312851963576595,1149036.6221874978,SELL series_7 fill_size=2053.0000 fill_px=106.5703,True,0,0.4,0.0,0.0,0.05854675269781781,105.55106234319524,0.13664293289315396,,,,,,,,,,,,,0.1014454176213186,158.0,,0.10187294793781465,-0.8957921388637079,231907.4090625003,1193572.2051874986,SELL series_10 size=158.0000 | BUY series_7 size=1473.0000,,,,,,,0.0,0.0,,,,0.1273004150622565,False,V2
CLOSE series_10 pnl_net=6162.00,-69.046875,2077-03-23,2077-08-13,44606.2705000008,0.037372075443892885,1148965.9346874978,SELL series_10 fill_size=158.0000 fill_px=738.0000 | BUY series_7 fill_size=1473.0000 fill_px=106.5859,True,0,0.4,0.1366054901620643,1473.0,0.05559916413486696,105.60600878296701,0.14388705521893083,,,,,,,,,,,,,0.0,0.0,,0.10519972303665985,-0.6508455854920764,231838.3621875003,1193572.2051874986,,,,,,,,0.0,0.0,,,,0.11950786240098418,False,V2
,345.234375,2077-03-23,2077-08-14,44235.40800000075,0.037061359009320935,1149336.7971874978,,True,0,0.4,0.1369218633933874,1473.0,0.05277297228563144,105.89363761989794,0.1515927501051172,,,,,,,,,,,,,0.0,0.0,,0.10229129845352898,-0.9619526814782514,232183.5965625003,1193572.2051874986,,,,,,,,0.0,0.0,,,,0.1234998870100726,False,V2
,-494.8359375,2077-03-23,2077-08-15,44856.82987500075,0.03758199937971426,1148715.3753124978,,True,0,0.4,0.13645496302324508,1473.0,0.051468277934332424,105.89363761989794,0.1554355482848499,,,,,,,,,,,,,0.0,0.0,,0.10634878805920586,-0.8303064537887351,231688.7606250003,1193572.2051874986,,,,,,,,0.0,0.0,,,,0.12463093625462517,False,V2
,184.125,2077-03-23,2077-08-16,44488.57987500075,0.03727347175281451,1149083.6253124978,,True,0,0.4,0.136731705683972,1473.0,0.05198173706922313,105.89363761989794,0.15390020516910674,,,,,,,,,,,,,0.0,0.0,,0.10639802078868056,-1.1250795353921221,231872.8856250003,1193572.2051874986,,,,,,,,0.0,0.0,,,,0.12794072915334326,False,V2
,1058.71875,2077-03-23,2077-08-17,43510.41581250075,0.03645394524386205,1150061.7893749978,,True,0,0.4,0.13746594277418478,1473.0,0.05045107839733707,106.29216072828564,0.15856945488844618,,,,,,,,,,,,,0.0,0.0,614.8161151629313,0.0961329816740331,-1.792340513232521,232931.6043750003,1193572.2051874986,BUY series_10 size=165.0000 | BUY series_7 size=226.0000,,,,,,,0.0,0.0,,,,0.11852822782382795,False,V2
,1693.296875,2077-03-23,2077-08-18,42555.15018750075,0.03565360352942849,1151017.0549999978,BUY series_10 fill_size=165.0000 fill_px=668.0000 | BUY series_7 fill_size=226.0000 fill_px=107.2812,True,0,0.4,0.15752603791783115,1699.0,0.05540535652671767,106.29216072828564,0.14439037128372645,,,,,,,,,,,,,0.09747900738099854,165.0,627.7221069370075,0.09955586364327643,-1.5247502848943597,234624.9012500003,1193572.2051874986,,,,,,,,0.0,0.0,,,,0.11766426846017229,False,V2
,-1816.0234375,2077-03-23,2077-08-19,43706.42675000103,0.03661816734676322,1149865.7784374976,,True,0,0.4,0.15815703936734318,1699.0,0.058470328326308385,106.29216072828564,0.13682153374193468,,,,,,,,,,,,,0.09610578214630017,165.0,627.7221069370075,0.1002331222070522,-1.5868115205867641,232808.8778125003,1193572.2051874986,SELL series_7 size=229.0000,,,,,,,0.0,0.0,,,,0.12001044186357225,False,V2
,-4997.109375,2077-03-23,2077-08-20,48804.31737500103,0.040889287772359235,1144767.8878124976,SELL series_7 fill_size=229.0000 fill_px=107.0391,True,0,0.4,0.13786050685922907,1470.0,0.05709980371613663,106.29602163631324,0.14010556042838324,,,,,,,,,,,,,0.09166923803263444,165.0,627.7221069370075,0.09253493456881298,-1.942366429114495,227811.7684375003,1193572.2051874986,,,,,,,,0.0,0.0,,,,0.11421921464193892,False,V2
,-560.859375,2077-03-23,2077-08-21,48126.03612500103,0.040321009416804325,1145446.1690624976,,True,0,0.4,0.1377588198921205,1470.0,0.055827901275139966,106.29602163631324,0.14329752359081394,,,,,,,,,,,,,0.09222716252695069,165.0,627.7221069370075,0.0955010414828872,-1.755231340398754,227250.9090625003,1193572.2051874986,,,,,,,,0.0,0.0,,,,0.11514492722509512,False,V2
,-5325.46875,2077-03-23,2077-08-22,54873.45800000103,0.04597414195933035,1138698.7471874976,,True,0,0.4,0.1391701633258282,1470.0,0.05298979982894584,106.7533298802905,0.15097245178929658,,,,,,,,,,,,,0.08625305880294235,165.0,,0.0855652257058577,-2.170656310011828,221925.4403125003,1193572.2051874986,SELL series_10 size=165.0000,,,,,,,0.0,0.0,,,,0.10589504922754027,False,V2
CLOSE series_10 pnl_net=-11467.50,-22.96875,2077-03-23,2077-08-23,54635.80175000103,0.04577502853412901,1138936.4034374976,SELL series_10 fill_size=165.0000 fill_px=598.5000,True,0,0.4,0.13887895443292878,1470.0,0.05384862273141821,106.7533298802905,0.1485646167758413,,,,,,,,,,,,,0.0,0.0,551.4511533995552,0.08913602207317065,-1.913445754367604,221902.4715625003,1193572.2051874986,BUY series_10 size=168.0000,,,,,,,0.0,0.0,,,,0.10735766752860662,False,V2
,625.40625,2077-03-23,2077-08-24,54564.83300000103,0.04571556941662312,1139007.3721874976,BUY series_10 fill_size=168.0000 fill_px=604.2500,True,0,0.4,0.13856781745133329,1470.0,0.05180565941369243,106.7533298802905,0.15442328291039129,,,,,,,,,,,,,0.08967808505385651,168.0,556.3385710138726,0.09007684616968707,-1.7318385029364332,222527.8778125003,1193572.2051874986,,,,,,,,0.0,0.0,,,,0.10497477743315765,False,V2
,-4097.296875,2077-03-23,2077-08-25,55717.79862500075,0.0466815483661904,1137854.4065624978,,True,0,0.4,0.13823385407908131,1470.0,0.05013694421162021,106.7533298802905,0.15956297548237586,,,,,,,,,,,,,0.0892891036094253,168.0,556.3385710138726,0.09206629863505321,-1.6639168587023532,218430.5809375003,1193572.2051874986,BUY series_7 size=226.0000,,,,,,,0.0,0.0,,,,0.10566438101543585,False,V2
,-2840.25,2077-03-23,2077-08-26,62281.17362500075,0.05218048255004144,1131291.0315624978,BUY series_7 fill_size=226.0000 fill_px=107.3125,True,0,0.4,0.16079792460544268,1696.0,0.05001352074850287,106.7533298802905,0.15995674530150886,,,,,,,,,,,,,0.08368138468246143,168.0,556.3385710138726,0.083390236074353,-1.9940666745420677,215590.3309375003,1193572.2051874986,,,,,,,,0.0,0.0,,,,0.09694060309741655,False,V2
,3414.0,2077-03-23,2077-08-27,59182.67362500075,0.049584493814267175,1134389.5315624978,,True,0,0.4,0.15941261354106304,1696.0,0.0486866247794209,,0.16431617587468253,,,,,,,,,,,,,0.08715524716084087,168.0,556.3385710138726,0.08763081749491033,-1.6092843188678403,219004.3309375003,1193572.2051874986,SELL series_7 size=1696.0000,,,,,,,0.0,0.0,,,,0.09962173920241091,False,V2
CLOSE series_7 pnl_net=-217.58,-3990.0,2077-03-23,2077-08-28,61852.92362500075,0.051821685656029716,1131719.2815624978,SELL series_7 fill_size=1696.0000 fill_px=106.5859,True,0,0.4,0.0,0.0,0.05330736075064718,105.83666644194179,0.15007308347943069,,,,,,,,,,,,,0.08505996280905809,168.0,556.3385710138726,0.08440209515042565,-1.6792487652793133,215014.3309375003,1193572.2051874986,BUY series_7 size=1588.0000,,,,,,,0.0,0.0,,,,0.09518748702351536,False,V2
,-2400.84375,2077-03-23,2077-08-29,64293.57987500075,0.05386651900535909,1129278.6253124978,BUY series_7 fill_size=1588.0000 fill_px=106.8906,True,0,0.4,0.15073884551998357,1588.0,0.05235753564326722,106.10447151751737,0.15279557950372594,,,,,,,,,,,,,0.08267755884794459,168.0,,0.08338993354898197,-1.7635521185029277,212613.4871875003,1193572.2051874986,SELL series_10 size=168.0000,,,,,,,0.0,0.0,,,,0.08697814295174208,False,V2
CLOSE series_10 pnl_net=-8316.00,-86.84375,2077-03-23,2077-08-30,64248.19237500103,0.05382849239934191,1129324.0128124976,SELL series_10 fill_size=168.0000 fill_px=554.7500,True,0,0.4,0.15095249841136954,1588.0,0.05078879764020814,106.27948694483756,0.15751505000517307,,,,,,,,,,,,,0.0,0.0,505.9028979165382,0.08611978184634536,-1.696454889911649,212526.6434375003,1193572.2051874986,BUY series_10 size=175.0000,,,,,,,0.0,0.0,,,,0.08809354106991835,False,V2
,180.21875,2077-03-23,2077-08-31,64077.70487500075,0.053685654371395795,1129494.5003124978,BUY series_10 fill_size=175.0000 fill_px=564.7500,True,0,0.4,0.15090774563562873,1588.0,0.048649102395535736,106.30026019877774,0.1644429106822353,,,,,,,,,,,,,0.08773283090141977,175.0,518.6866194939283,0.09111953789715645,-1.5420499525687401,212706.8621875003,1193572.2051874986,,,,,,,,0.0,0.0,,,,0.09026934174809101,False,V2
,-447.28125,2077-03-23,2077-09-01,65658.17362500075,0.05500980446732713,1127914.0315624978,,True,0,0.4,0.15073422729255181,1588.0,0.046183346466823955,106.30026019877774,0.17322261403787279,,,,,,,,,,,,,0.08742909232487536,175.0,518.6866194939283,0.09206842064590766,-1.5273144384604345,212259.5809375003,1193572.2051874986,BUY series_7 size=236.0000,,,,,,,0.0,0.0,,,,0.09514915101577451,False,V2
,-1857.75,2077-03-23,2077-09-02,67672.61112500075,0.0566975427467918,1125899.5940624978,BUY series_7 fill_size=236.0000 fill_px=107.1406,True,0,0.4,0.1739262550876539,1824.0,0.04531214885269613,106.36129737802774,0.176553092328659,,,,,,,,,,,,,0.08533176537824291,175.0,518.6866194939283,0.0908904314878794,-1.634057523167015,210401.8309375003,1193572.2051874986,,,,,,,,0.0,0.0,,,,0.08821718117570228,False,V2
,-5114.5,2077-03-23,2077-09-03,73048.98612500075,0.06120198326294425,1120523.2190624978,,True,0,0.4,0.17484979040766513,1824.0,0.044775739902669934,106.45156185102576,0.17866818097009202,,,,,,,,,,,,,0.08086066264276705,175.0,,0.08421789335063586,-1.9149879248877248,205287.3309375003,1193572.2051874986,SELL series_10 size=175.0000,,,,,,,0.0,0.0,,,,0.07990862360243155,False,V2
CLOSE series_10 pnl_net=-7700.00,-399.0,2077-03-23,2077-09-04,72281.73612500075,0.060559165009749866,1121290.4690624978,SELL series_10 fill_size=175.0000 fill_px=520.7500,True,0,0.4,0.17494619406157302,1824.0,0.04256784294311563,106.59955296880963,0.18793529215681853,,,,,,,,,,,,,0.0,0.0,477.137840726939,0.08728170033794619,-1.7622148487602456,204888.3309375003,1193572.2051874986,BUY series_10 size=187.0000,,,,,,,0.0,0.0,,,,0.08050473235320725,False,V2
,-1176.25,2077-03-23,2077-09-05,75924.98612500075,0.06361155679984494,1117647.2190624978,BUY series_10 fill_size=187.0000 fill_px=534.0000,True,0,0.4,0.17541447485052702,1824.0,0.04079233650574949,106.59955296880963,0.19611526784871564,,,,,,,,,,,,,0.08637676393180524,187.0,477.137840726939,0.08372487274844541,-1.7492717286387789,203712.0809375003,1193572.2051874986,BUY series_7 size=215.0000,,,,,,,0.0,0.0,,,,0.07367720247093691,False,V2
,591.8203125,2077-03-23,2077-09-06,74342.15331250103,0.06228542604242581,1119230.0518749976,BUY series_7 fill_size=215.0000 fill_px=107.5234,True,0,0.4,0.19575682542472517,2039.0,0.038818017165877745,106.59955296880963,0.20608986713088095,,,,,,,,,,,,,0.08846840721808885,187.0,482.5168116472076,0.08625802033380828,-1.518832899422613,204303.9012500003,1193572.2051874986,,,,,,,,0.0,0.0,,,,0.07570011114956308,False,V2
,-314.4375,2077-03-23,2077-09-07,77307.73143750103,0.06477005002421009,1116264.4737499976,,True,0,0.4,0.19621981015769158,2039.0,0.03688186440799021,106.59955296880963,0.21690877422852994,,,,,,,,,,,,,0.0861068342317655,187.0,482.5168116472076,0.08243070190965567,-1.6105656662713563,203989.4637500003,1193572.2051874986,BUY series_7 size=214.0000,,,,,,,0.0,0.0,,,,0.07448457997174235,False,V2
,6775.5078125,2077-03-23,2077-09-08,68109.03612500103,0.05706318882844776,1125463.1690624976,BUY series_7 fill_size=214.0000 fill_px=107.4531,True,0,0.4,0.2153701017061358,2253.0,0.035048010399339094,106.68355318661943,0.2282583207676422,,,,,,,,,,,,,0.09325382907681083,187.0,510.5049294305004,0.08465224900543564,-1.0028582975927545,210764.9715625003,1193572.2051874986,,,,,,,,0.0,0.0,,,,0.07938806504217008,False,V2
,-4326.34375,2077-03-23,2077-09-09,72565.07050000085,0.060796548532731275,1121007.1346874977,,True,0,0.4,0.2161319944498317,2253.0,0.033983704288446874,106.68355318661943,0.23540694481383206,,,,,,,,,,,,,0.0897460835769309,187.0,510.5049294305004,0.07878828052528407,-1.228102668594952,206438.6278125003,1193572.2051874986,,,,,,,,0.0,0.0,,,,0.0804813609906664,False,V2
,-427.3671875,2077-03-23,2077-09-10,73173.94550000085,0.061306676866278005,1120398.2596874977,,True,0,0.4,0.2159980888224513,2253.0,0.03233642432346489,106.68355318661943,0.2473990296507462,,,,,,,,,,,,,0.08950277201248939,187.0,510.5049294305004,0.08082561259757953,-1.1914594772404452,206011.2606250003,1193572.2051874986,BUY series_7 size=327.0000,,,,,,,0.0,0.0,,,,0.08046772073930497,False,V2
,3585.5,2077-03-23,2077-09-11,67419.01581250085,0.05648507523841842,1126153.1893749977,BUY series_7 fill_size=327.0000 fill_px=107.4375,True,0,0.4,0.2469252208523503,2580.0,0.031157061382040538,106.90724390980425,0.25676362420402515,,,,,,,,,,,,,0.09332122928881992,187.0,,0.08305999484349057,-0.8316187399148178,209596.7606250003,1193572.2051874986,SELL series_10 size=187.0000,,,,,,,0.0,0.0,,,,0.08308813097817501,False,V2
CLOSE series_10 pnl_net=3506.25,161.25,2077-03-23,2077-09-12,68809.17518750113,0.05764978012092019,1124763.0299999975,SELL series_10 fill_size=187.0000 fill_px=552.7500,True,0,0.4,0.24753505745116874,2580.0,0.033329853789923,107.06565505910396,0.24002505532798746,,,,,,,,,,,,,0.0,0.0,,0.08362130913008246,-0.6613964005527069,209758.0106250003,1193572.2051874986,,,,,,,,0.0,0.0,,,,0.08368593469683978,False,V2
,302.34375,2077-03-23,2077-09-13,69279.35643750103,0.05804370790170832,1124292.8487499976,,True,0,0.4,0.2478357843419491,2580.0,0.03213685692310665,107.16978237631082,0.248935358524372,,,,,,,,,,,,,0.0,0.0,,0.07658310538150938,-1.056086174456731,210060.3543750003,1193572.2051874986,,,,,,,,0.0,0.0,,,,0.07856874175080691,False,V2
,382.96875,2077-03-23,2077-09-14,68997.16893750103,0.05780728525482231,1124575.0362499976,,True,0,0.6,0.2480245234947528,2580.0,0.03073576602462205,107.31055684943146,0.39042462746452933,,,,,,,,,,,,,0.0,0.0,,0.0759654040949934,-1.1863207804103058,210443.3231250003,1193572.2051874986,BUY series_7 size=1481.0000,,,,,,,0.0,0.0,,,,0.08117035090291318,False,V2
,-634.53125,2077-03-23,2077-09-15,69455.89550000103,0.05819161605651682,1124116.3096874976,BUY series_7 fill_size=1481.0000 fill_px=108.1406,True,0,0.6,0.3901906971569833,4061.0,0.029551429054071914,107.31055684943146,0.40607173270852404,,,,,,,,,,,,,0.0,0.0,,0.07906137799014798,-1.1492365746490365,209808.7918750003,1193572.2051874986,,,,,,,,0.0,0.0,,,,0.08343669930625,False,V2
,824.890625,2077-03-23,2077-09-16,68649.51737500099,0.0575160154338688,1124922.6878124976,,True,0,0.6,0.3906442833347377,4061.0,0.028393307787262144,107.41653243649958,0.42263480147894084,,,,,,,,,,,,,0.0,0.0,,0.07935206177517781,-1.1109368681783505,210633.6825000003,1193572.2051874986,BUY series_7 size=332.0000,,,,,,,0.0,0.0,,,,0.08815190874254002,False,V2
,137.28125,2077-03-23,2077-09-17,68470.13456250099,0.05736572472525447,1125102.0706249976,BUY series_7 fill_size=332.0000 fill_px=108.1875,True,0,0.6,0.4226658739822911,4393.0,0.02826912848008276,107.48778458389248,0.4244913318942498,,,,,,,,,,,,,0.0,0.0,,0.0820723706573124,-1.0165630921410445,210770.9637500003,1193572.2051874986,,,,,,,,0.0,0.0,,,,0.08304988613008038,False,V2
,1132.5703125,2077-03-23,2077-09-18,67615.23925000103,0.0566494753783072,1125956.9659374976,,True,0,0.6,0.4231069856349601,4393.0,0.026912228834026865,107.6973624707573,0.44589394932714116,,,,,,,,,,,,,0.0,0.0,,0.08085537597117907,-0.8473144163044032,211903.5340625003,1193572.2051874986,BUY series_7 size=236.0000,,,,,,,0.0,0.0,,,,0.08114791799533792,False,V2
,-1084.921875,2077-03-23,2077-09-19,68273.56737500103,0.057201036584356386,1125298.6378124976,BUY series_7 fill_size=236.0000 fill_px=108.4766,True,0,0.6,0.44551942177062864,4629.0,0.026828428668574912,107.6973624707573,0.447286725146748,,,,,,,,,,,,,0.0,0.0,,0.07935751656868961,-0.7355598222495237,210818.6121875003,1193572.2051874986,,,,,,,,0.0,0.0,,,,0.0821464216766929,False,V2
,397.8046875,2077-03-23,2077-09-20,68565.82987500099,0.05744590027901157,1125006.3753124976,,True,0,0.6,0.4453779969009691,4629.0,0.026156153991847005,107.6973624707573,0.45878304599905845,,,,,,,,,,,,,0.0,0.0,,0.08237244905695842,-0.47722009492119294,211216.4168750003,1193572.2051874986,,,,,,,,0.0,0.0,,,,0.08262842869174876,False,V2
,144.65625,2077-03-23,2077-09-21,68276.51737500099,0.057203508156656015,1125295.6878124976,,True,0,0.6,0.4455205897145819,4629.0,0.024997202536145565,107.6973624707573,0.4800537173168953,,,,,,,,,,,,,0.0,0.0,,0.07816027169838215,-0.7359833091462414,211361.0731250003,1193572.2051874986,BUY series_7 size=358.0000,,,,,,,0.0,0.0,,,,0.08459966216866882,False,V2
,467.53125,2077-03-23,2077-09-22,67516.87675000099,0.056567065198535466,1126055.3284374976,BUY series_7 fill_size=358.0000 fill_px=108.3594,True,0,0.6,0.4803446879142606,4987.0,0.02390615618041022,107.785864023839,0.5019627542563008,,,,,,,,,,,,,0.0,0.0,,0.07971429555275075,-0.7737026579166644,211828.6043750003,1193572.2051874986,BUY series_7 size=224.0000,,,,,,,0.0,0.0,,,,0.08834506494800598,False,V2
,610.6640625,2077-03-23,2077-09-23,66993.71581250103,0.05612874991670652,1126578.4893749976,BUY series_7 fill_size=224.0000 fill_px=108.4531,True,0,0.6,0.5021569227847137,5211.0,0.023636120062247374,107.89769962927907,0.5076975395452876,,,,,,,,,,,,,0.0,0.0,,0.08287356859228245,-0.4628136438472091,212439.2684375003,1193572.2051874986,,,,,,,,0.0,0.0,,,,0.09164171316045688,False,V2
,895.640625,2077-03-23,2077-09-24,66017.35331250099,0.05531073279486288,1127554.8518749976,,True,0,1.0,0.5025886315487424,5211.0,0.022866411937310246,108.08804251290199,0.8746453118587779,,,,,,,,,,,,,0.0,0.0,,0.08176375421249309,-0.7260928174876977,213334.9090625003,1193572.2051874986,BUY series_7 size=3857.0000,,,,,,,0.0,0.0,,,,0.08764784674755134,False,V2
,-1558.5625,2077-03-23,2077-09-25,66553.97050000099,0.05576032200711812,1127018.2346874976,BUY series_7 fill_size=3857.0000 fill_px=108.7422,True,0,1.0,0.8745007131790405,9068.0,0.023087450211310923,108.08804251290199,0.8662714945542871,,,,,,,,,,,,,0.0,0.0,,0.08245234942387857,-0.9941660074986188,211776.3465625003,1193572.2051874986,,,,,,,,0.0,0.0,,,,0.09041074444989165,False,V2
,-779.28125,2077-03-23,2077-09-26,68549.64862500108,0.05743234328603739,1125022.5565624975,,True,0,1.0,0.8742888035999651,9068.0,0.02210888026746879,108.08804251290199,0.9046138817544814,,,,,,,,,,,,,0.0,0.0,,0.08342581836440156,-0.0710626983919983,210997.0653125003,1193572.2051874986,BUY series_7 size=314.0000,,,,,,,0.0,0.0,,,,0.09356777105596743,False,V2
,2858.578125,2077-03-23,2077-09-27,65476.08612500108,0.05485724771440654,1128096.1190624975,BUY series_7 fill_size=314.0000 fill_px=108.4844,True,0,1.0,0.9048274025605885,9382.0,0.022894608261388314,108.13984763150353,0.8735681244972398,,,,,,,,,,,,,0.0,0.0,,0.0864632449518365,-0.10258291444034455,213855.6434375003,1193572.2051874986,SELL series_7 size=324.0000,,,,,,,0.0,0.0,,,,0.09523697429177322,False,V2
,353.828125,2077-03-23,2077-09-28,64560.626750000985,0.054090256516872506,1129011.5784374976,SELL series_7 fill_size=324.0000 fill_px=108.7891,True,0,0.6,0.8736863870254874,9058.0,0.025653215148713916,108.25039422925327,0.4677776228217383,,,,,,,,,,,,,0.0,0.0,,0.08887139425907337,0.011958136668035146,214209.4715625003,1193572.2051874986,SELL series_7 size=4208.0000,,,,,,,0.0,0.0,,,,0.09844740557391306,False,V2
,-1705.078125,2077-03-23,2077-09-29,63455.56112500094,0.053164409198882684,1130116.6440624977,SELL series_7 fill_size=4208.0000 fill_px=108.8281,True,0,0.6,0.46858824510040076,4850.0,0.024743546625034724,108.47190624859233,0.48497493838893685,,,,,,,,,,,,,0.0,0.0,,0.09351142170818785,0.32685587228847846,212504.3934375003,1193572.2051874986,,,,,,,,0.0,0.0,,,,0.10147451062216031,False,V2
,-606.25,2077-03-23,2077-09-30,67514.53612500103,0.05656510417347994,1126057.6690624976,,True,0,0.6,0.46677782536449075,4850.0,0.026364785531358854,,0.4551525740927017,,,,,,,,,,,,,0.0,0.0,,0.0861382893018937,-0.8182258767429429,211898.1434375003,1193572.2051874986,SELL series_7 size=4850.0000,,,,,,,0.0,0.0,,,,0.09550510955695529,False,V2
CLOSE series_7 pnl_net=4185.56,0.0,2077-03-23,2077-10-01,67628.20800000103,0.05666034087093817,1125943.9971874976,SELL series_7 fill_size=4850.0000 fill_px=108.3516,True,0,0.4,0.0,0.0,0.041865205233011765,107.44532350006175,0.19108947288025713,,,,,,,,,,,,,0.0,0.0,,0.0893366815141965,-0.7606515261312818,211898.1434375003,1193572.2051874986,BUY series_7 size=1988.0000,,,,,,,0.0,0.0,,,,0.0954900665168786,False,V2
,-279.5625,2077-03-23,2077-10-02,67968.77050000103,0.05694567132561854,1125603.4346874976,BUY series_7 fill_size=1988.0000 fill_px=108.3125,True,0,0.4,0.19103544785264362,1988.0,0.040271636309011344,107.44532350006175,0.1986509795284849,,,,,,,,,,,,,0.0,0.0,,0.09024629404065311,-1.0891303190967998,211618.5809375003,1193572.2051874986,,,,,,,,0.0,0.0,,,,0.0978076120314787,False,V2
,295.09375,2077-03-23,2077-10-03,67919.07050000108,0.056904031616027494,1125653.1346874975,,True,0,0.4,0.19113739358948342,1988.0,0.038303887469765034,107.44568072199202,0.2088560855948305,,,,,,,,,,,,,0.0,0.0,441.1311144961909,0.08290237921787746,-2.449728240291271,211913.6746875003,1193572.2051874986,BUY series_10 size=192.0000,,,,,,,0.0,0.0,,,,0.09475775781141454,False,V2
,-1287.5625,2077-03-23,2077-10-04,70029.66425000108,0.058672331632421096,1123542.5409374975,BUY series_10 fill_size=192.0000 fill_px=486.2500,True,0,0.4,0.1914549780380469,1988.0,0.03646380263305824,107.44568072199202,0.21939565877167092,,,,,,,,,,,,,0.08125727035117114,192.0,441.1311144961909,0.08400229882254175,-2.760189652720068,210626.1121875003,1193572.2051874986,BUY series_7 size=290.0000,,,,,,,0.0,0.0,,,,0.09261626182891639,False,V2
,1927.015625,2077-03-23,2077-10-05,67446.81737500103,0.056508367974609286,1126125.3878124976,BUY series_7 fill_size=290.0000 fill_px=108.1797,True,0,0.4,0.21862749158710307,2278.0,0.03464110821680666,107.44568072199202,0.23093949390795415,,,,,,,,,,,,,0.08362834282862337,192.0,447.5913691319197,0.08749240648729262,-1.954804907749907,212553.1278125003,1193572.2051874986,,,,,,,,0.0,0.0,,,,0.09685062842029565,False,V2
,-172.0625,2077-03-23,2077-10-06,67232.20800000103,0.05632856370799914,1126339.9971874976,,True,0,0.4,0.2189492493303934,2278.0,0.03330697261381655,107.48186255784128,0.240189947395021,,,,,,,,,,,,,0.08344194491421833,192.0,448.0759141939254,0.09044316899796094,-1.9194969698342104,212381.0653125003,1193572.2051874986,BUY series_7 size=220.0000,,,,,,,0.0,0.0,,,,0.09932580394077929,False,V2
,3509.8125,2077-03-23,2077-10-07,63674.02050000103,0.053347439076799265,1129898.1846874976,BUY series_7 fill_size=220.0000 fill_px=108.2969,True,0,0.4,0.23909658457387314,2498.0,0.03250329594728576,107.48186255784128,0.24612888529749408,,,,,,,,,,,,,0.08657771233348405,192.0,468.490134608645,0.09508934417364914,-1.022952089617405,215890.8778125003,1193572.2051874986,,,,,,,,0.0,0.0,,,,0.1028456634752548,False,V2
,246.3125,2077-03-23,2077-10-08,63632.11425000103,0.05331232913555074,1129940.0909374976,,True,0,0.6,0.2394676875306722,2498.0,0.031206242424559442,107.57464328966927,0.38453844704340157,,,,,,,,,,,,,0.08623466038730887,192.0,468.490134608645,0.09780538333404462,-1.0555736086266057,216137.1903125003,1193572.2051874986,BUY series_7 size=1513.0000,,,,,,,0.0,0.0,,,,0.10545355150525043,False,V2
,1289.296875,2077-03-23,2077-10-09,62823.23143750103,0.052634630032819936,1130748.9737499976,BUY series_7 fill_size=1513.0000 fill_px=108.3594,True,0,0.6,0.3840682307871084,4011.0,0.03049093281989,107.57464328966927,0.39355962216321894,,,,,,,,,,,,,0.08710686658715193,192.0,,0.09452414614602121,-0.7753190619609771,217426.4871875003,1193572.2051874986,SELL series_10 size=192.0000,,,,,,,0.0,0.0,,,,0.10262590599979615,False,V2
CLOSE series_10 pnl_net=5808.00,1065.421875,2077-03-23,2077-10-10,61360.13768750103,0.05140881919067641,1132212.0674999976,SELL series_10 fill_size=192.0000 fill_px=516.5000,True,0,0.6,0.38429151629537894,4011.0,0.029033031750563796,107.71060601252096,0.4133223186299506,,,,,,,,,,,,,0.0,0.0,,0.09724170710159608,-0.4316817217106814,218491.9090625003,1193572.2051874986,BUY series_7 size=303.0000,,,,,,,0.0,0.0,,,,0.1011034540914074,False,V2
,1112.203125,2077-03-23,2077-10-11,60494.86737500108,0.05068387744962436,1133077.3378124975,BUY series_7 fill_size=303.0000 fill_px=108.5156,True,0,0.6,0.4140174560199608,4314.0,0.028841957106100942,107.95616540448374,0.4160605313937465,,,,,,,,,,,,,0.0,0.0,,0.09920695067228516,0.6861460885919226,219604.1121875003,1193572.2051874986,,,,,,,,0.0,0.0,,,,0.10601923744624935,False,V2
,-707.765625,2077-03-23,2077-10-12,60870.33612500108,0.050998453097723516,1132701.8690624975,,True,0,0.6,0.4138273938648695,4314.0,0.029524068115025028,107.95616540448374,0.40644805293255326,,,,,,,,,,,,,0.0,0.0,,0.10364799761419417,1.2846894521120125,218896.3465625003,1193572.2051874986,,,,,,,,0.0,0.0,,,,0.10731718035404053,False,V2
,775.171875,2077-03-23,2077-10-13,60398.49237500108,0.05060313243932575,1133173.7128124975,,True,0,0.6,0.4140714710769499,4314.0,0.028275734847471305,107.99684191764159,0.424392153368674,,,,,,,,,,,,,0.0,0.0,,0.10777824196611163,1.790055768306355,219671.5184375003,1193572.2051874986,,,,,,,,0.0,0.0,,,,0.11013176913308233,False,V2
,-707.765625,2077-03-23,2077-10-14,60735.52362500108,0.0508855043381813,1132836.6815624975,,True,0,0.6,0.41389715095850066,4314.0,0.027246746792562525,107.99684191764159,0.44041955141872613,,,,,,,,,,,,,0.0,0.0,,0.11016505473935173,1.3533270101203552,218963.7528125003,1193572.2051874986,BUY series_7 size=276.0000,,,,,,,0.0,0.0,,,,0.11593626353921622,False,V2
,502.03125,2077-03-23,2077-10-15,60789.99237500108,0.05093113940723139,1132782.2128124975,BUY series_7 fill_size=276.0000 fill_px=108.6250,True,0,0.6,0.44033522119980884,4590.0,0.02609536652244841,107.99684191764159,0.45985175144702645,,,,,,,,,,,,,0.0,0.0,,0.11550796365742154,1.506161600580766,219465.7840625003,1193572.2051874986,,,,,,,,0.0,0.0,,,,0.11826964038638037,False,V2
,-143.4375,2077-03-23,2077-10-16,60581.73612500122,0.05075665792291503,1132990.4690624974,,True,0,0.6,0.44044418388878204,4590.0,0.024813317898270244,108.02499742822835,0.4836112626774725,,,,,,,,,,,,,0.0,0.0,,0.11583376634236596,1.6584610191268014,219322.3465625003,1193572.2051874986,BUY series_7 size=449.0000,,,,,,,0.0,0.0,,,,0.12387379083284661,False,V2
,708.609375,2077-03-23,2077-10-17,60653.45487500122,0.050816745406259814,1132918.7503124974,BUY series_7 fill_size=449.0000 fill_px=108.7031,True,0,0.6,0.4834901414809408,5039.0,0.02367050228302597,108.03437261192632,0.5069600913625376,,,,,,,,,,,,,0.0,0.0,,0.12155721702227942,1.8072608887277444,220030.9559375003,1193572.2051874986,BUY series_7 size=244.0000,,,,,,,0.0,0.0,,,,0.12882244333972037,False,V2
,-742.921875,2077-03-23,2077-10-18,60566.753312501125,0.05074410500618744,1133005.4518749975,BUY series_7 fill_size=244.0000 fill_px=108.8438,True,0,1.0,0.5069723439873375,5283.0,0.02251871616081572,108.07990849678872,0.88815009955148,,,,,,,,,,,,,0.0,0.0,,0.125819948839937,2.291587295270418,219288.0340625003,1193572.2051874986,BUY series_7 size=3972.0000,,,,,,,0.0,0.0,,,,0.12743039622733168,False,V2
,2386.0546875,2077-03-23,2077-10-19,58245.93925000122,0.048799677972436825,1135326.2659374974,BUY series_7 fill_size=3972.0000 fill_px=108.7031,True,0,1.0,0.888296000460471,9255.0,0.021441385389688917,108.31471413987525,0.9327755476853622,,,,,,,,,,,,,0.0,0.0,,0.12305070833678519,1.8840227453592269,221674.0887500003,1193572.2051874986,BUY series_7 size=463.0000,,,,,,,0.0,0.0,,,,0.12301482866585248,False,V2
,1290.671875,2077-03-23,2077-10-20,57520.34081250103,0.04819175627792467,1136051.8643749976,BUY series_7 fill_size=463.0000 fill_px=108.9609,True,0,1.0,0.9328073519187496,9718.0,0.022715155580250255,108.40718991559844,0.8804694262093916,,,,,,,,,,,,,0.0,0.0,,0.1265471600564729,2.1336541167164844,222964.7606250003,1193572.2051874986,SELL series_7 size=545.0000,,,,,,,0.0,0.0,,,,0.1231812251491771,False,V2
,-573.3125,2077-03-23,2077-10-21,57639.56893750117,0.04829164811897287,1135932.6362499974,SELL series_7 fill_size=545.0000 fill_px=109.0938,True,0,1.0,0.8804603585928551,9173.0,0.021843724181943483,108.40718991559844,0.9155947874736697,,,,,,,,,,,,,0.0,0.0,,0.12832300181856388,2.163717492691367,222391.4481250003,1193572.2051874986,BUY series_7 size=366.0000,,,,,,,0.0,0.0,,,,0.12457001551411737,False,V2
,-894.28125,2077-03-23,2077-10-22,60109.06112500117,0.05036064082571244,1133463.1440624974,BUY series_7 fill_size=366.0000 fill_px=109.0312,True,0,1.0,0.9154155790135589,9539.0,0.020790866307286257,108.40718991559844,0.9619608776470709,,,,,,,,,,,,,0.0,0.0,,0.1288626806120296,2.0482856913730414,221497.1668750003,1193572.2051874986,BUY series_7 size=485.0000,,,,,,,0.0,0.0,,,,0.12650291046297646,False,V2
,1096.375,2077-03-23,2077-10-23,57760.94393750117,0.04839333865723481,1135811.2612499974,BUY series_7 fill_size=485.0000 fill_px=108.9375,True,0,1.0,0.9621075809702467,10024.0,0.02245958038104956,108.40718991559844,0.8904885870830941,,,,,,,,,,,,,0.0,0.0,,0.13043873089652572,2.0418490059947514,222593.5418750003,1193572.2051874986,SELL series_7 size=746.0000,,,,,,,0.0,0.0,,,,0.12907004916321532,False,V2
,217.453125,2077-03-23,2077-10-24,58131.88143750117,0.04870411792839061,1135440.3237499974,SELL series_7 fill_size=746.0000 fill_px=109.0469,True,0,0.6,0.8904779280127291,9278.0,0.02358224237030889,108.40718991559844,0.508857461965048,,,,,,,,,,,,,0.0,0.0,,0.13242114986949569,2.494293211975268,222810.9950000003,1193572.2051874986,SELL series_7 size=3976.0000,,,,,,,0.0,0.0,,,,0.12872582679969277,False,V2
,-579.90625,2077-03-23,2077-10-25,57519.925187501125,0.04819140805852236,1136052.2799999975,SELL series_7 fill_size=3976.0000 fill_px=109.0703,True,0,1.0,0.5088166062436856,5302.0,0.02248359344784005,108.40877754564187,0.8895375219445342,,,,,,,,,,,,,0.0,0.0,,0.12199511923643241,1.6061453762957187,222231.0887500003,1193572.2051874986,BUY series_7 size=3967.0000,,,,,,,0.0,0.0,,,,0.123390413790508,False,V2
,-362.0703125,2077-03-23,2077-10-26,58072.81425000122,0.04865463019129081,1135499.3909374974,BUY series_7 fill_size=3967.0000 fill_px=108.9609,True,0,1.0,0.8893765366014084,9269.0,0.021473282306808266,108.40877754564187,0.9313899810118387,,,,,,,,,,,,,0.0,0.0,,0.1228377920751732,1.4951633202970425,221869.0184375003,1193572.2051874986,BUY series_7 size=437.0000,,,,,,,0.0,0.0,,,,0.1263459811727731,False,V2
,2047.359375,2077-03-23,2077-10-27,56490.11425000103,0.04732861070698859,1137082.0909374976,BUY series_7 fill_size=437.0000 fill_px=108.9219,True,0,1.0,0.9314782621602469,9706.0,0.020634801249186513,108.52764970772182,0.9692363768605945,,,,,,,,,,,,,0.0,0.0,,0.12838910328878966,1.7820715092696897,223916.3778125003,1193572.2051874986,BUY series_7 size=393.0000,,,,,,,0.0,0.0,,,,0.13008317788635718,False,V2
,710.0859375,2077-03-23,2077-10-28,55709.66268750117,0.04667473190593419,1137862.5424999974,BUY series_7 fill_size=393.0000 fill_px=109.1328,True,0,1.0,0.9692228350815956,10099.0,0.020873866881092756,108.6283533000274,0.9581358410460934,,,,,,,,,,,,,0.0,0.0,,0.10350141353703807,0.3444868637947271,224626.4637500003,1193572.2051874986,,,,,,,,0.0,0.0,,,,0.11294038752930816,False,V2
,-78.8984375,2077-03-23,2077-10-29,55710.89081250108,0.046675760854995314,1137861.3143749975,,True,0,1.0,0.9692238811904483,10099.0,0.020121746621192326,108.64373877859687,0.9939495003349212,,,,,,,,,,,,,0.0,0.0,,0.10344319973619517,0.3491235296165433,224547.5653125003,1193572.2051874986,BUY series_7 size=257.0000,,,,,,,0.0,0.0,,,,0.11626664550599058,False,V2
,647.25,2077-03-23,2077-10-30,55466.16425000108,0.046470723772666846,1138106.0409374975,BUY series_7 fill_size=257.0000 fill_px=109.1953,True,0,1.0,0.9938883026385065,10356.0,0.01915225613476199,108.6725342229828,1.0,,,,,,,,,,,,,0.0,0.0,,0.10606985923044505,0.4194640348466707,225194.8153125003,1193572.2051874986,,,,,,,,0.0,0.0,,,,0.11249881744372689,False,V2
,-566.34375,2077-03-23,2077-10-31,55547.87362500117,0.04653918161262405,1138024.3315624974,,True,0,1.0,0.9938885695414365,10356.0,0.01826113773834051,108.6842058856269,1.0,,,,,,,,,,,,,0.0,0.0,,0.10881710298871199,0.2690936730808544,224628.4715625003,1193572.2051874986,,,,,,,,0.0,0.0,,,,0.11463274155222013,False,V2
,728.15625,2077-03-23,2077-11-01,54981.52987500117,0.04606468685852492,1138590.6753124974,,True,0,1.0,0.9938916094139023,10356.0,0.017396496121199378,108.74582510808212,1.0,,,,,,,,,,,,,0.0,0.0,,0.11357599381476649,0.46741707345680866,225356.6278125003,1193572.2051874986,,,,,,,,0.0,0.0,,,,0.11910633456514033,False,V2
,80.90625,2077-03-23,2077-11-02,54657.90487500117,0.045793546999039696,1138914.3003124974,,True,0,1.0,0.9938933451265042,10356.0,0.016728385082978317,108.77569920750481,1.0,,,,,,,,,,,,,0.0,0.0,,0.10387968211094302,-0.20826294482238458,225437.5340625003,1193572.2051874986,,,,,,,,0.0,0.0,,,,0.113157814047576,False,V2
,-1132.6875,2077-03-23,2077-11-03,56356.93612500117,0.04721703126133709,1137215.2690624974,,True,0,1.0,0.9938842216142323,10356.0,0.01599737418736371,108.77569920750481,1.0,,,,,,,,,,,,,0.0,0.0,,0.10914650954789387,0.2875450323770924,224304.8465625003,1193572.2051874986,,,,,,,,0.0,0.0,,,,0.11716462600374519,False,V2
,566.34375,2077-03-23,2077-11-04,55628.77987500117,0.04660696657749535,1137943.4253124974,,True,0,1.0,0.9938881350269347,10356.0,0.016680039600453146,108.77569920750481,1.0,,,,,,,,,,,,,0.0,0.0,,0.10942867170694481,0.14030786225151423,224871.1903125003,1193572.2051874986,,,,,,,,0.0,0.0,,,,0.11655145241308179,False,V2
,-1779.9375,2077-03-23,2077-11-05,57085.09237500117,0.04782709594517883,1136487.1128124974,,True,0,1.0,0.9938803031868212,10356.0,0.016160937723867293,108.77569920750481,1.0,,,,,,,,,,,,,0.0,0.0,,0.10804317822395959,0.5111918764673226,223091.2528125003,1193572.2051874986,,,,,,,,0.0,0.0,,,,0.11963513476776923,False,V2
,-485.4375,2077-03-23,2077-11-06,57732.34237500117,0.04836937566414927,1135839.8628124974,,True,0,1.0,0.9938768159225579,10356.0,0.016460255842670204,108.77569920750481,1.0,,,,,,,,,,,,,0.0,0.0,,0.10936020302664305,0.7186378722609278,222605.8153125003,1193572.2051874986,,,,,,,,0.0,0.0,,,,0.11901288266199296,False,V2
,404.53125,2077-03-23,2077-11-07,57085.09237500117,0.04782709594517883,1136487.1128124974,,True,0,1.0,0.9938803031868212,10356.0,0.015902270245546034,108.77569920750481,1.0,,,,,,,,,,,,,0.0,0.0,,0.10981515434390725,0.5123561786793911,223010.3465625003,1193572.2051874986,,,,,,,,0.0,0.0,,,,0.11502246485850702,False,V2
,-1375.40625,2077-03-23,2077-11-08,57975.06112500117,0.04857273055876318,1135597.1440624974,,True,0,1.0,0.9938755071735944,10356.0,0.015382787714292212,108.77569920750481,1.0,,,,,,,,,,,,,0.0,0.0,,0.11385843164340782,0.738538796474042,221634.9403125003,1193572.2051874986,,,,,,,,0.0,0.0,,,,0.11892472938011858,False,V2
,-809.0625,2077-03-23,2077-11-09,59431.37362500117,0.049792859926446664,1134140.8315624974,,True,0,1.0,0.9938676429161662,10356.0,0.01509652451228157,108.77569920750481,1.0,,,,,,,,,,,,,0.0,0.0,,0.11150712711995436,0.3006005036346703,220825.8778125003,1193572.2051874986,,,,,,,,0.0,0.0,,,,0.12159920976589116,False,V2
,-323.625,2077-03-23,2077-11-10,59754.99862500117,0.05006399978593188,1133817.2065624974,,True,0,1.0,0.9938658925598921,10356.0,0.015528542791236534,108.77569920750481,1.0,,,,,,,,,,,,,0.0,0.0,,0.11136716851268184,0.037145192410546896,220502.2528125003,1193572.2051874986,,,,,,,,0.0,0.0,,,,0.1269456212460623,False,V2
,1132.6875,2077-03-23,2077-11-11,58945.93612500117,0.04938615013721884,1134626.2690624974,,True,0,1.0,0.9938702665784003,10356.0,0.014869333188753454,108.77569920750481,1.0,,,,,,,,,,,,,0.0,0.0,,0.11262796188383968,-0.09418896989662301,221634.9403125003,1193572.2051874986,,,,,,,,0.0,0.0,,,,0.1238259166254079,False,V2
,-1294.5,2077-03-23,2077-11-12,59350.46737500117,0.049725074961575355,1134221.7378124974,,True,0,1.0,0.9938680803491643,10356.0,0.014552832529091134,108.77569920750481,1.0,,,,,,,,,,,,,0.0,0.0,,0.11259738362767469,-0.4348565408829591,220340.4403125003,1193572.2051874986,,,,,,,,0.0,0.0,,,,0.12352747436318726,False,V2
,161.8125,2077-03-23,2077-11-13,59916.81112500117,0.05019956971567449,1133655.3940624974,,True,0,1.0,0.9938650170069989,10356.0,0.013986222688365592,108.77569920750481,1.0,,,,,,,,,,,,,0.0,0.0,,0.11107486059276003,-0.8020059540740084,220502.2528125003,1193572.2051874986,,,,,,,,0.0,0.0,,,,0.12724531771883238,False,V2
,-242.71875,2077-03-23,2077-11-14,59916.81112500117,0.05019956971567449,1133655.3940624974,,True,0,1.0,0.9938650170069989,10356.0,0.013548314488406508,108.77569920750481,1.0,,,,,,,,,,,,,0.0,0.0,,0.11471061925561447,-0.32759381490927647,220259.5340625003,1193572.2051874986,,,,,,,,0.0,0.0,,,,0.13077081393339351,False,V2
,-80.90625,2077-03-23,2077-11-15,59835.90487500117,0.05013178475080318,1133736.3003124974,,True,0,1.0,0.9938654548146862,10356.0,0.012946576366047473,108.77569920750481,1.0,,,,,,,,,,,,,0.0,0.0,,0.11656888580968186,-0.5653748631956749,220178.6278125003,1193572.2051874986,,,,,,,,0.0,0.0,,,,0.1374038087451186,False,V2
,-404.53125,2077-03-23,2077-11-16,61130.40487500117,0.05121634418874406,1132441.8003124974,,True,0,1.0,0.9938584423847846,10356.0,0.012384227792736756,,1.0,,,,,,,,,,,,,0.0,0.0,,0.11951457869184218,-0.3713833108839143,219774.0965625003,1193572.2051874986,SELL series_7 size=10356.0000,,,,,,,0.0,0.0,,,,0.13672637863972245,False,V2
CLOSE series_7 pnl_net=2067.95,0.0,2077-03-23,2077-11-17,60564.06112500117,0.05074184943464492,1133008.1440624974,SELL series_7 fill_size=10356.0000 fill_px=108.7344,True,0,1.0,0.0,0.0,0.01292608511563743,108.49790465246087,1.0,,,,,,,,,,,,,0.0,0.0,,0.11817839528135217,-0.7757426570919951,219774.0965625003,1193572.2051874986,,,,,,,,0.0,0.0,,,,0.13640956584827843,False,V2
,0.0,2077-03-23,2077-11-18,60790.598625001265,0.050931647336284656,1132781.6065624973,,True,0,1.0,0.0,0.0,0.016100337302990587,108.48187128442795,1.0,,,,,,,,,,,,,0.0,0.0,,0.11882943099768249,-1.3458149071598007,219774.0965625003,1193572.2051874986,,,,,,,,0.0,0.0,,,,0.13765685951410356,False,V2
,0.0,2077-03-23,2077-11-19,60790.598625001265,0.050931647336284656,1132781.6065624973,,True,0,1.0,0.0,0.0,0.01538326919731595,108.60370190696881,1.0,,,,,,,,,,,,,0.0,0.0,504.51763205131704,0.12045542081150423,-1.596174483283182,219774.0965625003,1193572.2051874986,,,,,,,,0.0,0.0,,,,0.14019344694454738,False,V2
,0.0,2077-03-23,2077-11-20,60790.598625001265,0.050931647336284656,1132781.6065624973,,True,0,1.0,0.0,0.0,0.015352741948416168,108.45790177075675,1.0,,,,,,,,,,,,,0.0,0.0,502.53422976193724,0.12432894696998872,-1.696607946711053,219774.0965625003,1193572.2051874986,,,,,,,,0.0,0.0,,,,0.14476951098209279,False,V2
,0.0,2077-03-23,2077-11-21,60790.598625001265,0.050931647336284656,1132781.6065624973,,True,0,1.0,0.0,0.0,0.01587376177007472,108.60655610855984,1.0,,,,,,,,,,,,,0.0,0.0,482.2907133503703,0.11880784823266277,-2.3006890423195627,219774.0965625003,1193572.2051874986,,,,,,,,0.0,0.0,,,,0.1281030815499585,False,V2
,0.0,2077-03-23,2077-11-22,60790.598625001265,0.050931647336284656,1132781.6065624973,,True,0,1.0,0.0,0.0,0.016328471373391572,108.44046281509128,1.0,,,,,,,,,,,,,0.0,0.0,479.0288766824867,0.12323549804046079,-2.258923750771056,219774.0965625003,1193572.2051874986,,,,,,,,0.0,0.0,,,,0.1276791030766902,False,V2
,0.0,2077-03-23,2077-11-23,60790.598625001265,0.050931647336284656,1132781.6065624973,,True,0,1.0,0.0,0.0,0.016847663813961855,108.36882261401333,1.0,,,,,,,,,,,,,0.0,0.0,479.0288766824867,0.12679276911563436,-1.4831932144182154,219774.0965625003,1193572.2051874986,,,,,,,,0.0,0.0,,,,0.13142472153729237,False,V2
,0.0,2077-03-23,2077-11-24,60790.598625001265,0.050931647336284656,1132781.6065624973,,True,0,1.0,0.0,0.0,0.016378734255084296,108.46078171301238,1.0,,,,,,,,,,,,,0.0,0.0,479.0288766824867,0.12714897795007946,-1.4291836329372163,219774.0965625003,1193572.2051874986,BUY series_7 size=10404.0000,,,,,,,0.0,0.0,,,,0.12904726594251179,False,V2
,0.0,2077-03-23,2077-11-25,61034.442375001265,0.05113594477965692,1132537.7628124973,BUY series_7 fill_size=10404.0000 fill_px=108.8750,True,0,1.0,0.999959289161023,10404.0,0.016087572902975616,108.46078171301238,1.0,,,,,,,,,,,,,0.0,0.0,489.7848276499356,0.1258529049629054,-1.624902871223714,219774.0965625003,1193572.2051874986,,,,,,,,0.0,0.0,,,,0.13009860600960935,False,V2
,-894.09375,2077-03-23,2077-11-26,61603.411125001265,0.051612638814192195,1131968.7940624973,,True,0,1.0,0.9999592686982722,10404.0,0.015371276326143551,108.46078171301238,1.0,,,,,,,,,,,,,0.0,0.0,489.7848276499356,0.13104715321773358,-1.3939650447950296,218880.0028125003,1193572.2051874986,,,,,,,,0.0,0.0,,,,0.1347169124255236,False,V2
,-975.375,2077-03-23,2077-11-27,62985.192375001265,0.052770324326635025,1130587.0128124973,,True,0,1.0,0.999959218917275,10404.0,0.014837532315121122,108.46078171301238,1.0,,,,,,,,,,,,,0.0,0.0,489.7848276499356,0.13387502743066254,-1.0436151860567642,217904.6278125003,1193572.2051874986,,,,,,,,0.0,0.0,,,,0.13423689779746065,False,V2
,-243.84375,2077-03-23,2077-11-28,62660.067375001265,0.052497927735472,1130912.1378124973,,True,0,1.0,0.9999592306413949,10404.0,0.015186474480684373,108.46078171301238,1.0,,,,,,,,,,,,,0.0,0.0,489.7848276499356,0.13046752000800768,-1.3048868751832334,217660.7840625003,1193572.2051874986,,,,,,,,0.0,0.0,,,,0.13463530471976892,False,V2
,-3169.96875,2077-03-23,2077-11-29,60953.161125001265,0.051067845631866164,1132619.0440624973,,True,0,1.0,0.9999592920825947,10404.0,0.014548046010759812,108.46078171301238,1.0,,,,,,,,,,,,,0.0,0.0,489.7848276499356,0.13380210541784324,-1.3392730634252126,214490.8153125003,1193572.2051874986,,,,,,,,0.0,0.0,,,,0.13418843731130856,False,V2
,2194.59375,2077-03-23,2077-11-30,64041.848625001265,0.053655613247914825,1129530.3565624973,,True,0,1.0,0.9999591807672725,10404.0,0.015451653809794517,108.46078171301238,1.0,,,,,,,,,,,,,0.0,0.0,475.487313717178,0.1269246809930779,-1.7067689906730534,216685.4090625003,1193572.2051874986,,,,,,,,0.0,0.0,,,,0.13026120077349254,False,V2
,325.125,2077-03-23,2077-12-01,64610.817375001265,0.05413230728245011,1128961.3878124973,,True,0,1.0,0.999959160195384,10404.0,0.019173860545707536,108.46078171301238,1.0,,,,,,,,,,,,,0.0,0.0,471.8632198802367,0.12849441759338998,-1.7303647142078742,217010.5340625003,1193572.2051874986,,,,,,,,0.0,0.0,,,,0.13514059845205154,False,V2
,-1219.21875,2077-03-23,2077-12-02,65342.348625001265,0.054745199612566894,1128229.8565624973,,True,0,1.0,0.9999591337153249,10404.0,0.01839576671385683,,1.0,,,,,,,,,,,,,0.0,0.0,471.8632198802367,0.13177489252128333,-1.055736848324173,215791.3153125003,1193572.2051874986,SELL series_7 size=10404.0000,,,,,,,0.0,0.0,,,,0.13921887270027203,False,V2
CLOSE series_7 pnl_net=-3982.78,0.0,2077-03-23,2077-12-03,64773.379875001265,0.05426850557803162,1128798.8253124973,SELL series_7 fill_size=10404.0000 fill_px=108.4922,False,0,1.0,0.0,0.0,0.01776083117936251,,1.0,,,,,,,,,,,,,0.0,0.0,471.8632198802367,0.13161674092977707,-1.2913768090680755,215791.3153125003,1193572.2051874986,,,,,,,,0.0,0.0,,,,0.13914950364583017,False,V2
,0.0,2077-03-23,2077-12-04,65000.96737500117,0.05445918319184565,1128571.2378124974,,False,0,1.0,0.0,0.0,0.018001102971903698,,1.0,,,,,,,,,,,,,0.0,0.0,471.8632198802367,0.13418692451170208,-0.8636593453382458,215791.3153125003,1193572.2051874986,,,,,,,,0.0,0.0,,,,0.14422309437460176,False,V2
,0.0,2077-03-23,2077-12-05,65000.96737500117,0.05445918319184565,1128571.2378124974,,False,0,1.0,0.0,0.0,0.017196471549640328,,1.0,,,,,,,,,,,,,0.0,0.0,471.8632198802367,0.13336966975750025,-0.9564045283203157,215791.3153125003,1193572.2051874986,,,,,,,,0.0,0.0,,,,0.14129338624000706,False,V2
,0.0,2077-03-23,2077-12-06,65000.96737500117,0.05445918319184565,1128571.2378124974,,False,0,1.0,0.0,0.0,0.01700135120950409,,1.0,,,,,,,,,,,,,0.0,0.0,471.8632198802367,0.137393540860315,-0.5954410038302114,215791.3153125003,1193572.2051874986,,,,,,,,0.0,0.0,,,,0.142311570872414,False,V2
,0.0,2077-03-23,2077-12-07,65000.96737500117,0.05445918319184565,1128571.2378124974,,False,0,1.0,0.0,0.0,0.016361033488879878,,1.0,,,,,,,,,,,,,0.0,0.0,471.8632198802367,0.12586555533862873,-1.473107457464773,215791.3153125003,1193572.2051874986,,,,,,,,0.0,0.0,,,,0.1331227447817738,False,V2
,0.0,2077-03-23,2077-12-08,65000.96737500117,0.05445918319184565,1128571.2378124974,,False,0,1.0,0.0,0.0,0.01560232396898361,,1.0,,,,,,,,,,,,,0.0,0.0,471.8632198802367,0.1310834102644215,-0.7833428793696302,215791.3153125003,1193572.2051874986,,,,,,,,0.0,0.0,,,,0.13855045517950543,False,V2
,0.0,2077-03-23,2077-12-09,65000.96737500117,0.05445918319184565,1128571.2378124974,,False,0,1.0,0.0,0.0,0.014897013622512256,,1.0,,,,,,,,,,,,,0.0,0.0,471.8632198802367,0.13320944274769378,-0.9949637424927594,215791.3153125003,1193572.2051874986,,,,,,,,0.0,0.0,,,,0.14211870916878325,False,V2
,0.0,2077-03-23,2077-12-10,65000.96737500117,0.05445918319184565,1128571.2378124974,,False,0,1.0,0.0,0.0,0.015130570764074107,,1.0,,,,,,,,,,,,,0.0,0.0,471.8632198802367,0.1326613363085855,0.04342994480051285,215791.3153125003,1193572.2051874986,,,,,,,,0.0,0.0,,,,0.14120860171333732,False,V2
,0.0,2077-03-23,2077-12-11,65000.96737500117,0.05445918319184565,1128571.2378124974,,False,0,1.0,0.0,0.0,0.01479576868954111,,1.0,,,,,,,,,,,,,0.0,0.0,471.8632198802367,0.1360338645594491,0.4038131281980845,215791.3153125003,1193572.2051874986,,,,,,,,0.0,0.0,,,,0.14766713199514275,False,V2
,0.0,2077-03-23,2077-12-12,65000.96737500117,0.05445918319184565,1128571.2378124974,,False,0,1.0,0.0,0.0,0.014419475349414861,,1.0,,,,,,,,,,,,,0.0,0.0,471.8632198802367,0.12613516059004148,-0.48424025200154314,215791.3153125003,1193572.2051874986,,,,,,,,0.0,0.0,,,,0.1513422295505995,False,V2
,0.0,2077-03-23,2077-12-13,65000.96737500117,0.05445918319184565,1128571.2378124974,,False,0,0.6,0.0,0.0,0.022736512030253724,,0.5277854397381853,,,,,,,,,,,,,0.0,0.0,471.8632198802367,0.1286888237522381,0.5589881813314667,215791.3153125003,1193572.2051874986,,,,,,,,0.0,0.0,,,,0.15054534450985818,False,V2
,0.0,2077-03-23,2077-12-14,65000.96737500117,0.05445918319184565,1128571.2378124974,,False,0,1.0,0.0,0.0,0.021664048206917988,,0.9231884922418792,,,,,,,,,,,,,0.0,0.0,471.8632198802367,0.12836949928558578,0.37567888267246885,215791.3153125003,1193572.2051874986,,,,,,,,0.0,0.0,,,,0.15660030829216015,False,V2
,0.0,2077-03-23,2077-12-15,65000.96737500117,0.05445918319184565,1128571.2378124974,,False,0,1.0,0.0,0.0,0.020613457574951484,,0.9702399477273077,,,,,,,,,,,,,0.0,0.0,471.8632198802367,0.12977714071630733,0.3831047295081839,215791.3153125003,1193572.2051874986,,,,,,,,0.0,0.0,,,,0.15911408742932132,False,V2
,0.0,2077-03-23,2077-12-16,65000.96737500117,0.05445918319184565,1128571.2378124974,,False,0,1.0,0.0,0.0,0.019683451050595095,,1.0,,,,,,,,,,,,,0.0,0.0,471.8632198802367,0.12603294587778485,-0.17997337213065867,215791.3153125003,1193572.2051874986,,,,,,,,0.0,0.0,,,,0.16346741432010162,False,V2
,0.0,2077-03-23,2077-12-17,65000.96737500117,0.05445918319184565,1128571.2378124974,,False,0,1.0,0.0,0.0,0.01878227135922199,,1.0,,,,,,,,,,,,,0.0,0.0,471.8632198802367,0.11675008355156455,-1.3838971689199646,215791.3153125003,1193572.2051874986,,,,,,,,0.0,0.0,,,,0.16326812149597636,False,V2
,0.0,2077-03-23,2077-12-18,65000.96737500117,0.05445918319184565,1128571.2378124974,,True,0,1.0,0.0,0.0,0.017932557015860256,108.35161663831455,1.0,,,,,,,,,,,,,0.0,0.0,471.8632198802367,0.12276709781509225,-1.0751447005259895,215791.3153125003,1193572.2051874986,BUY series_7 size=10377.0000,,,,,,,0.0,0.0,,,,0.16647882417158022,False,V2
,243.2109375,2077-03-23,2077-12-19,64757.75643750117,0.05425541593214996,1128814.4487499974,BUY series_7 fill_size=10377.0000 fill_px=108.7109,True,0,1.0,0.9995766891755092,10377.0,0.017670443011213222,108.35161663831455,1.0,,,,,,,,,,,,,0.0,0.0,471.8632198802367,0.12388582441000062,-1.42368080164378,216034.5262500003,1193572.2051874986,,,,,,,,0.0,0.0,,,,0.15800024775536076,False,V2
,1216.0546875,2077-03-23,2077-12-20,64028.12362500117,0.05364411415306289,1129544.0815624974,,True,0,1.0,0.9997205078091678,10377.0,0.016847819689544862,108.44651511160795,1.0,,,,,,,,,,,,,0.0,0.0,471.8632198802367,0.12774138721505063,-1.0955532058381816,217250.5809375003,1193572.2051874986,,,,,,,,0.0,0.0,,,,0.15600976465624614,False,V2
,972.84375,2077-03-23,2077-12-21,62730.99862500117,0.052557355434685864,1130841.2065624974,,True,0,1.0,0.999720828399102,10377.0,0.01644565822986346,108.57477742506453,1.0,,,,,,,,,,,,,0.0,0.0,471.8632198802367,0.13027565477258474,0.1014984410741386,218223.4246875003,1193572.2051874986,,,,,,,,0.0,0.0,,,30.874843442866194,0.1562267322412829,True,V2
,-567.4921875,2077-03-23,2077-12-22,63298.49081250117,0.053032812373975814,1130273.7143749974,,True,0,1.0,0.9997206882315476,10377.0,0.016504436687637795,108.57477742506453,1.0,,,,,,,,,,,,,0.0,0.0,471.8632198802367,0.13022630995666548,-0.29404132227233953,217655.9325000003,1193572.2051874986,,,,,,,,0.0,0.0,,,30.861640339804325,0.16197036694548456,True,V2
,-1945.6875,2077-03-23,2077-12-23,64838.82675000117,0.05432333835204852,1128733.3784374974,,True,0,1.0,0.9997203070662848,10377.0,0.015895026571406238,108.57477742506453,1.0,,,,,,,,,,,,,0.0,0.0,471.8632198802367,0.13277823286813298,1.1910602766939964,215710.2450000003,1193572.2051874986,,,,,,,,0.0,0.0,,,32.34295174410401,0.16240055388259692,True,V2
,-1459.265625,2077-03-23,2077-12-24,66865.58456250117,0.05602139884951262,1126706.6206249974,,True,0,1.0,0.9997198039452166,10377.0,0.016349709967854866,,1.0,,,,,,,,,,,,,0.0,0.0,471.8632198802367,0.13691000883989662,1.9555426154208553,214250.9793750003,1193572.2051874986,BUY series_1 size=5342.0000 | SELL series_7 size=10377.0000,,,,,,,0.0,0.0,,,32.62952661952516,0.16746218465507762,True,V2
CLOSE series_7 pnl_net=-1540.34,0.0,2077-03-23,2077-12-25,66703.44393750117,0.05588555400971549,1126868.7612499974,SELL series_7 fill_size=10377.0000 fill_px=108.5625,True,0,1.0,0.0,0.0,0.017554130945830342,108.20014262220866,1.0,,,,,,,,,,,,,0.0,0.0,471.8632198802367,0.13590909822956415,1.569042364558505,214250.9793750003,1193572.2051874986,,,,,,,,0.0,0.0,,,32.329203289559075,0.16774786626165988,True,V2
,0.0,2077-03-23,2077-12-26,66768.30018750113,0.055939891945634306,1126803.9049999975,,True,0,1.0,0.0,0.0,0.01673807422437541,108.25392707776518,1.0,,,,,,,,,,,,,0.0,0.0,471.8632198802367,0.12955898894561638,0.611793886165304,214250.9793750003,1193572.2051874986,,,,,,,,0.0,0.0,,,32.244260197447716,0.17121497507219705,True,V2
,0.0,2077-03-23,2077-12-27,66768.30018750113,0.055939891945634306,1126803.9049999975,,True,0,1.0,0.0,0.0,0.016072223881761254,108.24025371506768,1.0,,,,,,,,,,,,,0.0,0.0,471.8632198802367,0.13100342734167592,0.16982865918237372,214250.9793750003,1193572.2051874986,,,,,,,,0.0,0.0,,,32.410027326201444,0.17300298381662613,True,V2
,0.0,2077-03-23,2077-12-28,66768.30018750113,0.055939891945634306,1126803.9049999975,,False,0,1.0,0.0,0.0,0.01533997225498819,108.24025371506768,1.0,,,,,,,,,,,,,0.0,0.0,471.8632198802367,0.12775755307527642,-0.4477542615325301,214250.9793750003,1193572.2051874986,BUY series_1 size=5572.0000,,,,,,,0.0,0.0,,,32.84038251718706,0.1751531702500168,True,V2
,3398.919999999997,2077-03-23,2077-12-29,63369.3801875012,0.05309220498943044,1130202.8249999974,BUY series_1 fill_size=5572.0000 fill_px=35.4500,True,0,1.0,0.0,0.0,0.014763262510995457,108.37943113697162,1.0,,,,,,,,,,,,,0.0,0.0,471.8632198802367,0.13056779633447926,-0.34204799811374625,217649.89937500027,1193572.2051874986,,,,,,,,0.17777899289890775,5572.0,,,33.473569480245125,0.1778482774815267,True,V2
,5293.399999999976,2077-03-23,2077-12-30,58477.164187501185,0.04899340310820575,1135095.0409999974,,True,0,1.0,0.0,0.0,0.015928739357447617,108.42877980575936,1.0,,,,,,,,,,,,,0.0,0.0,471.8632198802367,0.13284656059103997,-0.38625049952261736,222943.29937500024,1193572.2051874986,,,,,,,,0.18138163991855594,5572.0,,,34.30010023165619,0.1778728864588942,True,V2
,-891.519999999981,2077-03-23,2077-12-31,58477.164187501185,0.04899340310820575,1135095.0409999974,,True,0,1.0,0.0,0.0,0.015313735715922911,108.41991606963369,1.0,,,,,,,,,,,,,0.0,0.0,471.8632198802367,0.13334954821929795,-0.8452737759191622,222051.77937500025,1193572.2051874986,,,,,,,,0.18138163991855594,5572.0,,,34.35187878653789,0.18141775609998598,True,V2
,-278.6000000000238,2077-03-23,2078-01-01,59591.56418750109,0.049927070962698765,1133980.6409999975,,True,0,1.0,0.0,0.0,0.014624917085396733,108.31570331465986,1.0,,,,,,,,,,,,,0.0,0.0,471.8632198802367,0.13867990877809672,-0.2485426114729554,221773.1793750002,1193572.2051874986,,,,,,,,0.18057715678410816,5572.0,,,34.35187878653789,0.18448378425459847,True,V2
,947.2400000000096,2077-03-23,2078-01-02,59480.12418750115,0.0498337041772495,1134092.0809999974,,False,0,1.0,0.0,0.0,0.01467385637544028,108.31570331465986,1.0,,,,,,,,,,,,,0.0,0.0,471.8632198802367,0.1421929840980133,-0.3515329143084143,222720.41937500023,1193572.2051874986,,,,,,,,0.18065767624383974,5572.0,,,34.35187878653789,0.1895998378445761,True,V2
,-6574.959999999998,2077-03-23,2078-01-03,65163.56418750109,0.054595410235164225,1128408.6409999975,,False,0,1.0,0.0,0.0,0.015166385116075425,108.31570331465986,1.0,,,,,,,,,,,,,0.0,0.0,471.8632198802367,0.13748897348993047,-0.7718757871564982,216145.45937500024,1193572.2051874986,,,,,,,,0.17653090623576714,5572.0,,,34.35187878653789,0.17692745614264035,True,V2
,3510.360000000014,2077-03-23,2078-01-04,61374.60418750113,0.051420939529887744,1132197.6009999975,,False,0,1.0,0.0,0.0,0.015261680383086531,108.31570331465986,1.0,,,,,,,,,,,,,0.0,0.0,471.8632198802367,0.14194687082129478,-0.4727020901707545,219655.81937500025,1193572.2051874986,,,,,,,,0.1792866897268761,5572.0,,,34.35187878653789,0.18043049622155255,True,V2
,-222.87999999999525,2077-03-23,2078-01-05,61653.20418750122,0.05165435649351109,1131919.0009999974,,False,0,1.0,0.0,0.0,0.014689978998800009,108.31570331465986,1.0,,,,,,,,,,,,,0.0,0.0,471.8632198802367,0.1494662708830736,0.003719376956036963,219432.93937500025,1193572.2051874986,,,,,,,,0.1790846869969634,5572.0,,,34.35187878653789,0.18638878208097376,True,V2
,1058.6799999999873,2077-03-23,2078-01-06,60984.56418750109,0.05109415578081513,1132587.6409999975,,False,0,1.0,0.0,0.0,0.01446608799053193,108.31570331465986,1.0,,,,,,,,,,,,,0.0,0.0,471.8632198802367,0.1514402209772957,0.8338575937028715,220491.61937500024,1193572.2051874986,,,,,,,,0.17956932659130126,5572.0,,,34.35187878653789,0.18339858302024928,True,V2
,-55.719999999988914,2077-03-23,2078-01-07,60148.76418750128,0.05039390488994547,1133423.4409999973,,False,0,1.0,0.0,0.0,0.014184494798884069,108.31570331465986,1.0,,,,,,,,,,,,,0.0,0.0,471.8632198802367,0.1578456680854229,0.9573009875431189,220435.89937500024,1193572.2051874986,,,,,,,,0.18017432198140013,5572.0,,,34.35187878653789,0.1887390262871327,True,V2
,-3788.959999999998,2077-03-23,2078-01-08,64662.08418750111,0.054175259700642346,1128910.1209999975,,False,0,1.0,0.0,0.0,0.013549796865423888,108.31570331465986,1.0,,,,,,,,,,,,,0.0,0.0,471.8632198802367,0.1422984447565678,-0.582498312601499,216646.93937500025,1193572.2051874986,,,,,,,,0.17689670442772162,5572.0,,,34.35187878653789,0.17463258542775043,True,V2
,-3788.959999999998,2077-03-23,2078-01-09,68283.88418750116,0.05720968022774493,1125288.3209999974,,False,0,1.0,0.0,0.0,0.015089139718569062,108.31570331465986,1.0,,,,,,,,,,,,,0.0,0.0,471.8632198802367,0.14685640875678918,-0.457663220178904,212857.97937500026,1193572.2051874986,,,,,,,,0.17424750292063187,5572.0,,,34.35187878653789,0.17166675944114396,True,V2
,2395.959999999998,2077-03-23,2078-01-10,65275.00418750127,0.05468877702061368,1128297.2009999973,,False,0,1.0,0.0,0.0,0.01491045640944868,108.31570331465986,1.0,,,,,,,,,,,,,0.0,0.0,471.8632198802367,0.1506408559833521,0.164664382268367,215253.93937500025,1193572.2051874986,,,,,,,,0.1764495735906735,5572.0,,,34.35187878653789,0.1755715392835025,True,V2
,4067.5599999999827,2077-03-23,2078-01-11,60928.84418750112,0.051047472388090494,1132643.3609999975,,True,0,1.0,0.0,0.0,0.01440855875956087,108.43087395914534,1.0,,,,,,,,,,,,,0.0,0.0,471.8632198802367,0.15360157283331416,0.45405887393394967,219321.49937500022,1193572.2051874986,,,,,,,,0.17960968739567834,5572.0,,,34.35187878653789,0.1782809713419114,True,V2
,5794.879999999996,2077-03-23,2078-01-12,54019.56418750109,0.045258731690233305,1139552.6409999975,,True,0,1.0,0.0,0.0,0.0139970819254836,108.41069992634925,1.0,,,,,,,,,,,,,0.0,0.0,471.8632198802367,0.1512631459702323,2.4979889669192885,225116.37937500022,1193572.2051874986,,,,,,,,0.18458383793083627,5572.0,,,35.026030826609414,0.17678260315770114,True,V2
,5070.52000000002,2077-03-23,2078-01-13,51289.2841875013,0.042971245446725405,1142282.9209999973,,True,0,1.0,0.0,0.0,0.013431441271411604,108.38638653875287,1.0,,,,,,,,,,,,,0.0,0.0,471.8632198802367,0.1432816388292947,1.2093381394589862,230186.89937500024,1193572.2051874986,,,,,,,,0.18653284233074907,5572.0,,,35.407028624708744,0.1721870376524924,True,V2
,-1727.3200000000127,2077-03-23,2078-01-14,52682.2841875013,0.04413833026484177,1140889.9209999973,,True,0,1.0,0.0,0.0,0.012901215157028169,108.37162232169909,1.0,,,,,,,,,,,,,0.0,0.0,471.8632198802367,0.14762470541651943,1.2963166172575373,228459.57937500023,1193572.2051874986,,,,,,,,0.18553961789272438,5572.0,,,35.407028624708744,0.1756357034486225,True,V2
,5516.280000000011,2077-03-23,2078-01-15,47166.00418750127,0.03951667438510094,1146406.2009999973,,True,0,1.0,0.0,0.0,0.012375264616221002,108.39864929872058,1.0,,,,,,,,,,,,,0.0,0.0,471.8632198802367,0.15208045995190614,1.5344718671417352,233975.85937500023,1193572.2051874986,,,,,,,,0.18945864023636808,5572.0,,,36.15361141620295,0.17592790121983393,True,V2
,-1170.1200000000047,2077-03-23,2078-01-16,48280.404187501175,0.040450342239593956,1145291.8009999974,,True,0,1.0,0.0,0.0,0.011882020616700443,108.32497345595483,1.0,,,,,,,,,,,,,0.0,0.0,471.8632198802367,0.15216490977545583,2.076228469528002,232805.73937500024,1193572.2051874986,,,,,,,,0.18866996149918347,5572.0,,,36.15361141620295,0.1755860827278426,True,V2
,4011.839999999994,2077-03-23,2078-01-17,43655.644187501166,0.03657562064344762,1149916.5609999974,,True,0,1.0,0.0,0.0,0.011743757997314514,108.3318949948152,1.0,,,,,,,,,,,,,0.0,0.0,471.8632198802367,0.15347221968888428,2.8563326473693436,236817.57937500023,1193572.2051874986,,,,,,,,0.1919329866925888,5572.0,,,36.78137923131785,0.17863019559949006,True,V2
,501.480000000019,2077-03-23,2078-01-18,43822.804187501315,0.03671567082162171,1149749.4009999973,,True,0,1.0,0.0,0.0,0.011253497602512163,108.50629088804268,1.0,,,,,,,,,,,,,0.0,0.0,471.8632198802367,0.15720712758924899,2.5406351215157974,237319.05937500024,1193572.2051874986,,,,,,,,0.19181550328113675,5572.0,,,36.790923571938,0.1810256567649453,True,V2
,1504.4399999999778,2077-03-23,2078-01-19,43265.60418750113,0.036248836894375004,1150306.6009999975,,True,0,1.0,0.0,0.0,0.013093521961378547,108.5281629674682,1.0,,,,,,,,,,,,,0.0,0.0,471.8632198802367,0.15828428387361693,2.385725813149933,238823.49937500022,1193572.2051874986,,,,,,,,0.1922069818670896,5572.0,,,36.92585760251386,0.18378498610528146,True,V2
,-4234.719999999989,2077-03-23,2078-01-20,46163.044187501306,0.03867637331605719,1147409.1609999973,,True,0,1.0,0.0,0.0,0.01253493105500439,108.59311561264906,1.0,,,,,,,,,,,,,0.0,0.0,471.8632198802367,0.1575743653198866,2.053992921208064,234588.77937500022,1193572.2051874986,,,,,,,,0.19016714125746859,5572.0,,,36.92585760251386,0.17941817757831838,True,V2
,-1671.6000000000238,2077-03-23,2078-01-21,47946.08418750111,0.04017024188324597,1145626.1209999975,,True,0,1.0,0.0,0.0,0.012266548105973437,108.63333949745983,1.0,,,,,,,,,,,,,0.0,0.0,471.8632198802367,0.16092805662332527,2.061374652433823,232917.17937500018,1193572.2051874986,,,,,,,,0.1889067262285306,5572.0,,,36.92585760251386,0.18573923371198525,True,V2
,-5404.839999999994,2077-03-23,2078-01-22,53183.76418750128,0.04455848079936364,1140388.4409999973,,True,0,1.0,0.0,0.0,0.01181073724626044,108.6539491762127,1.0,,,,,,,,,,,,,0.0,0.0,471.8632198802367,0.1558037153006212,1.3752046926352393,227512.33937500019,1193572.2051874986,,,,,,,,0.1851814630941182,5572.0,,,36.92585760251386,0.17409942192733252,True,V2
,1783.0400000000016,2077-03-23,2078-01-23,51735.044187501306,0.04334471258852265,1141837.1609999973,,True,0,1.0,0.0,0.0,0.011316383568582179,108.53190369934036,1.0,,,,,,,,,,,,,0.0,0.0,471.8632198802367,0.1492562862651485,1.7739907806660753,229295.3793750002,1193572.2051874986,,,,,,,,0.18621527417603506,5572.0,,,36.92585760251386,0.17735550081763563,True,V2
,724.3600000000142,2077-03-23,2078-01-24,51679.3241875011,0.04329802919579782,1141892.8809999975,,True,0,1.0,0.0,0.0,0.011875102792144735,108.57091950653034,1.0,,,,,,,,,,,,,0.0,0.0,471.8632198802367,0.1531139847645904,1.614538778593402,230019.7393750002,1193572.2051874986,,,,,,,,0.18625498375447047,5572.0,,,36.92585760251386,0.18030971842849947,True,V2
,668.6399999999858,2077-03-23,2078-01-25,50564.924187501194,0.04236436134130481,1143007.2809999974,,True,0,1.0,0.0,0.0,0.01148587660552615,108.67020650606389,1.0,,,,,,,,,,,,,0.0,0.0,471.8632198802367,0.15580630717084637,1.808417821287662,230688.3793750002,1193572.2051874986,,,,,,,,0.18704836229297866,5572.0,,,36.92585760251386,0.1848003649679644,True,V2
,-1894.4799999999793,2077-03-23,2078-01-26,52738.00418750127,0.0441850136575664,1140834.2009999973,,True,0,1.0,0.0,0.0,0.011776016655540969,108.61675425563075,1.0,,,,,,,,,,,,,0.0,0.0,471.8632198802367,0.15616626915087578,1.570041470841665,228793.8993750002,1193572.2051874986,,,,,,,,0.18549983846425766,5572.0,,,36.92585760251386,0.18528850305174147,True,V2
,-724.3600000000142,2077-03-23,2078-01-27,52069.36418750114,0.04362481294487043,1141502.8409999975,,True,0,1.0,0.0,0.0,0.011502174021119702,108.57549055879998,1.0,,,,,,,,,,,,,0.0,0.0,471.8632198802367,0.1579038039615146,2.061712561619888,228069.5393750002,1193572.2051874986,,,,,,,,0.1859769352952495,5572.0,,,36.92585760251386,0.19184714750892534,True,V2
,-891.519999999981,2077-03-23,2078-01-28,54019.56418750109,0.045258731690233305,1139552.6409999975,,True,0,1.0,0.0,0.0,0.01119011064799048,108.56284391174285,1.0,,,,,,,,,,,,,0.0,0.0,471.8632198802367,0.15923592577023143,1.9157744765367657,227178.0193750002,1193572.2051874986,,,,,,,,0.18458383793083627,5572.0,,,36.92585760251386,0.18290779938445487,True,V2
,-111.44000000001742,2077-03-23,2078-01-29,53685.24418750126,0.04497863133388552,1139886.9609999973,,True,0,1.0,0.0,0.0,0.010733743137614679,108.55835506090406,1.0,,,,,,,,,,,,,0.0,0.0,471.8632198802367,0.16317654758613026,2.180175290123522,227066.57937500018,1193572.2051874986,,,,,,,,0.18482299316344272,5572.0,,,36.92585760251386,0.19033910056467782,True,V2
,334.32000000001267,2077-03-23,2078-01-30,53685.24418750126,0.04497863133388552,1139886.9609999973,,True,0,1.0,0.0,0.0,0.010300709404826011,108.52851719941093,1.0,,,,,,,,,,,,,0.0,0.0,471.8632198802367,0.1593639871416817,2.132011708582323,227400.89937500018,1193572.2051874986,,,,,,,,0.18482299316344272,5572.0,,,36.92585760251386,0.19777599991329678,True,V2
,7856.519999999981,2077-03-23,2078-01-31,46775.96418750123,0.039189890636028325,1146796.2409999974,,True,0,1.0,0.0,0.0,0.009941909036509997,108.67547579231014,1.0,,,,,,,,,,,,,0.0,0.0,471.8632198802367,0.16146279695594223,2.139978857197607,235257.41937500017,1193572.2051874986,,,,,,,,0.18973431567081714,5572.0,,,36.92585760251386,0.1981040715105966,True,V2
,6742.120000000004,2077-03-23,2078-02-01,38975.164187501185,0.03265421565457664,1154597.0409999974,,True,0,1.0,0.0,0.0,0.011349853623035871,107.91629002143084,1.0,,,,,,,,,,,,,0.0,0.0,471.8632198802367,0.15912648569686902,2.782454193717205,241999.53937500017,1193572.2051874986,,,,,,,,0.19520871091510145,5572.0,,,37.84188880341798,0.19784140134535,True,V2
,390.04000000000156,2077-03-23,2078-02-02,38696.56418750109,0.032420798690953295,1154875.6409999975,,False,0,0.6,0.0,0.0,0.030122828661184237,107.91629002143084,0.3983689624561387,,,,,,,,,,,,,0.0,0.0,471.8632198802367,0.1608031372254029,2.391520086288827,242389.57937500018,1193572.2051874986,,,,,,,,0.19540285723283385,5572.0,,,37.97282531745955,0.20442994804187567,True,V2
,-6407.799999999992,2077-03-23,2078-02-03,45661.56418750109,0.03825622278153512,1147910.6409999975,,False,0,0.6,0.0,0.0,0.028648506779698015,107.91629002143084,0.4188699987848544,,,,,,,,,,,,,0.0,0.0,471.8632198802367,0.13319636296417312,1.1226934980605727,235981.7793750002,1193572.2051874986,,,,,,,,0.19052092749090604,5572.0,,,37.97282531745955,0.19228966871498498,True,V2
,4736.200000000008,2077-03-23,2078-02-04,39588.08418750111,0.03316773297454778,1153984.1209999975,,False,0,0.6,0.0,0.0,0.027545911595151358,107.91629002143084,0.4356363360329758,,,,,,,,,,,,,0.0,0.0,471.8632198802367,0.13504948833756034,1.4444813583595757,240717.9793750002,1193572.2051874986,,,,,,,,0.1947812590395258,5572.0,,,37.97282531745955,0.19135061752781155,True,V2
,-2618.8400000000333,2077-03-23,2078-02-05,42987.00418750127,0.036015419930751844,1150585.2009999973,,False,0,0.6,0.0,0.0,0.026514402124491344,107.91629002143084,0.4525842198386063,,,,,,,,,,,,,0.0,0.0,471.8632198802367,0.1346497471647539,1.110671465268757,238099.13937500017,1193572.2051874986,,,,,,,,0.19240257897250712,5572.0,,,37.97282531745955,0.19145353310760474,True,V2
,-1281.5599999999827,2077-03-23,2078-02-06,44825.76418750128,0.03755597189066545,1148746.4409999973,,False,0,0.4,0.0,0.0,0.04242399169759815,107.91629002143084,0.1885725430323645,,,,,,,,,,,,,0.0,0.0,471.8632198802367,0.12707740256144348,0.515622366631217,236817.5793750002,1193572.2051874986,,,,,,,,0.19110988479658803,5572.0,,,37.97282531745955,0.1936365246057546,True,V2
,-501.480000000019,2077-03-23,2078-02-07,44547.164187501185,0.037322554927042104,1149025.0409999974,,False,0,0.4,0.0,0.0,0.04169443628221896,107.91629002143084,0.19187212283792618,,,,,,,,,,,,,0.0,0.0,471.8632198802367,0.13190021783543032,0.8294172346184677,236316.0993750002,1193572.2051874986,,,,,,,,0.1913060134953147,5572.0,,,37.97282531745955,0.1989216682197277,True,V2
,-4067.5599999999827,2077-03-23,2078-02-08,49227.644187501166,0.04124395991591307,1144344.5609999974,,False,0,0.4,0.0,0.0,0.04111367037156496,107.91629002143084,0.1945824813912251,,,,,,,,,,,,,0.0,0.0,471.8632198802367,0.12750740399537033,0.387889120187297,232248.53937500023,1193572.2051874986,,,,,,,,0.1879983768280439,5572.0,,,37.97282531745955,0.1860441267257354,True,V2
,-3008.879999999995,2077-03-23,2078-02-09,51512.164187501185,0.04315797901762393,1142060.0409999974,,False,0,0.4,0.0,0.0,0.03930133242110722,107.91629002143084,0.20355543965485282,,,,,,,,,,,,,0.0,0.0,471.8632198802367,0.12931203575841832,0.32125614325997587,229239.65937500022,1193572.2051874986,,,,,,,,0.18637408924107565,5572.0,,,37.97282531745955,0.1850538060880796,True,V2
,-5572.0,2077-03-23,2078-02-10,57307.044187501306,0.04801305186098811,1136265.1609999973,,False,0,0.4,0.0,0.0,0.037386775647928513,107.91629002143084,0.21397940478569344,,,,,,,,,,,,,0.0,0.0,471.8632198802367,0.1281001454024999,0.04614227108323546,223667.65937500022,1193572.2051874986,SELL series_1 size=5572.0000,,,,,,,0.18222464888193513,5572.0,,,,0.16776607044777464,True,V2
CLOSE series_1 pnl_net=9416.68,0.0,2077-03-23,2078-02-11,57418.48418750125,0.04810641864643737,1136153.7209999973,SELL series_1 fill_size=5572.0000 fill_px=37.1400,False,0,0.4,0.0,0.0,0.035883822724917545,107.91629002143084,0.22294168771614298,,,,,,,,,,,,,0.0,0.0,471.8632198802367,0.1276006369126395,-0.22602861382234132,223667.65937500022,1193572.2051874986,BUY series_1 size=5122.0000,,,,,,,0.0,0.0,,,33.7909581321346,0.1651215369450852,True,V2
,3636.6200000000044,2077-03-23,2078-02-12,55721.58018750115,0.04668471663911429,1137850.6249999974,BUY series_1 fill_size=5122.0000 fill_px=36.6200,False,0,0.4,0.0,0.0,0.03438180383278416,107.91629002143084,0.23268121820797966,,,,,,,,,,,,,0.0,0.0,471.8632198802367,0.12717292825195314,-0.5160046078606388,227304.27937500022,1193572.2051874986,,,,,,,,0.16637431648815978,5122.0,,,34.17588969412499,0.1693441824617404,True,V2
,512.2000000000073,2077-03-23,2078-02-13,54287.42018750124,0.04548314710375918,1139284.7849999974,,False,0,0.4,0.0,0.0,0.03273385611672444,107.91629002143084,0.24439528210404238,,,,,,,,,,,,,0.0,0.0,471.8632198802367,0.1286124301010023,0.2038299555274409,227816.47937500023,1193572.2051874986,,,,,,,,0.16742370521519817,5122.0,,,34.504754715973206,0.17367533751938025,True,V2
,-1331.7199999999898,2077-03-23,2078-02-14,54953.28018750111,0.04604101867374541,1138618.9249999975,,False,0,0.6,0.0,0.0,0.03133709570246157,107.91629002143084,0.382932742521426,,,,,,,,,,,,,0.0,0.0,471.8632198802367,0.1310309769434018,0.012692066849899803,226484.75937500023,1193572.2051874986,,,,,,,,0.16693681777685226,5122.0,,,34.504754715973206,0.1741388339955578,True,V2
,-2407.3399999999942,2077-03-23,2078-02-15,57155.74018750107,0.047886286174469404,1136416.4649999975,,False,0,0.6,0.0,0.0,0.03086194239991711,107.91629002143084,0.388828410230985,,,,,,,,,,,,,0.0,0.0,471.8632198802367,0.13305889838642504,-0.1557938619860745,224077.41937500023,1193572.2051874986,,,,,,,,0.16532227909950284,5122.0,,,34.504754715973206,0.17566801227685339,True,V2
,-2612.220000000026,2077-03-23,2078-02-16,60280.16018750123,0.05050399123363618,1133292.0449999974,,False,0,0.6,0.0,0.0,0.029407920848060976,107.91629002143084,0.40805332896532287,,,,,,,,,,,,,0.0,0.0,471.8632198802367,0.13472343140391807,-0.4627716085883994,221465.1993750002,1193572.2051874986,,,,,,,,0.16302112135623473,5122.0,,,34.504754715973206,0.1725779215446698,True,V2
,4148.8200000000115,2077-03-23,2078-02-17,55106.940187501255,0.0461697582668193,1138465.2649999973,,False,0,0.6,0.0,0.0,0.02901275958046804,107.91629002143084,0.4136111205387935,,,,,,,,,,,,,0.0,0.0,471.8632198802367,0.1397237538178622,-0.5102311786886886,225614.0193750002,1193572.2051874986,,,,,,,,0.16682437825628385,5122.0,,,34.504754715973206,0.1778446203609357,True,V2
,-2151.240000000009,2077-03-23,2078-02-18,57565.50018750108,0.04822959175599946,1136006.7049999975,,False,0,0.6,0.0,0.0,0.027690056636842195,107.91629002143084,0.4333685610463415,,,,,,,,,,,,,0.0,0.0,471.8632198802367,0.14005451523879853,-0.8417948370370429,223462.7793750002,1193572.2051874986,,,,,,,,0.16502120909576887,5122.0,,,34.504754715973206,0.17858630481208956,True,V2
,1126.8399999999942,2077-03-23,2078-02-19,57053.300187501125,0.04780045977908694,1136518.9049999975,,False,0,0.6,0.0,0.0,0.026413131633091003,107.91629002143084,0.4543194713407672,,,,,,,,,,,,,0.0,0.0,471.8632198802367,0.14191101233219186,-1.1154472633400863,224589.61937500018,1193572.2051874986,,,,,,,,0.16539751267929895,5122.0,,,34.504754715973206,0.1835337349408119,True,V2
,-3943.9399999999796,2077-03-23,2078-02-20,59409.42018750124,0.04977446687288482,1134162.7849999974,,False,0,0.6,0.0,0.0,0.025932802381081015,107.91629002143084,0.4627344096353607,,,,,,,,,,,,,0.0,0.0,471.8632198802367,0.14884048747938602,-1.1266239461813328,220645.6793750002,1193572.2051874986,SELL series_1 size=5122.0000,,,,,,,0.16366370194380908,5122.0,,,,0.17960275962567362,False,V2
CLOSE series_1 pnl_net=-3021.98,0.0,2077-03-23,2078-02-21,60485.040187501116,0.050675644024401105,1133087.1649999975,SELL series_1 fill_size=5122.0000 fill_px=36.0300,False,0,0.6,0.0,0.0,0.024787330422541613,107.91629002143084,0.48411828928084943,,,,,,,,,,,,,0.0,0.0,471.8632198802367,0.15026117265886876,-1.287458309447324,220645.6793750002,1193572.2051874986,,,,,,,,0.0,0.0,,,,0.18311470067794058,False,V2
,0.0,2077-03-23,2078-02-22,60915.28818750102,0.05103611488500758,1132656.9169999976,,False,0,0.6,0.0,0.0,0.023566571053113376,107.91629002143084,0.5091958424055367,,,,,,,,,,,,,0.0,0.0,509.9765756339415,0.13449207987248202,-1.8486034342976003,220645.6793750002,1193572.2051874986,BUY series_10 size=281.0000,,,,,,,0.0,0.0,,,,0.17193932650541274,False,V2
,0.0,2077-03-23,2078-02-23,62671.53818750102,0.05250753822443103,1130900.6669999976,BUY series_10 fill_size=281.0000 fill_px=541.7500,False,0,0.6,0.0,0.0,0.02242049727275999,107.91629002143084,0.5352245248627703,,,,,,,,,,,,,0.1330581052703547,281.0,509.9765756339415,0.13342585825863706,-1.9632875335203304,220645.6793750002,1193572.2051874986,,,,,,,,0.0,0.0,,,,0.1765106645682406,False,V2
