closed_trades,cum_open_open_pnl,current_peak_date,date,drawdown_abs,drawdown_pct,equity,filled_orders,ga_bull,ga_cooldown,ga_mult,ga_pos_pct,ga_pos_size,ga_sigma_ann,ga_stop,ga_target_pct,mr09_active_weight,mr09_atr_pct,mr09_atr_q,mr09_cooldown,mr09_freeze,mr09_loss_streak,mr09_perf_ema,mr09_pos_pct,mr09_pos_size,mr09_signal_strength,mr09_stop,mr09_z_score,mr_pos_pct,mr_pos_size,mr_stop,mr_target_pct,mr_z_score,portfolio_cum_open_open_pnl,running_peak_equity,submitted_orders,tf_active_weight,tf_cooldown,tf_freeze,tf_hot_score,tf_loss_streak,tf_perf_ema,tf_pos_pct,tf_pos_size,tf_score,tf_signal_strength,tf_stop,tf_target_pct,tf_trend_up,version
,0.0,2075-10-03,2075-10-03,0.0,0.0,1000000.0,,,,,,,,,,0.3500325207761965,0.006633698743555768,0.007729293826831203,0,0,0,0.0,0.0,0.0,0.04909137004915639,,0.1656833739159028,,,,,,0.0,1000000.0,,0.6499674792238035,0,0,0.0,0,0.0,0.0,0.0,0.16157078259097202,0.09694246955458322,,,,V3
,0.0,2075-10-04,2075-10-04,0.0,0.0,1000000.0,,,,,,,,,,0.5243676141922451,0.006854132713041215,0.007727974936090953,0,0,0,0.0,0.0,0.0,0.38699479231761047,,1.3061074240719353,,,,,,0.0,1000000.0,,0.4756323858077549,0,0,0.0,0,0.0,0.0,0.0,0.12813426968384273,0.07688056181030564,,,,V3
,0.0,2075-10-05,2075-10-05,0.0,0.0,1000000.0,,,,,,,,,,0.5517621812013633,0.006723353640198904,0.007726656045350703,0,0,0,0.0,0.0,0.0,0.43159347426526873,,1.456627975645282,,,,,,0.0,1000000.0,,0.44823781879863667,0,0,0.0,0,0.0,0.0,0.0,0.06894606087330118,0.04136763652398071,,,,V3
,0.0,2075-10-06,2075-10-06,0.0,0.0,1000000.0,,,,,,,,,,0.5775994290399131,0.006852933857723025,0.0077253371546104534,0,0,0,0.0,0.0,0.0,0.3409854393246759,,1.1508258577207813,,,,,,0.0,1000000.0,,0.4224005709600869,0,0,0.0,0,0.0,0.0,0.0,0.007861553359071655,0.004716932015442993,,,,V3
,0.0,2075-10-07,2075-10-07,0.0,0.0,1000000.0,,,,,,,,,,0.5823750000000001,0.006753261221217199,0.0077240182638702035,0,0,0,0.0,0.0,0.0,0.15803796643606513,,0.5333781367217199,,,,,,0.0,1000000.0,,0.4176249999999999,0,0,0.0,0,0.0,0.0,0.0,-0.05588562699476071,0.0,,,,V3
,0.0,2075-10-08,2075-10-08,0.0,0.0,1000000.0,,,,,,,,,,0.5762341850040978,0.006551019654568278,0.0077226993731299536,0,0,0,0.0,0.0,0.0,0.2451523820348717,,0.827389289367692,,,,,,0.0,1000000.0,,0.42376581499590216,0,0,0.04378057907230069,0,0.0,0.0,0.0,-0.09339985981142787,0.004378057907230069,,,,V3
,0.0,2075-10-09,2075-10-09,0.0,0.0,1000000.0,,,,,,,,,,0.5730149413169846,0.006587603107277845,0.007721380482389704,0,0,0,0.0,0.0,0.0,0.25837047251675577,,0.8720003447440506,,,,,,0.0,1000000.0,,0.4269850586830154,0,0,0.07099469238297082,0,0.0,0.0,0.0,-0.0736615704370539,0.007099469238297082,,,,V3
,0.0,2075-10-10,2075-10-10,0.0,0.0,1000000.0,,,,,,,,,,0.5346770229697699,0.006527772674866818,0.007720061591649454,0,0,0,0.0,0.0,0.0,0.021983529919361294,,-0.07419441347784436,,,,,,0.0,1000000.0,,0.46532297703023007,0,0,0.03468616897882717,0,0.0,0.0,0.0,-0.08367340734115586,0.003468616897882717,,,,V3
,0.0,2075-10-11,2075-10-11,0.0,0.0,1000000.0,,,,,,,,,,0.576946879529187,0.006928627450024521,0.007718742700909204,0,0,0,0.0,0.0,0.0,0.6781757496231205,,-2.288843154978032,,,,,,0.0,1000000.0,BUY series_9 size=3888.0000,0.423053120470813,0,0,0.10683459353584328,0,0.0,0.0,0.0,-0.09060498330885619,0.010683459353584328,,,,V3
,-1944.0,2075-10-11,2075-10-12,2065.5,0.0020655,997934.5,BUY series_9 fill_size=3888.0000 fill_px=113.1875,,,,,,,,,0.5795979004183298,0.007018849853613129,0.007717423810168954,0,0,0,0.0,0.4389140770260974,3888.0,0.9094624136160228,111.60606539235779,-2.619435645954077,,,,,,-1944.0,1000000.0,,0.4204020995816702,0,0,0.07273908735152564,0,0.0,0.0,0.0,-0.09855829432493113,0.007273908735152564,,,,V3
,243.0,2075-10-11,2075-10-13,1093.5,0.0010935,998906.5,,,,,,,,,,0.5378626755242819,0.007017089051235208,0.007714035303209968,0,0,0,0.0,0.43946004956419843,3888.0,0.686299084854415,111.60606539235779,-1.8662594113836508,,,,,,-1701.0,1000000.0,,0.4621373244757181,0,0,1.0,0,0.0,0.0,0.0,-0.052179717630540245,0.1,,,,V3
,-364.5,2075-10-11,2075-10-14,2065.5,0.0020655,997934.5,,,,,,,,,,0.5452056600748053,0.0069067892935895875,0.007710646796250981,0,0,0,0.0,0.4389140770260974,3888.0,0.7019237920858937,111.60606539235779,-1.9189927982898916,,,,,,-2065.5,1000000.0,,0.4547943399251947,0,0,0.833998944457156,0,0.0,0.0,0.0,-0.0056904006734186385,0.0833998944457156,,,,V3
,1215.0,2075-10-11,2075-10-15,1336.5,0.0013365,998663.5,,,,,,,,,,0.5221400459253337,0.006758845595681371,0.007707258289291995,0,0,0,0.0,0.43932365606633267,3888.0,0.5680841131625618,111.60606539235779,-1.467283881923646,,,,,,-850.5,1000000.0,,0.4778599540746663,0,0,0.9002251067836923,0,0.0,0.0,0.0,0.046780104779320125,0.11809057354596131,,,,V3
,-1458.0,2075-10-11,2075-10-16,2308.5,0.0023085,997691.5,,,,,,,,,,0.5579128721661537,0.006726150604616602,0.007703869782333009,0,0,0,0.0,0.43877741766868816,3888.0,0.6026262041025242,111.60606539235779,-1.5838634388460195,,,,,,-2308.5,1000000.0,,0.4420871278338463,0,0,0.10955934283514163,0,0.0,0.0,0.0,0.057212737554288184,0.04528357681608708,,,,V3
,364.5,2075-10-11,2075-10-17,1944.0,0.001944,998056.0,,,,,,,,,,0.5425066853129026,0.006597063785944794,0.007700481275374022,0,0,0,0.0,0.4389823817501222,3888.0,0.5218961624326613,111.60606539235779,-1.3113995482102319,,,,,,-1944.0,1000000.0,,0.4574933146870974,0,0,0.25696642264935504,0,0.0,0.0,0.0,0.0689910021737713,0.06709124356919828,,,,V3
,2308.5,2075-10-18,2075-10-18,0.0,0.0,1000364.5,,,,,,,,,,0.4419600748707394,0.006921323274039805,0.007697092768415036,1,0,0,0.0,0.4402770190265648,3888.0,0.28645872325883454,,-0.5167981909985666,,,,,,364.5,1000364.5,SELL series_9 size=3888.0000,0.5580399251292606,0,0,1.0,0,0.0,0.0,0.0,0.153196124165968,0.1919176744995808,,,,V3
CLOSE series_9 pnl_net=364.50,0.0,2075-10-19,2075-10-19,0.0,0.0,1000364.5,SELL series_9 fill_size=3888.0000 fill_px=113.2812,,,,,,,,,0.3693669275476139,0.006681257570111216,0.007693704261456049,0,0,0,0.0,0.0,0.0,0.12698198529219823,,-0.42856420036116905,,,,,,364.5,1000364.5,,0.6306330724523861,0,0,0.6972315237358588,0,0.0,0.0,0.0,0.21286751706389917,0.19744366261192536,,,,V3
,0.0,2075-10-20,2075-10-20,0.0,0.0,1000364.5,,,,,,,,,,0.44548945560658026,0.0067422306466520835,0.007690315754497063,0,0,0,0.0,0.0,0.0,0.26234121276491545,,-0.8854015930815896,,,,,,364.5,1000364.5,,0.5545105443934197,0,0,0.26137184844653555,0,0.0,0.0,0.0,0.23727866262083927,0.1685043824171571,,,,V3
,0.0,2075-10-21,2075-10-21,0.0,0.0,1000364.5,,,,,,,,,,0.4793679609551611,0.006656646610945278,0.0076869272475380765,0,0,0,0.0,0.0,0.0,0.35535088559172906,,-1.1993092388720854,,,,,,364.5,1000364.5,,0.5206320390448389,0,0,0.0,0,0.0,0.0,0.0,0.2469951802486814,0.14819710814920883,,,,V3
,0.0,2075-10-22,2075-10-22,0.0,0.0,1000364.5,,,,,,,,,,0.4011082857332451,0.006737698259251125,0.0076835387405790895,0,0,0,0.0,0.0,0.0,0.23599099205103494,,-0.7964695981722429,,,,,,364.5,1000364.5,BUY series_1 size=6372.0000,0.5988917142667549,0,0,0.7400189548379502,0,0.0,0.0,0.0,0.2991973261089049,0.253520291149138,21.579468224113977,,,V3
,-2421.3599999999938,2075-10-22,2075-10-23,2293.9199999999255,0.0022930841708196617,998070.5800000001,BUY series_1 fill_size=6372.0000 fill_px=22.6300,,,,,,,,,0.4309645007105579,0.0070493605036513005,0.007682839521628214,0,0,0,0.0,0.0,0.0,0.3224669407773555,,-1.0883259251235748,,,,,,-2056.8599999999938,1000364.5,,0.5690354992894421,0,0,0.0,0,0.0,0.1421787625480354,6372.0,0.3097638624125125,0.24585831744750752,21.54879192239155,,,V3
,63.72000000000996,2075-10-22,2075-10-24,2663.496000000043,0.0026625255094518477,997701.004,,,,,,,,,,0.4295132598150633,0.006849161435539158,0.007682140302677338,0,0,0,0.0,0.0,0.0,0.32264622606250126,,-1.0889310129609417,,,,,,-1993.1399999999837,1000364.5,,0.5704867401849367,0,0,0.006059231490628485,0,0.0,0.14191209533953722,6372.0,0.31696847368511927,0.25018108421107155,21.54879192239155,,,V3
,-1401.8400000000154,2075-10-22,2075-10-25,3810.4560000000056,0.0038090675948616783,996554.044,,,,,,,,,,0.45102129751086206,0.006797737986758955,0.007681441083726462,0,0,0,0.0,0.0,0.0,0.40796101173000004,,-1.37686841458875,,,,,,-3394.979999999999,1000364.5,,0.5489787024891379,0,0,0.0,0,0.0,0.14092449962502987,6372.0,0.308476993604157,0.2450861961624942,21.54879192239155,,,V3
,828.3600000000163,2075-10-22,2075-10-26,2344.8959999999497,0.0023440415968379023,998019.604,,,,,,,,,,0.43345247071019455,0.006722979495955611,0.007680741864775586,0,0,0,0.0,0.0,0.0,0.3389765228330422,,-1.1440457645615174,,,,,,-2566.6199999999826,1000364.5,,0.5665475292898055,0,0,0.04587121505799802,0,0.0,0.14218602463444194,6372.0,0.3184228179306807,0.25105369075840844,21.54879192239155,,,V3
,5161.3199999999915,2075-10-22,2075-10-27,433.295999999973,0.00043313812115481205,999931.204,,,,,,,,,,0.4058992807402487,0.006494185807223316,0.00768004264582471,0,0,0,0.0,0.0,0.0,0.26739908295538795,,-0.9024719049744343,,,,,,2594.700000000009,1000364.5,,0.5941007192597513,0,0,0.528236790710565,0,0.0,0.14382593464900012,6372.0,0.35324536420918,0.271947218525508,21.54879192239155,,,V3
,4587.839999999993,2075-10-28,2075-10-28,0.0,0.0,1007195.284,,,,,,,,,,0.29399389888606675,0.006543104897834001,0.007679343426873835,0,0,0,0.0,0.0,0.0,0.08093852297475672,,0.2731675150398039,,,,,,7182.540000000002,1007195.284,BUY series_1 size=641.0000,0.7060061011139332,0,0,1.0,0,0.0,0.15000082148915225,6372.0,0.46466400189854895,0.37879840113912944,22.545511262495772,,,V3
,-1612.990000000003,2075-10-28,2075-10-29,1536.4499999999534,0.001525473782897452,1005658.834,BUY series_1 fill_size=641.0000 fill_px=23.7000,,,,,,,,,0.2662427015229123,0.0063231370780874145,0.0076786442079229585,0,0,0,0.0,0.0,0.0,0.04487608799723424,,0.15145679699066555,,,,,,5569.549999999999,1007195.284,,0.7337572984770877,0,0,0.8788421782411124,0,0.0,0.16380840542589017,7013.0,0.55167331918485,0.41888820933502124,22.547260458031786,,,V3
,-1332.469999999984,2075-10-28,2075-10-30,3993.564000000013,0.003965034451054889,1003201.72,,,,,,,,,,0.4074702520943453,0.00638420893721761,0.007677944988972083,0,0,0,0.0,0.0,0.0,0.4206060514808298,,1.4195454237478005,,,,,,4237.080000000015,1007195.284,SELL series_1 size=968.0000,0.5925297479056547,0,0,0.5609427975650348,0,0.0,0.16176290048625516,7013.0,0.6002473846083918,0.4201484307650351,22.547260458031786,,,V3
,-846.3000000000035,2075-10-28,2075-10-31,3858.043999999878,0.003830482589908431,1003337.2400000001,SELL series_1 fill_size=968.0000 fill_px=23.2800,,,,,,,,,0.30771004536147073,0.006402722105881112,0.007677245770021207,0,0,0,0.0,0.0,0.0,0.12187234362441769,,0.41131915973240973,,,,,,3390.780000000012,1007195.284,BUY series_1 size=1096.0000,0.6922899546385293,0,0,0.30257451953616277,0,0.0,0.13941603523058707,6045.0,0.6405597570311299,0.44433585421867794,22.547260458031786,,,V3
,1999.4800000000082,2075-10-28,2075-11-01,2269.821999999811,0.0022536066600564136,1004925.4620000002,BUY series_1 fill_size=1096.0000 fill_px=23.1400,,,,,,,,,0.2856948205853582,0.006382209502784221,0.007676546551070331,0,0,0,0.0,0.0,0.0,0.08620292948756102,,0.2909348870205184,,,,,,5390.26000000002,1007195.284,,0.7143051794146418,0,0,0.6103077486787274,0,0.0,0.16606721225658425,7141.0,0.6976939774382975,0.4796471613308512,22.261308755938717,,,V3
,-357.05000000000507,2075-10-28,2075-11-02,2269.821999999811,0.0022536066600564136,1004925.4620000002,,,,,,,,,,0.330698628806525,0.006400794854944439,0.007676527107759877,0,0,0,0.0,0.0,0.0,0.1959248955655004,,-0.6612465225335639,,,,,,5033.2100000000155,1007195.284,,0.669301371193475,0,0,0.4188926616818068,0,0.0,0.16606721225658425,7141.0,0.7358395525219097,0.5015037315131459,22.261308755938717,,,V3
,3856.139999999994,2075-11-03,2075-11-03,0.0,0.0,1009210.0620000002,,,,,,,,,,0.3502602084944324,0.006405818482047127,0.007676507664449423,0,0,0,0.0,0.0,0.0,0.2944145772416579,,0.9936491981905954,,,,,,8889.35000000001,1009210.0620000002,,0.6497397915055676,0,0,1.0,0,0.0,0.16960767281767347,7141.0,0.7994989092273732,0.5796993455364239,22.81168969262063,,,V3
,1713.8399999999888,2075-11-04,2075-11-04,0.0,0.0,1010495.4420000002,,,,,,,,,,0.29845191863582055,0.006432429248133401,0.0076764882211389695,0,0,0,0.0,0.0,0.0,0.1439462743403379,,-0.4858186758986404,,,,,,10603.189999999999,1010495.4420000002,,0.7015480813641795,0,0,0.8724542387593615,0,0.0,0.1706639563446937,7141.0,0.8854519276310482,0.618516580454565,22.99728328600487,,,V3
,4641.650000000015,2075-11-05,2075-11-05,0.0,0.0,1014780.0420000001,,,,,,,,,,0.392131281472039,0.006744135996911036,0.007676468777828516,0,0,0,0.0,0.0,0.0,0.5785740642974483,,-1.952687467003888,,,,,,15244.840000000015,1014780.0420000001,SELL series_1 size=966.0000,0.607868718527961,0,0,1.0,0,0.0,0.1741655754794594,7141.0,0.9816458380808326,0.6889875028484996,23.563905908433092,,,V3
,370.4999999999921,2075-11-06,2075-11-06,0.0,0.0,1015816.3420000002,SELL series_1 fill_size=966.0000 fill_px=24.8000,,,,,,,,,0.40953665922803395,0.006754999134843661,0.007676449334518062,0,0,0,0.0,0.0,0.0,0.7681991394107573,,-2.5926720955113063,,,,,,15615.340000000007,1015816.3420000002,BUY series_9 size=3228.0000,0.590463340771966,0,0,0.9019125640347028,0,0.0,0.1514242719280844,6175.0,1.0987688919716516,0.7494525915864613,23.738626914973587,,,V3
,-2869.7499999999945,2075-11-06,2075-11-07,2777.819999999949,0.0027345691195820006,1013038.5220000002,BUY series_9 fill_size=3228.0000 fill_px=111.3438,,,,,,,,,0.4276453058405343,0.006874170797862516,0.007676429891207608,0,0,0,0.0,0.35280013270808264,3228.0,0.9901531972663057,109.82155080394831,-2.891767040773782,,,,,,12745.590000000013,1015816.3420000002,,0.5723546941594657,0,0,0.6938628201690895,0,0.0,0.15110802469562945,6175.0,1.19199742353985,0.784584736140819,23.738626914973587,,,V3
,-2403.9999999999973,2075-11-06,2075-11-08,5782.1699999999255,0.005692141148877013,1010034.1720000003,,,,,,,,,,0.4123585141224122,0.0069476519652181285,0.007676410447897154,0,0,0,0.0,0.35384953787484325,3228.0,0.8332505473863695,109.82155080394831,-2.362220597428997,,,,,,10341.590000000015,1015816.3420000002,,0.5876414858775878,0,0,0.2405729725405474,0,0.0,0.148622941838447,6175.0,1.2118454266303487,0.7871072559782091,23.738626914973587,,,V3
,-2385.6250000000064,2075-11-06,2075-11-09,8392.169999999925,0.008261503239332533,1007424.1720000003,,,,,,,,,,0.4015968413933879,0.006797956627788393,0.0076763910045867,0,0,0,0.0,0.3545660159125107,3228.0,0.7410115756229773,109.82155080394831,-2.0509140677275486,,,,,,7955.965000000008,1015816.3420000002,,0.5984031586066121,0,0,0.0,0,0.0,0.14661748656155926,6175.0,1.2193599108747633,0.791615946524858,23.738626914973587,,,V3
,948.8750000000105,2075-11-06,2075-11-10,7365.0449999999255,0.007250370658045511,1008451.2970000003,,,,,,,,,,0.3881601699682372,0.006613098682080002,0.007676371561276246,0,0,0,0.0,0.3543049139437022,3228.0,0.649251524220328,109.82155080394831,-1.7412238942436065,,,,,,8904.840000000018,1015816.3420000002,,0.6118398300317628,0,0,0.029088951371028387,0,0.0,0.14738664171701688,6175.0,1.249018806368873,0.8094112838213239,23.738626914973587,,,V3
,-1171.3750000000095,2075-11-06,2075-11-11,7515.4199999999255,0.007398404307222618,1008300.9220000003,,,,,,,,,,0.3891254896661711,0.006718665223581648,0.0076763521179657925,0,0,0,0.0,0.35365744215792744,3228.0,0.6469625134915101,109.82155080394831,-1.733498483033847,,,,,,7733.465000000009,1015816.3420000002,,0.6108745103338289,0,0,0.01706182054896681,0,0.0,0.14795979726377753,6175.0,1.2293439487051645,0.7976063692230986,23.738626914973587,,,V3
,-2502.999999999999,2075-11-06,2075-11-12,11000.294999999925,0.010829019523688588,1004816.0470000003,,,,,,,,,,0.3922746146239593,0.006534585769956565,0.007676181920861044,0,0,0,0.0,0.3541812464704795,3228.0,0.6405187605406631,109.82155080394831,-1.7117508168247384,,,,,,5230.46500000001,1015816.3420000002,SELL series_1 size=6175.0000,0.6077253853760407,1,0,0.0,0,0.0,0.14570751575586646,6175.0,1.1691594400828447,0.7614956640497068,,,,V3
CLOSE series_1 pnl_net=8396.59,2723.625,2075-11-06,2075-11-13,8231.419999999925,0.008103256129738385,1007584.9220000003,SELL series_1 fill_size=6175.0000 fill_px=23.7500,,,,,,,,,0.3565562486407696,0.006648350322731051,0.007676011723756296,0,0,0,0.0,0.35571083605397574,3228.0,0.38246349402306556,109.82155080394831,-0.8408142923278461,,,,,,7954.09000000001,1015816.3420000002,,0.6434437513592304,0,0,0.0,0,0.0,0.0,0.0,1.1591582143857604,0.6954949286314562,,,,V3
,-1714.875,2075-11-06,2075-11-14,9843.344999999972,0.009690083328074644,1005972.9970000002,,,,,,,,,,0.37866623330522786,0.006684176957454263,0.007675841526651548,1,0,0,0.0,0.3547766700143343,3228.0,0.4854222233752248,,-1.1883000038913836,,,,,,6239.21500000001,1015816.3420000002,SELL series_9 size=3228.0000,0.6213337666947721,0,0,0.0,0,0.0,0.0,0.0,1.1265742566597068,0.6759445539958241,,,,V3
CLOSE series_9 pnl_net=-2521.88,0.0,2075-11-06,2075-11-15,9843.344999999972,0.009690083328074644,1005972.9970000002,SELL series_9 fill_size=3228.0000 fill_px=110.5625,,,,,,,,,0.2820390958128136,0.0070032073709546125,0.0076756713295468,0,0,0,0.0,0.0,0.0,0.10906688131018233,,-0.36810072442186537,,,,,,6239.21500000001,1015816.3420000002,,0.7179609041871864,0,0,0.0,0,0.0,0.0,0.0,1.0992750355854606,0.6595650213512764,,,,V3
,0.0,2075-11-06,2075-11-16,9843.344999999972,0.009690083328074644,1005972.9970000002,,,,,,,,,,0.3099510929511099,0.006842845162614943,0.007675501132442052,0,0,0,0.0,0.0,0.0,0.17988861597204767,,-0.6071240789056609,,,,,,6239.21500000001,1015816.3420000002,,0.6900489070488901,0,0,0.0,0,0.0,0.0,0.0,1.0528578614979407,0.6317147168987645,,,,V3
,0.0,2075-11-06,2075-11-17,9843.344999999972,0.009690083328074644,1005972.9970000002,,,,,,,,,,0.28297224935206244,0.006722692907352181,0.007675330935337304,0,0,0,0.0,0.0,0.0,0.09660623532811423,,-0.32604604423238553,,,,,,6239.21500000001,1015816.3420000002,,0.7170277506479376,0,0,0.0,0,0.0,0.0,0.0,0.9527583994972109,0.5716550396983265,,,,V3
,0.0,2075-11-06,2075-11-18,9843.344999999972,0.009690083328074644,1005972.9970000002,,,,,,,,,,0.3433152083400375,0.006901137830927937,0.007675160738232556,0,0,0,0.0,0.0,0.0,0.2469105640686492,,-0.8333231537316911,,,,,,6239.21500000001,1015816.3420000002,,0.6566847916599625,0,0,0.0,0,0.0,0.0,0.0,0.8867597673871346,0.5320558604322807,,,,V3
,0.0,2075-11-06,2075-11-19,9843.344999999972,0.009690083328074644,1005972.9970000002,,,,,,,,,,0.31955213461273557,0.0067798718103339465,0.007674990541127808,0,0,0,0.0,0.0,0.0,0.16720242199983956,,-0.5643081742494584,,,,,,6239.21500000001,1015816.3420000002,,0.6804478653872644,0,0,0.011169600307642826,0,0.0,0.0,0.0,0.8382788000070353,0.5040842400349855,,,,V3
,0.0,2075-11-06,2075-11-20,9843.344999999972,0.009690083328074644,1005972.9970000002,,,,,,,,,,0.3516779077460459,0.006757546785509227,0.00767482034402306,0,0,0,0.0,0.0,0.0,0.2474096265400971,,-0.8350074895728277,,,,,,6239.21500000001,1015816.3420000002,,0.6483220922539541,0,0,0.04588509498715573,0,0.0,0.0,0.0,0.7897161377009486,0.4784181921192848,,,,V3
,0.0,2075-11-06,2075-11-21,9843.344999999972,0.009690083328074644,1005972.9970000002,,,,,,,,,,0.252846560261357,0.006938334808441239,0.007674650146918312,0,0,0,0.0,0.0,0.0,0.02633537021372991,,0.08888187447133844,,,,,,6239.21500000001,1015816.3420000002,,0.747153439738643,0,0,0.0,0,0.0,0.0,0.0,0.7065292325610224,0.42391753953661343,,,,V3
,0.0,2075-11-06,2075-11-22,9843.344999999972,0.009690083328074644,1005972.9970000002,,,,,,,,,,0.28828544036260095,0.006883423238121943,0.00767410258868717,0,0,0,0.0,0.0,0.0,0.0713839200727935,,-0.24092073024567803,,,,,,6239.21500000001,1015816.3420000002,,0.711714559637399,0,0,0.0,0,0.0,0.0,0.0,0.6258004015961249,0.37548024095767496,,,,V3
,0.0,2075-11-06,2075-11-23,9843.344999999972,0.009690083328074644,1005972.9970000002,,,,,,,,,,0.4287004469654604,0.007170633438208664,0.007673555030456027,0,0,0,0.0,0.0,0.0,0.4564322742885518,,-1.5404589257238623,,,,,,6239.21500000001,1015816.3420000002,,0.5712995530345396,0,0,0.058038064596322866,0,0.0,0.0,0.0,0.585784063410137,0.3572742445057145,,,,V3
,0.0,2075-11-06,2075-11-24,9843.344999999972,0.009690083328074644,1005972.9970000002,,,,,,,,,,0.46243986121855984,0.007090106651129805,0.007673007472224885,0,0,0,0.0,0.0,0.0,0.6756478793168447,,-2.2803115926943507,,,,,,6239.21500000001,1015816.3420000002,BUY series_1 size=7948.0000 | BUY series_9 size=3223.0000,0.5375601387814402,0,0,0.16256999913421422,0,0.0,0.0,0.0,0.5599417872489422,0.35222207226278673,22.080034710874045,,,V3
,-324.05624999997735,2075-11-06,2075-11-25,9865.244999999995,0.00971164234331642,1005951.0970000002,BUY series_1 fill_size=7948.0000 fill_px=22.9700 | BUY series_9 fill_size=3223.0000 fill_px=109.6875,,,,,,,,,0.4796968629007444,0.007308888022141079,0.007672459913993742,0,0,0,0.0,0.34982944354798984,3223.0,0.9479139192354178,108.09142157816494,-2.749209477419535,,,,,,5915.158750000033,1015816.3420000002,,0.5203031370992556,0,0,0.6377564431693565,0,0.0,0.1830657181538915,7948.0,0.5496004493957584,0.3935359139543907,22.28360366009733,,,V3
,-2537.885000000008,2075-11-06,2075-11-26,12986.203750000102,0.012784007515012099,1002830.1382500001,,,,,,,,,,0.47564825425107815,0.00715685067567159,0.0076719123557626,0,0,0,0.0,0.35081773107051906,3223.0,0.8180400250148009,108.09142157816494,-2.310885084424953,,,,,,3377.2737500000253,1015816.3420000002,,0.5243517457489218,0,0,0.0,0,0.0,0.18062372987322808,7948.0,0.49813911747766937,0.35888347048660163,22.28360366009733,,,V3
,-1674.5550000000012,2075-11-06,2075-11-27,14581.278750000056,0.01435424706920107,1001235.0632500001,,,,,,,,,,0.47675175242212864,0.007103661145878297,0.007671364797531458,0,0,0,0.0,0.35097424336032906,3223.0,0.7526243206247899,108.09142157816494,-2.0901070821086662,,,,,,1702.718750000024,1015816.3420000002,,0.5232482475778714,0,0,0.0,0,0.0,0.17972075350208724,7948.0,0.44215894217004614,0.3252953653020277,22.28360366009733,,,V3
,-1791.0374999999945,2075-11-06,2075-11-28,16372.316250000033,0.01611739797153217,999444.0257500001,,,,,,,,,,0.48046833048180315,0.006948272329747264,0.007670817239300316,0,0,0,0.0,0.35140165151965236,3223.0,0.6853017069448267,108.09142157816494,-1.8628932609387905,,,,,,-88.31874999997035,1015816.3420000002,,0.5195316695181968,0,0,0.0,0,0.0,0.17845233490305848,7948.0,0.3691568722293469,0.28149412333760815,22.28360366009733,,,V3
,84.95499999997855,2075-11-06,2075-11-29,16022.207500000019,0.015772740442878224,999794.1345000002,,,,,,,,,,0.47458009393365985,0.0067009670844183815,0.007670269681069174,0,0,0,0.0,0.3521852527931588,3223.0,0.5300095116328599,108.09142157816494,-1.3387821017609025,,,,,,-3.3637499999917964,1015816.3420000002,,0.5254199060663401,0,0,0.0,0,0.0,0.1778333697555814,7948.0,0.29314013172915576,0.23588407903749345,22.28360366009733,,,V3
,-69.85249999997495,2075-11-06,2075-11-30,15652.182499999995,0.015408476761835746,1000164.1595000002,,,,,,,,,,0.49727953960452365,0.006833502220381526,0.007669722122838031,0,0,0,0.0,0.3500409124588312,3223.0,0.6725392169359625,108.09142157816494,-1.8198198571588737,,,,,,-73.21624999996675,1015816.3420000002,SELL series_1 size=7948.0000,0.5027204603954764,1,0,0.08253582694504036,0,0.0,0.1801515864056514,7948.0,0.2600670288286851,0.21604021729721107,,,,V3
CLOSE series_1 pnl_net=-2384.40,-2719.40625,2075-11-06,2075-12-01,18069.432499999995,0.017788089985266247,997746.9095000002,SELL series_1 fill_size=7948.0000 fill_px=22.6700,,,,,,,,,0.5326782012279334,0.007196496820365015,0.007669174564606889,1,0,0,0.0,0.34846625099969797,3223.0,0.7824984267395837,,-2.190932190246095,,,,,,-2792.6224999999667,1015816.3420000002,SELL series_9 size=3223.0000,0.4673217987720666,0,0,0.011669473811396951,0,0.0,0.0,0.0,0.21387955384944915,0.12949467969080922,,,,V3
CLOSE series_9 pnl_net=-6647.44,0.0,2075-11-06,2075-12-02,18875.182499999995,0.018581294393076413,996941.1595000002,SELL series_9 fill_size=3223.0000 fill_px=107.6250,,,,,,,,,0.5217203351476452,0.006992840409507955,0.00766680628763958,0,0,0,0.0,0.0,0.0,0.5550713043197871,,-1.8733656520792814,,,,,,-2792.6224999999667,1015816.3420000002,,0.47827966485235485,0,0,0.055482648433602705,0,0.0,0.0,0.0,0.18468300382151587,0.1163580671362698,,,,V3
,0.0,2075-11-06,2075-12-03,19197.482500000042,0.018898576156200525,996618.8595000001,,,,,,,,,,0.47062168975745644,0.006804710452609536,0.00766443801067227,0,0,0,0.0,0.0,0.0,0.42093614565781895,,-1.420659491595139,,,,,,-2792.6224999999667,1015816.3420000002,,0.5293783102425436,0,0,0.7711094420298632,0,0.0,0.0,0.0,0.2005594880580294,0.19744663703780396,,,,V3
,0.0,2075-11-06,2075-12-04,19197.482500000042,0.018898576156200525,996618.8595000001,,,,,,,,,,0.518175038118699,0.006988536587304588,0.007662069733704961,0,0,0,0.0,0.0,0.0,0.47459374256980275,,-1.6017538811730843,,,,,,-2792.6224999999667,1015816.3420000002,,0.481824961881301,0,0,0.011781446256457875,0,0.0,0.0,0.0,0.175718348403741,0.1066091536678904,,,,V3
,0.0,2075-11-06,2075-12-05,19197.482500000042,0.018898576156200525,996618.8595000001,,,,,,,,,,0.5355143547639346,0.0070899852643650394,0.007659701456737651,0,0,0,0.0,0.0,0.0,0.5477316519617945,,-1.8485943253710566,,,,,,-2792.6224999999667,1015816.3420000002,,0.4644856452360654,0,0,0.0,0,0.0,0.0,0.0,0.14111803819915092,0.08467082291949055,,,,V3
,0.0,2075-11-06,2075-12-06,19197.482500000042,0.018898576156200525,996618.8595000001,,,,,,,,,,0.513188625551362,0.007021612151642357,0.0076573331797703415,0,0,0,0.0,0.0,0.0,0.42680643555439274,,-1.4404717199960755,,,,,,-2792.6224999999667,1015816.3420000002,,0.486811374448638,0,0,0.2543958989444451,0,0.0,0.0,0.0,0.13286040015926026,0.10515582999000067,,,,V3
,0.0,2075-11-06,2075-12-07,19197.482500000042,0.018898576156200525,996618.8595000001,,,,,,,,,,0.44528891908476087,0.0069196071438426725,0.007654964902803032,0,0,0,0.0,0.0,0.0,0.3389040711059132,,-1.143801239982457,,,,,,-2792.6224999999667,1015816.3420000002,,0.5547110809152391,0,0,1.0,0,0.0,0.0,0.0,0.19700950125634178,0.21820570075380508,,,,V3
,0.0,2075-11-06,2075-12-08,19197.482500000042,0.018898576156200525,996618.8595000001,,,,,,,,,,0.4421128486590016,0.0072762170164128075,0.007652596625835723,0,0,0,0.0,0.0,0.0,0.4346353138992956,,-1.4668941844101226,,,,,,-2792.6224999999667,1015816.3420000002,BUY series_1 size=8346.0000,0.5578871513409984,0,0,1.0,0,0.0,0.0,0.0,0.3177704895743509,0.2906622937446105,23.035066411626158,,,V3
,2003.039999999987,2075-11-06,2075-12-09,17194.44250000012,0.016926723649815154,998621.8995,BUY series_1 fill_size=8346.0000 fill_px=24.2800,,,,,,,,,0.40999509158248093,0.0070067479177430714,0.0076502283488684136,0,0,0,0.0,0.0,0.0,0.3962896566880238,,-1.3374775913220802,,,,,,-789.5824999999797,1015816.3420000002,,0.5900049084175191,0,0,1.0,0,0.0,0.20492632907656355,8346.0,0.4743304010831233,0.384598240649874,23.617561667938574,,,V3
,4506.839999999993,2075-11-06,2075-12-10,13989.578500000061,0.013771759639598374,1001826.7635000001,,,,,,,,,,0.3605104760464436,0.006878412465969289,0.007647860071901103,0,0,0,0.0,0.0,0.0,0.28136353522410634,,-0.9496019313813588,,,,,,3717.2575000000134,1015816.3420000002,,0.6394895239535564,0,0,1.0,0,0.0,0.20876938770262746,8346.0,0.6452940893298464,0.48717645359790784,24.11059297737153,,,V3
,-1335.3600000000013,2075-11-06,2075-12-11,14824.178500000038,0.014593364850592289,1000992.1635000001,,,,,,,,,,0.3149691633933105,0.00688262327366056,0.007645491794933794,0,0,0,0.0,0.0,0.0,0.17067248937786186,,-0.5760196516502838,,,,,,2381.897500000012,1015816.3420000002,,0.6850308366066895,0,0,0.8904952696174646,0,0.0,0.20810968117034612,8346.0,0.7725293381315519,0.5525671298406776,24.11059297737153,,,V3
,3088.020000000008,2075-11-06,2075-12-12,12320.378500000108,0.012128549217610545,1003495.9635000001,,,,,,,,,,0.3686982837700554,0.0073015075129724,0.0076448128131002754,0,0,0,0.0,0.0,0.0,0.4112695247210511,,-1.3880346459335475,,,,,,5469.91750000002,1015816.3420000002,,0.6313017162299446,0,0,1.0,0,0.0,0.21008550872960238,8346.0,0.907724529240783,0.6446347175444698,24.26280721008056,,,V3
,-1001.5200000000083,2075-11-06,2075-12-13,12821.138500000117,0.012621512344206916,1002995.2035000001,,,,,,,,,,0.373760217831994,0.007216673451998847,0.007644133831266757,0,0,0,0.0,0.0,0.0,0.4658955959343123,,-1.5723976362783039,,,,,,4468.397500000011,1015816.3420000002,,0.626239782168006,0,0,0.5431703704006534,0,0.0,0.2096911323863574,8346.0,1.045719825467217,0.6874318952803302,24.26280721008056,,,V3
,4006.0800000000036,2075-11-06,2075-12-14,9065.438500000047,0.00892428889473413,1006750.9035000001,,,,,,,,,,0.35048069253711256,0.007343898043392436,0.007643454849433238,0,0,0,0.0,0.0,0.0,0.4044803210628245,,-1.3651210835870327,,,,,,8474.477500000015,1015816.3420000002,,0.6495193074628874,0,0,1.0,0,0.0,0.2126393919844145,8346.0,1.156959681907461,0.7941758091444766,24.650277645426602,,,V3
,-4256.459999999984,2075-11-06,2075-12-15,8481.218500000075,0.0083491652470384,1007335.1235000001,,,,,,,,,,0.3331665369225263,0.007206302656621466,0.00764277586759972,0,0,0,0.0,0.0,0.0,0.3213866046627527,,-1.0846797907367904,,,,,,4218.017500000032,1015816.3420000002,,0.6668334630774737,0,0,0.703221806960738,0,0.0,0.21309603427126006,8346.0,1.2071843754386247,0.7946328059592486,24.650277645426602,,,V3
,7010.6399999999985,2075-11-06,2075-12-16,15158.018500000006,0.014922006934989832,1000658.3235000002,,,,,,,,,,0.2944706966841749,0.006938804475555946,0.007642096885766201,0,0,0,0.0,0.0,0.0,0.16628621266166713,,-0.5612159677331265,,,,,,11228.65750000003,1015816.3420000002,,0.7055293033158251,0,0,0.05969044106777821,0,0.0,0.20784549042928135,8346.0,1.1849660219043074,0.7709796131425846,24.650277645426602,,,V3
,-1836.1200000000201,2075-11-06,2075-12-17,8397.758499999996,0.008267004725938928,1007418.5835000002,,,,,,,,,,0.3528724118846803,0.007329324218253962,0.007641417903932683,0,0,0,0.0,0.0,0.0,0.42601409293389825,,-1.4377975636519067,,,,,,9392.53750000001,1015816.3420000002,SELL series_1 size=1608.0000,0.6471275881153197,0,0,0.9071365241430268,0,0.0,0.21316122564856377,8346.0,1.2011402735425438,0.811397816539829,24.650277645426602,,,V3
,-202.13999999998373,2075-11-06,2075-12-18,8449.058500000043,0.008317505980820341,1007367.2835000001,SELL series_1 fill_size=1608.0000 fill_px=25.7400,,,,,,,,,0.3681529681119664,0.007295015320109657,0.007640738922099165,0,0,0,0.0,0.0,0.0,0.533537153816623,,-1.8006878941311026,,,,,,9190.397500000026,1015816.3420000002,,0.6318470318880336,0,0,0.33630837913183076,0,0.0,0.1720339372129311,6738.0,1.302969553500561,0.8417817321003365,24.650277645426602,,,V3
,-2088.780000000015,2075-11-06,2075-12-19,11218.07050000003,0.011043404241669533,1004598.2715000001,,,,,,,,,,0.3629095237941855,0.007150766704998671,0.007640059940265646,0,0,0,0.0,0.0,0.0,0.5126493035151125,,-1.7301913993635047,,,,,,7101.617500000011,1015816.3420000002,,0.6370904762058145,0,0,0.03129509472155887,0,0.0,0.1697581857724707,6738.0,1.3365142678003532,0.8619085606802119,24.650277645426602,,,V3
,1280.2200000000087,2075-11-06,2075-12-20,9735.710500000045,0.009584124705881178,1006080.6315000001,,,,,,,,,,0.3210714403922572,0.0072624523926465324,0.007639380958432127,0,0,0,0.0,0.0,0.0,0.30178162340191195,,-1.0185129789814529,,,,,,8381.83750000002,1015816.3420000002,BUY series_1 size=767.0000,0.6789285596077428,0,0,0.2678719083291114,0,0.0,0.17098146471970918,6738.0,1.3817695815522033,0.889061748931322,24.650277645426602,,,V3
,-4803.200000000004,2075-11-06,2075-12-21,14359.78050000011,0.014136197564736665,1001456.5615000001,BUY series_1 fill_size=767.0000 fill_px=25.5900,,,,,,,,,0.31516930429160017,0.006972209923392113,0.007638701976598609,0,0,0,0.0,0.0,0.0,0.2593690127588363,,-0.8753704180610724,,,,,,3578.6375000000153,1015816.3420000002,,0.6848306957083998,0,0,0.0,0,0.0,0.18675258337702746,7505.0,1.295121683236712,0.8370730099420272,24.396295865079782,,,V3
,1125.750000000016,2075-11-06,2075-12-22,13177.388500000117,0.0129722155031053,1002638.9535000001,,,,,,,,,,0.31271299128754415,0.006769521863995814,0.007638663068422757,0,0,0,0.0,0.0,0.0,0.24922669254392296,,-0.8411400873357401,,,,,,4704.387500000032,1015816.3420000002,,0.6872870087124558,0,0,0.02912947695275359,0,0.0,0.1877299892877142,7505.0,1.2942546454684198,0.8365527872810519,24.396295865079782,,,V3
,1651.0999999999915,2075-11-06,2075-12-23,11676.388500000117,0.011494586193613448,1004139.9535000001,,,,,,,,,,0.29800954694811144,0.006889754852586313,0.007638624160246905,0,0,0,0.0,0.0,0.0,0.19735186879964609,,-0.6660625571988056,,,,,,6355.487500000023,1015816.3420000002,,0.7019904530518886,0,0,0.0375442487797953,0,0.0,0.1889441798811962,7505.0,1.3250638876254968,0.8550383325752979,24.396295865079782,,,V3
,7354.900000000003,2075-11-06,2075-12-24,3871.188500000164,0.003810913784255858,1011945.1535,,,,,,,,,,0.3383848289282406,0.006966762646412833,0.007638585252071053,0,0,0,0.0,0.0,0.0,0.3835607559029149,,-1.294517551172338,,,,,,13710.387500000026,1015816.3420000002,SELL series_1 size=7505.0000,0.6616151710717594,0,0,1.0,0,0.0,0.1951999071459558,7505.0,1.3046600237498496,0.8827960142499097,25.068597673316432,,,V3
CLOSE series_1 pnl_net=16503.01,0.0,2075-11-06,2075-12-25,4021.2885000001406,0.003958676715205021,1011795.0535,SELL series_1 fill_size=7505.0000 fill_px=26.3000,,,,,,,,,0.37701573471430927,0.0070572141830043235,0.007638546343895201,0,0,0,0.0,0.0,0.0,0.6295616305984096,,-2.1247705032696325,,,,,,13710.387500000026,1015816.3420000002,BUY series_1 size=6272.0000,0.6229842652856907,0,0,0.8098000254157071,0,0.0,0.0,0.0,1.3547740323544781,0.8938444219542576,24.940840696650973,,,V3
,-4515.840000000015,2075-11-06,2075-12-26,8597.168500000145,0.008463309896229395,1007219.1735,BUY series_1 fill_size=6272.0000 fill_px=26.2100,,,,,,,,,0.34867009960110473,0.007103021243726848,0.007638507435719349,0,0,0,0.0,0.0,0.0,0.41571454013685855,,-1.4030365729618977,,,,,,9194.547500000011,1015816.3420000002,SELL series_1 size=6272.0000,0.6513299003988953,0,0,0.014741056882673565,0,0.0,0.15872739936478183,6272.0,1.2923562490351375,0.8354137494210825,24.901494932604475,,,V3
CLOSE series_1 pnl_net=-4515.84,0.0,2075-11-06,2075-12-27,8647.344500000123,0.008512704651880981,1007168.9975,SELL series_1 fill_size=6272.0000 fill_px=25.4900,,,,,,,,,0.2764561788747515,0.007066193993260023,0.007638468527543497,0,0,0,0.0,0.0,0.0,0.11386754078048293,,-0.38430295013412985,,,,,,9194.547500000011,1015816.3420000002,,0.7235438211252485,0,0,0.24388027909557425,0,0.0,0.0,0.0,1.2764015422255863,0.7902289532449093,,,,V3
,0.0,2075-11-06,2075-12-28,8647.344500000123,0.008512704651880981,1007168.9975,,,,,,,,,,0.3437092290010417,0.007290122219422645,0.007638429619367645,0,0,0,0.0,0.0,0.0,0.3736343110256843,,-1.2610157997116844,,,,,,9194.547500000011,1015816.3420000002,BUY series_1 size=6312.0000,0.6562907709989583,0,0,0.24228187747811997,0,0.0,0.0,0.0,1.2945448895266725,0.8009551214638155,24.509911446990593,,,V3
,-1767.3600000000072,2075-11-06,2075-12-29,10414.704500000109,0.010252546714788043,1005401.6375000001,BUY series_1 fill_size=6312.0000 fill_px=25.8500,,,,,,,,,0.2927005373973195,0.007585470752355556,0.007638390711191793,0,0,0,0.0,0.0,0.0,0.17127707755153207,,0.5780601367364208,,,,,,7427.187500000005,1015816.3420000002,,0.7072994626026805,0,0,0.005581491879502666,0,0.0,0.16053071128999427,6312.0,1.270746053729654,0.8224476322377923,24.53348920077698,,,V3
,-5617.680000000004,2075-11-06,2075-12-30,13898.928500000038,0.013682521067376208,1001917.4135000001,,,,,,,,,,0.3436624251588758,0.00760637042307102,0.007638351803015942,0,0,0,0.0,0.0,0.0,0.36653051815642396,,1.2370404987779309,,,,,,1809.5075000000006,1015816.3420000002,,0.6563375748411242,0,0,0.0,0,0.0,0.1576870088005512,6312.0,1.210352354456063,0.7862114126736379,24.53348920077698,,,V3
,1641.12000000001,2075-11-06,2075-12-31,14593.248499999987,0.014366030449232509,1001223.0935000002,,,,,,,,,,0.3664418873252697,0.007516946453962533,0.00763831289484009,0,0,0,0.0,0.0,0.0,0.47306803410975656,,1.5966046151204283,,,,,,3450.6275000000105,1015816.3420000002,,0.6335581126747303,0,0,0.0,0,0.0,0.15710288847827097,6312.0,1.1699016034734833,0.76194096208409,24.53348920077698,,,V3
,3092.87999999999,2075-11-06,2076-01-01,11374.128499999992,0.01119703240608034,1004442.2135000002,,,,,,,,,,0.3412065014575739,0.00745106400497554,0.007637193899564858,0,0,0,0.0,0.0,0.0,0.338957277530826,,1.1439808116665378,,,,,,6543.507500000001,1015816.3420000002,,0.6587934985424261,0,0,0.08515703299895527,0,0.0,0.15980427529094482,6312.0,1.1518712657842753,0.7511227594705652,24.53348920077698,,,V3
,-2398.5599999999936,2075-11-06,2076-01-02,13583.328500000061,0.013371834984714254,1002233.0135000001,,,,,,,,,,0.3628397161705652,0.0074666713457695625,0.007636074904289627,0,0,0,0.0,0.0,0.0,0.43287081138620737,,1.4609389884284498,,,,,,4144.9475000000075,1015816.3420000002,,0.6371602838294348,0,0,0.0036195544856012746,0,0.0,0.1579522504922953,6312.0,1.1139989419937524,0.7283993651962515,24.53348920077698,,,V3
,631.1999999999865,2075-11-06,2076-01-03,13520.20849999995,0.013309697768181748,1002296.1335000002,,,,,,,,,,0.3084507839372497,0.007375376122866642,0.007634955909014396,0,0,0,0.0,0.0,0.0,0.1969907982764548,,0.6648439441830349,,,,,,4776.147499999994,1015816.3420000002,BUY series_1 size=719.0000,0.6915492160627503,0,0,0.014210394425489645,0,0.0,0.1580052787862021,6312.0,1.082166588734774,0.7092999532408644,24.53348920077698,,,V3
,0.0,2075-11-06,2076-01-04,13422.728499999968,0.013213735539607972,1002393.6135000002,BUY series_1 fill_size=719.0000 fill_px=25.1500,,,,,,,,,0.33274232104082957,0.007255666786708048,0.007633836913739164,0,0,0,0.0,0.0,0.0,0.28141785523250196,,0.9497852614096941,,,,,,4776.147499999994,1015816.3420000002,,0.6672576789591704,0,0,0.003540861756710345,0,0.0,0.17612683044094432,7031.0,1.066566507572973,0.699939904543784,23.939640889652843,,,V3
,2109.300000000005,2075-11-06,2076-01-05,11400.99450000003,0.011223480100303435,1004415.3475000001,,,,,,,,,,0.28312974839497795,0.007112707878648313,0.007632717918463932,0,0,0,0.0,0.0,0.0,0.11555574987462473,,0.39000065582685844,,,,,,6885.447499999998,1015816.3420000002,,0.716870251605022,0,0,0.3567134978241743,0,0.0,0.17780234087870703,7031.0,1.0355098304148895,0.6813058982489337,24.16752368324907,,,V3
,-2038.989999999994,2075-11-06,2076-01-06,13088.43450000009,0.012884646524026966,1002727.9075000001,,,,,,,,,,0.30845628666351743,0.007245170139801452,0.0076315989231887016,0,0,0,0.0,0.0,0.0,0.1866086520597914,,-0.629804200701796,,,,,,4846.457500000004,1015816.3420000002,,0.6915437133364826,0,0,0.005363670906269983,0,0.0,0.1764187060885208,7031.0,1.0197585308929946,0.6718551185357968,24.16752368324907,,,V3
,-140.619999999997,2075-11-06,2076-01-07,13158.74450000003,0.012953861791682052,1002657.5975000001,,,,,,,,,,0.30033580038175445,0.007227755134359784,0.00763047992791347,0,0,0,0.0,0.0,0.0,0.1590523941054043,,-0.5368018301057396,,,,,,4705.837500000007,1015816.3420000002,,0.6996641996182456,0,0,0.0031357193823872377,0,0.0,0.17636095357069287,7031.0,1.0001197180057864,0.6600718308034719,24.16752368324907,,,V3
,1054.64999999999,2075-11-06,2076-01-08,11190.064500000095,0.011015834297338064,1004626.2775000001,,,,,,,,,,0.39308273986924935,0.007544632227016045,0.007629360932638239,0,0,0,0.0,0.0,0.0,0.5555030065476331,,1.8748226470982619,,,,,,5760.487499999997,1015816.3420000002,,0.6069172601307506,0,0,0.4026999334150019,0,0.0,0.1779749684080904,7031.0,0.990513953096678,0.6543083718580069,24.263443707032874,,,V3
,70.31000000001099,2075-11-06,2076-01-09,12104.094500000007,0.011915632776854859,1003712.2475000002,,,,,,,,,,0.3663847324714651,0.007288211242933227,0.0076282419373630075,0,0,0,0.0,0.0,0.0,0.40047572960618166,,1.3516055874208632,,,,,,5830.797500000009,1015816.3420000002,,0.6336152675285349,0,0,0.11545088372177753,0,0.0,0.17722639177021698,7031.0,0.9757783331737084,0.6454669999042251,24.263443707032874,,,V3
,-1757.75,2075-11-06,2076-01-10,14002.464500000002,0.01378444500354376,1001813.8775000002,,,,,,,,,,0.3849708796132386,0.007226826037722193,0.007627122942087776,0,0,0,0.0,0.0,0.0,0.48716468923872314,,1.6441808261806905,,,,,,4073.0475000000088,1015816.3420000002,,0.6150291203867614,0,0,0.0,0,0.0,0.1756672910532725,7031.0,0.9503594767915011,0.6302156860749006,24.263443707032874,,,V3
,-703.10000000001,2075-11-06,2076-01-11,14564.9445000001,0.014338167144785014,1001251.3975000001,,,,,,,,,,0.36479272678613406,0.007114896264522185,0.007625195179757634,0,0,0,0.0,0.0,0.0,0.36664952523943195,,1.2374421476830828,,,,,,3369.947499999999,1015816.3420000002,,0.6352072732138659,0,0,0.0,0,0.0,0.17520419990225278,7031.0,0.9041006733087198,0.6024604039852319,24.263443707032874,,,V3
,-1757.75,2075-11-06,2076-01-12,16674.24450000003,0.016414625174439285,999142.0975000001,,,,,,,,,,0.3921501712406621,0.007165172847403074,0.007623267417427491,0,0,0,0.0,0.0,0.0,0.4715798541782273,,1.5915820078515173,,,,,,1612.1974999999989,1015816.3420000002,,0.6078498287593379,0,0,0.0,0,0.0,0.17346296431073957,7031.0,0.8357544553682712,0.5614526732209628,24.263443707032874,,,V3
,1968.680000000008,2075-11-06,2076-01-13,15197.73450000002,0.014961104553681237,1000618.6075000002,,,,,,,,,,0.400702938984663,0.007053027130732961,0.007621339655097349,0,0,0,0.0,0.0,0.0,0.5010436318834514,,1.6910222576066483,,,,,,3580.877500000007,1015816.3420000002,,0.599297061015337,0,0,0.04180834463328666,0,0.0,0.17468260003349975,7031.0,0.8012727359456171,0.5407636415673702,24.263443707032874,,,V3
,2179.609999999991,2075-11-06,2076-01-14,12104.094500000007,0.011915632776854859,1003712.2475000002,,,,,,,,,,0.3970556207989008,0.006797111906861306,0.007619411892767207,0,0,0,0.0,0.0,0.0,0.46819936391733924,,1.58017285322102,,,,,,5760.487499999997,1015816.3420000002,,0.6029443792010992,0,0,0.5886128268087407,0,0.0,0.17722639177021698,7031.0,0.7781281715944932,0.526876902956696,24.263443707032874,,,V3
,-2390.539999999999,2075-11-06,2076-01-15,14424.324500000104,0.014199736609474729,1001392.0175000001,,,,,,,,,,0.409740957595923,0.0066473779709224955,0.007617484130437065,0,0,0,0.0,0.0,0.0,0.528443883454643,,1.7834981066594202,,,,,,3369.9474999999984,1015816.3420000002,,0.590259042404077,0,0,0.026702819544712923,0,0.0,0.17532002146202444,7031.0,0.7572427033632463,0.5143456220179478,24.263443707032874,,,V3
,-1476.510000000006,2075-11-06,2076-01-16,15830.524500000058,0.015584041962577577,999985.8175000001,,,,,,,,,,0.3006312633405728,0.006927212159137329,0.0076155563681069224,0,0,0,0.0,0.0,0.0,0.11970066133433414,,0.40398973200337773,,,,,,1893.4374999999925,1015816.3420000002,BUY series_1 size=1178.0000,0.6993687366594272,0,0,0.0,0,0.0,0.17416034002902245,7031.0,0.7234875930400073,0.49409255582400435,24.263443707032874,,,V3
,902.9900000000245,2075-11-06,2076-01-17,15384.73450000002,0.015145192948667898,1000431.6075000002,BUY series_1 fill_size=1178.0000 fill_px=24.7400,,,,,,,,,0.3155254746566052,0.006877813626471807,0.00761362860577678,0,0,0,0.0,0.0,0.0,0.14869986820011058,,-0.5018620551753732,,,,,,2796.427500000017,1015816.3420000002,,0.6844745253433948,0,0,0.010219873509730646,0,0.0,0.2036594790413996,8209.0,0.6953550357889787,0.47721302147338723,23.771622473205323,,,V3
,-82.09000000001284,2075-11-06,2076-01-18,15070.510500000091,0.014835861441575518,1000745.8315000001,,,,,,,,,,0.3765194052613231,0.006888477672376901,0.007611700843446638,0,0,0,0.0,0.0,0.0,0.3252514644375467,,-1.0977236924767202,,,,,,2714.337500000004,1015816.3420000002,,0.6234805947386769,0,0,0.008386384290957316,0,0.0,0.20392364732023366,8209.0,0.6741638616963399,0.4644983170178039,23.837935153690655,,,V3
,-3611.9600000000105,2075-11-06,2076-01-19,18928.740500000073,0.018634018490716574,996887.6015000001,,,,,,,,,,0.40069351671793974,0.0066173605988865515,0.007609773081116496,0,0,0,0.0,0.0,0.0,0.38870014626267024,,-1.311862993636512,,,,,,-897.6225000000063,1015816.3420000002,SELL series_1 size=836.0000,0.5993064832820603,0,0,0.0,0,0.0,0.20084261224508768,8209.0,0.5992656987673826,0.41955941926042956,23.837935153690655,,,V3
,884.7600000000074,2075-11-06,2076-01-20,18183.08050000004,0.017899968476782033,997633.2615000001,SELL series_1 fill_size=836.0000 fill_px=24.4000,,,,,,,,,0.40833163599362654,0.006548798016729987,0.0076078453187863535,0,0,0,0.0,0.0,0.0,0.3951396729017677,,-1.333596396043466,,,,,,-12.862499999998931,1015816.3420000002,,0.5916683640063735,0,0,0.02119403573918429,0,0.0,0.18099313341709383,7373.0,0.551405174688351,0.39084310481301066,23.837935153690655,,,V3
,1622.0599999999915,2075-11-06,2076-01-21,16859.284500000067,0.01659678408678334,998957.0575000001,,,,,,,,,,0.4045524960490767,0.006290863896179609,0.00760769782921482,0,0,0,0.0,0.0,0.0,0.36440706544461254,,-1.2298738458755674,,,,,,1609.1974999999925,1015816.3420000002,,0.5954475039509233,0,0,0.03934753186067395,0,0.0,0.1820818108590218,7373.0,0.5272575135322248,0.3763545081193349,23.837935153690655,,,V3
,-73.72999999998532,2075-11-06,2076-01-22,16711.824500000104,0.01645162005082224,999104.5175000001,,,,,,,,,,0.4324255741046803,0.006306258354757132,0.007607550339643287,0,0,0,0.0,0.0,0.0,0.4860744430544863,,-1.6405012453088914,,,,,,1535.4675000000072,1015816.3420000002,,0.5675744258953197,0,0,0.033507884621953546,0,0.0,0.18220252917633312,7373.0,0.5072346455774076,0.3643407873464446,23.837935153690655,,,V3
,147.45999999999685,2075-11-06,2076-01-23,15679.604500000132,0.015435471799094299,1000136.7375,,,,,,,,,,0.4405458335118311,0.006293798831054292,0.0076074028500717535,0,0,0,0.0,0.0,0.0,0.5319272673816947,,-1.79525452741322,,,,,,1682.927500000004,1015816.3420000002,,0.5594541664881689,0,0,0.3158647933502887,0,0.0,0.18304656067091024,7373.0,0.5040135377625433,0.36240812265752603,23.91333372445124,,,V3
,-294.9199999999937,2075-11-06,2076-01-24,17006.744500000146,0.016741948122744557,998809.5975,,,,,,,,,,0.4403493137145563,0.0061049048339282125,0.00760725536050022,0,0,0,0.0,0.0,0.0,0.5078459095515393,,-1.7139799447364452,,,,,,1388.0075000000104,1015816.3420000002,BUY series_1 size=682.0000,0.5596506862854437,0,0,0.0,0,0.0,0.18196105689703285,7373.0,0.47801339776913476,0.34680803866148086,23.91333372445124,,,V3
,5557.949999999982,2075-11-06,2076-01-25,11731.364500000142,0.01154870621287971,1004084.9775,BUY series_1 fill_size=682.0000 fill_px=24.7100,,,,,,,,,0.3975339778440913,0.005947267475061636,0.007607107870928687,0,0,0,0.0,0.0,0.0,0.36420764161682023,,-1.2292007904567683,,,,,,6945.957499999992,1015816.3420000002,,0.6024660221559087,0,0,1.0,0,0.0,0.20304262544352225,8055.0,0.5126839569185269,0.4076103741511161,24.376139793021732,,,V3
,1611.000000000023,2075-11-06,2076-01-26,10458.932500000112,0.01029608608127719,1005357.4095000001,,,,,,,,,,0.4157860682898705,0.0059670147867008395,0.007606960381357154,0,0,0,0.0,0.0,0.0,0.4681444937072847,,-1.579987666262086,,,,,,8556.957500000015,1015816.3420000002,,0.5842139317101295,0,0,0.8854380894745637,0,0.0,0.2040675764274058,8055.0,0.5611055090523042,0.4252071143788389,24.528558379234465,,,V3
,1852.6499999999749,2075-11-06,2076-01-27,7559.132500000065,0.007441436200088287,1008257.2095000001,,,,,,,,,,0.37176236265463913,0.006130940583709297,0.00760681289178562,0,0,0,0.0,0.0,0.0,0.3200657697357581,,-1.0802219728581837,,,,,,10409.60749999999,1015816.3420000002,BUY series_1 size=830.0000,0.6282376373453609,0,0,1.0,0,0.0,0.2063567193367041,8055.0,0.6393592480240707,0.48361554881444246,24.89008992357486,,,V3
,5952.950000000015,2075-11-06,2076-01-28,2494.6825000001118,0.0024558400931889235,1013321.6595000001,BUY series_1 fill_size=830.0000 fill_px=25.8300,,,,,,,,,0.26301630463683634,0.006404737078165257,0.007606665402214087,0,0,0,0.0,0.0,0.0,0.05166631541764441,,-0.1743738145345499,,,,,,16362.557500000004,1015816.3420000002,BUY series_1 size=954.0000,0.7369836953631637,0,0,1.0,0,0.0,0.231480298285285,8885.0,0.7308194380951493,0.5384916628570896,25.394369214748085,,,V3
,-491.950000000007,2075-11-06,2076-01-29,3278.8125000001164,0.0032277611261348617,1012537.5295000001,BUY series_1 fill_size=954.0000 fill_px=26.5000,,,,,,,,,0.27483549595101675,0.006205669434293976,0.007606517912642554,0,0,0,0.0,0.0,0.0,0.07972983151740369,,-0.26908818137123747,,,,,,15870.607499999998,1015816.3420000002,,0.7251645040489832,0,0,0.8088559757910934,0,0.0,0.2558531041589407,9839.0,0.8276567737453652,0.5774796618263285,25.509057127980363,,,V3
,0.0,2075-11-06,2076-01-30,2136.292500000214,0.002103030254262452,1013680.0495,,,,,,,,,,0.34699289689591595,0.0066281799290697,0.00760637042307102,0,0,0,0.0,0.0,0.0,0.30777208213383417,,-1.0387307772016903,,,,,,15870.607499999998,1015816.3420000002,SELL series_1 size=889.0000,0.653007103104084,0,0,0.8244160442189392,0,0.0,0.2567294780324075,9839.0,0.9160110587707426,0.6320482396843395,25.509057127980363,,,V3
,7160.000000000006,2076-01-31,2076-01-31,0.0,0.0,1020571.5495000001,SELL series_1 fill_size=889.0000 fill_px=26.4500,,,,,,,,,0.2874733683148314,0.006589898109520326,0.007605606689945672,0,0,0,0.0,0.0,0.0,0.13283409841909388,,-0.4483150821644419,,,,,,23030.607500000006,1020571.5495000001,,0.7125266316851686,0,0,1.0,0,0.0,0.23870839836692898,8950.0,1.0182744234029173,0.7109646540417504,26.173319666472864,,,V3
,1521.5000000000152,2076-01-31,2076-02-01,626.5,0.0006138717077768196,1019945.0495000001,,,,,,,,,,0.2700093054741026,0.006712108747082142,0.007604842956820323,0,0,0,0.0,0.0,0.0,0.09037705161104105,,0.30502254918726357,,,,,,24552.10750000002,1020571.5495000001,BUY series_1 size=570.0000,0.7299906945258974,0,0,0.7760141500318385,0,0.0,0.23824077593113507,8950.0,1.1208840276349312,0.7501318315841426,26.173319666472864,,,V3
,1237.5999999999906,2076-02-02,2076-02-02,0.0,0.0,1021599.9495000001,BUY series_1 fill_size=570.0000 fill_px=27.4200,,,,,,,,,0.28414884510876703,0.006479654136755387,0.0076040792236949754,0,0,0,0.0,0.0,0.0,0.14625601240706257,,0.49361404187383623,,,,,,25789.70750000001,1021599.9495000001,,0.715851154891233,0,0,0.9638220589815242,0,0.0,0.25477370092606877,9520.0,1.2434621744280987,0.8424595105550117,26.386178692009768,,,V3
,95.19999999998106,2076-02-03,2076-02-03,0.0,0.0,1022490.3895,,,,,,,,,,0.32542797044020577,0.00645742238484266,0.007603315490569627,0,0,0,0.0,0.0,0.0,0.3137801033900169,,1.059007848941307,,,,,,25884.907499999994,1022490.3895,,0.6745720295597942,0,0,0.6503616453784089,0,0.0,0.2554828902868627,9520.0,1.3356739509400417,0.8664405351018659,26.401451642580497,,,V3
,-4379.199999999974,2076-02-03,2076-02-04,2951.20000000007,0.0028862862969726423,1019539.1895,,,,,,,,,,0.3469691316084216,0.006408934068850612,0.007602551757444278,0,0,0,0.0,0.0,0.0,0.43470773386706024,,1.4671386018013284,,,,,,21505.70750000002,1022490.3895,SELL series_1 size=813.0000,0.6530308683915784,0,0,0.3829936457011059,0,0.0,0.2533277804913648,9520.0,1.3883361266873986,0.8930016760124391,26.401451642580497,,,V3
,957.7699999999951,2076-02-03,2076-02-05,2279.030000000028,0.002228901145089959,1020211.3595,SELL series_1 fill_size=813.0000 fill_px=27.1000,,,,,,,,,0.3633791258614727,0.0061882815273509514,0.00760178802431893,0,0,0,0.0,0.0,0.0,0.5469938643862274,,1.8461042923035178,,,,,,22463.477500000015,1022490.3895,,0.6366208741385273,0,0,0.36620531414517826,0,0.0,0.23222390908890875,8707.0,1.4239901630571739,0.9143940978343044,26.401451642580497,,,V3
,1044.8399999999776,2076-02-03,2076-02-06,721.5260000000708,0.0007056555322274457,1021768.8635,,,,,,,,,,0.3548910508698603,0.006120124252134735,0.007601024291193581,0,0,0,0.0,0.0,0.0,0.506557835128913,,1.7096326935600812,,,,,,23508.317499999994,1022490.3895,,0.6451089491301397,0,0,0.46515147451868877,0,0.0,0.23340379465379943,8707.0,1.4676010881810044,0.9405606529086026,26.401451642580497,,,V3
,-3482.7999999999874,2076-02-03,2076-02-07,6032.796000000089,0.005900100442949043,1016457.5935,,,,,,,,,,0.3503213904482949,0.005951254047761371,0.007600260558068233,0,0,0,0.0,0.0,0.0,0.46880856145237565,,1.5822288949017678,,,,,,20025.517500000005,1022490.3895,,0.6496786095517051,0,0,0.0,0,0.0,0.22939811900770657,8707.0,1.437262232164376,0.9223573392986255,26.401451642580497,,,V3
,-4527.639999999997,2076-02-03,2076-02-08,9776.806000000099,0.009561758330834755,1012713.5835,,,,,,,,,,0.286536396505629,0.00612418169506306,0.007599496824942885,0,0,0,0.0,0.0,0.0,0.16069359213782883,,0.5423408734651723,,,,,,15497.87750000001,1022490.3895,SELL series_1 size=8707.0000,0.713463603494371,1,0,0.0,0,0.0,0.22654919785619723,8707.0,1.3628921136849619,0.8777352682109771,,,,V3
CLOSE series_1 pnl_net=6303.33,0.0,2076-02-03,2076-02-09,9254.386000000057,0.009050829323222756,1013236.0035,SELL series_1 fill_size=8707.0000 fill_px=26.4100,,,,,,,,,0.3595636304610407,0.006601417032497984,0.007598733091817536,0,0,0,0.0,0.0,0.0,0.44321731121765384,,1.4958584253595817,,,,,,15497.87750000001,1022490.3895,,0.6404363695389593,0,0,0.0,0,0.0,0.0,0.0,1.294060322816225,0.776436193689735,,,,V3
,0.0,2076-02-03,2076-02-10,9463.35400000005,0.009255200926267533,1013027.0355,,,,,,,,,,0.37068002570549685,0.006587911649447215,0.007597633812771183,0,0,0,0.0,0.0,0.0,0.5014504493222623,,1.6923952664626356,,,,,,15497.87750000001,1022490.3895,,0.6293199742945031,0,0,0.10313482603882236,0,0.0,0.0,0.0,1.262042997213103,0.7675392809317441,,,,V3
,0.0,2076-02-03,2076-02-11,9463.35400000005,0.009255200926267533,1013027.0355,,,,,,,,,,0.3508304054897261,0.006438823946952548,0.00759653453372483,0,0,0,0.0,0.0,0.0,0.3837041706407717,,1.2950015759126046,,,,,,15497.87750000001,1022490.3895,,0.6491695945102739,0,0,0.002582936355700331,0,0.0,0.0,0.0,1.2496127404570636,0.7500259379098082,,,,V3
,0.0,2076-02-03,2076-02-12,9463.35400000005,0.009255200926267533,1013027.0355,,,,,,,,,,0.34354781795585154,0.006289737243294183,0.007595435254678477,0,0,0,0.0,0.0,0.0,0.34852101943192526,,1.1762584405827476,,,,,,15497.87750000001,1022490.3895,,0.6564521820441485,0,0,0.06261483954994576,0,0.0,0.0,0.0,1.237415578974177,0.7487108313395008,,,,V3
,0.0,2076-02-03,2076-02-13,9463.35400000005,0.009255200926267533,1013027.0355,,,,,,,,,,0.3208235771701,0.006246873247700491,0.007594335975632124,0,0,0,0.0,0.0,0.0,0.2403419825667619,,0.8111541911628214,,,,,,15497.87750000001,1022490.3895,,0.6791764228299,0,0,0.0,0,0.0,0.0,0.0,1.1845260737434458,0.7107156442460675,,,,V3
,0.0,2076-02-03,2076-02-14,9463.35400000005,0.009255200926267533,1013027.0355,,,,,,,,,,0.3448808327483063,0.006261859993314127,0.0075932366965857714,0,0,0,0.0,0.0,0.0,0.3239365050609882,,1.0932857045808353,,,,,,15497.87750000001,1022490.3895,,0.6551191672516937,0,0,0.0,0,0.0,0.0,0.0,1.1396895110910252,0.6838137066546152,,,,V3
,0.0,2076-02-03,2076-02-15,9463.35400000005,0.009255200926267533,1013027.0355,,,,,,,,,,0.33758940024947515,0.006170231184885937,0.0075921374175394185,0,0,0,0.0,0.0,0.0,0.28214030252734096,,0.9522235210297758,,,,,,15497.87750000001,1022490.3895,,0.6624105997505249,0,0,0.0,0,0.0,0.0,0.0,1.0940182301439014,0.6564109380863409,,,,V3
,0.0,2076-02-03,2076-02-16,9463.35400000005,0.009255200926267533,1013027.0355,,,,,,,,,,0.37779789014036924,0.006276937324797439,0.007591038138493066,0,0,0,0.0,0.0,0.0,0.5057609998476517,,1.7069433744858242,,,,,,15497.87750000001,1022490.3895,BUY series_1 size=8303.0000,0.6222021098596308,0,0,0.6404913112639838,0,0.0,0.0,0.0,1.079070309796581,0.7114913170043471,25.564794179745352,,,V3
,1660.599999999994,2076-02-03,2076-02-17,7636.694000000018,0.007468719587412824,1014853.6955,BUY series_1 fill_size=8303.0000 fill_px=26.7000,,,,,,,,,0.3623789130016345,0.006055342028354991,0.007589938859446713,0,0,0,0.0,0.0,0.0,0.44822673368466437,,1.5127652261857423,,,,,,17158.477500000005,1022490.3895,,0.6376210869983655,0,0,0.9068407431680491,0,0.0,0.22024530332904524,8303.0,1.1130285874482027,0.7585012267857265,25.900880309763544,,,V3
,-664.2399999999858,2076-02-03,2076-02-18,9762.262000000104,0.009547534236261987,1012728.1275,,,,,,,,,,0.3566379288561302,0.005932032192687087,0.00758883958040036,0,0,0,0.0,0.0,0.0,0.40373580200967485,,1.3626083317826527,,,,,,16494.237500000017,1022490.3895,BUY series_1 size=720.0000,0.6433620711438698,0,0,0.4308057783068868,0,0.0,0.21890386371242565,8303.0,1.122383032232992,0.7334298193397952,25.900880309763544,,,V3
,2255.75,2076-02-03,2076-02-19,7141.762000000104,0.006984673962062803,1015348.6275,BUY series_1 fill_size=720.0000 fill_px=26.8200,,,,,,,,,0.3763379340415587,0.005927530544189664,0.007587740301354007,0,0,0,0.0,0.0,0.0,0.5178396984042236,,1.7477089821142548,,,,,,18749.987500000017,1022490.3895,SELL series_1 size=568.0000,0.6236620659584413,0,0,0.765363346467594,0,0.0,0.23993827676691276,9023.0,1.1076436380012584,0.7411225174475145,25.97035087933693,,,V3
,-1860.0999999999904,2076-02-03,2076-02-20,9503.962000000174,0.009294915724975794,1012986.4274999999,SELL series_1 fill_size=568.0000 fill_px=27.0700,,,,,,,,,0.3872569838307067,0.005865893299507499,0.007587513346454162,0,0,0,0.0,0.0,0.0,0.5707396369196239,,1.926246274603731,,,,,,16889.887500000026,1022490.3895,,0.6127430161692933,0,0,0.13205754873665085,0,0.0,0.22302134941487162,8455.0,1.0983488217999489,0.7190092930799694,25.97035087933693,,,V3
,-3128.3500000000085,2076-02-03,2076-02-21,10957.216000000131,0.010716204389322654,1011533.1734999999,,,,,,,,,,0.41020498814228845,0.006052233157157815,0.0075852019986182495,0,0,0,0.0,0.0,0.0,0.7280629166893213,,2.4572123438264595,,,,,,13761.537500000017,1022490.3895,SELL series_9 size=3110.0000,0.5897950118577115,0,0,0.0,0,0.0,0.22192079892276514,8455.0,1.0748168602780213,0.7048901161668129,25.97035087933693,,,V3
,-613.2124999999917,2076-02-03,2076-02-22,12500.478499999968,0.012225521753913724,1009989.9110000001,SELL series_9 fill_size=3110.0000 fill_px=109.2500,,,,,,,,,0.40990276498958567,0.005832587726122445,0.007581986795119497,0,0,0,0.0,-0.33592569470726125,-3110.0,0.7038795921062536,110.52259773449335,1.9255936233586062,,,,,,13148.325000000024,1022490.3895,,0.5900972350104143,0,0,0.0,0,0.0,0.22025076446530956,8455.0,1.0397248803673613,0.6838349282204168,25.97035087933693,,,V3
,-964.0500000000011,2076-02-03,2076-02-23,13126.328500000061,0.012837605746513533,1009364.061,,,,,,,,,,0.39873249114946463,0.0058933247731290704,0.007574343937164363,0,0,0,0.0,-0.3357488398826595,-3110.0,0.5876951370311033,110.52259773449335,1.5334710874799737,,,,,,12184.275000000023,1022490.3895,,0.6012675088505354,0,0,0.0,0,0.0,0.2193821422377748,8455.0,0.9812638959821436,0.6487583375892862,25.97035087933693,,,V3
,3555.012499999999,2076-02-03,2076-02-24,9753.053500000038,0.009538528283644114,1012737.336,,,,,,,,,,0.380012553416993,0.005810118301200679,0.007568881631304863,0,0,0,0.0,-0.3340547202853396,-3110.0,0.4657685894311175,110.52259773449335,1.1219689893300215,,,,,,15739.287500000022,1022490.3895,,0.619987446583007,0,0,0.07343754020283097,0,0.0,0.2214064713814402,8455.0,0.9640254812922648,0.6384152887753589,25.97035087933693,,,V3
,-1856.187500000006,2076-02-03,2076-02-25,12069.903500000015,0.011804417551447328,1010420.486,,,,,,,,,,0.36660589726635395,0.005873809184523488,0.007557879792365469,0,0,0,0.0,-0.3344359523407367,-3110.0,0.38105789052682937,110.52259773449335,0.836070380528049,,,,,,13883.100000000017,1022490.3895,BUY series_1 size=771.0000,0.633394102733646,0,0,0.0,0,0.0,0.2192364496457765,8455.0,0.9208841730057635,0.6125305038034581,25.97035087933693,,,V3
,-2990.377500000012,2076-02-03,2076-02-26,17477.2435000001,0.017092819335491758,1005013.146,BUY series_1 fill_size=771.0000 fill_px=26.2300,,,,,,,,,0.3245829617138175,0.005823583775502911,0.007557879792365469,1,0,0,0.0,-0.33507490806493395,-3110.0,0.18763649288701156,,0.183273163493664,,,,,,10892.722500000005,1022490.3895,BUY series_9 size=3110.0000,0.6754170382861825,0,0,0.0,0,0.0,0.23399767548911246,9226.0,0.7743134009103874,0.5245880405462324,25.238913052999724,,,V3
CLOSE series_9 pnl_net=3304.38,-5904.640000000005,2076-02-03,2076-02-27,21069.85300000012,0.020606406883005836,1001420.5364999999,BUY series_9 fill_size=3110.0000 fill_px=108.1875,,,,,,,,,0.30416984533293334,0.005671352722090731,0.007557879792365469,0,0,0,0.0,0.0,0.0,0.11097539353071512,,-0.3745419531661635,,,,,,4988.0825,1022490.3895,SELL series_1 size=9226.0000,0.6958301546670667,1,0,0.0,0,0.0,0.23096772192068984,9226.0,0.6167164155560184,0.43002984933361105,,,,V3
CLOSE series_1 pnl_net=-13814.17,0.0,2076-02-03,2076-02-28,20448.398000000045,0.019998621219314693,1002041.9915,SELL series_1 fill_size=9226.0000 fill_px=25.1500,,,,,,,,,0.38336882156007934,0.00588692989596159,0.007557879792365469,0,0,0,0.0,0.0,0.0,0.24677822295840693,,0.8328765024846234,,,,,,4988.0825,1022490.3895,,0.6166311784399207,0,0,0.06501752720327411,0,0.0,0.0,0.0,0.5312432222479643,0.325247686069106,,,,V3
,0.0,2076-02-03,2076-02-29,20743.630000000005,0.020287359385493767,1001746.7595,,,,,,,,,,0.4651938826473939,0.00598807846125653,0.007557879792365469,0,0,0,0.0,0.0,0.0,0.5162981705845472,,1.7425063257228468,,,,,,4988.0825,1022490.3895,,0.5348061173526061,0,0,0.0,0,0.0,0.0,0.0,0.4331005846565577,0.2598603507939346,,,,V3
,0.0,2076-02-03,2076-03-01,20743.630000000005,0.020287359385493767,1001746.7595,,,,,,,,,,0.4743979920155954,0.005907495710756749,0.007557879792365469,0,0,0,0.0,0.0,0.0,0.4559608317422432,,1.5388678071300708,,,,,,4988.0825,1022490.3895,,0.5256020079844046,0,0,0.001863572590507047,0,0.0,0.0,0.0,0.3387294131199672,0.203424005131031,,,,V3
,0.0,2076-02-03,2076-03-02,20743.630000000005,0.020287359385493767,1001746.7595,,,,,,,,,,0.5047852843965077,0.005754957239594242,0.007557879792365469,0,0,0,0.0,0.0,0.0,0.5411482584553541,,1.82637537228682,,,,,,4988.0825,1022490.3895,,0.4952147156034923,0,0,0.0045541494683360335,0,0.0,0.0,0.0,0.2561300738604287,0.15413345926309083,,,,V3
,0.0,2076-02-03,2076-03-03,20743.630000000005,0.020287359385493767,1001746.7595,,,,,,,,,,0.5143693194263232,0.005580274693067704,0.007557879792365469,0,0,0,0.0,0.0,0.0,0.5427458196563183,,1.8317671413400742,,,,,,4988.0825,1022490.3895,,0.48563068057367675,0,0,0.07997986281182179,0,0.0,0.0,0.0,0.20481743637367317,0.13088844810538608,,,,V3
,0.0,2076-02-03,2076-03-04,20743.630000000005,0.020287359385493767,1001746.7595,,,,,,,,,,0.49141175266123516,0.00540073063866628,0.007557879792365469,0,0,0,0.0,0.0,0.0,0.5328939832184667,,1.7985171933623252,,,,,,4988.0825,1022490.3895,,0.5085882473387648,0,0,0.7110844345138175,0,0.0,0.0,0.0,0.19337067432605046,0.18713084804701202,,,,V3
,0.0,2076-02-03,2076-03-05,20743.630000000005,0.020287359385493767,1001746.7595,,,,,,,,,,0.49577149835468337,0.005299378271415536,0.007557879792365469,0,0,0,0.0,0.0,0.0,0.48074737227094677,,1.6225223814144454,,,,,,4988.0825,1022490.3895,,0.5042285016453166,0,0,0.5013316685023326,0,0.0,0.0,0.0,0.17989042769647107,0.1580674234681159,,,,V3
,0.0,2076-02-03,2076-03-06,20743.630000000005,0.020287359385493767,1001746.7595,,,,,,,,,,0.5366737811266649,0.005199350284696862,0.007557879792365469,0,0,0,0.0,0.0,0.0,0.4950080155437571,,1.6706520524601804,,,,,,4988.0825,1022490.3895,,0.46332621887333514,0,0,0.0,0,0.0,0.0,0.0,0.12390491990942212,0.07434295194565328,,,,V3
,0.0,2076-02-03,2076-03-07,20743.630000000005,0.020287359385493767,1001746.7595,,,,,,,,,,0.5524871651393414,0.0050657181171503245,0.007557879792365469,0,0,0,0.0,0.0,0.0,0.48976817718211185,,1.6529675979896274,,,,,,4988.0825,1022490.3895,,0.4475128348606586,0,0,0.009424861640352722,0,0.0,0.0,0.0,0.07464263402173985,0.04572806657707918,,,,V3
,0.0,2076-02-03,2076-03-08,20743.630000000005,0.020287359385493767,1001746.7595,,,,,,,,,,0.5823750000000001,0.004928240508959301,0.007557879792365469,0,0,0,0.0,0.0,0.0,0.42640420107174265,,1.4391141786171315,,,,,,4988.0825,1022490.3895,,0.4176249999999999,0,0,0.0,0,0.0,0.0,0.0,-0.011625135660104036,0.0,,,,V3
,0.0,2076-02-03,2076-03-09,20743.630000000005,0.020287359385493767,1001746.7595,,,,,,,,,,0.5823750000000001,0.005038256362325319,0.007557879792365469,0,0,0,0.0,0.0,0.0,0.42322187610431644,,1.428373831852068,,,,,,4988.0825,1022490.3895,,0.4176249999999999,0,0,0.0,0,0.0,0.0,0.0,-0.11114488361711944,0.0,,,,V3
,0.0,2076-02-03,2076-03-10,20743.630000000005,0.020287359385493767,1001746.7595,,,,,,,,,,0.574147258668338,0.0049563657453716705,0.007557879792365469,0,0,0,0.0,0.0,0.0,0.4288088317091268,,1.4472298070183032,,,,,,4988.0825,1022490.3895,,0.42585274133166195,0,0,0.10323038393407594,0,0.0,0.0,0.0,-0.1281724765251575,0.010323038393407594,,,,V3
,0.0,2076-02-03,2076-03-11,20743.630000000005,0.020287359385493767,1001746.7595,,,,,,,,,,0.5526669856405023,0.005093810275245317,0.007557879792365469,0,0,0,0.0,0.0,0.0,0.6338366094506079,,2.139198556895802,,,,,,4988.0825,1022490.3895,,0.4473330143594977,0,0,0.5879019126088575,0,0.0,0.0,0.0,-0.12031048058129068,0.05879019126088575,,,,V3
,0.0,2076-02-03,2076-03-12,20743.630000000005,0.020287359385493767,1001746.7595,,,,,,,,,,0.5807275181247977,0.005088868358044435,0.007557879792365469,0,0,0,0.0,0.0,0.0,0.5609754541707259,,1.8932921578262,,,,,,4988.0825,1022490.3895,,0.4192724818752023,0,0,0.0265305070322055,0,0.0,0.0,0.0,-0.1575124890665749,0.00265305070322055,,,,V3
,0.0,2076-02-03,2076-03-13,20743.630000000005,0.020287359385493767,1001746.7595,,,,,,,,,,0.5823750000000001,0.005197983561440254,0.007557879792365469,0,0,0,0.0,0.0,0.0,0.29590035837452566,,0.9986637095140242,,,,,,4988.0825,1022490.3895,,0.4176249999999999,0,0,0.0,0,0.0,0.0,0.0,-0.21985925881252072,0.0,,,,V3
,0.0,2076-02-03,2076-03-14,20743.630000000005,0.020287359385493767,1001746.7595,,,,,,,,,,0.5823750000000001,0.005220953485705922,0.007557879792365469,0,0,0,0.0,0.0,0.0,0.19741212499131786,,0.6662659218456978,,,,,,4988.0825,1022490.3895,,0.4176249999999999,0,0,0.0,0,0.0,0.0,0.0,-0.30519464490056203,0.0,,,,V3
,0.0,2076-02-03,2076-03-15,20743.630000000005,0.020287359385493767,1001746.7595,,,,,,,,,,0.5823750000000001,0.005267226392744224,0.007557879792365469,0,0,0,0.0,0.0,0.0,0.21717678082505507,,0.7329716352845608,,,,,,4988.0825,1022490.3895,,0.4176249999999999,0,0,0.0,0,0.0,0.0,0.0,-0.4016507182331268,0.0,,,,V3
,0.0,2076-02-03,2076-03-16,20743.630000000005,0.020287359385493767,1001746.7595,,,,,,,,,,0.5720694317664257,0.005224437231042745,0.007557879792365469,0,0,0,0.0,0.0,0.0,0.2684574202186344,,0.9060437932378911,,,,,,4988.0825,1022490.3895,,0.42793056823357434,0,0,0.08144396855391571,0,0.0,0.0,0.0,-0.4061275911328923,0.008144396855391572,,,,V3
,0.0,2076-02-03,2076-03-17,20743.630000000005,0.020287359385493767,1001746.7595,,,,,,,,,,0.5810257455589689,0.005248091535584452,0.007557879792365469,0,0,0,0.0,0.0,0.0,0.14166675985045998,,0.47812531449530243,,,,,,4988.0825,1022490.3895,,0.4189742544410311,0,0,0.0054824063137528575,0,0.0,0.0,0.0,-0.4357876293546669,0.0005482406313752858,,,,V3
,0.0,2076-02-03,2076-03-18,20743.630000000005,0.020287359385493767,1001746.7595,,,,,,,,,,0.5823750000000001,0.005360871996611488,0.007557879792365469,0,0,0,0.0,0.0,0.0,0.3032620254708871,,1.023509335964244,,,,,,4988.0825,1022490.3895,,0.4176249999999999,0,0,0.0,0,0.0,0.0,0.0,-0.4368830282077246,0.0,,,,V3
,0.0,2076-02-03,2076-03-19,20743.630000000005,0.020287359385493767,1001746.7595,,,,,,,,,,0.5742732132537087,0.005255827361595257,0.007557879792365469,0,0,0,0.0,0.0,0.0,0.34649263967965194,,1.1694126589188252,,,,,,4988.0825,1022490.3895,,0.4257267867462913,0,0,0.08210658514793101,0,0.0,0.0,0.0,-0.43879285060083584,0.008210658514793101,,,,V3
,0.0,2076-02-03,2076-03-20,20743.630000000005,0.020287359385493767,1001746.7595,,,,,,,,,,0.4944440143826423,0.005335732540876396,0.007557879792365469,0,0,0,0.0,0.0,0.0,0.17309847945379794,,0.584207368156568,,,,,,4988.0825,1022490.3895,,0.5055559856173577,0,0,0.5807905197451118,0,0.0,0.0,0.0,-0.44142099197550344,0.05807905197451118,,,,V3
,0.0,2076-02-03,2076-03-21,20743.630000000005,0.020287359385493767,1001746.7595,,,,,,,,,,0.5166968818619202,0.0053817401083458795,0.007557879792365469,0,0,0,0.0,0.0,0.0,0.10706756364651039,,0.3613530273069726,,,,,,4988.0825,1022490.3895,,0.4833031181380798,0,0,0.247325181160237,0,0.0,0.0,0.0,-0.44383297505765756,0.0247325181160237,,,,V3
,0.0,2076-02-03,2076-03-22,20743.630000000005,0.020287359385493767,1001746.7595,,,,,,,,,,0.5823750000000001,0.005511837968648239,0.007557879792365469,0,0,0,0.0,0.0,0.0,0.06438789967399715,,-0.21730916139974038,,,,,,4988.0825,1022490.3895,,0.4176249999999999,0,0,0.0,0,0.0,0.0,0.0,-0.44611894416780057,0.0,,,,V3
,0.0,2076-02-03,2076-03-23,20743.630000000005,0.020287359385493767,1001746.7595,,,,,,,,,,0.5823750000000001,0.005783937924204848,0.007557879792365469,0,0,0,0.0,0.0,0.0,0.5389012623005925,,1.8187917602645,,,,,,4988.0825,1022490.3895,,0.4176249999999999,0,0,0.0,0,0.0,0.0,0.0,-0.4477688533046229,0.0,,,,V3
,0.0,2076-02-03,2076-03-24,20743.630000000005,0.020287359385493767,1001746.7595,,,,,,,,,,0.5779959258838097,0.005645741002029604,0.007556845286230811,0,0,0,0.0,0.0,0.0,0.5613771332215428,,1.8946478246227068,,,,,,4988.0825,1022490.3895,,0.42200407411619034,0,0,0.0711274083658354,0,0.0,0.0,0.0,-0.45002083310233654,0.007112740836583541,,,,V3
,0.0,2076-02-03,2076-03-25,20743.630000000005,0.020287359385493767,1001746.7595,,,,,,,,,,0.5669219798050885,0.005921727414642434,0.007556845286230811,0,0,0,0.0,0.0,0.0,0.8751253804230846,,2.9535481589279104,,,,,,4988.0825,1022490.3895,SELL series_9 size=4990.0000,0.4330780201949115,0,0,0.40422813515268946,0,0.0,0.0,0.0,-0.45270259262100354,0.04042281351526895,,,,V3
,-2650.9375,2076-02-03,2076-03-26,23082.69249999989,0.022574972573861915,999407.6970000002,SELL series_9 fill_size=4990.0000 fill_px=112.1250,,,,,,,,,0.5823750000000001,0.005887595776523743,0.007556845286230811,0,0,0,0.0,-0.5621757909074818,-4990.0,1.0,113.45081297392593,2.951930533050075,,,,,,2337.1450000000004,1022490.3895,,0.4176249999999999,0,0,0.0,0,0.0,0.0,0.0,-0.45436319921033713,0.0,,,,V3
,-2495.0,2076-02-03,2076-03-27,25452.94249999989,0.024893087271408418,997037.4470000002,,,,,,,,,,0.5823750000000001,0.005939592767814597,0.007543553066924137,0,0,0,0.0,-0.5657018592401976,-4990.0,0.941976517625679,113.45081297392593,2.7291707469866666,,,,,,-157.85499999999956,1022490.3895,,0.4176249999999999,0,0,0.0,0,0.0,0.0,0.0,-0.45592641571224907,0.0,,,,V3
,1715.3125,2076-02-03,2076-03-28,24673.25499999989,0.02413054954195233,997817.1345000002,,,,,,,,,,0.5823750000000001,0.005898702569518474,0.007543553066924137,0,0,0,0.0,-0.5644784304914138,-4990.0,0.7599266690786277,113.45081297392593,2.1147525081403686,,,,,,1557.4575000000004,1022490.3895,,0.4176249999999999,0,0,0.0,0,0.0,0.0,0.0,-0.4573465983045838,0.0,,,,V3
,623.75,2076-02-03,2076-03-29,24049.50499999989,0.023520519358387462,998440.8845000002,,,,,,,,,,0.5823750000000001,0.005918979209976034,0.007543553066924137,0,0,0,0.0,-0.5635010632419669,-4990.0,0.6427715691780084,113.45081297392593,1.719354045975778,,,,,,2181.2075000000004,1022490.3895,,0.4176249999999999,0,0,0.0,0,0.0,0.0,0.0,-0.4586028352840581,0.0,,,,V3
,779.6875,2076-02-03,2076-03-30,22334.19249999989,0.021842936353584072,1000156.1970000002,,,,,,,,,,0.5552927472257752,0.005850585822803049,0.007543553066924137,0,0,0,0.0,-0.5608195891626315,-4990.0,0.4936416428677261,113.45081297392593,1.2160405446785754,,,,,,2960.8950000000004,1022490.3895,,0.44470725277422485,0,0,0.4140041192186381,0,0.0,0.0,0.0,-0.46042458511719636,0.04140041192186381,,,,V3
,779.6875,2076-02-03,2076-03-31,22334.19249999989,0.021842936353584072,1000156.1970000002,,,,,,,,,,0.5814787431912007,0.005889416649987954,0.007543553066924137,0,0,0,0.0,-0.5608195891626315,-4990.0,0.46191600963107193,113.45081297392593,1.1089665325048677,,,,,,3740.5825000000004,1022490.3895,,0.41852125680879926,0,0,0.011858806351971111,0,0.0,0.0,0.0,-0.46207110722283096,0.0011858806351971113,,,,V3
,-1403.4375,2076-02-03,2076-04-01,22957.94249999989,0.02245296653714894,999532.4470000002,,,,,,,,,,0.5823750000000001,0.005899056055264147,0.007543553066924137,0,0,0,0.0,-0.5617936057857659,-4990.0,0.4669802334673448,113.45081297392593,1.126058287952289,,,,,,2337.1450000000004,1022490.3895,,0.4176249999999999,0,0,0.0,0,0.0,0.0,0.0,-0.46305931331707395,0.0,,,,V3
,623.75,2076-02-03,2076-04-02,23113.87999999989,0.02260547408304016,999376.5095000002,,,,,,,,,,0.5823750000000001,0.005753797713870877,0.007543553066924137,1,0,0,0.0,-0.5620372999171439,-4990.0,0.4431584231059698,,1.0456596779826481,,,,,,2960.8950000000004,1022490.3895,BUY series_9 size=4990.0000,0.4176249999999999,0,0,0.0,0,0.0,0.0,0.0,-0.46339888149353614,0.0,,,,V3
CLOSE series_9 pnl_net=-2027.19,0.0,2076-02-03,2076-04-03,22957.94249999989,0.02245296653714894,999532.4470000002,BUY series_9 fill_size=4990.0000 fill_px=112.5312,,,,,,,,,0.5796265052677518,0.005815963411617369,0.007543553066924137,0,0,0,0.0,0.0,0.0,0.39298370110153485,,1.32631999121768,,,,,,2960.8950000000004,1022490.3895,,0.42037349473224817,0,0,0.03110464939537539,0,0.0,0.0,0.0,-0.461744388546507,0.003110464939537539,,,,V3
,0.0,2076-02-03,2076-04-04,23020.31749999989,0.022513969555505428,999470.0720000002,,,,,,,,,,0.5710884033049131,0.00592057158835931,0.007533552525626483,0,0,0,0.0,0.0,0.0,0.2249817946794492,,0.7593135570431411,,,,,,2960.8950000000004,1022490.3895,,0.42891159669508694,0,0,0.07496835836749881,0,0.0,0.0,0.0,-0.45975188696547964,0.0074968358367498815,,,,V3
,0.0,2076-02-03,2076-04-05,23020.31749999989,0.022513969555505428,999470.0720000002,,,,,,,,,,0.4244957678914756,0.0065242647125893505,0.007533552525626483,0,0,0,0.0,0.0,0.0,0.06632157564055637,,-0.22383531778687776,,,,,,2960.8950000000004,1022490.3895,,0.5755042321085244,0,0,0.5450113253905563,0,0.0,0.0,0.0,-0.45712281347678496,0.054501132539055634,,,,V3
,0.0,2076-02-03,2076-04-06,23020.31749999989,0.022513969555505428,999470.0720000002,,,,,,,,,,0.39876075816818024,0.006058245804547254,0.007533552525626483,0,0,0,0.0,0.0,0.0,0.09061702213741131,,-0.30583244971376317,,,,,,2960.8950000000004,1022490.3895,,0.6012392418318198,0,0,1.0,0,0.0,0.0,0.0,-0.4523548298296214,0.1,,,,V3
,0.0,2076-02-03,2076-04-07,23020.31749999989,0.022513969555505428,999470.0720000002,,,,,,,,,,0.528427757410933,0.006155023677959029,0.007533552525626483,0,0,0,0.0,0.0,0.0,0.2728838442514216,,-0.9209829743485478,,,,,,2960.8950000000004,1022490.3895,,0.47157224258906705,0,0,0.49725363388643795,0,0.0,0.0,0.0,-0.39620536679706186,0.0497253633886438,,,,V3
,0.0,2076-02-03,2076-04-08,23020.31749999989,0.022513969555505428,999470.0720000002,,,,,,,,,,0.5537992259679874,0.00622062931116323,0.007533552525626483,0,0,0,0.0,0.0,0.0,0.39951632070336873,,-1.3483675823738694,,,,,,2960.8950000000004,1022490.3895,,0.44620077403201264,0,0,0.3551844316693663,0,0.0,0.0,0.0,-0.35339835419691257,0.035518443166936635,,,,V3
,0.0,2076-02-03,2076-04-09,23020.31749999989,0.022513969555505428,999470.0720000002,,,,,,,,,,0.5209531530166248,0.006035197243279257,0.007533552525626483,0,0,0,0.0,0.0,0.0,0.38629184046218606,,-1.3037349615598781,,,,,,2960.8950000000004,1022490.3895,,0.4790468469833752,0,0,0.822195237850452,0,0.0,0.0,0.0,-0.2458839973604544,0.08221952378504521,,,,V3
,0.0,2076-02-03,2076-04-10,23020.31749999989,0.022513969555505428,999470.0720000002,,,,,,,,,,0.5403514289120641,0.0061475238148650056,0.007533552525626483,0,0,0,0.0,0.0,0.0,0.49191733664410026,,-1.6602210111738382,,,,,,2960.8950000000004,1022490.3895,,0.4596485710879359,0,0,0.6712241985166327,0,0.0,0.0,0.0,-0.17903676355080855,0.06712241985166327,,,,V3
,0.0,2076-02-03,2076-04-11,23020.31749999989,0.022513969555505428,999470.0720000002,,,,,,,,,,0.5415154578701906,0.005941067605188989,0.007533552525626483,0,0,0,0.0,0.0,0.0,0.4448176783373607,,-1.5012596643885923,,,,,,2960.8950000000004,1022490.3895,,0.4584845421298094,0,0,0.587921968975707,0,0.0,0.0,0.0,-0.1255454911926171,0.0587921968975707,,,,V3
,0.0,2076-02-03,2076-04-12,23020.31749999989,0.022513969555505428,999470.0720000002,,,,,,,,,,0.507744061672831,0.005976114397784401,0.007529558304649148,0,0,0,0.0,0.0,0.0,0.39433933380649006,,-1.330895251596904,,,,,,2960.8950000000004,1022490.3895,,0.49225593832716896,0,0,1.0,0,0.0,0.0,0.0,0.011457401462763084,0.10687444087765785,,,,V3
,0.0,2076-02-03,2076-04-13,23020.31749999989,0.022513969555505428,999470.0720000002,,,,,,,,,,0.45823671174901925,0.005883956973323356,0.007529558304649148,0,0,0,0.0,0.0,0.0,0.3296203589644661,,-1.112468711505073,,,,,,2960.8950000000004,1022490.3895,,0.5417632882509807,0,0,1.0,0,0.0,0.0,0.0,0.1352769932957316,0.18116619597743894,,,,V3
,0.0,2076-02-03,2076-04-14,23020.31749999989,0.022513969555505428,999470.0720000002,,,,,,,,,,0.4292428910465039,0.005876602694780746,0.007529558304649148,0,0,0,0.0,0.0,0.0,0.3527823356343243,,-1.1906403827658447,,,,,,2960.8950000000004,1022490.3895,BUY series_1 size=5928.0000,0.5707571089534961,0,0,1.0,0,0.0,0.0,0.0,0.29068151379802804,0.2744089082788168,25.43473635365124,,,V3
,-1837.6799999999923,2076-02-03,2076-04-15,24917.27749999985,0.024369204596812348,997573.1120000002,BUY series_1 fill_size=5928.0000 fill_px=26.4900,,,,,,,,,0.4115076358803236,0.005636901940653305,0.007529558304649148,0,0,0,0.0,0.0,0.0,0.31026723318733507,,-1.0471519120072559,,,,,,1123.215000000008,1022490.3895,,0.5884923641196764,0,0,0.6500411452223946,0,0.0,0.1555131730535255,5928.0,0.3849120487981943,0.29595134380115606,25.365112328390435,,,V3
,2252.639999999994,2076-02-03,2076-04-16,22723.91749999998,0.022224089080301306,999766.4720000001,,,,,,,,,,0.4123877466247696,0.005764760566500428,0.007529558304649148,0,0,0,0.0,0.0,0.0,0.41741832726631695,,-1.4087868545238196,,,,,,3375.8550000000023,1022490.3895,,0.5876122533752304,0,0,0.9829403549644546,0,0.0,0.15748445703028136,5928.0,0.49312818724034113,0.3941709478406502,25.41974716207683,,,V3
,237.120000000016,2076-02-03,2076-04-17,22249.677499999874,0.021760280319974463,1000240.7120000002,,,,,,,,,,0.39789880819835033,0.005535414526360419,0.007529558304649148,0,0,0,0.0,0.0,0.0,0.3792712808965095,,-1.2800405730257196,,,,,,3612.975000000018,1022490.3895,,0.6021011918016497,0,0,0.585593540708169,0,0.0,0.1578839154469449,5928.0,0.6044960512637111,0.42269763075822664,25.538336650499918,,,V3
,-59.28000000000927,2076-02-03,2076-04-18,22605.357499999925,0.02210813689021957,999885.0320000001,,,,,,,,,,0.3305126998462209,0.005678559536210847,0.007529558304649148,0,0,0,0.0,0.0,0.0,0.18457631404355948,,-0.6229450598970133,,,,,,3553.695000000009,1022490.3895,BUY series_1 size=906.0000,0.6694873001537791,0,0,0.6262197619816587,0,0.0,0.15758435715837377,5928.0,0.6851298119584284,0.47369986337322295,25.538336650499918,,,V3
,3075.299999999995,2076-02-03,2076-04-19,19470.777499999967,0.01904250416428972,1003019.6120000001,BUY series_1 fill_size=906.0000 fill_px=26.5900,,,,,,,,,0.2574544025504213,0.005702958029035818,0.007516424872009934,0,0,0,0.0,0.0,0.0,0.04365101557943226,,0.14732217758058386,,,,,,6628.995000000004,1022490.3895,,0.7425455974495787,0,0,0.9938511508249388,0,0.0,0.18423504165739082,6834.0,0.776905452537041,0.5655283866047186,25.907443336400437,,,V3
,2665.260000000004,2076-02-03,2076-04-20,16330.761499999906,0.01597155500697242,1006159.6280000001,,,,,,,,,,0.32429934613139255,0.0057309566308807345,0.007510904499199654,0,0,0,0.0,0.0,0.0,0.22686956650193013,,0.7656847869440142,,,,,,9294.255000000008,1022490.3895,,0.6757006538686074,0,0,1.0,0,0.0,0.18678447710485951,6834.0,0.8948858342378122,0.6369315005426873,26.365483098086123,,,V3
,-341.7000000000049,2076-02-03,2076-04-21,17902.581499999855,0.017508801729426773,1004587.8080000002,,,,,,,,,,0.3356091612502704,0.005557988972852514,0.007503169556915706,0,0,0,0.0,0.0,0.0,0.2714129747366412,,0.9160187897361641,,,,,,8952.555000000004,1022490.3895,SELL series_1 size=561.0000,0.6643908387497296,0,0,0.7092347278962592,0,0.0,0.18551208616698636,6834.0,0.9630811546873305,0.6487721656020242,26.365483098086123,,,V3
,-3638.3399999999892,2076-02-03,2076-04-22,20600.991499999887,0.020147858318818837,1001889.3980000002,SELL series_1 fill_size=561.0000 fill_px=27.3800,,,,,,,,,0.39010573732247067,0.00572104340505653,0.007499925578695992,0,0,0,0.0,0.0,0.0,0.5346469841505972,,1.8044335715082656,,,,,,5314.215000000015,1022490.3895,SELL series_1 size=698.0000,0.6098942626775293,0,0,0.0914712847822504,0,0.0,0.16798719532911952,6273.0,0.9861989994298503,0.6517193996579103,26.365483098086123,,,V3
,3679.500000000001,2076-02-03,2076-04-23,17078.61549999984,0.016702959436470908,1005411.7740000002,SELL series_1 fill_size=698.0000 fill_px=26.8000,,,,,,,,,0.40626255307187853,0.005801804931115601,0.007494076266677726,0,0,0,0.0,0.0,0.0,0.695325087992023,,2.3467221719730773,,,,,,8993.715000000015,1022490.3895,SELL series_9 size=2823.0000,0.5937374469281215,0,0,0.8555673904363057,0,0.0,0.15232092358608082,5575.0,1.0311084065076974,0.7042217829482491,26.365483098086123,,,V3
,705.75,2076-02-03,2076-04-24,16213.991500000004,0.01585735344459196,1006276.398,SELL series_9 fill_size=2823.0000 fill_px=113.0625,,,,,,,,,0.40414516334346184,0.0057203870898774175,0.007494076266677726,0,0,0,0.0,-0.31648331227182375,-2823.0,0.6856227147092366,114.35316233715359,1.8639766621436737,,,,,,9699.465000000015,1022490.3895,,0.5958548366565382,0,0,0.47356420263753185,0,0.0,0.15235625152762453,5575.0,1.0856776333374667,0.71140658000248,26.365483098086123,,,V3
,4555.531249999996,2076-02-03,2076-04-25,11964.04150000005,0.01170088405999639,1010526.348,,,,,,,,,,0.3267604612560614,0.006388133221243546,0.007494076266677726,1,0,0,0.0,-0.3118348924040128,-2823.0,0.2822654364574318,,0.5026458480438323,,,,,,14254.996250000011,1022490.3895,BUY series_9 size=2823.0000,0.6732395387439386,0,0,0.7764719182581901,0,0.0,0.15270853679908206,5575.0,1.144639270799105,0.7644307543052821,26.433393779261785,,,V3
CLOSE series_9 pnl_net=4146.28,-613.2499999999968,2076-02-03,2076-04-26,12656.32275000005,0.012377938100903832,1009834.06675,BUY series_9 fill_size=2823.0000 fill_px=111.5938,,,,,,,,,0.29669141638756447,0.006206580504728577,0.007483792687208639,0,0,0,0.0,0.0,0.0,0.1771662571449276,,0.5979361178641306,,,,,,13641.746250000015,1022490.3895,BUY series_1 size=557.0000,0.7033085836124355,0,0,0.2624860574204233,0,0.0,0.15204032529238298,5575.0,1.2115752317255273,0.7869451390353164,26.433393779261785,,,V3
,735.8400000000061,2076-02-03,2076-04-27,11900.02025000006,0.011638271002057237,1010590.36925,BUY series_1 fill_size=557.0000 fill_px=27.5500,,,,,,,,,0.33018524179213327,0.006314413592657449,0.007465712407520166,0,0,0,0.0,0.0,0.0,0.31581670482381535,,1.0658813787803767,,,,,,14377.58625000002,1022490.3895,,0.6698147582078667,0,0,0.40521811544725844,0,0.0,0.16789437655726008,6132.0,1.2571472163550235,0.8142883298130141,26.459201779057356,,,V3
,306.5999999999826,2076-02-03,2076-04-28,11595.648250000086,0.011340593876555047,1010894.74125,,,,,,,,,,0.3408212742124813,0.006261913416078918,0.007465712407520166,0,0,0,0.0,0.0,0.0,0.3833997668602453,,1.2939742131533278,,,,,,14684.186250000002,1022490.3895,,0.6591787257875187,0,0,0.270725675114728,0,0.0,0.16814712062881648,6132.0,1.323310648885644,0.8539863893313864,26.54425879483897,,,V3
,-122.63999999999739,2076-02-03,2076-04-29,11656.968250000034,0.011400565100372548,1010833.42125,,,,,,,,,,0.33206063390270957,0.00605259692276734,0.007456480167445594,0,0,0,0.0,0.0,0.0,0.3454445144221323,,1.1658752361746965,,,,,,14561.546250000005,1022490.3895,,0.6679393660972904,0,0,0.21701013570525954,0,0.0,0.1680966580921703,6132.0,1.345706889817151,0.8674241338902906,26.54425879483897,,,V3
,-919.7999999999913,2076-02-03,2076-04-30,11779.608250000048,0.011520507548007666,1010710.78125,,,,,,,,,,0.34492160142003514,0.0060149951295298066,0.007449099500699038,0,0,0,0.0,0.0,0.0,0.42143960588662077,,1.4223586698673452,,,,,,13641.746250000013,1022490.3895,,0.6550783985799649,0,0,0.14374532746979757,0,0.0,0.16799571464945232,6132.0,1.3819382290141216,0.8891629374084729,26.54425879483897,,,V3
,1900.9199999999921,2076-02-03,2076-05-01,9940.008249999955,0.009721370833481027,1012550.3812500001,,,,,,,,,,0.32684837685149914,0.006067959954733938,0.007425814678276128,0,0,0,0.0,0.0,0.0,0.3381390751526488,,1.1412193786401899,,,,,,15542.666250000006,1022490.3895,,0.6731516231485009,0,0,0.6200187948812771,0,0.0,0.1695072987757072,6132.0,1.4209648577951426,0.9145807941652133,26.836660558404233,,,V3
,5089.560000000011,2076-02-03,2076-05-02,5831.568250000011,0.005703298837705126,1016658.82125,,,,,,,,,,0.3394646802175252,0.006300874101983522,0.007425814678276128,0,0,0,0.0,0.0,0.0,0.42762253962386537,,1.4432260712305458,,,,,,20632.226250000018,1022490.3895,,0.6605353197824748,0,0,1.0,0,0.0,0.17286341919890166,6132.0,1.4499523457852337,0.9699714074711402,27.46189908994679,,,V3
,-1533.0,2076-02-03,2076-05-03,7487.208250000025,0.0073225218807790315,1015003.18125,,,,,,,,,,0.30617207055717455,0.006351753395399863,0.0073722283149192215,0,0,0,0.0,0.0,0.0,0.25421928285267564,,0.8579900796277802,,,,,,19099.226250000018,1022490.3895,,0.6938279294428255,0,0,0.6038732035694412,0,0.0,0.1715142210545658,6132.0,1.4851471024330984,0.9514755818168033,27.46189908994679,,,V3
,1900.9199999999921,2076-02-03,2076-05-04,7855.128250000067,0.007682349223684382,1014635.26125,,,,,,,,,,0.263983611193235,0.006737523134827398,0.0073426088410784175,0,0,0,0.0,0.0,0.0,0.09464496106893994,,0.31942674360767226,,,,,,21000.14625000001,1022490.3895,,0.736016388806765,0,0,0.38322001056263055,0,0.0,0.1712138012885367,6132.0,1.488920416553636,0.9533522499321816,27.46189908994679,,,V3
,122.63999999999739,2076-02-03,2076-05-05,5586.288249999983,0.005463413942434892,1016904.1012500001,,,,,,,,,,0.29789183134788777,0.0068419183993946526,0.007330837840052424,0,0,0,0.0,0.0,0.0,0.22470925442143663,,0.7583937336723486,,,,,,21122.786250000005,1022490.3895,,0.7021081686521122,0,0,0.7571874903142606,0,0.0,0.17306292676337062,6132.0,1.5544806393112975,0.9757187490314261,27.49905696086483,,,V3
,2268.840000000006,2076-02-03,2076-05-06,2949.528249999974,0.0028846513182801646,1019540.8612500001,,,,,,,,,,0.3020210866096258,0.006622879881484526,0.007327280598642674,0,0,0,0.0,0.0,0.0,0.2484220240316325,,0.8384243311067596,,,,,,23391.626250000012,1022490.3895,,0.6979789133903742,0,0,1.0,0,0.0,0.17520157042160922,6132.0,1.593079315135819,1.0,27.906267177945914,,,V3
,1594.3199999999879,2076-02-03,2076-05-07,1723.128250000067,0.0016852268419292238,1020767.26125,,,,,,,,,,0.31718034434946785,0.006475062008522218,0.007308149971224211,0,0,0,0.0,0.0,0.0,0.31805367090161285,,1.0734311392929434,,,,,,24985.94625,1022490.3895,,0.6828196556505322,0,0,0.9458512172965752,0,0.0,0.17619252382737996,6132.0,1.633811118765578,0.9945851217296575,28.147962379521204,,,V3
,-551.8799999999991,2076-02-03,2076-05-08,2029.7282499999274,0.001985082961016845,1020460.6612500001,,,,,,,,,,0.32742300402683133,0.006204732031880754,0.007300858293686126,0,0,0,0.0,0.0,0.0,0.36062328394566223,,1.21710358331661,,,,,,24434.066250000003,1022490.3895,,0.6725769959731687,0,0,0.6731779880817954,0,0.0,0.1759450087767898,6132.0,1.6347665470724109,0.9673177988081796,28.147962379521204,,,V3
,-122.63999999999739,2076-02-03,2076-05-09,1907.0882500000298,0.0018651405133818422,1020583.30125,,,,,,,,,,0.3441553333056664,0.006163649625532302,0.007300858293686126,0,0,0,0.0,0.0,0.0,0.45046289192878053,,1.5203122602596344,,,,,,24311.426250000008,1022490.3895,,0.6558446666943336,0,0,0.5408515268213909,0,0.0,0.17604403264284743,6132.0,1.6358571640871542,0.96,28.14977368438308,,,V3
,1410.3600000000026,2076-02-03,2076-05-10,680.6882500000065,0.0006657160370307876,1021809.70125,,,,,,,,,,0.34883341292835457,0.0062657226533477965,0.007300858293686126,0,0,0,0.0,0.0,0.0,0.4834787863902739,,1.6317409040671746,,,,,,25721.786250000012,1022490.3895,,0.6511665870716454,0,0,0.6955127800446285,0,0.0,0.17703296394495843,6132.0,1.6361988612666454,0.9695512780044628,28.361932706927146,,,V3
,-1410.3600000000026,2076-02-03,2076-05-11,2581.6082500000484,0.002524823975374928,1019908.78125,,,,,,,,,,0.36174401431834347,0.00627424188458425,0.007294526010040956,0,0,0,0.0,0.0,0.0,0.5629048583629442,,1.8998038969749367,,,,,,24311.426250000008,1022490.3895,,0.6382559856816565,0,0,0.15887495436326002,0,0.0,0.1754991066756246,6132.0,1.6376982058537,0.96,28.361932706927146,,,V3
,735.8400000000061,2076-02-03,2076-05-12,1293.8882500000764,0.0012654282752063719,1021196.50125,,,,,,,,,,0.33766977002187837,0.006169468832100155,0.0072899311217737035,0,0,0,0.0,0.0,0.0,0.4130805836476839,,1.3941469698109332,,,,,,25047.266250000015,1022490.3895,,0.6623302299781216,0,0,0.4497460982546682,0,0.0,0.1765387952067271,6132.0,1.6390857879306604,0.96,28.361932706927146,,,V3
,2146.200000000009,2076-05-13,2076-05-13,0.0,0.0,1022545.54125,,,,,,,,,,0.3723169406858442,0.006201773203461061,0.007287480352250103,0,0,0,0.0,0.0,0.0,0.6395577655865591,,2.158507458854637,,,,,,27193.466250000023,1022545.54125,,0.6276830593141558,0,0,0.5457122260943222,0,0.0,0.17762518408516897,6132.0,1.6397598175614578,0.96,28.484951223439847,,,V3
,-1287.7200000000053,2076-05-14,2076-05-14,0.0,0.0,1022852.1412500001,,,,,,,,,,0.37010303047663684,0.006291485609531806,0.007280433804133073,0,0,0,0.0,0.0,0.0,0.6228750293995793,,2.10220322422358,,,,,,25905.74625000002,1022852.1412500001,,0.6298969695233632,0,0,0.4761518857197724,0,0.0,0.17787169099305045,6132.0,1.640928261711636,0.96,28.551740421765572,,,V3
,-1349.0400000000147,2076-05-14,2076-05-15,2023.5600000000559,0.001978350455938937,1020828.58125,,,,,,,,,,0.36147093512064,0.006153668791963597,0.00727484055403618,0,0,0,0.0,0.0,0.0,0.56102225997288,,1.89345012740847,,,,,,24556.706250000003,1022852.1412500001,,0.63852906487936,0,0,0.0,0,0.0,0.17624200899596432,6132.0,1.6438447255450523,0.96,28.551740421765572,,,V3
,61.320000000009586,2076-05-14,2076-05-16,2023.5600000000559,0.001978350455938937,1020828.58125,,,,,,,,,,0.34813327059682875,0.0062077265805519375,0.007261773832052684,0,0,0,0.0,0.0,0.0,0.4744156391608804,,1.6011527821679714,,,,,,24618.026250000014,1022852.1412500001,BUY series_1 size=569.0000,0.6518667294031713,0,0,0.0,0,0.0,0.17624200899596432,6132.0,1.647844695198105,0.96,28.551740421765572,,,V3
,-3752.5599999999913,2076-05-14,2076-05-17,5776.119999999995,0.005647072306013999,1017076.0212500001,BUY series_1 fill_size=569.0000 fill_px=29.3400,,,,,,,,,0.3123584126453489,0.0060978681473735155,0.007254617122017388,0,0,0,0.0,0.0,0.0,0.28436799713598154,,0.9597419903339377,,,,,,20865.466250000023,1022852.1412500001,,0.6876415873546511,0,0,0.0,0,0.0,0.1896168781591949,6701.0,1.6514016746515103,0.96,28.24654654031303,,,V3
,0.0,2076-05-14,2076-05-18,6111.170000000042,0.005974636756913609,1016740.9712500001,,,,,,,,,,0.30356622169343783,0.006016107942833447,0.007243428639257286,0,0,0,0.0,0.0,0.0,0.24512704815396277,,0.8273037875196243,,,,,,20865.466250000023,1022852.1412500001,BUY series_1 size=754.0000,0.6964337783065622,0,0,0.0,0,0.0,0.18934982994076918,6701.0,1.6546992332900747,0.96,28.24654654031303,,,V3
,-1192.800000000001,2076-05-14,2076-05-19,6894.369999999995,0.006740338825096041,1015957.7712500001,BUY series_1 fill_size=754.0000 fill_px=28.7800,,,,,,,,,0.26325719230274336,0.006214331453144888,0.007227662224696025,0,0,0,0.0,0.0,0.0,0.09290269579301945,,-0.3135465983014406,,,,,,19672.666250000024,1022852.1412500001,BUY series_1 size=666.0000,0.7367428076972566,0,0,0.0,0,0.0,0.21008417479537045,7455.0,1.6578200235704779,0.96,27.748399823025018,,,V3
,3410.819999999985,2076-05-14,2076-05-20,3654.390000000014,0.0035727451237811186,1019197.7512500001,BUY series_1 fill_size=666.0000 fill_px=28.6200,,,,,,,,,0.25676764716868483,0.006142408747268553,0.007225810779149858,0,0,0,0.0,0.0,0.0,0.07191772875617068,,0.24272233455207604,,,,,,23083.48625000001,1022852.1412500001,,0.7432323528313152,0,0,0.10384954324940485,0,0.0,0.23131196052077238,8121.0,1.6608563908954328,0.96,27.98351412138037,,,V3
,-3167.1900000000046,2076-05-14,2076-05-21,6418.194000000018,0.006274801353161871,1016433.9472500001,,,,,,,,,,0.2831821797294941,0.006102450754182174,0.007215636372461109,0,0,0,0.0,0.0,0.0,0.16302160090678636,,0.550197903060404,,,,,,19916.296250000003,1022852.1412500001,,0.7168178202705059,0,0,0.0,0,0.0,0.2292244278443938,8121.0,1.6635731129168558,0.96,27.98351412138037,,,V3
,-649.6799999999862,2076-05-14,2076-05-22,7473.923999999999,0.007306944668333311,1015378.2172500001,,,,,,,,,,0.3131757634966099,0.006605874189024523,0.0072053220729958204,0,0,0,0.0,0.0,0.0,0.2881461848268226,,-0.9724933737905262,,,,,,19266.616250000017,1022852.1412500001,,0.6868242365033901,0,0,0.0,0,0.0,0.22842302115576527,8121.0,1.6583686321794227,0.96,27.98351412138037,,,V3
,-1461.7799999999977,2076-05-14,2076-05-23,8854.493999999948,0.008656670542019015,1013997.6472500002,,,,,,,,,,0.33496495760908385,0.006484277743934561,0.007194744968855001,0,0,0,0.0,0.0,0.0,0.39806936837716816,,-1.3434841182729427,,,,,,17804.83625000002,1022852.1412500001,,0.6650350423909162,0,0,0.0,0,0.0,0.2273725098132864,8121.0,1.5939582686136489,0.96,27.98351412138037,,,V3
,-1542.9900000000105,2076-05-14,2076-05-24,10803.533999999985,0.010562165893104821,1012048.6072500001,,,,,,,,,,0.34283503763841594,0.006834923296308444,0.007178143818559253,0,0,0,0.0,0.0,0.0,0.44268870666686505,,-1.4940743850006697,,,,,,16261.846250000008,1022852.1412500001,,0.6571649623615841,0,0,0.0,0,0.0,0.225884555704476,8121.0,1.5179528912757534,0.96,27.98351412138037,,,V3
,-243.62999999998038,2076-05-14,2076-05-25,14376.773999999976,0.014055574036762055,1008475.3672500001,,,,,,,,,,0.3456106323789563,0.00660239087259589,0.007170087379128105,0,0,0,0.0,0.0,0.0,0.4212673977129902,,-1.421777467281342,,,,,,16018.216250000027,1022852.1412500001,SELL series_1 size=8121.0000,0.6543893676210437,1,0,0.0,0,0.0,0.22314170212569462,8121.0,1.368046569844782,0.8808279419068692,,,,V3
CLOSE series_1 pnl_net=8911.04,0.0,2076-05-14,2076-05-26,10641.11400000006,0.010403374613847745,1012211.02725,SELL series_1 fill_size=8121.0000 fill_px=28.1700,,,,,,,,,0.36380161007492184,0.006654888363744227,0.0071643406302299255,0,0,0,0.0,0.0,0.0,0.46752062341049755,,-1.5778821040104292,,,,,,16018.216250000027,1022852.1412500001,,0.6361983899250782,0,0,0.11465466578293168,0,0.0,0.0,0.0,1.276767062317281,0.7775257039686618,,,,V3
,0.0,2076-05-14,2076-05-27,12135.378000000026,0.01186425438301347,1010716.7632500001,,,,,,,,,,0.358612418294301,0.006377841725245642,0.0071643406302299255,0,0,0,0.0,0.0,0.0,0.43421583698002936,,-1.4654784498075992,,,,,,16018.216250000027,1022852.1412500001,BUY series_1 size=7679.0000,0.641387581705699,0,0,0.19246684895594848,0,0.0,0.0,0.0,1.2507068845382279,0.7696708156185316,27.498247887056067,,,V3
,76.78999999998473,2076-05-14,2076-05-28,12058.588000000105,0.011789179993565472,1010793.55325,BUY series_1 fill_size=7679.0000 fill_px=28.5700,,,,,,,,,0.30837190485642507,0.006332177744507138,0.0071643406302299255,0,0,0,0.0,0.0,0.0,0.2252964815499271,,-0.760375625231004,,,,,,16095.006250000011,1022852.1412500001,BUY series_1 size=1041.0000,0.6916280951435749,0,0,0.45611753766104285,0,0.0,0.21712229890500637,7679.0,1.2538256017632696,0.8122953610579617,27.587658752266346,,,V3
,3749.6000000000286,2076-05-14,2076-05-29,9914.252000000095,0.00969275186527366,1012937.88925,BUY series_1 fill_size=1041.0000 fill_px=28.5800,,,,,,,,,0.3671314161292649,0.006520997407967969,0.0071643406302299255,0,0,0,0.0,0.0,0.0,0.5145507918403656,,-1.7366089224612338,,,,,,19844.60625000004,1022852.1412500001,,0.6328685838707351,0,0,0.6621387144194142,0,0.0,0.24827267561903968,8720.0,1.2594454427560589,0.8218811370955768,27.862825984247323,,,V3
,2528.7999999999925,2076-05-14,2076-05-30,5728.652000000002,0.0056006648165190034,1017123.4892500001,,,,,,,,,,0.33960452581732437,0.006317924602664731,0.0071643406302299255,0,0,0,0.0,0.0,0.0,0.3661209220052056,,-1.235658111767569,,,,,,22373.406250000033,1022852.1412500001,SELL series_1 size=667.0000,0.6603954741826756,0,0,1.0,0,0.0,0.2513661346947405,8720.0,1.2148457038910379,0.8289074223346227,28.261195556801084,,,V3
,322.1199999999931,2076-05-14,2076-05-31,5258.8120000000345,0.0051413217882825,1017593.3292500001,SELL series_1 fill_size=667.0000 fill_px=29.3000,,,,,,,,,0.36269633789072875,0.006434689799036079,0.007156242278604298,0,0,0,0.0,0.0,0.0,0.5029041347557858,,-1.6973014548007772,,,,,,22695.526250000024,1022852.1412500001,,0.6373036621092713,0,0,0.8275299022239209,0,0.0,0.23250657526851115,8053.0,1.274961679410745,0.8477299978688392,28.356824445601006,,,V3
,2899.0799999999954,2076-05-14,2076-06-01,2606.658000000054,0.002548421120587896,1020245.48325,,,,,,,,,,0.36466141386729767,0.006655608097797034,0.007156242278604298,0,0,0,0.0,0.0,0.0,0.5436826923378129,,-1.8349290866401184,,,,,,25594.60625000002,1022852.1412500001,,0.6353385861327023,0,0,1.0,0,0.0,0.2345069239981857,8053.0,1.3246317114354507,0.8947790268612704,28.68705127091522,,,V3
,0.0,2076-05-14,2076-06-02,2687.188000000082,0.00262715195249642,1020164.95325,,,,,,,,,,0.35928703504368587,0.006545954829610788,0.007156242278604298,0,0,0,0.0,0.0,0.0,0.5053867461580833,,-1.7056802682835313,,,,,,25594.60625000002,1022852.1412500001,,0.6407129649563141,0,0,0.6282477712931831,0,0.0,0.23444649734148276,8053.0,1.3759199480646487,0.8883767459681076,28.690119037278418,,,V3
,-322.1199999999931,2076-05-14,2076-06-03,2687.188000000082,0.00262715195249642,1020164.95325,,,,,,,,,,0.3343998469993912,0.006342804675146791,0.007156242278604298,0,0,0,0.0,0.0,0.0,0.384198961875547,,-1.296671496329971,,,,,,25272.486250000027,1022852.1412500001,BUY series_1 size=1214.0000,0.6656001530006088,0,0,0.6116675099535739,0,0.0,0.23444649734148276,8053.0,1.4544049899031624,0.9338097449372549,28.733681963187102,,,V3
,-5189.519999999988,2076-05-14,2076-06-04,8384.168000000063,0.00819685237179442,1014467.97325,BUY series_1 fill_size=1214.0000 fill_px=29.6600,,,,,,,,,0.3197248918983029,0.0063368797813960105,0.007156242278604298,0,0,0,0.0,0.0,0.0,0.29174293404332324,,-0.9846324023962159,,,,,,20082.96625000004,1022852.1412500001,,0.6802751081016971,0,0,0.0,0,0.0,0.2656410720751159,9267.0,1.3620570119231417,0.877234207153885,28.644133251530878,,,V3
,-5096.850000000007,2076-05-14,2076-06-05,12388.402000000002,0.012111625425020344,1010463.7392500001,,,,,,,,,,0.27359455364569385,0.006376010641814342,0.007156242278604298,0,0,0,0.0,0.0,0.0,0.10974826310914242,,-0.3704003879933556,,,,,,14986.116250000036,1022852.1412500001,,0.7264054463543062,0,0,0.0,0,0.0,0.26275020041497243,9267.0,1.2702282319995954,0.8221369391997573,28.644133251530878,,,V3
,2316.75,2076-05-14,2076-06-06,10998.351999999955,0.010752631349589946,1011853.7892500001,,,,,,,,,,0.2979507417018519,0.0068094700796457516,0.007156242278604298,0,0,0,0.0,0.0,0.0,0.18064980222724816,,-0.6096930825169625,,,,,,17302.866250000036,1022852.1412500001,,0.7020492582981481,0,0,0.030752486923808116,0,0.0,0.26376300888078136,9267.0,1.2058992211836261,0.7835395327101757,28.644133251530878,,,V3
,-3706.8000000000197,2076-05-14,2076-06-07,13871.12200000009,0.013561219105479473,1008981.01925,,,,,,,,,,0.2985753996976408,0.006563733188127724,0.007156242278604298,0,0,0,0.0,0.0,0.0,0.171714028320047,,-0.5795348455801587,,,,,,13596.066250000016,1022852.1412500001,SELL series_1 size=9267.0000,0.7014246003023592,1,0,0.0,0,0.0,0.26166679547277316,9267.0,1.1268901906462374,0.7361341143877425,,,,V3
CLOSE series_1 pnl_net=-2422.15,0.0,2076-05-14,2076-06-08,14705.152000000002,0.014376615550737598,1008146.9892500001,SELL series_1 fill_size=9267.0000 fill_px=28.4000,,,,,,,,,0.300514700397726,0.006353694275104108,0.007156242278604298,0,0,0,0.0,0.0,0.0,0.15004289610592045,,-0.5063947743574815,,,,,,13596.066250000016,1022852.1412500001,,0.699485299602274,0,0,0.0,0,0.0,0.0,0.0,1.0344223069849554,0.6206533841909733,,,,V3
,0.0,2076-05-14,2076-06-09,15038.763999999966,0.014702774128840848,1007813.3772500001,,,,,,,,,,0.34754879404353023,0.006355540121535496,0.007156242278604298,0,0,0,0.0,0.0,0.0,0.2763015058344565,,-0.9325175821912907,,,,,,13596.066250000016,1022852.1412500001,,0.6524512059564698,0,0,0.0,0,0.0,0.0,0.0,0.9389119989489141,0.5633471993693485,,,,V3
,0.0,2076-05-14,2076-06-10,15038.763999999966,0.014702774128840848,1007813.3772500001,,,,,,,,,,0.41890806890906507,0.006496860058080423,0.007156242278604298,0,0,0,0.0,0.0,0.0,0.6052127620730173,,-2.0425930719964334,,,,,,13596.066250000016,1022852.1412500001,,0.5810919310909349,0,0,0.06554797448094456,0,0.0,0.0,0.0,0.8730318522119296,0.5303739087752523,,,,V3
,0.0,2076-05-14,2076-06-11,15038.763999999966,0.014702774128840848,1007813.3772500001,,,,,,,,,,0.41832214390370426,0.006415795768400047,0.007156242278604298,0,0,0,0.0,0.0,0.0,0.6881027107527623,,-2.322346648790573,,,,,,13596.066250000016,1022852.1412500001,BUY series_1 size=7118.0000 | BUY series_9 size=2945.0000,0.5816778560962957,0,0,0.9973646323361459,0,0.0,0.0,0.0,0.8455763514720591,0.6070822741168501,28.01716888117058,,,V3
,-3107.469999999994,2076-05-14,2076-06-12,17668.825249999994,0.01727407563365649,1005183.3160000001,BUY series_1 fill_size=7118.0000 fill_px=29.2500 | BUY series_9 fill_size=2945.0000 fill_px=110.7500,,,,,,,,,0.4224847057450474,0.006230746939125907,0.007156242278604298,0,0,0,0.0,0.32511778055615875,2945.0,0.6602303915675162,109.36716360119775,-1.7782775715403674,,,,,,10488.596250000022,1022852.1412500001,,0.5775152942549526,0,0,0.29338163096001335,0,0.0,0.20387049480236297,7118.0,0.8254694210208937,0.5552816526125361,28.11094253251554,,,V3
,767.15625,2076-05-14,2076-06-13,17942.336499999976,0.01754147620796211,1004909.8047500001,,,,,,,,,,0.4332219492055065,0.006251109806809119,0.007156242278604298,0,0,0,0.0,0.32401570863467083,2945.0,0.7500851671446894,109.36716360119775,-2.0815374391133266,,,,,,11255.752500000022,1022852.1412500001,,0.5667780507944935,0,0,0.5838474758922125,0,0.0,0.2052009633355107,7118.0,0.8283809676794837,0.5570285806076902,28.11094253251554,,,V3
,-126.53625000000102,2076-05-14,2076-06-14,17905.66149999993,0.017505620585706455,1004946.4797500002,,,,,,,,,,0.4050794499491748,0.006287998882381864,0.007156242278604298,0,0,0,0.0,0.3251028229695134,2945.0,0.5345842984371552,109.36716360119775,-1.3542220072253988,,,,,,11129.216250000021,1022852.1412500001,,0.5949205500508252,0,0,0.15292944091670793,0,0.0,0.20413102999378904,7118.0,0.8146590921450172,0.5487954552870103,28.11094253251554,,,V3
,2374.818749999995,2076-05-14,2076-06-15,14949.177750000032,0.014615189377939848,1007902.9635000001,,,,,,,,,,0.40115330892130074,0.006250073512430445,0.007156242278604298,0,0,0,0.0,0.3236926500514253,2945.0,0.5558619233388415,109.36716360119775,-1.4260339912685904,,,,,,13504.035000000016,1022852.1412500001,,0.5988466910786993,0,0,0.9930783143312704,0,0.0,0.206922102179135,7118.0,0.8292261254668898,0.5968435067132609,28.158670096186825,,,V3
,816.0562500000051,2076-05-14,2076-06-16,14417.841500000097,0.014095724023591953,1008434.29975,,,,,,,,,,0.38659142766195864,0.006097276414896521,0.007156242278604298,0,0,0,0.0,0.32397840650699267,2945.0,0.4538020226204316,109.36716360119775,-1.0815818263439567,,,,,,14320.091250000021,1022852.1412500001,BUY series_1 size=651.0000,0.6134085723380414,0,0,0.5667658832271021,0,0.0,0.2068836611881616,7118.0,0.8601979770664558,0.5761187862398736,28.19447937503062,,,V3
,3252.248750000008,2076-05-14,2076-06-17,11159.08275000006,0.010909771119374932,1011693.0585,BUY series_1 fill_size=651.0000 fill_px=29.3000,,,,,,,,,0.40808176095358706,0.006154003205440023,0.007156242278604298,0,0,0,0.0,0.32138839296978333,2945.0,0.6546021454053247,109.36716360119775,-1.7592822407429707,,,,,,17572.34000000003,1022852.1412500001,,0.5919182390464129,0,0,1.0,0,0.0,0.2298386531827726,7769.0,0.915560027307493,0.6493360163844958,28.79558799109986,,,V3
,-5389.292500000013,2076-05-14,2076-06-18,16876.080499999924,0.016499042060347177,1005976.0607500002,,,,,,,,,,0.4123345280608519,0.00598233940151062,0.007156242278604298,0,0,0,0.0,0.32294040104472727,2945.0,0.6293359230549399,109.36716360119775,-1.6740087403104222,,,,,,12183.047500000015,1022852.1412500001,SELL series_1 size=670.0000,0.5876654719391481,0,0,0.1787521337361508,0,0.0,0.22573884097271243,7769.0,0.8910800363247602,0.5946480217948562,28.79558799109986,,,V3
,-4012.407500000008,2076-05-14,2076-06-19,20811.96424999996,0.020346991916706768,1002040.1770000001,SELL series_1 fill_size=670.0000 fill_px=29.2500,,,,,,,,,0.4341910967285636,0.006154729119406809,0.007156242278604298,1,0,0,0.0,0.3224638354495839,2945.0,0.7813580931304324,,-2.187083564315209,,,,,,8170.640000000007,1022852.1412500001,SELL series_9 size=2945.0000,0.5658089032714364,0,0,0.0,0,0.0,0.20488507817586238,7099.0,0.8561897685538333,0.5737138611323,28.79558799109986,,,V3
CLOSE series_9 pnl_net=-3405.16,425.94000000001614,2076-05-14,2076-06-20,20617.52925000002,0.02015690090339342,1002234.6120000001,SELL series_9 fill_size=2945.0000 fill_px=109.5938,,,,,,,,,0.4130372009522839,0.00613246996529621,0.007156242278604298,0,0,0,0.0,0.0,0.0,0.60855354755978,,-2.0538682230142573,,,,,,8596.580000000024,1022852.1412500001,,0.5869627990477161,0,0,0.014918541795434842,0,0.0,0.20541198391579793,7099.0,0.8506795721818833,0.5704077433091299,28.79558799109986,,,V3
,-1490.790000000006,2076-05-14,2076-06-21,22042.59924999997,0.021550132576407675,1000809.5420000001,,,,,,,,,,0.4082861653452048,0.006047782143239111,0.007156242278604298,0,0,0,0.0,0.0,0.0,0.5580938734852173,,-1.8835668230126084,,,,,,7105.790000000017,1022852.1412500001,,0.5917138346547952,0,0,0.0,0,0.0,0.20442768720124768,7099.0,0.8205206111880528,0.5523123667128316,28.79558799109986,,,V3
,4472.369999999993,2076-05-14,2076-06-22,17499.239249999984,0.01710827845421982,1005352.9020000001,,,,,,,,,,0.388504439466111,0.005794453454933987,0.007156242278604298,0,0,0,0.0,0.0,0.0,0.46325417920558815,,-1.56348285481886,,,,,,11578.16000000001,1022852.1412500001,,0.611495560533889,0,0,0.8019354976826752,0,0.0,0.20802301319661382,7099.0,0.8250715312716886,0.5752364685312807,28.79558799109986,,,V3
,-496.930000000002,2076-05-14,2076-06-23,18351.11924999999,0.01794112610213005,1004501.0220000001,,,,,,,,,,0.336869869506078,0.006079717524305843,0.007156242278604298,0,0,0,0.0,0.0,0.0,0.24063498145224704,,-0.8121430624013337,,,,,,11081.230000000009,1022852.1412500001,BUY series_1 size=1250.0000,0.663130130493922,0,0,0.2066514820345293,0,0.0,0.20735136693569237,7099.0,0.8422651211183823,0.5653590726710294,28.79558799109986,,,V3
,2755.1700000000155,2076-05-14,2076-06-24,16397.35924999998,0.016031016203340208,1006454.7820000001,BUY series_1 fill_size=1250.0000 fill_px=29.3800,,,,,,,,,0.3326819863518291,0.0062367976641417066,0.007156242278604298,0,0,0,0.0,0.0,0.0,0.2347869083535006,,-0.7924058156930646,,,,,,13836.400000000023,1022852.1412500001,,0.6673180136481709,0,0,0.6500081768846986,0,0.0,0.245379548507128,8349.0,0.865752500967867,0.5844523182691901,28.442219127774422,,,V3
,5760.809999999981,2076-05-14,2076-06-25,9821.649250000017,0.009602218007773092,1013030.4920000001,,,,,,,,,,0.31622982494179386,0.0062154417470985,0.007156242278604298,0,0,0,0.0,0.0,0.0,0.2022774462460677,,-0.6826863810804785,,,,,,19597.210000000006,1022852.1412500001,,0.6837701750582061,0,0,1.0,0,0.0,0.25029762875094186,8349.0,0.9033406620480748,0.642004397228845,29.149203475790536,,,V3
,1836.7800000000202,2076-05-14,2076-06-26,7734.399250000017,0.007561600487581729,1015117.7420000001,,,,,,,,,,0.2776721741915893,0.006002853431310485,0.007156242278604298,0,0,0,0.0,0.0,0.0,0.10275553448035564,,-0.3467999288712003,,,,,,21433.990000000027,1022852.1412500001,,0.7223278258084107,0,0,1.0,0,0.0,0.2518391408432304,8349.0,0.9853515435344592,0.6912109261206755,29.402117513234067,,,V3
,-2170.740000000013,2076-05-14,2076-06-27,9821.649250000017,0.009602218007773092,1013030.4920000001,,,,,,,,,,0.2795885280508392,0.006074369211421281,0.007156242278604298,0,0,0,0.0,0.0,0.0,0.1099257060747348,,0.37099925800223,,,,,,19263.250000000015,1022852.1412500001,BUY series_1 size=548.0000,0.7204114719491608,0,0,0.734899981570927,0,0.0,0.25029762875094186,8349.0,1.0524629931397194,0.7049677940409242,29.402117513234067,,,V3
,978.669999999995,2076-05-14,2076-06-28,9282.34924999997,0.009074966826247498,1013569.7920000001,BUY series_1 fill_size=548.0000 fill_px=30.3600,,,,,,,,,0.32007692352800243,0.005952796095835171,0.007156242278604298,0,0,0,0.0,0.0,0.0,0.24459678232676033,,0.8255141403528161,,,,,,20241.92000000001,1022852.1412500001,,0.6799230764719976,0,0,0.5538605001807914,0,0.0,0.2671110683614375,8897.0,1.1192295397615448,0.731537723856927,29.279478876206927,,,V3
,266.9100000000101,2076-05-14,2076-06-29,9284.54125000001,0.009077109853486372,1013567.6000000001,,,,,,,,,,0.34301597212520596,0.005842855659474363,0.007156242278604298,0,0,0,0.0,0.0,0.0,0.3583197303086618,,1.2093290897917337,,,,,,20508.83000000002,1022852.1412500001,,0.656984027874794,0,0,0.4672183503059179,0,0.0,0.26711164603130566,8897.0,1.1919725948958293,0.7751835569374976,29.328801813620714,,,V3
,-1067.6400000000087,2076-05-14,2076-06-30,10085.271250000107,0.009859950273629157,1012766.87,,,,,,,,,,0.25848380934690485,0.005919270650909173,0.007156242278604298,0,0,0,0.0,0.0,0.0,0.06170544343607471,,0.20825587159675216,,,,,,19441.19000000001,1022852.1412500001,BUY series_1 size=581.0000,0.7415161906530952,0,0,0.2773773009868284,0,0.0,0.26653219807634504,8897.0,1.1758049897219043,0.7654829938331424,29.328801813620714,,,V3
,-4549.440000000004,2076-05-14,2076-07-01,14373.611250000075,0.014052481947619986,1008478.53,BUY series_1 fill_size=581.0000 fill_px=30.3800,,,,,,,,,0.24610166263194977,0.00576885943506663,0.007156242278604298,0,0,0,0.0,0.0,0.0,0.030484976651076898,,-0.10288679619738453,,,,,,14891.750000000005,1022852.1412500001,,0.7538983373680502,0,0,0.0,0,0.0,0.28091566808070767,9478.0,1.1446925511454573,0.7468155306872744,29.22090564541786,,,V3
,663.4600000000027,2076-05-14,2076-07-02,13245.547250000061,0.012949620688883766,1009606.594,,,,,,,,,,0.2668802047755351,0.005646482446220073,0.007156242278604298,0,0,0,0.0,0.0,0.0,0.08265842764117359,,-0.2789721932889609,,,,,,15555.210000000008,1022852.1412500001,,0.7331197952244649,0,0,0.022976435621640118,0,0.0,0.281728330312391,9478.0,1.159631403043598,0.7557788418261586,29.22090564541786,,,V3
,-2748.6199999999917,2076-05-14,2076-07-03,16373.287250000052,0.016007482010049565,1006478.854,,,,,,,,,,0.3533535835367789,0.00582653416368131,0.007156242278604298,0,0,0,0.0,0.0,0.0,0.38847812112238755,,1.311113658788058,,,,,,12806.590000000017,1022852.1412500001,SELL series_1 size=957.0000,0.6466464164632211,0,0,0.0,0,0.0,0.27949622476618863,9478.0,1.1256964134120495,0.7354178480472298,29.22090564541786,,,V3
,1022.5200000000085,2076-05-14,2076-07-04,15691.607250000117,0.015341031823840957,1007160.534,SELL series_1 fill_size=957.0000 fill_px=29.6800,,,,,,,,,0.376758710122967,0.0058779535270368985,0.007156242278604298,0,0,0,0.0,0.0,0.0,0.5116486395478456,,1.7268141584739787,,,,,,13829.110000000024,1022852.1412500001,,0.623241289877033,0,0,0.015954576685158667,0,0.0,0.2517820659561309,8521.0,1.1143947875059355,0.7286368725035612,29.22090564541786,,,V3
,5197.809999999995,2076-05-14,2076-07-05,14413.457250000094,0.014091437724699677,1008438.684,,,,,,,,,,0.38378608192569796,0.005829286435437432,0.007156242278604298,0,0,0,0.0,0.0,0.0,0.5463258095338059,,1.843849607176595,,,,,,19026.92000000002,1022852.1412500001,,0.616213918074302,0,0,0.029943652781172066,0,0.0,0.25273039803379854,8521.0,1.0942570522967308,0.7165542313780384,29.22090564541786,,,V3
,-1959.8300000000036,2076-05-14,2076-07-06,12112.787250000052,0.011842168346245373,1010739.354,,,,,,,,,,0.3851067090699938,0.005706799352530193,0.007156242278604298,0,0,0,0.0,0.0,0.0,0.5474699209847355,,1.8477109833234824,,,,,,17067.09000000002,1022852.1412500001,,0.6148932909300062,0,0,0.4417515042574542,0,0.0,0.25443135164597536,8521.0,1.0785203424779204,0.7071122054867522,29.22090564541786,,,V3
,4601.339999999993,2076-05-14,2076-07-07,7511.447250000085,0.007343629589336878,1015340.694,,,,,,,,,,0.3575494090137,0.005727120323883457,0.007156242278604298,0,0,0,0.0,0.0,0.0,0.4256568362400186,,1.4365918223100627,,,,,,21668.43000000001,1022852.1412500001,,0.6424505909863,0,0,1.0,0,0.0,0.2578101336298848,8521.0,1.1075361372326906,0.7645216823396144,29.601672631282156,,,V3
,1278.150000000018,2076-05-14,2076-07-08,6318.507250000024,0.0061773417634716455,1016533.6340000001,,,,,,,,,,0.3107396059778986,0.005719356389958996,0.007156242278604298,0,0,0,0.0,0.0,0.0,0.22898062759505325,,0.7728096181333047,,,,,,22946.58000000003,1022852.1412500001,BUY series_1 size=675.0000,0.6892603940221014,0,0,0.918111437268065,0,0.0,0.25868112102230745,8521.0,1.1698414569368243,0.7937160178889011,29.76441030047629,,,V3
,1011.5599999999947,2076-05-14,2076-07-09,5405.6572500000475,0.00528488628218927,1017446.484,BUY series_1 fill_size=675.0000 fill_px=30.8700,,,,,,,,,0.3510891902580884,0.00586397584244292,0.007156242278604298,0,0,0,0.0,0.0,0.0,0.4218368644736627,,1.4236994175986115,,,,,,23958.140000000025,1022852.1412500001,,0.6489108097419116,0,0,0.8360250313275779,0,0.0,0.27982617707881335,9196.0,1.2304072091872253,0.8218468286450931,29.8840952790137,,,V3
,2574.8800000000106,2076-05-14,2076-07-10,2649.557250000071,0.002590361933213649,1020202.584,,,,,,,,,,0.37382137328645204,0.005875439359723029,0.007156242278604298,0,0,0,0.0,0.0,0.0,0.5775450449919984,,1.9492145268479946,,,,,,26533.020000000037,1022852.1412500001,SELL series_1 size=891.0000,0.626178626713548,0,0,0.9039468058441846,0,0.0,0.2817743892324821,9196.0,1.2685975550186308,0.851553213595597,30.159517044798434,,,V3
,-6062.650000000003,2076-05-14,2076-07-11,7383.407249999931,0.00721845020627993,1015468.7340000002,SELL series_1 fill_size=891.0000 fill_px=31.2600,,,,,,,,,0.4190410449278953,0.006637144331737861,0.007156242278604298,0,0,0,0.0,0.0,0.0,0.8336171147924353,,2.813457762424469,,,,,,20470.37000000003,1022852.1412500001,SELL series_1 size=8305.0000 | SELL series_9 size=3518.0000,0.5809589550721047,0,0,0.1920515967142709,0,0.0,0.2509978313128447,8305.0,1.1157003025326135,0.729420181519568,30.159517044798434,,,V3
CLOSE series_1 pnl_net=10279.46,2308.6875,2076-05-14,2076-07-12,7063.144749999978,0.0069053428791460494,1015788.9965000001,SELL series_1 fill_size=8305.0000 fill_px=30.5300 | SELL series_9 fill_size=3518.0000 fill_px=113.4062,,,,,,,,,0.4119481584264345,0.006722281566495317,0.007156242278604298,0,0,0,0.0,-0.3911384415158901,-3518.0,0.7257588850352631,114.92464534883213,1.9994362369940128,,,,,,22779.05750000003,1022852.1412500001,,0.5880518415735655,0,0,0.23265468319883914,0,0.0,0.0,0.0,1.1092131097551206,0.6887933341729563,,,,V3
,-219.875,2076-05-14,2076-07-13,7154.914749999996,0.0069950625916040685,1015697.2265000001,,,,,,,,,,0.40842880059112785,0.006803051692858785,0.007156242278604298,0,0,0,0.0,-0.3907408277244124,-3518.0,0.6194997586086042,114.92464534883213,1.640811685304039,,,,,,22559.18250000003,1022852.1412500001,,0.5915711994088722,0,0,0.0,0,0.0,0.0,0.0,1.0201391864575942,0.6120835118745566,,,,V3
,-2088.8125,2076-05-14,2076-07-14,8474.164749999996,0.008284838451473492,1014377.9765000001,,,,,,,,,,0.41636984457503334,0.006730046855444167,0.007156242278604298,0,0,0,0.0,-0.3925495566987006,-3518.0,0.6625432985875168,114.92464534883213,1.7860836327328693,,,,,,20470.37000000003,1022852.1412500001,,0.5836301554249667,0,0,0.011170097208285506,0,0.0,0.0,0.0,0.9944126376780966,0.5977645923276864,,,,V3
,0.0,2076-05-14,2076-07-15,8474.164749999996,0.008284838451473492,1014377.9765000001,,,,,,,,,,0.4122631784855887,0.006801510338318295,0.007156242278604298,0,0,0,0.0,-0.3925495566987006,-3518.0,0.6056672830023317,114.92464534883213,1.5941270801328697,,,,,,20470.37000000003,1022852.1412500001,,0.5877368215144113,0,0,0.0,0,0.0,0.0,0.0,0.9545852837634279,0.5727511702580568,,,,V3
,989.4375,2076-05-14,2076-07-16,8364.227249999996,0.008177357129817707,1014487.9140000001,,,,,,,,,,0.4067473548820957,0.0066133253598069834,0.007156242278604298,0,0,0,0.0,-0.3923986496107237,-3518.0,0.5497858135673651,114.92464534883213,1.4055271207898572,,,,,,21459.80750000003,1022852.1412500001,,0.5932526451179043,0,0,0.0,0,0.0,0.0,0.0,0.9229061168302392,0.5537436700981435,,,,V3
,-1539.125,2076-05-14,2076-07-17,9353.664749999996,0.009144689024719774,1013498.4765000001,,,,,,,,,,0.41216725349387784,0.0065192653416409705,0.007156242278604298,0,0,0,0.0,-0.3937579919983234,-3518.0,0.5748790325389123,114.92464534883213,1.4902167348188289,,,,,,19920.68250000003,1022852.1412500001,,0.5878327465061222,0,0,0.06960426752000169,0,0.0,0.0,0.0,0.8954541695937239,0.5442329285082346,,,,V3
,1099.375,2076-05-14,2076-07-18,8913.914749999996,0.008714763738096633,1013938.2265000001,,,,,,,,,,0.3914754340310842,0.006395164515641742,0.007156242278604298,0,0,0,0.0,-0.393153512296343,-3518.0,0.4988614218019419,114.92464534883213,1.2336572985815537,,,,,,21020.05750000003,1022852.1412500001,BUY series_1 size=6776.0000,0.6085245659689158,0,0,0.554120795086241,0,0.0,0.0,0.0,0.9052598706650541,0.5985680019076566,29.332989909599398,,,V3
,3349.289999999994,2076-05-14,2076-07-19,5564.624750000075,0.005440302195779438,1017287.5165,BUY series_1 fill_size=6776.0000 fill_px=30.5500,,,,,,,,,0.3320963985327494,0.006679410484759796,0.007156242278604298,1,0,0,0.0,-0.3888331652401634,-3518.0,0.24434926386875447,,0.3746787655570464,,,,,,24369.347500000025,1022852.1412500001,BUY series_1 size=866.0000 | BUY series_9 size=3518.0000,0.6679036014672506,0,0,0.3534297434573517,0,0.0,0.20375541490290172,6776.0,0.9221041309493883,0.613262478569633,29.357776344628007,,,V3
CLOSE series_9 pnl_net=3627.94,917.0400000000076,2076-05-14,2076-07-20,4563.22974999994,0.004461279950417213,1018288.9115000002,BUY series_1 fill_size=866.0000 fill_px=30.5900 | BUY series_9 fill_size=3518.0000 fill_px=112.3750,,,,,,,,,0.31188663063291966,0.006678200253615063,0.007156242278604298,0,0,0,0.0,0.0,0.0,0.1825667903394034,,0.6161629173954865,,,,,,25286.387500000033,1022852.1412500001,,0.6881133693670803,0,0,0.4951274287335191,0,0.0,0.2304707606550422,7642.0,0.9351146749727108,0.6210688049836264,29.49150660572601,,,V3
,-1910.5,2076-05-14,2076-07-21,6485.259749999968,0.006340368747798197,1016366.8815000001,,,,,,,,,,0.34771023525509426,0.006666426035445477,0.007156242278604298,0,0,0,0.0,0.0,0.0,0.302709778543556,,1.0216455025845015,,,,,,23375.887500000033,1022852.1412500001,,0.6522897647449057,0,0,0.10462376468710802,0,0.0,0.22910205383350044,7642.0,0.9265050226670805,0.6159030136002484,29.49150660572601,,,V3
,0.0,2076-05-14,2076-07-22,6638.099749999936,0.006489794059469527,1016214.0415000002,,,,,,,,,,0.3106337621859758,0.006722968750896674,0.007156242278604298,0,0,0,0.0,0.0,0.0,0.17722945467467707,,0.5981494095270351,,,,,,23375.887500000033,1022852.1412500001,BUY series_1 size=541.0000,0.6893662378140242,0,0,0.11580498627051958,0,0.0,0.22898610971417083,7642.0,0.925668991031563,0.6154013946189378,29.49150660572601,,,V3
,572.8100000000023,2076-05-14,2076-07-23,5743.379749999964,0.0056150635251944955,1017108.7615000001,BUY series_1 fill_size=541.0000 fill_px=30.4600,,,,,,,,,0.2934553749845835,0.006621945061197349,0.007156242278604298,0,0,0,0.0,0.0,0.0,0.13215581340762583,,0.4460258702507372,,,,,,23948.697500000035,1022852.1412500001,BUY series_1 size=528.0000,0.7065446250154165,0,0,0.24753657523418177,0,0.0,0.24586601695496255,8183.0,0.941862411152949,0.6251174466917695,29.43678936325803,,,V3
,1916.41999999999,2076-05-14,2076-07-24,3900.39374999993,0.003813252759321952,1018951.7475000002,BUY series_1 fill_size=528.0000 fill_px=30.5300,,,,,,,,,0.27422185014933853,0.006508509147083156,0.007156242278604298,0,0,0,0.0,0.0,0.0,0.08544453676052555,,0.2883753115667737,,,,,,25865.117500000026,1022852.1412500001,,0.7257781498506615,0,0,0.5332858935862258,0,0.0,0.26305217166331024,8711.0,0.9486652737431418,0.6291991642458852,29.64987583731103,,,V3
,2177.75,2076-05-14,2076-07-25,1990.3097499998985,0.0019458430693292527,1020861.8315000002,,,,,,,,,,0.26403470355042036,0.006417546314932788,0.007156242278604298,0,0,0,0.0,0.0,0.0,0.06533826117002557,,-0.22051663144883632,,,,,,28042.867500000026,1022852.1412500001,,0.7359652964495796,0,0,0.7199689140522343,0,0.0,0.2644372447575438,8711.0,0.9749723420725123,0.6569802966487308,29.881313277503097,,,V3
,2177.75,2076-07-26,2076-07-26,0.0,0.0,1023039.5815000002,,,,,,,,,,0.23521254274511594,0.006264429631645896,0.007156242278604298,0,0,0,0.0,0.0,0.0,0.005735916114022063,,0.019358716884824462,,,,,,30220.617500000026,1023039.5815000002,BUY series_1 size=894.0000,0.7647874572548841,0,0,0.8914429142280015,0,0.0,0.26600304125183055,8711.0,1.0210383604785567,0.7017673077099341,30.149076614824303,,,V3
,-1440.7499999999864,2076-07-26,2076-07-27,1353.640000000014,0.0013231550611319271,1021685.9415000002,BUY series_1 fill_size=894.0000 fill_px=31.2500,,,,,,,,,0.2753885175248896,0.006377106695465476,0.007156242278604298,0,0,0,0.0,0.0,0.0,0.0955325185765278,,0.3224222501957813,,,,,,28779.86750000004,1023039.5815000002,SELL series_1 size=566.0000,0.7246114824751104,0,0,0.3937497191423504,0,0.0,0.29237507130756574,9605.0,1.036355636063572,0.6818133816381431,30.159856856622568,,,V3
,2078.9699999999716,2076-07-28,2076-07-28,0.0,0.0,1023309.3855000001,SELL series_1 fill_size=566.0000 fill_px=31.1000,,,,,,,,,0.3760904111888522,0.006666642680929807,0.007156242278604298,0,0,0,0.0,0.0,0.0,0.4926049516752167,,-1.6625417119038564,,,,,,30858.837500000012,1023309.3855000001,SELL series_1 size=1157.0000,0.6239095888111478,0,0,0.6227154343801017,0,0.0,0.2762995473376316,9039.0,1.074663562122875,0.7070696807117351,30.209152795435244,,,V3
,4965.66000000002,2076-07-29,2076-07-29,0.0,0.0,1028726.9955000002,SELL series_1 fill_size=1157.0000 fill_px=31.3300,,,,,,,,,0.39678888572270987,0.006581757643786887,0.007156242278604298,0,0,0,0.0,0.0,0.0,0.6792339207117294,,-2.2924144824020867,,,,,,35824.497500000034,1028726.9955000002,SELL series_1 size=622.0000 | BUY series_9 size=2788.0000,0.6032111142772901,0,0,1.0,0,0.0,0.2448742194011958,7882.0,1.111169280462698,0.7667015682776188,30.838499024332727,,,V3
,-2221.5500000000134,2076-07-29,2076-07-30,1518.6650000000373,0.0014762565837614756,1027208.3305000002,SELL series_1 fill_size=622.0000 fill_px=31.9600 | BUY series_9 fill_size=2788.0000 fill_px=111.8125,,,,,,,,,0.3963765266071264,0.006599510617502938,0.007156242278604298,0,0,0,0.0,0.3040698909129417,2788.0,0.6639985559319658,110.33379715226575,-1.7909951262703847,,,,,,33602.947500000024,1028726.9955000002,,0.6036234733928736,0,0,0.6695975823096885,0,0.0,0.22383404921188962,7260.0,1.1434976398811756,0.7530583421596743,30.838499024332727,,,V3
,1364.8749999999948,2076-07-29,2076-07-31,1321.2399999999907,0.0012843446373814835,1027405.7555000002,,,,,,,,,,0.40155732659006727,0.006423182173392546,0.007156242278604298,0,0,0,0.0,0.30324825253521753,2788.0,0.7433405664923725,110.33379715226575,-2.0587744119117573,,,,,,34967.82250000002,1028726.9955000002,,0.5984426734099327,0,0,0.7743542149561402,0,0.0,0.2247803253619207,7260.0,1.1950460927792892,0.7944630771631875,30.838499024332727,,,V3
,3296.000000000031,2076-08-01,2076-08-01,0.0,0.0,1031326.1305000002,,,,,,,,,,0.3934698016723257,0.006492796993172636,0.007147179660951022,0,0,0,0.0,0.30167312336900004,2788.0,0.7258408023560867,110.33379715226575,-1.999712707951793,,,,,,38263.822500000046,1031326.1305000002,,0.6065301983276743,0,0,1.0,0,0.0,0.22814955719770733,7260.0,1.2519090136160247,0.8511454081696148,31.27939590249963,,,V3
,3470.2499999999795,2076-08-02,2076-08-02,0.0,0.0,1035304.6055000002,,,,,,,,,,0.380414193540061,0.006270810620529277,0.007147179660951022,0,0,0,0.0,0.30042969803054737,2788.0,0.6596679239304595,110.33379715226575,-1.7763792432653007,,,,,,41734.072500000024,1035304.6055000002,,0.619585806459939,0,0,1.0,0,0.0,0.2311997828739495,7260.0,1.333240922295539,0.8999445533773235,31.813010480892515,,,V3
,-4849.699999999982,2076-08-02,2076-08-03,4428.649999999907,0.004277629961726183,1030875.9555000003,,,,,,,,,,0.3885223664501356,0.0064010497772625154,0.0071146774259347985,0,0,0,0.0,0.3008751909918806,2788.0,0.7132445537647455,110.33379715226575,-1.957200368956016,,,,,,36884.37250000004,1035304.6055000002,SELL series_1 size=555.0000,0.6114776335498644,0,0,0.6991065308100806,0,0.0,0.22874216702981381,7260.0,1.3592711983357186,0.8854733720824393,31.813010480892515,,,V3
,3325.599999999992,2076-08-02,2076-08-04,2384.2249999999767,0.0023029212729605464,1032920.3805000002,SELL series_1 fill_size=555.0000 fill_px=32.3100,,,,,,,,,0.37384038964214317,0.006139300422832068,0.007111803205371312,0,0,0,0.0,0.3005327233931947,2788.0,0.6072053611686208,110.33379715226575,-1.5993180939440952,,,,,,40209.97250000003,1035304.6055000002,,0.6261596103578568,0,0,0.788564271252243,0,0.0,0.2126551127722665,6705.0,1.3603784230844445,0.8950834809758911,31.813010480892515,,,V3
,-2782.3750000000095,2076-08-02,2076-08-05,5472.539999999921,0.005285922588315888,1029832.0655000003,,,,,,,,,,0.3753201397854511,0.005889469531140258,0.007111739215156167,0,0,0,0.0,0.30101097099699886,2788.0,0.611338855658386,110.33379715226575,-1.6132686378470529,,,,,,37427.597500000025,1035304.6055000002,,0.6246798602145489,0,0,0.20571950356623006,0,0.0,0.21075363379234371,6705.0,1.3758655137681577,0.8855193082608945,31.813010480892515,,,V3
,1287.200000000004,2076-08-02,2076-08-06,3870.164999999921,0.003738189687788383,1031434.4405000003,,,,,,,,,,0.3621253007327194,0.005765064462096553,0.007111739215156167,1,0,0,0.0,0.30079674753695596,2788.0,0.5341341540956602,,-1.3527027700728536,,,,,,38714.79750000003,1035304.6055000002,SELL series_9 size=2788.0000,0.6378746992672806,0,0,0.41534014764039556,0,0.0,0.21172635062887446,6705.0,1.411144690270536,0.9066868141623217,31.813010480892515,,,V3
CLOSE series_9 pnl_net=-1394.00,-134.10000000002097,2076-08-02,2076-08-07,4788.790000000037,0.004625488937806175,1030515.8155000001,SELL series_9 fill_size=2788.0000 fill_px=111.3125,,,,,,,,,0.3479633005392966,0.005666883702783076,0.007111739215156167,0,0,0,0.0,0.0,0.0,0.4586877976583837,,-1.548071317097045,,,,,,38580.69750000001,1035304.6055000002,,0.6520366994607034,0,0,0.05781434355938075,0,0.0,0.2109391207106612,6705.0,1.4503556684850174,0.9302134010910104,31.813010480892515,,,V3
,-2883.1499999999983,2076-08-02,2076-08-08,7103.339999999967,0.006861111176617833,1028201.2655000002,,,,,,,,,,0.3755734372588606,0.005798974505497644,0.007111739215156167,0,0,0,0.0,0.0,0.0,0.6135956182985683,,-2.070885211757668,,,,,,35697.54750000001,1035304.6055000002,SELL series_1 size=483.0000,0.6244265627411394,0,0,0.0,0,0.0,0.20919678589911242,6705.0,1.3768845152254852,0.886130709135291,31.813010480892515,,,V3
,2115.4800000000214,2076-08-02,2076-08-09,4719.660000000033,0.004558716318779123,1030584.9455000001,SELL series_1 fill_size=483.0000 fill_px=32.1200,,,,,,,,,0.3561623024745486,0.005638086759961839,0.007101717645790667,0,0,0,0.0,0.0,0.0,0.4781108372259428,,-1.6136240756375568,,,,,,37813.027500000026,1035304.6055000002,,0.6438376975254514,0,0,0.27733763871800676,0,0.0,0.19597231735421267,6222.0,1.3561905790952702,0.873714347457162,31.813010480892515,,,V3
,1431.0599999999806,2076-08-02,2076-08-10,2736.347999999998,0.0026430366343038526,1032568.2575000002,,,,,,,,,,0.35401803815957567,0.005483833827263418,0.007101717645790667,0,0,0,0.0,0.0,0.0,0.4751272853265442,,-1.6035545879770865,,,,,,39244.08750000001,1035304.6055000002,,0.6459819618404243,0,0,0.5003833871842677,0,0.0,0.19752414285309364,6222.0,1.386571214243074,0.8919427285458443,31.813010480892515,,,V3
,-248.8799999999947,2076-08-02,2076-08-11,3545.207999999984,0.0034243139469932395,1031759.3975000002,,,,,,,,,,0.34419705784055976,0.0053533702503967655,0.007101717645790667,0,0,0,0.0,0.0,0.0,0.42005488545889874,,-1.4176852384237832,,,,,,38995.20750000001,1035304.6055000002,,0.6558029421594402,0,0,0.23439660639198598,0,0.0,0.1968950324002258,6222.0,1.3911758041404212,0.8947054824842529,31.813010480892515,,,V3
,1679.9400000000194,2076-08-02,2076-08-12,1554.1680000000633,0.0015011697926809455,1033750.4375000001,,,,,,,,,,0.3496368676226853,0.005406019797881911,0.007101717645790667,0,0,0,0.0,0.0,0.0,0.4512179182312713,,-1.5228604740305407,,,,,,40675.14750000003,1035304.6055000002,,0.6503631323773147,0,0,0.6416979757106299,0,0.0,0.1984418410463792,6222.0,1.385658544314269,0.8955649241596244,31.813010480892515,,,V3
,-808.8600000000159,2076-08-02,2076-08-13,2736.347999999998,0.0026430366343038526,1032568.2575000002,,,,,,,,,,0.31946684832651373,0.005428121180520244,0.007099338518680166,0,0,0,0.0,0.0,0.0,0.30024708801578803,,-1.0133339220532847,,,,,,39866.28750000001,1035304.6055000002,BUY series_1 size=528.0000,0.6805331516734863,0,0,0.13590398904053197,0,0.0,0.19752414285309364,6222.0,1.410616061709078,0.9063696370254468,31.813010480892515,,,V3
,-6209.999999999987,2076-08-02,2076-08-14,8884.128000000026,0.008581173070035208,1026420.4775000002,BUY series_1 fill_size=528.0000 fill_px=32.7900,,,,,,,,,0.2622197576074301,0.005558644768443573,0.007099338518680166,0,0,0,0.0,0.0,0.0,0.0782540498789868,,-0.26410741834158047,,,,,,33656.28750000003,1035304.6055000002,,0.7377802423925699,0,0,0.0,0,0.0,0.20958515999599195,6750.0,1.299097994403439,0.8394587966420635,31.47393116790963,,,V3
,-1485.0000000000164,2076-08-02,2076-08-15,14286.23999999999,0.013799069302024842,1021018.3655000002,,,,,,,,,,0.2702880825819879,0.005466078544507379,0.007099338518680166,0,0,0,0.0,0.0,0.0,0.09194121384401725,,0.3103015967235582,,,,,,32171.287500000013,1035304.6055000002,SELL series_1 size=6750.0000,0.7297119174180121,1,0,0.0,0,0.0,0.20540521805138867,6750.0,1.1613785733987285,0.7568271440392371,,,,V3
CLOSE series_1 pnl_net=9466.98,0.0,2076-08-02,2076-08-16,10371.23999999999,0.010017573518849751,1024933.3655000002,SELL series_1 fill_size=6750.0000 fill_px=31.6500,,,,,,,,,0.2738149626254974,0.00550233607688849,0.0070652960122344535,0,0,0,0.0,0.0,0.0,0.08916084907057974,,0.3009178656132066,,,,,,32171.287500000013,1035304.6055000002,,0.7261850373745026,0,0,0.105,0,0.0,0.0,0.0,1.088979236407141,0.6638875418442846,,,,V3
,0.0,2076-08-02,2076-08-17,11937.23999999999,0.011530171832119787,1023367.3655000002,,,,,,,,,,0.2670269576743065,0.005413060230781843,0.0070652960122344535,0,0,0,0.0,0.0,0.0,0.08217551686912594,,0.27734236943330004,,,,,,32171.287500000013,1035304.6055000002,,0.7329730423256935,0,0,0.9891641004727132,0,0.0,0.0,0.0,1.0815281745828276,0.7478333147969679,,,,V3
,0.0,2076-08-02,2076-08-18,11937.23999999999,0.011530171832119787,1023367.3655000002,,,,,,,,,,0.3109112175035742,0.005418454829259959,0.0070652960122344535,0,0,0,0.0,0.0,0.0,0.20939420167337994,,0.7067054306476572,,,,,,32171.287500000013,1035304.6055000002,BUY series_1 size=6203.0000,0.6890887824964258,0,0,0.5943049507217522,0,0.0,0.0,0.0,1.1072491433515426,0.7237799810831008,31.27887489813273,,,V3
,-2171.050000000009,2076-08-02,2076-08-19,14170.319999999949,0.0136871022544678,1021134.2855000002,BUY series_1 fill_size=6203.0000 fill_px=32.7900,,,,,,,,,0.3547557807763453,0.005299883494258014,0.0070652960122344535,0,0,0,0.0,0.0,0.0,0.3885563467290985,,1.3113776702107076,,,,,,30000.237500000003,1035304.6055000002,,0.6452442192236547,0,0,0.01882022811863665,0,0.0,0.19699983915582664,6203.0,1.1044768754513465,0.7226861252708079,31.374669548266105,,,V3
,5086.460000000002,2076-08-02,2076-08-20,9195.513999999966,0.008881940591347988,1026109.0915000002,,,,,,,,,,0.32332717234861186,0.005251282939534778,0.007056795477777187,0,0,0,0.0,0.0,0.0,0.2661623537708379,,0.898297943976578,,,,,,35086.6975,1035304.6055000002,SELL series_1 size=6203.0000,0.6766728276513881,0,0,0.9705958274877822,0,0.0,0.2010622278947033,6203.0,1.1016962376340311,0.7580773253291969,31.778621723389954,,,V3
CLOSE series_1 pnl_net=2915.41,0.0,2076-08-02,2076-08-21,9195.513999999966,0.008881940591347988,1026109.0915000002,SELL series_1 fill_size=6203.0000 fill_px=33.2600,,,,,,,,,0.23345631921902255,0.005317459359019639,0.007044945409998876,0,0,0,0.0,0.0,0.0,0.0021084032060140275,,-0.007115860820297342,,,,,,35086.6975,1035304.6055000002,BUY series_1 size=6976.0000,0.7665436807809775,0,0,0.16382703495221226,0,0.0,0.0,0.0,1.1065901730925625,0.6803368073507586,31.288720171719245,,,V3
,4115.840000000024,2076-08-02,2076-08-22,4312.313999999897,0.004165261100057857,1030992.2915000003,BUY series_1 fill_size=6976.0000 fill_px=32.7500,,,,,,,,,0.2680847916752439,0.005347125091684283,0.006971665195694185,0,0,0,0.0,0.0,0.0,0.08821443055255505,,-0.2977237031148733,,,,,,39202.53750000003,1035304.6055000002,SELL series_1 size=6976.0000,0.7319152083247561,0,0,1.0,0,0.0,0.22633263306023463,6976.0,1.127326309067253,0.7763957854403518,31.963097302310732,,,V3
CLOSE series_1 pnl_net=4115.84,0.0,2076-08-02,2076-08-23,5079.673999999999,0.004906453591546394,1030224.9315000002,SELL series_1 fill_size=6976.0000 fill_px=33.3400,,,,,,,,,0.36222815746686843,0.00552693173448062,0.006963966829327144,0,0,0,0.0,0.0,0.0,0.4547017778712387,,1.5346185003154307,,,,,,39202.53750000003,1035304.6055000002,,0.6377718425331316,0,0,0.7933012684778171,0,0.0,0.0,0.0,1.152582591378715,0.7708796816750109,,,,V3
,0.0,2076-08-02,2076-08-24,5386.618000000017,0.005202930588141787,1029917.9875000002,,,,,,,,,,0.3495943394046903,0.005553166882568134,0.006962807597685282,0,0,0,0.0,0.0,0.0,0.40489475736254094,,1.3665198060985757,,,,,,39202.53750000003,1035304.6055000002,BUY series_1 size=5925.0000,0.6504056605953097,0,0,0.7751017331008744,0,0.0,0.0,0.0,1.210920459177955,0.8040624488168605,32.323742061686296,,,V3
,-1184.9999999999748,2076-08-02,2076-08-25,6630.868000000017,0.006404750799691112,1028673.7375000002,BUY series_1 fill_size=5925.0000 fill_px=33.8000,,,,,,,,,0.3422435341281461,0.0053962723450020796,0.006923466428482228,0,0,0,0.0,0.0,0.0,0.37222398479247715,,1.2562559486746105,,,,,,38017.53750000005,1035304.6055000002,,0.6577564658718539,0,0,0.3443773429605726,0,0.0,0.19347315163667236,5925.0,1.2559036990613401,0.813542219436804,32.35990334299441,,,V3
,59.24999999998821,2076-08-02,2076-08-26,6417.568000000087,0.006198724477711295,1028887.0375000001,,,,,,,,,,0.2996756200084181,0.005564292869841592,0.006889627134565372,0,0,0,0.0,0.0,0.0,0.19584753721192424,,0.6609854380902442,,,,,,38076.787500000035,1035304.6055000002,BUY series_1 size=705.0000,0.7003243799915819,0,0,0.267035545217392,0,0.0,0.1936633884358758,5925.0,1.2711111263602044,0.8226666758161227,32.35990334299441,,,V3
,-1723.7999999999868,2076-08-02,2076-08-27,9453.268000000156,0.009130905001079081,1025851.3375,BUY series_1 fill_size=705.0000 fill_px=33.6100,,,,,,,,,0.34716728083886483,0.006086087272185298,0.0068874112677863916,0,0,0,0.0,0.0,0.0,0.3954543009970282,,1.3346582658649704,,,,,,36352.98750000005,1035304.6055000002,,0.6528327191611352,0,0,0.0,0,0.0,0.21437521399147175,6630.0,1.2504668823004548,0.8102801293802728,32.178181964112525,,,V3
,-2254.2000000000226,2076-08-02,2076-08-28,10320.808000000194,0.009968861285047372,1024983.7975,,,,,,,,,,0.35126452270653263,0.005925807260767435,0.006874224103764092,0,0,0,0.0,0.0,0.0,0.40848006163243317,,1.378620208009462,,,,,,34098.78750000002,1035304.6055000002,,0.6487354772934674,0,0,0.0,0,0.0,0.2137157685168189,6630.0,1.223413813928806,0.7940482883572837,32.178181964112525,,,V3
,397.8000000000151,2076-08-02,2076-08-29,10320.808000000194,0.009968861285047372,1024983.7975,,,,,,,,,,0.3340271745176503,0.005846428389911317,0.006841218889086032,0,0,0,0.0,0.0,0.0,0.3220248766392771,,1.0868339586575602,,,,,,34496.58750000004,1035304.6055000002,,0.6659728254823497,0,0,0.0,0,0.0,0.2137157685168189,6630.0,1.2112390076597288,0.7867434045958372,32.178181964112525,,,V3
,1524.8999999999792,2076-08-02,2076-08-30,8530.7080000001,0.008239804937292051,1026773.8975000001,,,,,,,,,,0.23368420755889097,0.005874198582603019,0.006841218889086032,0,0,0,0.0,0.0,0.0,0.002978040232862755,,0.010050885785911798,,,,,,36021.48750000002,1035304.6055000002,BUY series_1 size=1072.0000,0.766315792441109,0,0,0.05201144232556846,0,0.0,0.2150865935896077,6630.0,1.2219386053628152,0.7931631632176892,32.178181964112525,,,V3
,3542.9200000000064,2076-08-02,2076-08-31,5362.16800000018,0.005179314350109088,1029942.4375,BUY series_1 fill_size=1072.0000 fill_px=33.3000,,,,,,,,,0.27659694340747376,0.005764045701232278,0.006832377974642175,0,0,0,0.0,0.0,0.0,0.11813347023698073,,0.39870046204980997,,,,,,39564.40750000002,1035304.6055000002,,0.7234030565925262,0,0,0.6285735385369755,0,0.0,0.25216112138305785,7702.0,1.256651714568552,0.8168483825948288,32.391772310418,,,V3
,5391.4000000000215,2076-08-02,2076-09-01,206.1160000001546,0.00019908730136538986,1035098.4895,,,,,,,,,,0.2744616426104475,0.0059057784750579535,0.006808828240967055,0,0,0,0.0,0.0,0.0,0.11937510112265289,,-0.4028909662889535,,,,,,44955.807500000046,1035304.6055000002,,0.7255383573895525,0,0,1.0,0,0.0,0.25589041302528154,7702.0,1.288949093881429,0.8733694563288573,33.033788573959576,,,V3
,154.03999999996935,2076-09-02,2076-09-02,0.0,0.0,1035868.6895000001,,,,,,,,,,0.33353051621764884,0.005714144666278997,0.0068028975574047365,0,0,0,0.0,0.0,0.0,0.36656377704170184,,-1.2371527475157438,,,,,,45109.84750000002,1035868.6895000001,SELL series_1 size=761.0000,0.6664694837823512,0,0,0.8801896859266793,0,0.0,0.25644368122394146,7702.0,1.3562247640093505,0.9017538269982783,33.15923224724818,,,V3
,832.9200000000316,2076-09-03,2076-09-03,0.0,0.0,1036624.5895,SELL series_1 fill_size=761.0000 fill_px=34.4800,,,,,,,,,0.36734540465766385,0.00576086083976376,0.006801070495172596,0,0,0,0.0,0.0,0.0,0.5755044213818563,,-1.942327422163765,,,,,,45942.76750000005,1036624.5895,,0.6326545953423361,0,0,0.801976099510461,0,0.0,0.231673647753076,6941.0,1.394456057066971,0.9168712441912288,33.26142994387331,,,V3
,347.0499999999803,2076-09-04,2076-09-04,0.0,0.0,1037523.8755,,,,,,,,,,0.3460414106984492,0.0056079264662628504,0.006791153029657916,0,0,0,0.0,0.0,0.0,0.4565295921268509,,-1.5407873734281219,,,,,,46289.817500000034,1037523.8755,,0.6539585893015508,0,0,0.6715911238079811,0,0.0,0.23234253754770579,6941.0,1.4700845697455824,0.9492098542281475,33.42847066216807,,,V3
,2359.9400000000237,2076-09-05,2076-09-05,0.0,0.0,1039328.5355,,,,,,,,,,0.3811492925733927,0.005655384558534048,0.0067367755068890745,0,0,0,0.0,0.0,0.0,0.7250390880819735,,-2.4470069222766604,,,,,,48649.75750000006,1039328.5355,BUY series_9 size=2925.0000,0.6188507074266073,0,0,0.8065667722307874,0,0.0,0.2336754757562413,6941.0,1.5384792679405825,0.9806566772230788,33.70572275772749,,,V3
,-304.52625000000194,2076-09-05,2076-09-06,443.3462499999441,0.00042656988128076284,1038885.18925,BUY series_9 fill_size=2925.0000 fill_px=110.4688,,,,,,,,,0.40512439420087976,0.005843817050844052,0.0067293390449894176,0,0,0,0.0,0.30953101538789696,2925.0,0.9512949029236237,109.18384072594566,-2.7606202973672302,,,,,,48345.231250000055,1039328.5355,,0.5948756057991202,0,0,0.7608213688293702,0,0.0,0.23484418925649822,6941.0,1.6235774412758248,0.9760821368829371,33.89745684646124,,,V3
,756.6675000000079,2076-09-07,2076-09-07,0.0,0.0,1040069.168,,,,,,,,,,0.3835246204373617,0.005702549146492476,0.006722900032456539,0,0,0,0.0,0.3096180798910097,2925.0,0.7395680908674902,109.18384072594566,-2.0460423066777795,,,,,,49101.898750000066,1040069.168,,0.6164753795626383,0,0,0.7296569555304515,0,0.0,0.23531094616584192,6941.0,1.6995231708368426,0.9729656955530451,34.05406707171401,,,V3
,-4238.90000000004,2076-09-07,2076-09-08,4447.129999999888,0.004275802164726691,1035622.0380000001,,,,,,,,,,0.39464033632191087,0.005706363769607905,0.0067212642845539995,0,0,0,0.0,0.3095354356972461,2925.0,0.829760044400448,109.18384072594566,-2.3504401498515124,,,,,,44862.99875000003,1040069.168,,0.6053596636780891,0,0,0.20468346145457508,0,0.0,0.23343944134954764,6941.0,1.7006150172512036,0.96,34.05406707171401,,,V3
,-267.3762499999625,2076-09-07,2076-09-09,5036.1387499999255,0.004842119067604094,1035033.02925,,,,,,,,,,0.3933166930244689,0.005744500462164801,0.0067088389208499076,0,0,0,0.0,0.3087401473859777,2925.0,0.8172294980060668,109.18384072594566,-2.3081495557704756,,,,,,44595.62250000006,1040069.168,,0.6066833069755311,0,0,0.18003195347682718,0,0.0,0.2339746492684209,6941.0,1.7015616053198217,0.96,34.05406707171401,,,V3
,5132.918749999971,2076-09-07,2076-09-10,155.44249999988824,0.00014945400246677465,1039913.7255000001,,,,,,,,,,0.3771213130675074,0.005822869745587359,0.006679289461645322,0,0,0,0.0,0.3073790146353828,2925.0,0.7052068843718947,109.18384072594566,-1.9300732347551446,,,,,,49728.54125000003,1040069.168,,0.6228786869324926,0,0,1.0,0,0.0,0.2374819890767948,6941.0,1.7021458988541096,1.0,34.34839116492554,,,V3
,1720.0962500000237,2076-09-11,2076-09-11,0.0,0.0,1041626.9792500001,,,,,,,,,,0.36950524611561897,0.005755832819224971,0.006677044496346538,0,0,0,0.0,0.30678568851018934,2925.0,0.6426122471384327,109.18384072594566,-1.7188163340922105,,,,,,51448.637500000055,1041626.9792500001,,0.630494753884381,0,0,0.975385793161408,0,0.0,0.238823921572306,6941.0,1.7025500135308076,0.9975385793161409,34.61636322457372,,,V3
,-5684.777500000014,2076-09-11,2076-09-12,5038.091250000056,0.004836751879859736,1036588.888,,,,,,,,,,0.37013278241425007,0.005597886196508092,0.006666621016381374,1,0,0,0.0,0.30783584740684583,2925.0,0.6230969155052741,,-1.6529520898303003,,,,,,45763.860000000044,1041626.9792500001,SELL series_9 size=2925.0000,0.6298672175857499,0,0,0.1341557212633086,0,0.0,0.2355653073525905,6941.0,1.7033260475325958,0.96,34.61636322457372,,,V3
CLOSE series_9 pnl_net=-4204.69,2845.810000000026,2076-09-11,2076-09-13,2583.3237499999814,0.002480085291051164,1039043.6555000001,SELL series_9 fill_size=2925.0000 fill_px=109.0312,,,,,,,,,0.3389556177306716,0.005501796843812662,0.006665344241680632,0,0,0,0.0,0.0,0.0,0.42033379621445627,,-1.41862656222379,,,,,,48609.67000000007,1041626.9792500001,,0.6610443822693284,0,0,0.4931622322273771,0,0.0,0.2375472471185307,6941.0,1.7038861142604345,0.96,34.61636322457372,,,V3
,832.9199999999822,2076-09-11,2076-09-14,1615.2987500000745,0.0015507458832941653,1040011.6805,,,,,,,,,,0.33278416328917637,0.0055398276239708956,0.006655536124391753,0,0,0,0.0,0.0,0.0,0.38620326782785774,,-1.3034360289190199,,,,,,49442.590000000055,1041626.9792500001,BUY series_1 size=463.0000,0.6672158367108236,0,0,0.38084070881711857,0,0.0,0.23832723674876075,6941.0,1.7043010205901867,0.96,34.61636322457372,,,V3
,0.0,2076-09-11,2076-09-15,874.8987500000512,0.0008399348014487895,1040752.0805,BUY series_1 fill_size=463.0000 fill_px=35.7100,,,,,,,,,0.3514262849330433,0.005770367322617322,0.006654137324462054,0,0,0,0.0,0.0,0.0,0.4948684538148944,,-1.6701810316252685,,,,,,49442.590000000055,1041626.9792500001,,0.6485737150669567,0,0,0.5501268743064723,0,0.0,0.25475542635727644,7404.0,1.704730461031912,0.96,34.55110084488364,,,V3
,444.24000000001683,2076-09-11,2076-09-16,1319.138750000042,0.0012664214505559927,1040307.8405,,,,,,,,,,0.3259337914453808,0.00566614674059552,0.006646354607004032,0,0,0,0.0,0.0,0.0,0.3502418363015767,,-1.1820661975178213,,,,,,49886.830000000075,1041626.9792500001,BUY series_1 size=438.0000,0.6740662085546192,0,0,0.2771228166643557,0,0.0,0.25443718647047914,7404.0,1.7051981851947642,0.96,34.55110084488364,,,V3
,3921.0,2076-09-17,2076-09-17,0.0,0.0,1044376.9205,BUY series_1 fill_size=438.0000 fill_px=35.7700,,,,,,,,,0.3413584102921825,0.005781528630801616,0.006636247891471045,0,0,0,0.0,0.0,0.0,0.4521821938659994,,-1.526114904297748,,,,,,53807.830000000075,1044376.9205,,0.6586415897078175,0,0,1.0,0,0.0,0.2723435710010024,7842.0,1.7053564255881764,1.0,35.03013287135376,,,V3
,-2901.5400000000354,2076-09-17,2076-09-18,2905.0439999999944,0.0027816049387697998,1041471.8765,,,,,,,,,,0.342253433348356,0.005579353469203465,0.0066276499243111825,0,0,0,0.0,0.0,0.0,0.4392912202153481,,-1.4826078682268,,,,,,50906.29000000004,1044376.9205,,0.657746566651644,0,0,0.2001145705053374,0,0.0,0.27031723693404985,7842.0,1.7057141732397954,0.96,35.03013287135376,,,V3
,3764.1600000000312,2076-09-19,2076-09-19,0.0,0.0,1045079.1965000001,,,,,,,,,,0.3763023498177054,0.00645847030985656,0.006622786399455808,0,0,0,0.0,0.0,0.0,0.6895452384916507,,-2.327215179909321,,,,,,54670.45000000007,1045079.1965000001,SELL series_1 size=786.0000 | BUY series_9 size=2853.0000,0.6236976501822946,0,0,0.8727875484772321,0,0.0,0.272835896987449,7842.0,1.7059043195536725,0.9872787548477232,35.086032934993796,,,V3
,-2770.436250000018,2076-09-19,2076-09-20,6791.407499999972,0.006498462052201009,1038287.7890000001,SELL series_1 fill_size=786.0000 fill_px=36.3800 | BUY series_9 fill_size=2853.0000 fill_px=106.5938,,,,,,,,,0.3894679094324478,0.007078555734172928,0.006622786399455808,0,0,0,0.0,0.2930693055179521,2853.0,0.7817711241792824,105.08380557995423,-2.188477544105078,,,,,,51900.01375000005,1045079.1965000001,SELL series_1 size=699.0000,0.6105320905675522,0,0,0.0,0,0.0,0.24036757693198676,7056.0,1.6871252389360096,0.96,35.086032934993796,,,V3
,-4082.4600000000073,2076-09-19,2076-09-21,6663.569249999942,0.006376138069073067,1038415.6272500001,SELL series_1 fill_size=699.0000 fill_px=36.0000,,,,,,,,,0.38243038953690456,0.006976716367187236,0.006622786399455808,0,0,0,0.0,0.29277565217805224,2853.0,0.7204654010017273,105.08380557995423,-1.9815707283808295,,,,,,47817.55375000004,1045079.1965000001,SELL series_1 size=450.0000,0.6175696104630954,0,0,0.00713459571816666,0,0.0,0.2168350842295165,6357.0,1.529000556157285,0.96,35.086032934993796,,,V3
,-4750.957499999997,2076-09-19,2076-09-22,11180.360999999917,0.010698099280363884,1033898.8355000002,SELL series_1 fill_size=450.0000 fill_px=35.4700,,,,,,,,,0.39649828199586223,0.007782299371899185,0.006622786399455808,0,0,0,0.0,0.29069161162625173,2853.0,0.8476497347694737,105.08380557995423,-2.410817854846974,,,,,,43066.596250000046,1045079.1965000001,,0.6035017180041378,0,0,0.0,0,0.0,0.20150897055536918,5907.0,1.5069932134148352,0.96,35.086032934993796,,,V3
,195.95250000001852,2076-09-19,2076-09-23,11590.723499999964,0.011090760909620655,1033488.4730000001,,,,,,,,,,0.3780469208907363,0.008274255933955161,0.006622786399455808,0,0,0,0.0,0.29270491558738454,2853.0,0.6422903187035319,105.08380557995423,-1.7177298256244202,,,,,,43262.54875000007,1045079.1965000001,SELL series_1 size=5907.0000,0.6219530791092637,1,0,0.0,0,0.0,0.1993027453921104,5907.0,1.4015241812868735,0.9009145087721242,,,,V3
CLOSE series_1 pnl_net=10136.98,-356.625,2076-09-19,2076-09-24,12066.590999999898,0.011546101999170258,1033012.6055000002,SELL series_1 fill_size=5907.0000 fill_px=34.8800,,,,,,,,,0.3837161864495394,0.008329519486077611,0.006622786399455808,0,0,0,0.0,0.2923219108288025,2853.0,0.6250714066985924,105.08380557995423,-1.6596159976077494,,,,,,42905.92375000007,1045079.1965000001,,0.6162838135504606,0,0,0.04167872491713117,0,0.0,0.0,0.0,1.3605590583057214,0.820503307475146,,,,V3
,1426.5,2076-09-19,2076-09-25,10931.187749999925,0.010459674048252786,1034148.0087500002,,,,,,,,,,0.36141114339297076,0.00835624101872864,0.006622786399455808,0,0,0,0.0,0.2931217267114425,2853.0,0.507481352294337,105.08380557995423,-1.2627495639933872,,,,,,44332.42375000007,1045079.1965000001,,0.6385888566070292,0,0,0.6968812952428287,0,0.0,0.0,0.0,1.3322203967161583,0.8690203675539778,,,,V3
,356.625,2076-09-19,2076-09-26,10396.250249999925,0.00994781092649941,1034682.9462500002,,,,,,,,,,0.34855091747712197,0.008186097077170664,0.006622786399455808,0,0,0,0.0,0.2934871871625766,2853.0,0.43877299201530345,105.08380557995423,-1.0308588480516492,,,,,,44689.04875000007,1045079.1965000001,BUY series_1 size=6279.0000,0.651449082522878,0,0,0.67230064809554,0,0.0,0.0,0.0,1.3597938352293153,0.8831063659471432,34.59459945666941,,,V3
,-1848.637499999982,2076-09-19,2076-09-27,13285.95149999985,0.012712865727779176,1031793.2450000002,BUY series_1 fill_size=6279.0000 fill_px=36.3300,,,,,,,,,0.32390957253111874,0.00818485936147993,0.0066276499243111825,1,0,0,0.0,0.295950916261329,2853.0,0.29587943550503454,,-0.5485930948294915,,,,,,42840.411250000085,1045079.1965000001,SELL series_1 size=6279.0000 | SELL series_9 size=2853.0000,0.6760904274688813,0,0,0.10861042161873595,0,0.0,0.2166445662279946,6279.0,1.2924539231895371,0.8354723539137223,34.7771280669073,,,V3
CLOSE series_1 pnl_net=-3453.45 | CLOSE series_9 pnl_net=1159.03,0.0,2076-09-19,2076-09-28,12847.671749999863,0.012293491051230452,1032231.5247500002,SELL series_1 fill_size=6279.0000 fill_px=35.7800 | SELL series_9 fill_size=2853.0000 fill_px=107.0000,,,,,,,,,0.232375,0.008322462266404781,0.006636247891471045,0,0,0,0.0,0.0,0.0,0.0,,-0.778445455622232,,,,,,42840.411250000085,1045079.1965000001,,0.767625,0,0,0.032319374218489856,0,0.0,0.0,0.0,1.274183805314879,0.7677422206107765,,,,V3
,0.0,2076-09-19,2076-09-29,13335.422249999829,0.012760202570925281,1031743.7742500002,,,,,,,,,,0.232375,0.008330029957075283,0.00665311396054359,0,0,0,0.0,0.0,0.0,0.0,,-1.020867340964569,,,,,,42840.411250000085,1045079.1965000001,,0.767625,0,0,0.0,0,0.0,0.0,0.0,1.2226165304074845,0.7335699182444908,,,,V3
,0.0,2076-09-19,2076-09-30,13335.422249999829,0.012760202570925281,1031743.7742500002,,,,,,,,,,0.232375,0.00828340948768171,0.006655536124391753,0,0,0,0.0,0.0,0.0,0.0,,-0.7504166005644316,,,,,,42840.411250000085,1045079.1965000001,,0.767625,0,0,0.0,0,0.0,0.0,0.0,1.169796094146948,0.7018776564881689,,,,V3
,0.0,2076-09-19,2076-10-01,13335.422249999829,0.012760202570925281,1031743.7742500002,,,,,,,,,,0.232375,0.008124242682980001,0.006665344241680632,0,0,0,0.0,0.0,0.0,0.0,,-0.16486086880219772,,,,,,42840.411250000085,1045079.1965000001,,0.767625,0,0,0.05379126916538671,0,0.0,0.0,0.0,1.1444862946602714,0.6920709037127015,,,,V3
,0.0,2076-09-19,2076-10-02,13335.422249999829,0.012760202570925281,1031743.7742500002,,,,,,,,,,0.232375,0.007916967796724038,0.006666621016381374,0,0,0,0.0,0.0,0.0,0.0,,-0.2938285572576126,,,,,,42840.411250000085,1045079.1965000001,,0.767625,0,0,0.0,0,0.0,0.0,0.0,1.1191634968594588,0.6714980981156753,,,,V3
,0.0,2076-09-19,2076-10-03,13335.422249999829,0.012760202570925281,1031743.7742500002,,,,,,,,,,0.232375,0.007848800352106153,0.006677044496346538,0,0,0,0.0,0.0,0.0,0.0,,0.10692249696609964,,,,,,42840.411250000085,1045079.1965000001,,0.767625,0,0,0.016444976251447748,0,0.0,0.0,0.0,1.0991562638505918,0.6611382559354999,,,,V3
,0.0,2076-09-19,2076-10-04,13335.422249999829,0.012760202570925281,1031743.7742500002,,,,,,,,,,0.232375,0.007646095967458058,0.006679289461645322,0,0,0,0.0,0.0,0.0,0.0,,-0.1259560327333223,,,,,,42840.411250000085,1045079.1965000001,BUY series_1 size=7674.0000,0.767625,0,0,0.6780333696810401,0,0.0,0.0,0.0,1.1021102270499132,0.729069473198052,34.41296210746879,,,V3
,8287.919999999987,2076-09-19,2076-10-05,5124.242249999894,0.004903209505232835,1039954.9542500002,BUY series_1 fill_size=7674.0000 fill_px=35.8400,,,,,,,,,0.232375,0.007761170636610341,0.0067088389208499076,0,0,0,0.0,0.0,0.0,0.0,,1.0289747442531136,,,,,,51128.331250000076,1045079.1965000001,SELL series_1 size=7674.0000,0.767625,0,0,1.0,0,0.0,0.2723650085443111,7674.0,1.0650430242354592,0.7390258145412755,35.270607671221015,,,V3
CLOSE series_1 pnl_net=8287.92,0.0,2076-09-19,2076-10-06,5108.894249999896,0.004888523536885747,1039970.3022500002,SELL series_1 fill_size=7674.0000 fill_px=36.9200,,,,,,,,,0.232375,0.0076012792391301695,0.0067212642845539995,0,0,0,0.0,0.0,0.0,0.0,,1.5610157969612692,,,,,,51128.331250000076,1045079.1965000001,BUY series_1 size=6967.0000,0.767625,0,0,0.882928216324571,0,0.0,0.0,0.0,1.1281050947487996,0.7651558784817369,35.32484998041952,,,V3
,-3135.1500000000196,2076-09-19,2076-10-07,9110.780249999836,0.008717789312534493,1035968.4162500002,BUY series_1 fill_size=6967.0000 fill_px=37.0900,,,,,,,,,0.232375,0.00757078675842502,0.006722900032456539,0,0,0,0.0,0.0,0.0,0.0,,1.0232396317037555,,,,,,47993.18125000005,1045079.1965000001,,0.767625,0,0,0.5466758361866209,0,0.0,0.2456009623546281,6967.0,1.1521875040102205,0.7513125024061325,35.50521783896099,,,V3
,1881.0899999999722,2076-09-19,2076-10-08,6839.538249999983,0.006544516695869357,1038239.6582500001,,,,,,,,,,0.232375,0.007804054960971237,0.0067293390449894176,0,0,0,0.0,0.0,0.0,0.0,,-0.19835789346906157,,,,,,49874.27125000003,1045079.1965000001,,0.767625,0,0,0.7080581188074714,0,0.0,0.24768074303137413,6967.0,1.2123525424429378,0.7982173373465098,35.50521783896099,,,V3
,3065.4800000000337,2076-09-19,2076-10-09,3913.3982499999693,0.003744594919797515,1041165.7982500001,,,,,,,,,,0.232375,0.0078046235308195855,0.0067367755068890745,0,0,0,0.0,0.0,0.0,0.0,,-0.871323440427655,,,,,,52939.75125000006,1045079.1965000001,BUY series_1 size=438.0000,0.767625,0,0,0.8265457766360002,0,0.0,0.24979509549501278,6967.0,1.2777197404882095,0.8492864219565257,35.8236317080837,,,V3
,666.4499999999726,2076-09-19,2076-10-10,2589.2582499999553,0.002477571325380368,1042489.9382500001,BUY series_1 fill_size=438.0000 fill_px=37.3500,,,,,,,,,0.232375,0.007640929588928727,0.006795111617969206,0,0,0,0.0,0.0,0.0,0.0,,-0.2636307773824955,,,,,,53606.201250000035,1045079.1965000001,,0.767625,0,0,0.8389536363368921,0,0.0,0.26644050921610896,7405.0,1.341921090356849,0.8890480178477986,36.0255151575063,,,V3
,2073.4000000000083,2076-09-19,2076-10-11,149.1122500000056,0.00014268033513573588,1044930.0842500001,,,,,,,,,,0.232375,0.007970649231251136,0.0068028975574047365,0,0,0,0.0,0.0,0.0,0.0,,1.4379249433340604,,,,,,55679.60125000004,1045079.1965000001,,0.767625,0,0,0.9186439628126106,0,0.0,0.26815688841145546,7405.0,1.422998892935603,0.9456637320426229,36.382978360541564,,,V3
,74.04999999998526,2076-09-19,2076-10-12,963.6622500000522,0.0009220949505333035,1044115.53425,,,,,,,,,,0.232375,0.008266670675168307,0.006808828240967055,0,0,0,0.0,0.0,0.0,0.0,,0.6706626964304295,,,,,,55753.65125000003,1045079.1965000001,BUY series_1 size=500.0000,0.767625,0,0,0.5943272179524833,0,0.0,0.267585952737203,7405.0,1.504700669637591,0.96,36.382978360541564,,,V3
,553.3500000000023,2076-10-13,2076-10-13,0.0,0.0,1045617.4842500002,BUY series_1 fill_size=500.0000 fill_px=37.7300,,,,,,,,,0.232375,0.008369423921066202,0.006832377974642175,0,0,0,0.0,0.0,0.0,0.0,,0.03512602766731251,,,,,,56307.00125000004,1045617.4842500002,,0.767625,0,0,0.7170206234870139,0,0.0,0.28667998050454363,7905.0,1.5745138319978558,0.9717020623487014,36.539098688426144,,,V3
,0.0,2076-10-14,2076-10-14,0.0,0.0,1046012.7342500001,,,,,,,,,,0.232375,0.008263340115596794,0.006841218889086032,0,0,0,0.0,0.0,0.0,0.0,,0.1670333704469749,,,,,,56307.00125000004,1046012.7342500001,BUY series_1 size=421.0000,0.767625,0,0,0.4681132165591383,0,0.0,0.2869495180813569,7905.0,1.6522915063756793,0.96,36.63059163925284,,,V3
,-5661.679999999998,2076-10-14,2076-10-15,6089.670000000042,0.005821793368860262,1039923.06425,BUY series_1 fill_size=421.0000 fill_px=37.8000,,,,,,,,,0.232375,0.008158447755894187,0.006963236570407979,0,0,0,0.0,0.0,0.0,0.0,,1.4113362174546458,,,,,,50645.32125000004,1046012.7342500001,,0.767625,0,0,0.0,0,0.0,0.29807683919728967,8326.0,1.5851542800831164,0.96,36.414835093591925,,,V3
,-499.55999999995976,2076-10-14,2076-10-16,8699.358000000007,0.008316684601586155,1037313.3762500001,,,,,,,,,,0.232375,0.008085144238470609,0.007068371797474359,0,0,0,0.0,0.0,0.0,0.0,,0.5359889405827393,,,,,,50145.761250000076,1046012.7342500001,SELL series_1 size=499.0000,0.767625,0,0,0.0,0,0.0,0.2963385289711288,8326.0,1.5141067040190377,0.96,36.414835093591925,,,V3
,5948.519999999984,2076-10-14,2076-10-17,4089.8380000001052,0.003909931367071314,1041922.89625,SELL series_1 fill_size=499.0000 fill_px=37.0600,,,,,,,,,0.232375,0.008018025681594062,0.007521563655999814,0,0,0,0.0,0.0,0.0,0.0,,1.613636805684895,,,,,,56094.28125000006,1046012.7342500001,,0.767625,0,0,0.3592270331087518,0,0.0,0.2817027066555358,7827.0,1.506057860158342,0.96,36.414835093591925,,,V3
,1800.2099999999755,2076-10-14,2076-10-18,673.9020000001183,0.0006442579310311281,1045338.83225,,,,,,,,,,0.3241010801092834,0.007893170349351724,0.007598229991059655,0,0,0,0.0,0.0,0.0,0.34364261711232036,,1.1597938327540813,,,,,,57894.491250000036,1046012.7342500001,SELL series_1 size=787.0000,0.6758989198907166,0,0,0.675974996136472,0,0.0,0.2840766752736311,7827.0,1.5424584085067474,0.9675974996136473,36.5418340745705,,,V3
,-4857.599999999984,2076-10-14,2076-10-19,1784.1320000000997,0.0017056503631185113,1044228.60225,SELL series_1 fill_size=787.0000 fill_px=38.0500,,,,,,,,,0.3644262094537717,0.007925422702176076,0.007636964553948872,0,0,0,0.0,0.0,0.0,0.5816465453096066,,1.963057090419922,,,,,,53036.89125000005,1046012.7342500001,SELL series_1 size=449.0000,0.6355737905462283,0,0,0.3078102255692668,0,0.0,0.254638495274946,7040.0,1.5376111584025014,0.96,36.5418340745705,,,V3
,-2372.759999999996,2076-10-14,2076-10-20,7407.4700000000885,0.007081625067701787,1038605.26425,SELL series_1 fill_size=449.0000 fill_px=37.3600,,,,,,,,,0.3577466412828382,0.007711583201516611,0.007645579329605126,0,0,0,0.0,0.0,0.0,0.5027944765943455,,1.696931358505916,,,,,,50664.13125000006,1046012.7342500001,,0.6422533587171618,0,0,0.0,0,0.0,0.2344850910955702,6591.0,1.4014280328707631,0.9008568197224578,36.5418340745705,,,V3
,593.1900000000225,2076-10-14,2076-10-21,6558.366000000155,0.00626987204386432,1039454.3682499999,,,,,,,,,,0.35566273744052856,0.007524982859142587,0.007645579329605126,0,0,0,0.0,0.0,0.0,0.4791736069922418,,1.6172109235988161,,,,,,51257.32125000008,1046012.7342500001,,0.6443372625594714,0,0,0.020145410423237954,0,0.0,0.2351812618879723,6591.0,1.3685771520518164,0.8811462912310899,36.5418340745705,,,V3
,329.54999999998125,2076-10-14,2076-10-22,7744.746000000276,0.007404064736891873,1038267.9882499998,,,,,,,,,,0.3702138761613609,0.007371449105156039,0.007645579329605126,0,0,0,0.0,0.0,0.0,0.5636972065433757,,1.902478072083893,,,,,,51586.87125000006,1046012.7342500001,,0.6297861238386391,0,0,0.0,0,0.0,0.2343073394856735,6591.0,1.3460680007399943,0.8676408004439966,36.5418340745705,,,V3
,-2043.210000000015,2076-10-14,2076-10-23,8206.116000000155,0.007845139673069094,1037806.6182499999,,,,,,,,,,0.3984399186541263,0.0077352384920331314,0.007705034478110756,0,0,0,0.0,0.0,0.0,0.7566641538610019,,2.5537415192808814,,,,,,49543.66125000005,1046012.7342500001,SELL series_1 size=509.0000 | SELL series_9 size=3202.0000,0.6015600813458737,0,0,0.0,0,0.0,0.2339669411719904,6591.0,1.2968140072357568,0.838088404341454,36.5418340745705,,,V3
,2375.8925000000295,2076-10-14,2076-10-24,6855.50100000028,0.006553936463226456,1039157.2332499998,SELL series_1 fill_size=509.0000 fill_px=36.8300 | SELL series_9 fill_size=3202.0000 fill_px=109.8438,,,,,,,,,0.39660735363086264,0.007719548596930723,0.007718752057389312,0,0,0,0.0,-0.3382737003144467,-3202.0,0.7362290415189662,111.5386733888136,2.0347730151265107,,,,,,51919.55375000008,1046012.7342500001,,0.6033926463691374,0,0,0.02926543336459398,0,0.0,0.216729916122152,6082.0,1.287947555276778,0.8327685331660668,36.5418340745705,,,V3
,3798.344999999962,2076-10-14,2076-10-25,2605.6145000003744,0.0024909969206719285,1043407.1197499997,,,,,,,,,,0.3798068858796477,0.007585601581552965,0.007718752057389312,0,0,0,0.0,-0.3364163837449223,-3202.0,0.6217099951332529,111.5386733888136,1.6482712335747287,,,,,,55717.898750000044,1046012.7342500001,,0.6201931141203523,0,0,0.8325208358904113,0,0.0,0.21951941448787496,6082.0,1.2849392436242422,0.8542156297635864,36.5418340745705,,,V3
,435.46250000001737,2076-10-14,2076-10-26,1756.149500000407,0.00167889877675302,1044256.5847499997,,,,,,,,,,0.3821856511538618,0.007766159132902195,0.007733669502522891,0,0,0,0.0,-0.33748422576082787,-3202.0,0.6642947376260745,111.5386733888136,1.7919947394880016,,,,,,56153.36125000006,1046012.7342500001,BUY series_1 size=464.0000,0.6178143488461382,0,0,0.9615187958071745,0,0.0,0.2214958118318919,6082.0,1.3192225693378588,0.8876854211834327,36.64666305860705,,,V3
,-2099.3624999999815,2076-10-14,2076-10-27,4836.909500000416,0.004624140167345593,1041175.8247499997,BUY series_1 fill_size=464.0000 fill_px=38.1800,,,,,,,,,0.3785491525494822,0.007840134705505392,0.00775857742215262,0,0,0,0.0,-0.3384828158919468,-3202.0,0.6000655047490087,111.5386733888136,1.5752210785279044,,,,,,54053.99875000008,1046012.7342500001,,0.6214508474505178,0,0,0.261576966577322,0,0.0,0.23620719397614892,6546.0,1.2945564006820116,0.8367338404092068,36.78261569727797,,,V3
,-434.85250000001304,2076-10-14,2076-10-28,4906.842000000528,0.004690996427991648,1041105.8922499996,,,,,,,,,,0.37511446859790687,0.007634339333838347,0.00775857742215262,0,0,0,0.0,-0.3389861109490807,-3202.0,0.5834865043123351,111.5386733888136,1.5192669520541306,,,,,,53619.14625000006,1046012.7342500001,,0.6248855314020931,0,0,0.23199994432687765,0,0.0,0.23666318847500512,6546.0,1.3120565733923641,0.8472339440354184,36.78261569727797,,,V3
,-4396.157500000002,2076-10-14,2076-10-29,6534.954500000458,0.00624749038517784,1039477.7797499996,,,,,,,,,,0.3799324365028931,0.007668323099189307,0.00775857742215262,0,0,0,0.0,-0.34076846749450695,-3202.0,0.6282513599051601,111.5386733888136,1.6703483396799155,,,,,,49222.98875000006,1046012.7342500001,BUY series_1 size=446.0000,0.6200675634971069,0,0,0.17442416580892403,0,0.0,0.23671899947604444,6546.0,1.3365571675457433,0.861934300527446,36.78261569727797,,,V3
,-1454.972499999978,2076-10-14,2076-10-30,10956.85950000037,0.010474881558546732,1035055.8747499997,BUY series_1 fill_size=446.0000 fill_px=37.3200,,,,,,,,,0.3663778897135177,0.007736330707087997,0.007758686643658107,0,0,0,0.0,-0.3408708492043657,-3202.0,0.4939911513980871,111.5386733888136,1.2172201359685442,,,,,,47768.01625000009,1046012.7342500001,,0.6336221102864823,0,0,0.0,0,0.0,0.24818571273946588,6992.0,1.2270940330365554,0.7962564198219333,35.98067299085995,,,V3
,2009.6474999999682,2076-10-14,2076-10-31,9536.707500000484,0.009117200190529596,1036476.0267499996,,,,,,,,,,0.36285862773769983,0.007750950631057039,0.007760148636055011,1,0,0,0.0,-0.3404037969950086,-3202.0,0.45895740196032664,,1.0989812316161023,,,,,,49777.66375000006,1046012.7342500001,BUY series_9 size=3202.0000,0.6371413722623002,0,0,0.034255418292630055,0,0.0,0.24926230161840077,6992.0,1.1868621354778677,0.7721172812867205,35.98067299085995,,,V3
CLOSE series_9 pnl_net=100.06,3006.559999999998,2076-10-14,2076-11-01,5259.477500000503,0.0050281199528336455,1040753.2567499996,BUY series_9 fill_size=3202.0000 fill_px=109.8125,,,,,,,,,0.232375,0.008304402815883792,0.00776566028327301,0,0,0,0.0,0.0,0.0,0.0,,0.01986389102846883,,,,,,52784.223750000056,1046012.7342500001,BUY series_1 size=1542.0000,0.767625,0,0,0.31522435751745986,0,0.0,0.2511939100881417,6992.0,1.157497811355114,0.7544986868130683,36.06588640538435,,,V3
,-2730.8800000000024,2076-10-14,2076-11-02,8400.737500000629,0.008031200027429903,1037611.9967499995,BUY series_1 fill_size=1542.0000 fill_px=37.4000,,,,,,,,,0.232375,0.008475268507818313,0.007780685347999487,0,0,0,0.0,0.0,0.0,0.0,,0.08967293565022445,,,,,,50053.34375000005,1046012.7342500001,,0.767625,0,0,0.024244443791221194,0,0.0,0.3049701824874358,8534.0,1.1353757544605712,0.7412254526763427,36.11189451928546,,,V3
,-2389.5200000000095,2076-10-14,2076-11-03,13015.265500000562,0.012442740966564442,1032997.4687499995,,,,,,,,,,0.232375,0.008326049358427677,0.007801879402064032,0,0,0,0.0,0.0,0.0,0.0,,0.17195307019978023,,,,,,47663.82375000004,1046012.7342500001,,0.767625,0,0,0.0,0,0.0,0.30187136893698235,8534.0,1.0116018993498312,0.6669611396098987,36.11189451928546,,,V3
,-1621.4599999999805,2076-10-14,2076-11-04,12417.885500000557,0.011871638932679233,1033594.8487499995,,,,,,,,,,0.26974923096378034,0.008189282013888915,0.007804566673834751,0,0,0,0.0,0.0,0.0,0.07622263807618786,,0.257251403507134,,,,,,46042.36375000006,1046012.7342500001,SELL series_1 size=512.0000,0.7302507690362197,0,0,0.011242407378196654,0,0.0,0.30227486173895285,8534.0,0.9626377333636978,0.6375826400182187,36.11189451928546,,,V3
,-4893.4199999999955,2076-10-14,2076-11-05,17632.185500000603,0.016856568684742664,1028380.5487499995,SELL series_1 fill_size=512.0000 fill_px=36.6100,,,,,,,,,0.31132253557634315,0.008190334857112107,0.007836583588036811,0,0,0,0.0,0.0,0.0,0.16633455470794017,,0.5613791221392981,,,,,,41148.943750000064,1046012.7342500001,SELL series_1 size=8022.0000,0.6886774644236568,1,0,0.0,0,0.0,0.280510089723729,8022.0,0.8518006830582823,0.5710804098349693,,,,V3
CLOSE series_1 pnl_net=-10079.45,0.0,2076-10-14,2076-11-06,17311.3055000006,0.016549803776923375,1028701.4287499995,SELL series_1 fill_size=8022.0000 fill_px=36.0000,,,,,,,,,0.26664816888383247,0.008131995700077324,0.007847933787446077,0,0,0,0.0,0.0,0.0,0.04929251803138291,,0.16636224835591734,,,,,,41148.943750000064,1046012.7342500001,,0.7333518311161675,0,0,0.0,0,0.0,0.0,0.0,0.7568102115357933,0.45408612692147604,,,,V3
,0.0,2076-10-14,2076-11-07,17439.657500000554,0.016672509740051047,1028573.0767499995,,,,,,,,,,0.232375,0.008388973883222142,0.007888733349627168,0,0,0,0.0,0.0,0.0,0.0,,1.4951416836971978,,,,,,41148.943750000064,1046012.7342500001,,0.767625,0,0,0.0,0,0.0,0.0,0.0,0.5431375118052771,0.3258825070831663,,,,V3
,0.0,2076-10-14,2076-11-08,17439.657500000554,0.016672509740051047,1028573.0767499995,,,,,,,,,,0.232375,0.008716755160443021,0.007914588051986807,0,0,0,0.0,0.0,0.0,0.0,,0.30795167290506764,,,,,,41148.943750000064,1046012.7342500001,,0.767625,0,0,0.105,0,0.0,0.0,0.0,0.46744558367159283,0.2909673502029557,,,,V3
,0.0,2076-10-14,2076-11-09,17439.657500000554,0.016672509740051047,1028573.0767499995,,,,,,,,,,0.232375,0.00871218268254867,0.007924577211630871,0,0,0,0.0,0.0,0.0,0.0,,0.8962166172756665,,,,,,41148.943750000064,1046012.7342500001,,0.767625,0,0,0.0,0,0.0,0.0,0.0,0.38901666619707,0.23340999971824197,,,,V3
,0.0,2076-10-14,2076-11-10,17439.657500000554,0.016672509740051047,1028573.0767499995,,,,,,,,,,0.232375,0.0084256567100971,0.00796612657834363,0,0,0,0.0,0.0,0.0,0.0,,1.5059575877821463,,,,,,41148.943750000064,1046012.7342500001,,0.767625,0,0,0.04047414073245269,0,0.0,0.0,0.0,0.31531075281835086,0.19323386576425577,,,,V3
,0.0,2076-10-14,2076-11-11,17439.657500000554,0.016672509740051047,1028573.0767499995,,,,,,,,,,0.452889779296071,0.008306680185218178,0.00801328803655977,0,0,0,0.0,0.0,0.0,0.2804754960636217,,0.9466047992147232,,,,,,41148.943750000064,1046012.7342500001,,0.547110220703929,0,0,0.0425304413139323,0,0.0,0.0,0.0,0.2674013697616276,0.1646938659883698,,,,V3
,0.0,2076-10-14,2076-11-12,17439.657500000554,0.016672509740051047,1028573.0767499995,,,,,,,,,,0.49683839295323373,0.008336886492386826,0.008078432382782955,0,0,0,0.0,0.0,0.0,0.42672893494933795,,1.4402101554540157,,,,,,41148.943750000064,1046012.7342500001,,0.5031616070467663,0,0,0.01873359650146605,0,0.0,0.0,0.0,0.2269092253366184,0.13801889485211763,,,,V3
,0.0,2076-10-14,2076-11-13,17439.657500000554,0.016672509740051047,1028573.0767499995,,,,,,,,,,0.4670176882474225,0.008092961364300691,0.008092179651717683,0,0,0,0.0,0.0,0.0,0.457814040106346,,1.545122385358918,,,,,,41148.943750000064,1046012.7342500001,,0.5329823117525775,0,0,0.872596425846252,0,0.0,0.0,0.0,0.22969221897360276,0.22507497396878687,,,,V3
,0.0,2076-10-14,2076-11-14,17439.657500000554,0.016672509740051047,1028573.0767499995,,,,,,,,,,0.48496862245109174,0.008062518372745062,0.008092179651717683,0,0,0,0.0,0.0,0.0,0.6142012202060397,,2.072929118195384,,,,,,41148.943750000064,1046012.7342500001,,0.5150313775489083,0,0,0.8619544362581146,0,0.0,0.0,0.0,0.2510930154193648,0.23685125287743036,,,,V3
,0.0,2076-10-14,2076-11-15,17439.657500000554,0.016672509740051047,1028573.0767499995,,,,,,,,,,0.4919510105258954,0.007847700138121472,0.008092179651717683,0,0,0,0.0,0.0,0.0,0.625617844375151,,2.1114602247661347,,,,,,41148.943750000064,1046012.7342500001,,0.5080489894741046,0,0,0.6117794349107946,0,0.0,0.0,0.0,0.26126281076950253,0.21793562995278098,,,,V3
,0.0,2076-10-14,2076-11-16,17439.657500000554,0.016672509740051047,1028573.0767499995,,,,,,,,,,0.4678595894798665,0.007757935912808056,0.008092179651717683,0,0,0,0.0,0.0,0.0,0.4884753533970428,,1.6486043177150194,,,,,,41148.943750000064,1046012.7342500001,,0.5321404105201335,0,0,0.6722365770714919,0,0.0,0.0,0.0,0.2838672675872045,0.23754401825947188,,,,V3
,0.0,2076-10-14,2076-11-17,17439.657500000554,0.016672509740051047,1028573.0767499995,,,,,,,,,,0.4858284232259775,0.00766146095449485,0.008092179651717683,0,0,0,0.0,0.0,0.0,0.6169584019371129,,2.082234606537756,,,,,,41148.943750000064,1046012.7342500001,BUY series_1 size=5204.0000,0.5141715767740225,0,0,0.5021796355335462,0,0.0,0.0,0.0,0.307994176029237,0.23501446917089683,35.137239830736156,,,V3
,1977.5199999999763,2076-10-14,2076-11-18,16242.737500000512,0.015528240687859973,1029769.9967499996,BUY series_1 fill_size=5204.0000 fill_px=36.5600,,,,,,,,,0.43599364719820966,0.007648291031793705,0.008092179651717683,0,0,0,0.0,0.0,0.0,0.39405181964317726,,1.3299248912957233,,,,,,43126.46375000004,1046012.7342500001,BUY series_1 size=637.0000,0.5640063528017903,0,0,0.7614035941704312,0,0.0,0.18592031288952007,5204.0,0.34523885731213527,0.2832836738043243,35.40029412854071,,,V3
,2394.810000000022,2076-10-14,2076-11-19,13008.917500000563,0.012436672206794945,1033003.8167499995,BUY series_1 fill_size=637.0000 fill_px=36.9400,,,,,,,,,0.39743805167690704,0.007572774730225322,0.008092179651717683,0,0,0,0.0,0.0,0.0,0.3117067210566377,,1.0520101835661522,,,,,,45521.27375000006,1046012.7342500001,BUY series_1 size=430.0000,0.602561948323093,0,0,1.0,0,0.0,0.21124777707652173,5841.0,0.41539464443409735,0.34923678666045843,35.97527311935923,,,V3
,940.6499999999911,2076-10-14,2076-11-20,12290.317500000587,0.011749682482415329,1033722.4167499995,BUY series_1 fill_size=430.0000 fill_px=37.3500,,,,,,,,,0.43335819551538135,0.007736807194022607,0.008092179651717683,0,0,0,0.0,0.0,0.0,0.5031004196191858,,1.6979639162147524,,,,,,46461.92375000005,1046012.7342500001,,0.5666418044846186,0,0,0.8141440610169447,0,0.0,0.22736962669238747,6271.0,0.4860065474373709,0.37301833456411704,36.119896467976425,,,V3
,-1567.75,2076-10-14,2076-11-21,13797.07750000048,0.013190162077609027,1032215.6567499996,,,,,,,,,,0.4153808664026237,0.007532813525586755,0.008092179651717683,0,0,0,0.0,0.0,0.0,0.41782376047854614,,1.4101551916150932,,,,,,44894.17375000005,1046012.7342500001,,0.5846191335973763,0,0,0.5371971028928703,0,0.0,0.2262434584021825,6271.0,0.5354451749650959,0.3812671049790576,36.119896467976425,,,V3
,1191.4899999999857,2076-10-14,2076-11-22,12542.877500000526,0.011991132697819281,1033469.8567499996,,,,,,,,,,0.450587691936321,0.007922242158533672,0.008092179651717683,0,0,0,0.0,0.0,0.0,0.6805557717873016,,2.296875729782143,,,,,,46085.663750000036,1046012.7342500001,SELL series_9 size=3146.0000,0.549412308063679,0,0,0.567401838187036,0,0.0,0.2271824751022184,6271.0,0.5850244162793012,0.41101464976758073,36.12378828106131,,,V3
,165.89000000002125,2076-10-14,2076-11-23,11722.780000000494,0.011207110215924689,1034289.9542499996,SELL series_9 fill_size=3146.0000 fill_px=113.3125,,,,,,,,,0.45428179114077016,0.007979917953483493,0.008092179651717683,0,0,0,0.0,-0.34665877399920625,-3146.0,0.847485270524099,115.13142254852214,2.4102627880188345,,,,,,46251.55375000006,1046012.7342500001,,0.5457182088592298,0,0,0.9122112196549428,0,0.0,0.22979136462013072,6271.0,0.6633004248370584,0.48920137686772935,36.600660546699785,,,V3
,2416.9599999999873,2076-10-14,2076-11-24,10380.385000000475,0.009923765419015953,1035632.3492499996,,,,,,,,,,0.4334307028534009,0.007736020129725074,0.008092179651717683,0,0,0,0.0,-0.3456398525589028,-3146.0,0.7128933491902462,115.13142254852214,1.9560150535170808,,,,,,48668.51375000004,1046012.7342500001,,0.5665692971465991,0,0,0.7985242555323089,0,0.0,0.23022013571965497,6271.0,0.7471114721972361,0.5281193088715725,36.757756221935516,,,V3
,7164.307499999993,2076-10-14,2076-11-25,3171.9800000005635,0.0030324487419122097,1042840.7542499995,,,,,,,,,,0.4007871607350456,0.007742901272209952,0.008092179651717683,0,0,0,0.0,-0.341930861492317,-3146.0,0.5593754538708443,115.13142254852214,1.4378921568140999,,,,,,55832.82125000004,1046012.7342500001,,0.5992128392649544,0,0,1.0,0,0.0,0.23422123560530203,6271.0,0.8385633947386955,0.6031380368432173,37.60077363465441,,,V3
,2862.8025000000302,2076-11-26,2076-11-26,0.0,0.0,1046383.2492499996,,,,,,,,,,0.35618725255486583,0.007927195123557983,0.008092179651717683,0,0,0,0.0,-0.33870626537077103,-3146.0,0.3720819443362502,115.13142254852214,0.8057765621348445,,,,,,58695.623750000064,1046383.2492499996,BUY series_1 size=714.0000,0.6438127474451342,0,0,0.9858099594222585,0,0.0,0.23474675285184482,6271.0,0.968601521025115,0.6797419085572949,37.84857551789338,,,V3
,3730.512499999972,2076-11-27,2076-11-27,0.0,0.0,1048216.7042499995,BUY series_1 fill_size=714.0000 fill_px=39.2000,,,,,,,,,0.35106066037962624,0.008021284160809133,0.008092179651717683,0,0,0,0.0,-0.33867656951146147,-3146.0,0.39171408992084594,115.13142254852214,0.8720350534828551,,,,,,62426.13625000004,1048216.7042499995,,0.6489393396203738,0,0,1.0,0,0.0,0.2633493617119107,6985.0,1.1057291973354273,0.7634375184012564,38.221534409472426,,,V3
,-170.77499999998412,2076-11-28,2076-11-28,0.0,0.0,1049506.8237499995,,,,,,,,,,0.3412371406985364,0.00790110627987785,0.008092179651717683,0,0,0,0.0,-0.33835392201755576,-3146.0,0.3759883763128348,115.13142254852214,0.8189607700558175,,,,,,62255.36125000005,1049506.8237499995,BUY series_1 size=427.0000,0.6587628593014636,0,0,0.8485458827266082,0,0.0,0.26435673758524253,6985.0,1.2466467456968744,0.8328426356907854,38.45285338022439,,,V3
,-181.6875,2076-11-28,2076-11-29,821.375,0.0007826294993158213,1048685.4487499995,BUY series_1 fill_size=427.0000 fill_px=39.7800,,,,,,,,,0.316748147917022,0.008150320188743244,0.00812111455111207,1,0,0,0.0,-0.3376814519759972,-3146.0,0.26973994723914024,,0.46037232193209826,,,,,,62073.67375000005,1049506.8237499995,BUY series_9 size=3146.0000,0.683251852082978,0,0,0.5787189008645108,0,0.0,0.27904054580789767,7412.0,1.315343128215525,0.8492058769293152,38.49622099592265,,,V3
CLOSE series_9 pnl_net=2752.75,1482.3999999999685,2076-11-28,2076-11-30,1920.7730000000447,0.0018301672333457713,1047586.0507499995,BUY series_9 fill_size=3146.0000 fill_px=112.4375,,,,,,,,,0.2732206516444934,0.008402183068833715,0.008131220398367592,0,0,0,0.0,0.0,0.0,0.11634225389404945,,-0.3926551068924169,,,,,,63556.07375000002,1049506.8237499995,BUY series_1 size=568.0000,0.7267793483555066,0,0,0.41495054205172666,0,0.0,0.27791832450571613,7412.0,1.3676272030895122,0.8805763218537073,38.49622099592265,,,V3
,2154.600000000025,2076-12-01,2076-12-01,0.0,0.0,1052439.9507499994,BUY series_1 fill_size=568.0000 fill_px=39.7300,,,,,,,,,0.232375,0.009102702593617222,0.008148487739876652,0,0,0,0.0,0.0,0.0,0.0,,-1.878517823173708,,,,,,65710.67375000005,1052439.9507499994,,0.767625,0,0,0.9715436810138329,0,0.0,0.3028402710984792,7980.0,1.4257021471550613,0.9525756563944201,38.62663953219861,,,V3
,-3830.399999999975,2076-12-01,2076-12-02,3453.839999999851,0.0032817454312130054,1048986.1107499995,,,,,,,,,,0.232375,0.009059302478105054,0.008157634999179092,0,0,0,0.0,0.0,0.0,0.0,,-1.3889060001523101,,,,,,61880.27375000007,1052439.9507499994,,0.767625,0,0,0.2570428193501887,0,0.0,0.3006423028561536,7980.0,1.4601106965890256,0.9360664179534153,38.62663953219861,,,V3
,2234.3999999999523,2076-12-01,2076-12-03,980.0400000000373,0.0009312075233381554,1051459.9107499993,,,,,,,,,,0.232375,0.00882549894852746,0.008182218200921356,0,0,0,0.0,0.0,0.0,0.0,,-1.267747749010591,,,,,,64114.67375000002,1052439.9507499994,,0.767625,0,0,0.6877381049191986,0,0.0,0.30228770184236925,7980.0,1.5252987152923847,0.9687738104919199,38.62663953219861,,,V3
,-4947.599999999979,2076-12-01,2076-12-04,6087.239999999991,0.005783930946047845,1046352.7107499994,,,,,,,,,,0.232375,0.008703313864754664,0.00818597330560159,0,0,0,0.0,0.0,0.0,0.0,,-1.2687703105865689,,,,,,59167.07375000005,1052439.9507499994,,0.767625,0,0,0.0,0,0.0,0.2988821998423825,7980.0,1.497126272148074,0.9582757632888443,38.62663953219861,,,V3
,3511.1999999999816,2076-12-01,2076-12-05,3294.2399999999907,0.003130097824253459,1049145.7107499994,,,,,,,,,,0.3307569503421298,0.008552182624439752,0.00818896352021709,0,0,0,0.0,0.0,0.0,0.3753573022955447,,-1.2668308952474634,,,,,,62678.27375000003,1052439.9507499994,SELL series_1 size=961.0000,0.6692430496578702,0,0,0.24982702571706286,0,0.0,0.3007486917850893,7980.0,1.530673192763982,0.96,38.62663953219861,,,V3
,5123.870000000028,2076-12-06,2076-12-06,0.0,0.0,1054907.9807499994,SELL series_1 fill_size=961.0000 fill_px=39.6200,,,,,,,,,0.2903959246231387,0.008578344482961199,0.008190229572789788,0,0,0,0.0,0.0,0.0,0.19871603657984838,,-0.6706666234569882,,,,,,67802.14375000006,1054907.9807499994,,0.7096040753768613,0,0,1.0,0,0.0,0.2684752179035026,7019.0,1.5628886274105218,1.0,39.01361942164838,,,V3
,-2456.65000000001,2076-12-06,2076-12-07,2487.402000000002,0.002357932677911446,1052420.5787499994,,,,,,,,,,0.28926770556357706,0.008667261499263858,0.008256039589748325,0,0,0,0.0,0.0,0.0,0.18633789870719394,,-0.6288904081367795,,,,,,65345.49375000005,1054907.9807499994,,0.7107322944364229,0,0,0.4293126849070733,0,0.0,0.26677547519402317,7019.0,1.588530963727173,0.96,39.01361942164838,,,V3
,-2456.65000000001,2076-12-06,2076-12-08,5084.43200000003,0.004819787216307902,1049823.5487499994,,,,,,,,,,0.2610476513164002,0.008460716990697356,0.008266337619211155,0,0,0,0.0,0.0,0.0,0.08566262839596593,,-0.289111370836385,,,,,,62888.843750000044,1054907.9807499994,BUY series_1 size=451.0000,0.7389523486835998,0,0,0.0061764388032849145,0,0.0,0.264961640774016,7019.0,1.5754346366484244,0.96,39.01361942164838,,,V3
,-7918.199999999964,2076-12-06,2076-12-09,12787.552000000025,0.012121959671694361,1042120.4287499994,BUY series_1 fill_size=451.0000 fill_px=39.6500,,,,,,,,,0.23880993826339392,0.00839468714410594,0.008273497408076475,0,0,0,0.0,0.0,0.0,0.01650293437380772,,-0.05569740351160107,,,,,,54970.643750000076,1054907.9807499994,SELL series_1 size=620.0000,0.7611900617366061,0,0,0.0,0,0.0,0.2766877915884059,7470.0,1.3685019588626237,0.8811011753175744,38.16147662877605,,,V3
,753.4999999999961,2076-12-06,2076-12-10,12112.359999999986,0.011481911428320562,1042795.6207499994,SELL series_1 fill_size=620.0000 fill_px=38.5900,,,,,,,,,0.2536342749717506,0.008324856572430128,0.008282494132309054,0,0,0,0.0,0.0,0.0,0.05470333563401405,,-0.1846237577647974,,,,,,55724.14375000007,1054907.9807499994,,0.7463657250282494,0,0,0.014471218893356957,0,0.0,0.2542156820809608,6850.0,1.3098328252559261,0.8458996951535558,38.16147662877605,,,V3
,3356.499999999965,2076-12-06,2076-12-11,8826.839999999967,0.008367402807706906,1046081.1407499994,,,,,,,,,,0.2383354853296964,0.008190899712164097,0.008282494132309054,0,0,0,0.0,0.0,0.0,0.014326341281079633,,0.048351401823643766,,,,,,59080.64375000003,1054907.9807499994,,0.7616645146703036,0,0,0.06933065829647232,0,0.0,0.2565604039162582,6850.0,1.2781952387857336,0.8269171432714402,38.16147662877605,,,V3
,-1301.4999999999845,2076-12-06,2076-12-12,9854.339999999967,0.009341421412883716,1045053.6407499994,,,,,,,,,,0.232375,0.008824296685027684,0.008302303483063584,0,0,0,0.0,0.0,0.0,0.0,,-1.0718696038244113,,,,,,57779.14375000005,1054907.9807499994,,0.767625,0,0,0.027418998801212135,0,0.0,0.2558294517859658,6850.0,1.2679919021974024,0.8207951413184416,38.16147662877605,,,V3
,-3836.0000000000155,2076-12-06,2076-12-13,13621.839999999967,0.012912822965198687,1041286.1407499994,,,,,,,,,,0.3292941347802383,0.00819398977895428,0.008302303483063584,0,0,0,0.0,0.0,0.0,0.29667445101019024,,-1.0012762721593922,,,,,,53943.14375000003,1054907.9807499994,SELL series_1 size=690.0000,0.6707058652197617,0,0,0.0,0,0.0,0.25313695216393395,6850.0,1.1911558851012702,0.7746935310607621,38.16147662877605,,,V3
,3757.5999999999967,2076-12-06,2076-12-14,10507.839999999967,0.009960906725275975,1044400.1407499994,SELL series_1 fill_size=690.0000 fill_px=38.4400,,,,,,,,,0.3273697226344032,0.007991537758676365,0.008302303483063584,0,0,0,0.0,0.0,0.0,0.2788959043669846,,-0.941273677238573,,,,,,57700.74375000003,1054907.9807499994,,0.6726302773655968,0,0,0.07492183519171676,0,0.0,0.22996779742630474,6160.0,1.147787341530261,0.7486724049181566,38.16147662877605,,,V3
,3018.4000000000124,2076-12-06,2076-12-15,7562.0800000000745,0.007168473590107569,1047345.9007499993,,,,,,,,,,0.32190309264147965,0.007863993907084432,0.008302303483063584,0,0,0,0.0,0.0,0.0,0.2591419143396991,,-0.8746039608964843,,,,,,60719.14375000005,1054907.9807499994,,0.6780969073585204,0,0,0.5363732766183147,0,0.0,0.2321441271941696,6160.0,1.156573713588504,0.7539442281531024,38.16147662877605,,,V3
,2648.7999999999984,2076-12-06,2076-12-16,4482.0800000000745,0.004248787649528906,1050425.9007499993,,,,,,,,,,0.32420902743541546,0.007837210637772115,0.008302303483063584,0,0,0,0.0,0.0,0.0,0.2895312786645222,,-0.9771680654927625,,,,,,63367.94375000004,1054907.9807499994,,0.6757909725645845,0,0,1.0,0,0.0,0.23439559118277972,6160.0,1.1898952060890857,0.8139371236534515,38.544009902145525,,,V3
,-1293.6000000000054,2076-12-06,2076-12-17,7192.479999999981,0.0068181112772380415,1047715.5007499994,,,,,,,,,,0.3452101561999257,0.007819698138453988,0.008302303483063584,0,0,0,0.0,0.0,0.0,0.36121578611908295,,-1.219103278151905,,,,,,62074.34375000004,1054907.9807499994,,0.6547898438000743,0,0,0.36170363053698595,0,0.0,0.2324150018069685,6160.0,1.1653811155166356,0.7592286693099815,38.544009902145525,,,V3
,1601.6000000000315,2076-12-06,2076-12-18,3927.679999999935,0.0037232441802246144,1050980.3007499995,,,,,,,,,,0.33204684597089695,0.007560216260919503,0.008302303483063584,0,0,0,0.0,0.0,0.0,0.3227116091556606,,-1.0891516809003545,,,,,,63675.94375000007,1054907.9807499994,,0.667953154029103,0,0,0.9557916838332965,0,0.0,0.2347994532570216,6160.0,1.1915308774919693,0.8104976948785113,38.61932486460507,,,V3
,1416.7999999999806,2076-12-06,2076-12-19,2880.4799999999814,0.002730550960427913,1052027.5007499994,,,,,,,,,,0.33271504731912915,0.00740632112448271,0.008302303483063584,0,0,0,0.0,0.0,0.0,0.3243093436481011,,-1.0945440348123412,,,,,,65092.74375000005,1054907.9807499994,,0.6672849526808708,0,0,0.6604978156850443,0,0.0,0.23556114248280513,6160.0,1.2347947332984615,0.8069266215475813,38.81508737427613,,,V3
,-431.20000000000175,2076-12-06,2076-12-20,3373.280000000028,0.0031977007109205433,1051534.7007499994,,,,,,,,,,0.33973991671965187,0.007717741684514477,0.008302303483063584,0,0,0,0.0,0.0,0.0,0.3530086546543614,,1.1914042094584696,,,,,,64661.54375000005,1054907.9807499994,,0.6602600832803481,0,0,0.5473082830283379,0,0.0,0.23520288947535253,6160.0,1.2296131693930863,0.7977679016358519,38.81508737427613,,,V3
,4065.6000000000226,2076-12-21,2076-12-21,0.0,0.0,1056709.1007499993,,,,,,,,,,0.36597159958340564,0.007673878799226041,0.008302303483063584,0,0,0,0.0,0.0,0.0,0.5292816082007582,,1.7863254276775589,,,,,,68727.14375000008,1056709.1007499993,SELL series_1 size=522.0000,0.6340284004165944,0,0,1.0,0,0.0,0.23894788056693114,6160.0,1.262241206609709,0.8573447239658255,39.5105090114932,,,V3
,-1916.9200000000192,2076-12-21,2076-12-22,2502.6399999998976,0.002368333913490145,1054206.4607499994,SELL series_1 fill_size=522.0000 fill_px=40.8400,,,,,,,,,0.40349331267827115,0.007926346814705441,0.008302303483063584,0,0,0,0.0,0.0,0.0,0.7992621668803545,,2.6975098132211963,,,,,,66810.22375000006,1056709.1007499993,SELL series_9 size=3378.0000,0.5965066873217288,0,0,0.5119163680913772,0,0.0,0.2169188754898267,5638.0,1.2925391033667555,0.8355234620200533,39.5105090114932,,,V3
,-734.1400000000065,2076-12-21,2076-12-23,4345.317499999888,0.004112122718462252,1052363.7832499994,SELL series_9 fill_size=3378.0000 fill_px=113.4375,,,,,,,,,0.40770968576376365,0.007899126257249372,0.008302303483063584,0,0,0,0.0,-0.3640246068872878,-3378.0,0.8311316096016932,115.22912057422238,2.355069182405715,,,,,,66076.08375000006,1056709.1007499993,SELL series_1 size=401.0000,0.5922903142362363,0,0,0.13865894742816778,0,0.0,0.21547716066368167,5638.0,1.2799310266760584,0.8279586160056351,39.5105090114932,,,V3
,995.0299999999881,2076-12-21,2076-12-24,2854.554999999702,0.0027013631263075916,1053854.5457499996,SELL series_1 fill_size=401.0000 fill_px=40.2200,,,,,,,,,0.3872470395729074,0.007684331455357215,0.008302303483063584,0,0,0,0.0,-0.3628084886495354,-3378.0,0.6690367418298667,115.22912057422238,1.8079990036758002,,,,,,67071.11375000005,1056709.1007499993,,0.6127529604270926,0,0,0.2789083584814149,0,0.0,0.2008621975904212,5237.0,1.304899331130208,0.8429395986781247,39.5105090114932,,,V3
,-1535.1799999999657,2076-12-21,2076-12-25,5073.83499999973,0.004801543770559537,1051635.2657499996,,,,,,,,,,0.3986586253416107,0.007715391248862742,0.008302303483063584,0,0,0,0.0,-0.36598323347925454,-3378.0,0.7713834075297409,115.22912057422238,2.1534190004128755,,,,,,65535.933750000084,1056709.1007499993,,0.6013413746583893,0,0,0.1722547070783497,0,0.0,0.2015848715845521,5237.0,1.320422113240355,0.8522532679442132,39.5105090114932,,,V3
,3465.467499999988,2076-12-21,2076-12-26,2241.742499999702,0.0021214376770377253,1054467.3582499996,,,,,,,,,,0.37975339507318995,0.00758610496358136,0.008302303483063584,0,0,0,0.0,-0.3644997253759231,-3378.0,0.6485193602839003,115.22912057422238,1.7387528409581636,,,,,,69001.40125000007,1056709.1007499993,BUY series_1 size=417.0000,0.62024660492681,0,0,0.8013720953710292,0,0.0,0.20322870909503574,5237.0,1.3524544559852025,0.8916098831282244,39.51263110683856,,,V3
,3369.8474999999953,2076-12-27,2076-12-27,0.0,0.0,1058001.5807499995,BUY series_1 fill_size=417.0000 fill_px=40.9600,,,,,,,,,0.35799603472275987,0.007514024273151286,0.008302303483063584,0,0,0,0.0,-0.36238414665525553,-3378.0,0.5302785609798971,115.22912057422238,1.3396901433071529,,,,,,72371.24875000006,1058001.5807499995,,0.6420039652772401,0,0,1.0,0,0.0,0.22113626695543112,5654.0,1.4119351320417046,0.9471610792250228,39.9831574563501,,,V3
,2725.037499999992,2076-12-28,2076-12-28,0.0,0.0,1062103.3762499995,,,,,,,,,,0.3537518201242982,0.00739978337878768,0.008302303483063584,0,0,0,0.0,-0.36148158558308713,-3378.0,0.5255245310114812,115.22912057422238,1.3236452921637492,,,,,,75096.28625000005,1062103.3762499995,,0.6462481798757018,0,0,1.0,0,0.0,0.22464743577261567,5654.0,1.4831141462251305,0.9898684877350783,40.777217638039374,,,V3
,-2842.0349999999953,2076-12-28,2076-12-29,2728.9550000000745,0.002569387369462357,1059374.4212499994,,,,,,,,,,0.3482270575422264,0.007248362309539405,0.008302303483063584,0,0,0,0.0,-0.3622134722180977,-3378.0,0.47929886924114323,115.22912057422238,1.1676336836888581,,,,,,72254.25125000006,1062103.3762499995,BUY series_1 size=395.0000,0.6517729424577736,0,0,0.6870825116115185,0,0.0,0.22245083067225332,5654.0,1.5446060076541106,0.9687082511611519,40.777217638039374,,,V3
,8398.669999999991,2076-12-30,2076-12-30,0.0,0.0,1066590.9412499995,BUY series_1 fill_size=395.0000 fill_px=41.6100,,,,,,,,,0.30151951298108726,0.007484266304612914,0.008302303483063584,1,0,0,0.0,-0.35659564767562685,-3378.0,0.24619249463490467,,0.38089966939280323,,,,,,80652.92125000004,1066590.9412499995,BUY series_9 size=3378.0000,0.6984804870189127,0,0,1.0,0,0.0,0.23995440060653161,6049.0,1.544334454774351,1.0,40.83025398381967,,,V3
CLOSE series_9 pnl_net=2850.19,-2661.5599999999863,2076-12-30,2076-12-31,1462.8200000000652,0.0013714911156902402,1065128.1212499994,BUY series_9 fill_size=3378.0000 fill_px=112.5938,,,,,,,,,0.3287478474436425,0.008030186060189095,0.008302303483063584,0,0,0,0.0,0.0,0.0,0.3581944456586177,,1.2089062540978348,,,,,,77991.36125000006,1066590.9412499995,SELL series_1 size=573.0000,0.6712521525563575,0,0,0.457010976812862,0,0.0,0.23892095694680274,6049.0,1.471117448598522,0.9426704691591132,40.83025398381967,,,V3
,3066.560000000012,2077-01-01,2077-01-01,0.0,0.0,1068209.3312499993,SELL series_1 fill_size=573.0000 fill_px=42.0000,,,,,,,,,0.3398978137111033,0.008252136260614773,0.008302303483063584,0,0,0,0.0,0.0,0.0,0.44343476331417137,,1.4965923261853284,,,,,,81057.92125000007,1068209.3312499993,,0.6601021862888967,0,0,1.0,0,0.0,0.21858696902297833,5476.0,1.5213665363808473,1.0,41.0087904248241,,,V3
,-383.3200000000015,2077-01-01,2077-01-02,454.1239999998361,0.0004251264117571678,1067755.2072499995,,,,,,,,,,0.32435515334416976,0.008270110140855479,0.008302303483063584,0,0,0,0.0,0.0,0.0,0.342225407676436,,1.1550107509079715,,,,,,80674.60125000007,1068209.3312499993,,0.6756448466558302,0,0,0.5482238771461663,0,0.0,0.2182696543342005,5476.0,1.6059921079808077,0.96,41.0087904248241,,,V3
,6187.879999999976,2077-01-03,2077-01-03,0.0,0.0,1073559.7672499996,,,,,,,,,,0.29705888603291286,0.0081798817093979,0.008302303483063584,0,0,0,0.0,0.0,0.0,0.22670954378824348,,0.7651447102853217,,,,,,86862.48125000004,1073559.7672499996,SELL series_1 size=5476.0000,0.7029411139670871,0,0,1.0,0,0.0,0.22249634094603324,5476.0,1.6354179924349186,1.0,41.96798766222078,,,V3
CLOSE series_1 pnl_net=40110.60,0.0,2077-01-04,2077-01-04,0.0,0.0,1073559.7672499996,SELL series_1 fill_size=5476.0000 fill_px=43.6200,,,,,,,,,0.29122261428574125,0.0081276646348822,0.008302303483063584,0,0,0,0.0,0.0,0.0,0.19653927650904227,,0.6633200582180176,,,,,,86862.48125000004,1073559.7672499996,BUY series_1 size=5915.0000,0.7087773857142587,0,0,0.7239080864536079,0,0.0,0.0,0.0,1.691233213209339,0.9723908086453608,41.995988543490725,,,V3
,3903.8999999999796,2077-01-05,2077-01-05,0.0,0.0,1077463.6672499995,BUY series_1 fill_size=5915.0000 fill_px=43.4900,,,,,,,,,0.3020072781006391,0.007954900800046426,0.008302303483063584,0,0,0,0.0,0.0,0.0,0.24836053747169182,,0.8382168139669599,,,,,,90766.38125000002,1077463.6672499995,,0.6979927218993609,0,0,1.0,0,0.0,0.2423722097901674,5915.0,1.692144747489234,1.0,42.50913221895567,,,V3
,4140.500000000016,2077-01-06,2077-01-06,0.0,0.0,1082609.7172499995,,,,,,,,,,0.32768586044125536,0.00800817522308686,0.008302303483063584,0,0,0,0.0,0.0,0.0,0.3742242822225705,,1.2630069525011753,,,,,,94906.88125000003,1082609.7172499995,SELL series_1 size=5915.0000,0.6723141395587446,0,0,1.0,0,0.0,0.2463013177799002,5915.0,1.6922344298526784,1.0,43.39205134617312,,,V3
CLOSE series_1 pnl_net=8044.40,0.0,2077-01-06,2077-01-07,1360.4499999999534,0.0012566393764280191,1081249.2672499996,SELL series_1 fill_size=5915.0000 fill_px=44.8500,,,,,,,,,0.3286473826268419,0.007436162707152085,0.008302303483063584,0,0,0,0.0,0.0,0.0,0.3667206121214856,,1.2376820659100138,,,,,,94906.88125000003,1082609.7172499995,,0.6713526173731581,0,0,0.6649885061916067,0,0.0,0.0,0.0,1.6928847997560412,0.9664988506191607,,,,V3
,0.0,2077-01-06,2077-01-08,1904.6299999998882,0.0017592951269991837,1080705.0872499996,,,,,,,,,,0.31726460068759654,0.007292685892968861,0.008302303483063584,0,0,0,0.0,0.0,0.0,0.3010234777546483,,1.0159542374219381,,,,,,94906.88125000003,1082609.7172499995,BUY series_1 size=5605.0000,0.6827353993124035,0,0,0.4009694642848982,0,0.0,0.0,0.0,1.6936457789607242,0.9400969464284898,42.511309579098246,,,V3
,5100.550000000021,2077-01-09,2077-01-09,0.0,0.0,1085525.3872499997,BUY series_1 fill_size=5605.0000 fill_px=44.1900,,,,,,,,,0.31318793370253495,0.007220525221525481,0.008302303483063584,0,0,0,0.0,0.0,0.0,0.2971259264928778,,1.0028000019134624,,,,,,100007.43125000005,1085525.3872499997,SELL series_1 size=5605.0000,0.686812066297465,0,0,0.897234614442062,0,0.0,0.23261109594099919,5605.0,1.6937923176234735,0.9897234614442062,43.324073180591235,,,V3
CLOSE series_1 pnl_net=5100.55,0.0,2077-01-10,2077-01-10,0.0,0.0,1085715.9572499997,SELL series_1 fill_size=5605.0000 fill_px=45.1000,,,,,,,,,0.38228533084390115,0.007459023961704813,0.008302303483063584,0,0,0,0.0,0.0,0.0,0.7026880666089436,,2.3715722248051847,,,,,,100007.43125000005,1085715.9572499997,BUY series_1 size=5197.0000 | SELL series_9 size=2843.0000,0.6177146691560989,0,0,0.37898155358799945,0,0.0,0.0,0.0,1.6943094893151078,0.9378981553588,42.963067953406146,,,V3
,4073.7037500000133,2077-01-11,2077-01-11,0.0,0.0,1086086.6834999998,BUY series_1 fill_size=5197.0000 fill_px=44.7100 | SELL series_9 fill_size=2843.0000 fill_px=115.5312,,,,,,,,,0.38926617262051066,0.007303180896575106,0.008302303483063584,0,0,0,0.0,-0.30250273066716965,-2843.0,0.779951531784235,117.21919768472092,2.1823364197717936,,,,,,104081.13500000007,1086086.6834999998,,0.6107338273794893,0,0,0.5230715739415956,0,0.0,0.21446680411306235,5197.0,1.6947852178035123,0.96,43.151420242448566,,,V3
,-2992.228750000028,2077-01-12,2077-01-12,0.0,0.0,1086261.55475,,,,,,,,,,0.39754375376677564,0.007569106872468629,0.008302303483063584,0,0,0,0.0,-0.3041715918281237,-2843.0,0.863904932459386,117.21919768472092,2.465679147050428,,,,,,101088.90625000004,1086261.55475,,0.6024562462332244,0,0,0.6674838098595344,0,0.0,0.21653736981802174,5197.0,1.695153714229184,0.9667483809859535,43.57917593941652,,,V3
,5366.272499999998,2077-01-13,2077-01-13,0.0,0.0,1091161.831,,,,,,,,,,0.38336969942596033,0.00741059158915593,0.008302303483063584,0,0,0,0.0,-0.30288701511590904,-2843.0,0.7587471237721276,117.21919768472092,2.1107715427309306,,,,,,106455.17875000004,1091161.831,SELL series_1 size=5197.0000,0.6166303005740397,0,0,1.0,0,0.0,0.2201372272890656,5197.0,1.6948914354632405,1.0,44.462091943743914,,,V3
CLOSE series_1 pnl_net=7691.56,-1599.1875,2077-01-13,2077-01-14,866.660000000149,0.0007942543217497762,1090295.1709999999,SELL series_1 fill_size=5197.0000 fill_px=46.1900,,,,,,,,,0.3806236203827761,0.007479617743170999,0.008302303483063584,0,0,0,0.0,-0.303779663351366,-2843.0,0.7271637760890762,117.21919768472092,2.0041777443006326,,,,,,104855.99125000004,1091161.831,BUY series_1 size=5212.0000,0.6193763796172239,0,0,0.8959635951314447,0,0.0,0.0,0.0,1.6945155443015936,0.9895963595131445,44.65051394776221,,,V3
,2624.930000000003,2077-01-15,2077-01-15,0.0,0.0,1092450.2419999999,BUY series_1 fill_size=5212.0000 fill_px=46.4400,,,,,,,,,0.3795205828976703,0.007305045727750941,0.008302303483063584,0,0,0,0.0,-0.30415630133569055,-2843.0,0.7253752962324839,117.21919768472092,1.998141624784633,,,,,,107480.92125000004,1092450.2419999999,,0.6204794171023297,0,0,1.0,0,0.0,0.22456751856346793,5212.0,1.6937662429491103,1.0,45.33904866577919,,,V3
,-4518.032499999975,2077-01-15,2077-01-16,4366.6447500002105,0.003997110881687379,1088083.5972499996,,,,,,,,,,0.4041655206776186,0.008384472568933942,0.00830645244828474,1,0,0,0.0,-0.3103576734393237,-2843.0,0.9484653986077515,,2.7510707203011613,,,,,,102962.88875000007,1092450.2419999999,BUY series_9 size=2843.0000,0.5958344793223814,0,0,0.8390484046774116,0,0.0,0.2265704589454972,5212.0,1.693020658370785,0.9839048404677412,45.598402332509245,,,V3
CLOSE series_9 pnl_net=-9062.06,-2866.600000000022,2077-01-15,2077-01-17,7055.557250000071,0.006458470124079181,1085394.6847499998,BUY series_9 fill_size=2843.0000 fill_px=118.7188,,,,,,,,,0.232375,0.00905765035389276,0.008320884058286121,0,0,0,0.0,0.0,0.0,0.0,,1.6883453559354484,,,,,,100096.28875000005,1092450.2419999999,BUY series_1 size=1253.0000,0.767625,0,0,0.5715747206565187,0,0.0,0.22449068843203587,5212.0,1.6926924209800631,0.96,45.598402332509245,,,V3
,-905.1000000000037,2077-01-15,2077-01-18,8188.092249999987,0.007495162649247679,1084262.1497499999,BUY series_1 fill_size=1253.0000 fill_px=46.7200,,,,,,,,,0.232375,0.009109127035135537,0.008324617141827593,0,0,0,0.0,0.0,0.0,0.0,,1.1126100717124603,,,,,,99191.18875000004,1092450.2419999999,,0.767625,0,0,0.30060980680501015,0,0.0,0.27773698461154833,6465.0,1.6924928419556051,0.96,45.055050990786036,,,V3
,517.199999999989,2077-01-15,2077-01-19,7815.228249999927,0.007153852825088146,1084635.01375,,,,,,,,,,0.232375,0.009572880145381558,0.008325930079827923,0,0,0,0.0,0.0,0.0,0.0,,1.5314565020627058,,,,,,99708.38875000003,1092450.2419999999,,0.767625,0,0,0.28097633183749565,0,0.0,0.2779991390444821,6465.0,1.6922818838008546,0.96,45.055050990786036,,,V3
,-3297.1499999999874,2077-01-15,2077-01-20,11306.32825000002,0.010349513245839916,1081143.9137499998,,,,,,,,,,0.232375,0.009886522066347813,0.008329172473312618,0,0,0,0.0,0.0,0.0,0.0,,1.024551252290422,,,,,,96411.23875000003,1092450.2419999999,,0.767625,0,0,0.0,0,0.0,0.2756677406306123,6465.0,1.6922894254454026,0.96,45.055050990786036,,,V3
,-1810.2000000000073,2077-01-15,2077-01-21,13245.82825000002,0.01212488014625752,1079204.4137499998,,,,,,,,,,0.232375,0.00989008568278785,0.008329978909975515,0,0,0,0.0,0.0,0.0,0.0,,1.420347520677199,,,,,,94601.03875000002,1092450.2419999999,,0.767625,0,0,0.0,0,0.0,0.2743660016837103,6465.0,1.6924269158309613,0.96,45.055050990786036,,,V3
,387.9000000000147,2077-01-15,2077-01-22,12405.378250000067,0.011355554489409933,1080044.8637499998,,,,,,,,,,0.232375,0.009824039497666307,0.008336200838855671,0,0,0,0.0,0.0,0.0,0.0,,1.2958314040292676,,,,,,94988.93875000003,1092450.2419999999,,0.767625,0,0,0.01679385491173403,0,0.0,0.2749306625735991,6465.0,1.6924243324726547,0.96,45.055050990786036,,,V3
,-1616.25,2077-01-15,2077-01-23,13892.32825000002,0.012716669113063387,1078557.9137499998,,,,,,,,,,0.232375,0.009815224108345023,0.008354305566094459,0,0,0,0.0,0.0,0.0,0.0,,0.9621743190213731,,,,,,93372.68875000003,1092450.2419999999,,0.767625,0,0,0.0,0,0.0,0.27393104833171045,6465.0,1.692601398440003,0.96,45.055050990786036,,,V3
,452.55000000000183,2077-01-15,2077-01-24,14280.228249999927,0.013071742493146823,1078170.01375,,,,,,,,,,0.232375,0.01003930756959799,0.008368105630832446,0,0,0,0.0,0.0,0.0,0.0,,0.17032228544799868,,,,,,93825.23875000003,1092450.2419999999,,0.767625,0,0,0.0,0,0.0,0.2736698259430701,6465.0,1.692640248011732,0.96,45.055050990786036,,,V3
,-452.55000000000183,2077-01-15,2077-01-25,13892.32825000002,0.012716669113063387,1078557.9137499998,,,,,,,,,,0.232375,0.010526595193770421,0.008382967704147168,0,0,0,0.0,0.0,0.0,0.0,,-0.9813530149821296,,,,,,93372.68875000003,1092450.2419999999,,0.767625,0,0,0.007762209364646095,0,0.0,0.27393104833171045,6465.0,1.6926099542926756,0.96,45.055050990786036,,,V3
,517.199999999989,2077-01-15,2077-01-26,13504.428250000114,0.012361595732979952,1078945.8137499997,,,,,,,,,,0.232375,0.010743007756722147,0.008388523751793322,0,0,0,0.0,0.0,0.0,0.0,,-1.2974586297103707,,,,,,93889.88875000001,1092450.2419999999,,0.767625,0,0,0.011331959379757872,0,0.0,0.2741920828922629,6465.0,1.6925877697296947,0.96,45.055050990786036,,,V3
,258.5999999999945,2077-01-15,2077-01-27,12470.028249999974,0.011414733386090435,1079980.2137499999,,,,,,,,,,0.232375,0.011150834034935959,0.00839411581801756,0,0,0,0.0,0.0,0.0,0.0,,-0.054004973768760775,,,,,,94148.48875,1092450.2419999999,BUY series_1 size=481.0000,0.767625,0,0,0.0378882161723469,0,0.0,0.2748872583222361,6465.0,1.6924828084623205,0.96,45.055050990786036,,,V3
,6112.480000000018,2077-01-15,2077-01-28,7063.888250000076,0.00646609610069552,1085386.3537499998,BUY series_1 fill_size=481.0000 fill_px=45.8000,,,,,,,,,0.232375,0.011739473112029221,0.008401433476360938,0,0,0,0.0,0.0,0.0,0.0,,-0.8091729446399745,,,,,,100260.96875000003,1092450.2419999999,,0.767625,0,0,1.0,0,0.0,0.2987956674409221,6946.0,1.6933078259783196,1.0,45.05512403597452,,,V3
,-3334.079999999978,2077-01-15,2077-01-29,10073.756250000093,0.009221249501998,1082376.4857499998,,,,,,,,,,0.232375,0.012161206913581213,0.008423309345970761,0,0,0,0.0,0.0,0.0,0.0,,-1.8197765029075248,,,,,,96926.88875000006,1092450.2419999999,,0.767625,0,0,0.28316468598356476,0,0.0,0.2968670922090013,6946.0,1.6948725814913406,0.96,45.05512403597452,,,V3
,138.91999999997236,2077-01-15,2077-01-30,10351.596250000177,0.009475576874832326,1082098.6457499997,,,,,,,,,,0.232375,0.011949137203022289,0.00845721096263733,0,0,0,0.0,0.0,0.0,0.0,,-2.112345942474228,,,,,,97065.80875000003,1092450.2419999999,,0.767625,0,0,0.21180977861721767,0,0.0,0.2966865555750559,6946.0,1.696356284369435,0.96,45.05512403597452,,,V3
,-277.83999999999406,2077-01-15,2077-01-31,10698.89624999999,0.009793486090874968,1081751.3457499999,,,,,,,,,,0.232375,0.01190301507075105,0.008473813356106218,0,0,0,0.0,0.0,0.0,0.0,,-1.5642063379799456,,,,,,96787.96875000003,1092450.2419999999,,0.767625,0,0,0.09115327823447567,0,0.0,0.29646075436832897,6946.0,1.6978107484571159,0.96,45.05512403597452,,,V3
,4306.519999999982,2077-01-15,2077-02-01,10421.05625000014,0.009539158718040855,1082029.1857499997,,,,,,,,,,0.232375,0.011747227942083565,0.008544491212777608,0,0,0,0.0,0.0,0.0,0.0,,-0.760532273543137,,,,,,101094.48875000002,1092450.2419999999,,0.767625,0,0,0.12216630174142115,0,0.0,0.2966414069298131,6946.0,1.6991848833475343,0.96,45.05512403597452,,,V3
,4098.140000000024,2077-01-15,2077-02-02,2294.2362500000745,0.002100083062638998,1090156.0057499998,,,,,,,,,,0.232375,0.011859568468748657,0.008575728297109054,0,0,0,0.0,0.0,0.0,0.0,,-0.3604163680803375,,,,,,105192.62875000005,1092450.2419999999,,0.767625,0,0,1.0,0,0.0,0.3018847561855026,6946.0,1.7005649350215886,1.0,45.71659315815042,,,V3
,-1041.89999999999,2077-01-15,2077-02-03,3266.6762500000186,0.00299022886755882,1089183.5657499998,,,,,,,,,,0.232375,0.011639847048212448,0.008658369797633594,0,0,0,0.0,0.0,0.0,0.0,,0.11331490227483414,,,,,,104150.72875000005,1092450.2419999999,,0.767625,0,0,0.7243734866874367,0,0.0,0.30126146805571197,6946.0,1.7019719092380536,0.9724373486687437,45.71659315815042,,,V3
,3473.0,2077-02-04,2077-02-04,0.0,0.0,1092656.5657499998,,,,,,,,,,0.232375,0.012061649521890948,0.008699708628205583,0,0,0,0.0,0.0,0.0,0.0,,-0.9326427425370879,,,,,,107623.72875000005,1092656.5657499998,,0.767625,0,0,1.0,0,0.0,0.3034824027917576,6946.0,1.7030967619569506,1.0,46.11338899860929,,,V3
,4723.279999999998,2077-02-05,2077-02-05,0.0,0.0,1094462.5257499998,,,,,,,,,,0.232375,0.011710173948619496,0.00871129580076927,0,0,0,0.0,0.0,0.0,0.0,,-1.2746546898952964,,,,,,112347.00875000005,1094462.5257499998,BUY series_1 size=352.0000,0.767625,0,0,0.7782705550425357,0,0.0,0.30463171845150777,6946.0,1.7042060690083085,0.9778270555042536,46.43671835585148,,,V3
,9195.479999999985,2077-02-06,2077-02-06,0.0,0.0,1106429.3657499999,BUY series_1 fill_size=352.0000 fill_px=48.4200,,,,,,,,,0.232375,0.011780309002306548,0.008716297912653586,0,0,0,0.0,0.0,0.0,0.0,,-1.6730622785007878,,,,,,121542.48875000003,1106429.3657499999,SELL series_1 size=531.0000,0.767625,0,0,1.0,0,0.0,0.327556996604417,7298.0,1.7049593355936143,1.0,47.94980990186208,,,V3
,-2909.809999999998,2077-02-06,2077-02-07,2010.946000000229,0.0018175096054478788,1104418.4197499997,SELL series_1 fill_size=531.0000 fill_px=49.6800,,,,,,,,,0.232375,0.011593434771591169,0.008813542532569218,0,0,0,0.0,0.0,0.0,0.0,,-0.9327719426419435,,,,,,118632.67875000004,1106429.3657499999,,0.767625,0,0,0.8456765660376653,0,0.0,0.3025001974121594,6767.0,1.7057290980074302,0.9845676566037666,47.94980990186208,,,V3
,473.69000000000193,2077-02-08,2077-02-08,0.0,0.0,1106444.2717499998,,,,,,,,,,0.232375,0.011768099400639987,0.008825378722177483,0,0,0,0.0,0.0,0.0,0.0,,0.022107091261475226,,,,,,119106.36875000004,1106444.2717499998,,0.767625,0,0,1.0,0,0.0,0.3037811289568006,6767.0,1.7062650409504052,1.0,47.987948333748434,,,V3
,2909.809999999998,2077-02-08,2077-02-09,270.68000000016764,0.00024463952402415035,1106173.5917499997,,,,,,,,,,0.232375,0.011495925114224335,0.00903443521335623,0,0,0,0.0,0.0,0.0,0.0,,0.5794396659775566,,,,,,122016.17875000004,1106444.2717499998,BUY series_1 size=354.0000,0.767625,0,0,0.48999999999999994,0,0.0,0.30361076462572323,6767.0,1.7068164240072736,0.96,47.990952024194975,,,V3
,8545.20000000002,2077-02-10,2077-02-10,0.0,0.0,1114462.6817499998,BUY series_1 fill_size=354.0000 fill_px=49.7500,,,,,,,,,0.232375,0.01180456489019402,0.009059137265683824,0,0,0,0.0,0.0,0.0,0.0,,1.7703434299065535,,,,,,130561.37875000006,1114462.6817499998,SELL series_1 size=373.0000,0.767625,0,0,1.0,0,0.0,0.32459301322854733,7121.0,1.7075196238223933,1.0,49.05231259389533,,,V3
,1552.0399999999788,2077-02-11,2077-02-11,0.0,0.0,1117065.8797499998,SELL series_1 fill_size=373.0000 fill_px=50.9500,,,,,,,,,0.232375,0.011544625858718656,0.009098362582066005,0,0,0,0.0,0.0,0.0,0.0,,1.6986430191114006,,,,,,132113.41875000004,1117065.8797499998,,0.767625,0,0,0.9972826352517511,0,0.0,0.30916944672707436,6748.0,1.7080532083081734,0.9997282635251752,49.444290265759946,,,V3
,-1214.639999999998,2077-02-11,2077-02-12,22.380000000121072,2.0034628579945288e-05,1117043.4997499997,,,,,,,,,,0.232375,0.011388159245897906,0.009108484590983705,0,0,0,0.0,0.0,0.0,0.0,,1.899593284948206,,,,,,130898.77875000004,1117065.8797499998,SELL series_1 size=6748.0000,0.767625,0,0,0.7473142286452574,0,0.0,0.30917564094620664,6748.0,1.7085581691468938,0.9747314228645257,49.444290265759946,,,V3
CLOSE series_1 pnl_net=32261.85,0.0,2077-02-11,2077-02-13,1237.0200000000186,0.0011073832102694468,1115828.8597499998,SELL series_1 fill_size=6748.0000 fill_px=51.0000,,,,,,,,,0.232375,0.011112357185711016,0.009526504834356958,0,0,0,0.0,0.0,0.0,0.0,,1.8950189917122995,,,,,,130898.77875000004,1117065.8797499998,BUY series_1 size=5524.0000,0.767625,0,0,0.38704237736040104,0,0.0,0.0,0.0,1.7091816639003565,0.9387042377360402,48.597780892415464,,,V3
,1491.4800000000173,2077-02-11,2077-02-14,341.8759999999311,0.00030604819840745936,1116724.00375,BUY series_1 fill_size=5524.0000 fill_px=50.7500,,,,,,,,,0.232375,0.011122124512107331,0.009790989712048679,0,0,0,0.0,0.0,0.0,0.0,,1.5873543072603105,,,,,,132390.25875000007,1117065.8797499998,,0.767625,0,0,0.4558939245711237,0,0.0,0.2522771956669334,5524.0,1.7097827357363755,0.96,48.84865368581436,,,V3
,331.43999999997334,2077-02-15,2077-02-15,0.0,0.0,1117165.9237499998,,,,,,,,,,0.232375,0.01084512167690391,0.00982315795873418,0,0,0,0.0,0.0,0.0,0.0,,1.6859776853938686,,,,,,132721.69875000004,1117165.9237499998,,0.767625,0,0,0.30823588317342887,0,0.0,0.2525729741673926,5524.0,1.7103183469777692,0.96,49.018035565399046,,,V3
,1712.4400000000126,2077-02-16,2077-02-16,0.0,0.0,1118215.48375,,,,,,,,,,0.232375,0.011119725233837387,0.009880273809479662,0,0,0,0.0,0.0,0.0,0.0,,0.8002792490281073,,,,,,134434.13875000004,1118215.48375,BUY series_1 size=357.0000,0.767625,0,0,0.4640990301360946,0,0.0,0.2532745111436131,5524.0,1.7107815604682919,0.96,49.23103302501341,,,V3
,8527.450000000017,2077-02-17,2077-02-17,0.0,0.0,1126347.23375,BUY series_1 fill_size=357.0000 fill_px=51.3900,,,,,,,,,0.232375,0.011047324384134168,0.009889729321143848,0,0,0,0.0,0.0,0.0,0.0,,1.1704887937576214,,,,,,142961.58875000005,1126347.23375,,0.767625,0,0,1.0,0,0.0,0.2749538070679352,5881.0,1.7108710757722718,1.0,50.502387808941016,,,V3
,2528.829999999998,2077-02-18,2077-02-18,0.0,0.0,1129329.4077499998,,,,,,,,,,0.232375,0.010613320921947108,0.010024385380916977,0,0,0,0.0,0.0,0.0,0.0,,1.1869726080107208,,,,,,145490.41875000004,1129329.4077499998,SELL series_1 size=5881.0000,0.767625,0,0,1.0,0,0.0,0.2768835805161473,5881.0,1.7108662802886787,1.0,50.92364582258809,,,V3
CLOSE series_1 pnl_net=14591.64,0.0,2077-02-19,2077-02-19,0.0,0.0,1129917.5077499999,SELL series_1 fill_size=5881.0000 fill_px=53.2700,,,,,,,,,0.3460649295426176,0.010554514811733046,0.010477866431353181,0,0,0,0.0,0.0,0.0,0.47517096129520614,,1.6037019943713207,,,,,,145490.41875000004,1129917.5077499999,,0.6539350704573824,0,0,0.87666047421381,0,0.0,0.0,0.0,1.7108460802766297,0.987666047421381,,,,V3
,0.0,2077-02-19,2077-02-20,235.2399999999907,0.00020819218959481665,1129682.2677499999,,,,,,,,,,0.3331826727124696,0.010746558712514528,0.010551722849936784,0,0,0,0.0,0.0,0.0,0.3783615244810514,,1.2769701451235485,,,,,,145490.41875000004,1129917.5077499999,,0.6668173272875304,0,0,0.35293775806297106,0,0.0,0.0,0.0,1.710951981237188,0.9352937758062971,,,,V3
,0.0,2077-02-19,2077-02-21,235.2399999999907,0.00020819218959481665,1129682.2677499999,,,,,,,,,,0.3489160436418798,0.010870151185530192,0.010607440310925703,0,0,0,0.0,0.0,0.0,0.4695775004478741,,1.584824064011575,,,,,,145490.41875000004,1129917.5077499999,,0.6510839563581202,0,0,0.4067351516680846,0,0.0,0.0,0.0,1.7110106947728567,0.9406735151668085,,,,V3
,0.0,2077-02-19,2077-02-22,235.2399999999907,0.00020819218959481665,1129682.2677499999,,,,,,,,,,0.3269014139829183,0.010602521241515226,0.01061224095390392,0,0,0,0.0,0.0,0.0,0.3496201370292599,,1.1799679624737522,,,,,,145490.41875000004,1129917.5077499999,BUY series_1 size=4717.0000,0.6730985860170817,0,0,0.44907422033265226,0,0.0,0.0,0.0,1.7109781115349718,0.9449074220332653,50.8733527264405,,,V3
,-3349.0699999999706,2077-02-19,2077-02-23,4008.839999999851,0.0035479050218299897,1125908.66775,BUY series_1 fill_size=4717.0000 fill_px=52.4800,,,,,,,,,0.3477580157475896,0.010949658737509225,0.010730039073244645,0,0,0,0.0,0.0,0.0,0.4721213831583378,,1.5934096681593901,,,,,,142141.34875000006,1129917.5077499999,SELL series_1 size=4717.0000,0.6522419842524104,0,0,0.0,0,0.0,0.21651361871754274,4717.0,1.7113237981840423,0.96,50.105256103123324,,,V3
CLOSE series_1 pnl_net=-3349.07,0.0,2077-02-19,2077-02-24,4829.597999999765,0.004274292562841091,1125087.90975,SELL series_1 fill_size=4717.0000 fill_px=51.7700,,,,,,,,,0.232375,0.012208028881445317,0.01074620361693529,0,0,0,0.0,0.0,0.0,0.0,,1.6994147620324906,,,,,,142141.34875000006,1129917.5077499999,,0.767625,0,0,0.0,0,0.0,0.0,0.0,1.7117939554538752,0.9,,,,V3
,0.0,2077-02-19,2077-02-25,4999.409999999683,0.004424579640291607,1124918.0977500002,,,,,,,,,,0.232375,0.0135225562503819,0.010835265380464972,0,0,0,0.0,0.0,0.0,0.0,,0.4270267610787969,,,,,,142141.34875000006,1129917.5077499999,,0.767625,0,0,0.105,0,0.0,0.0,0.0,1.7121206841020729,0.9105,,,,V3
,0.0,2077-02-19,2077-02-26,4999.409999999683,0.004424579640291607,1124918.0977500002,,,,,,,,,,0.232375,0.01363482853023333,0.010867648234667564,0,0,0,0.0,0.0,0.0,0.0,,0.8665491953973313,,,,,,142141.34875000006,1129917.5077499999,,0.767625,0,0,0.03858427798262666,0,0.0,0.0,0.0,1.712426371524787,0.9038584277982626,,,,V3
,0.0,2077-02-19,2077-02-27,4999.409999999683,0.004424579640291607,1124918.0977500002,,,,,,,,,,0.232375,0.013171987294787997,0.010941707982311323,0,0,0,0.0,0.0,0.0,0.0,,0.8982716140484007,,,,,,142141.34875000006,1129917.5077499999,BUY series_1 size=4701.0000,0.767625,0,0,0.6739467492996494,0,0.0,0.0,0.0,1.7125855606794336,0.967394674929965,49.95586525305355,,,V3
,2162.460000000004,2077-02-19,2077-02-28,2977.9799999997485,0.002635572933045164,1126939.5277500001,BUY series_1 fill_size=4701.0000 fill_px=52.9900,,,,,,,,,0.232375,0.013121573934015278,0.011037557819471674,0,0,0,0.0,0.0,0.0,0.0,,0.32894168253073425,,,,,,144303.80875000005,1129917.5077499999,,0.767625,0,0,0.9143593590896438,0,0.0,0.22284019134672683,4701.0,1.712550012770067,0.9914359359089644,50.8440177349783,,,V3
,-329.07000000000136,2077-02-19,2077-03-01,3617.3159999996424,0.003201398310220707,1126300.1917500002,,,,,,,,,,0.232375,0.01345702589693069,0.01110585390555333,0,0,0,0.0,0.0,0.0,0.0,,-0.6956329490891838,,,,,,143974.73875000005,1129917.5077499999,,0.767625,0,0,0.6300496712968146,0,0.0,0.22313363865233485,4701.0,1.7126482029228995,0.9630049671296814,50.985159325336994,,,V3
,1316.279999999972,2077-02-19,2077-03-02,2395.055999999633,0.0021196733244437447,1127522.4517500002,,,,,,,,,,0.232375,0.013382621802647885,0.01111898842902475,0,0,0,0.0,0.0,0.0,0.0,,0.21875825416026143,,,,,,145291.01875000002,1129917.5077499999,BUY series_1 size=360.0000,0.767625,0,0,0.738106805874031,0,0.0,0.2239757794694397,4701.0,1.712642759674597,0.9738106805874032,51.30050508781292,,,V3
,2631.7200000000157,2077-02-19,2077-03-03,349.05599999963306,0.00030892166694071926,1129568.4517500002,BUY series_1 fill_size=360.0000 fill_px=53.6600,,,,,,,,,0.232375,0.013142131313641408,0.011121884584280336,0,0,0,0.0,0.0,0.0,0.0,,0.6131279362435283,,,,,,147922.73875000002,1129917.5077499999,,0.767625,0,0,0.7397683186194456,0,0.0,0.24248315325702877,5061.0,1.712521518598899,0.9739768318619446,51.71761186725485,,,V3
,7591.5,2077-03-04,2077-03-04,0.0,0.0,1137859.8517500001,,,,,,,,,,0.232375,0.012863496539580452,0.011147963082653096,0,0,0,0.0,0.0,0.0,0.0,,-0.0697082361661277,,,,,,155514.23875000002,1137859.8517500001,,0.767625,0,0,1.0,0,0.0,0.2480106487332173,5061.0,1.7120427233232685,1.0,53.26635387673665,,,V3
,-1720.7399999999814,2077-03-04,2077-03-05,1821.9599999999627,0.0016012165269719584,1136037.8917500002,,,,,,,,,,0.232375,0.012984940654941633,0.011364426724801712,0,0,0,0.0,0.0,0.0,0.0,,0.5095949108150781,,,,,,153793.49875000003,1137859.8517500001,,0.767625,0,0,0.7387624012455603,0,0.0,0.24680461984247007,5061.0,1.7116271645940113,0.9738762401245561,53.26635387673665,,,V3
,-4504.290000000003,2077-03-04,2077-03-06,3036.5999999998603,0.0026686942116198624,1134823.2517500003,,,,,,,,,,0.232375,0.012752928345083894,0.011485148527391693,0,0,0,0.0,0.0,0.0,0.0,,0.0,,,,,,149289.20875000002,1137859.8517500001,SELL series_1 size=383.0000,0.767625,0,0,0.6207645991005657,0,0.0,0.24599844915893523,5061.0,1.7112055126976795,0.9620764599100566,53.26635387673665,,,V3
,3602.0599999999813,2077-03-04,2077-03-07,3495.6500000001397,0.00307212702392471,1134364.20175,SELL series_1 fill_size=383.0000 fill_px=54.4500,,,,,,,,,0.232375,0.013761091732036117,0.011539755784269225,0,0,0,0.0,0.0,0.0,0.0,,-1.6261766401886624,,,,,,152891.26875,1137859.8517500001,,0.767625,0,0,0.3563918749112625,0,0.0,0.22730914780474293,4678.0,1.7107369020835097,0.96,53.26635387673665,,,V3
,1216.2799999999907,2077-03-04,2077-03-08,2201.0220000001136,0.0019343524570402907,1135658.82975,,,,,,,,,,0.232375,0.013583106565394845,0.011588553880303918,0,0,0,0.0,0.0,0.0,0.0,,-0.8004804124008577,,,,,,154107.54875,1137859.8517500001,,0.767625,0,0,0.4441707961694032,0,0.0,0.2282857784472749,4678.0,1.7101995216880104,0.96,53.26635387673665,,,V3
,-1029.1599999999946,2077-03-04,2077-03-09,2762.3819999999832,0.0024276996817767216,1135097.4697500002,,,,,,,,,,0.232375,0.01324579669795193,0.01163520582055032,0,0,0,0.0,0.0,0.0,0.0,,-0.2001169806774041,,,,,,153078.38874999998,1137859.8517500001,,0.767625,0,0,0.2290809472809917,0,0.0,0.2279041288471694,4678.0,1.709830433117339,0.96,53.26635387673665,,,V3
,1824.4200000000026,2077-03-04,2077-03-10,1078.3019999999087,0.0009476580075670189,1136781.5497500002,,,,,,,,,,0.232375,0.013247243782946668,0.011703141258578792,0,0,0,0.0,0.0,0.0,0.0,,-1.181082572233324,,,,,,154902.80875,1137859.8517500001,,0.767625,0,0,0.4655486869520339,0,0.0,0.229047946861261,4678.0,1.7093430950201745,0.96,53.26635387673665,,,V3
,3461.7200000000093,2077-03-11,2077-03-11,0.0,0.0,1139588.34975,,,,,,,,,,0.232375,0.013121759992515674,0.011736543195688249,0,0,0,0.0,0.0,0.0,0.0,,-1.5339445370575415,,,,,,158364.52875,1139588.34975,BUY series_1 size=346.0000,0.767625,0,0,0.7170380623014593,0,0.0,0.23094679763770545,4678.0,1.7087605359181544,0.971703806230146,53.809076166583225,,,V3
,9696.319999999998,2077-03-12,2077-03-12,0.0,0.0,1149088.9697500002,BUY series_1 fill_size=346.0000 fill_px=56.3900,,,,,,,,,0.232375,0.013700136534466247,0.01174645245907813,0,0,0,0.0,0.0,0.0,0.0,,-2.6419664030858687,,,,,,168060.84875,1149088.9697500002,,0.767625,0,0,1.0,0,0.0,0.25428478359127504,5024.0,1.7078527903499194,1.0,55.59414215468442,,,V3
,2763.1999999999857,2077-03-13,2077-03-13,0.0,0.0,1151130.8177500002,,,,,,,,,,0.232375,0.013324731221030372,0.011766012254784346,0,0,0,0.0,0.0,0.0,0.0,,-1.7994796051130522,,,,,,170824.04875,1151130.8177500002,,0.767625,0,0,1.0,0,0.0,0.25562314505240336,5024.0,1.7071113960337856,1.0,56.04456057220697,,,V3
,10500.160000000018,2077-03-14,2077-03-14,0.0,0.0,1159370.1777500003,,,,,,,,,,0.232375,0.013376823563158518,0.011779088042139892,0,0,0,0.0,0.0,0.0,0.0,,-2.151059387295876,,,,,,181324.20875,1159370.1777500003,,0.767625,0,0,1.0,0,0.0,0.26091324911173297,5024.0,1.7058343454267841,1.0,57.60352053133504,,,V3
,2562.23999999999,2077-03-15,2077-03-15,0.0,0.0,1165700.41775,,,,,,,,,,0.232375,0.01322766620337441,0.011802139301405272,0,0,0,0.0,0.0,0.0,0.0,,-1.9688585922182693,,,,,,183886.44874999998,1165700.41775,,0.767625,0,0,1.0,0,0.0,0.2649267987705497,5024.0,1.7045970261654808,1.0,58.865411921953964,,,V3
,4521.599999999993,2077-03-16,2077-03-16,0.0,0.0,1168966.01775,,,,,,,,,,0.232375,0.013246237841305663,0.011854068110893193,0,0,0,0.0,0.0,0.0,0.0,,-0.939804047802787,,,,,,188408.04875,1168966.01775,,0.767625,0,0,1.0,0,0.0,0.266980284508788,5024.0,1.7036035592464551,1.0,59.55288249895725,,,V3
,4672.319999999999,2077-03-17,2077-03-17,0.0,0.0,1173487.6177500002,,,,,,,,,,0.232375,0.013044361546554898,0.01189867041055081,0,0,0,0.0,0.0,0.0,0.0,,-0.9903658738164465,,,,,,193080.36875,1173487.6177500002,,0.767625,0,0,1.0,0,0.0,0.26980470454989597,5024.0,1.7023456582879186,1.0,60.46910517760317,,,V3
,5275.199999999986,2077-03-18,2077-03-18,0.0,0.0,1180069.0577500002,,,,,,,,,,0.232375,0.013203482188025174,0.011944524989795166,0,0,0,0.0,0.0,0.0,0.0,,-1.6967384915979018,,,,,,198355.56874999998,1180069.0577500002,,0.767625,0,0,1.0,0,0.0,0.27387712428984745,5024.0,1.7008961568710124,1.0,61.747026236345796,,,V3
,3516.8000000000143,2077-03-19,2077-03-19,0.0,0.0,1183585.8577500002,,,,,,,,,,0.232375,0.012782654905386414,0.012050398290004082,0,0,0,0.0,0.0,0.0,0.0,,-1.425751928797003,,,,,,201872.36875,1183585.8577500002,SELL series_1 size=300.0000,0.767625,0,0,1.0,0,0.0,0.2760346601479997,5024.0,1.6992121631726897,1.0,62.37581007660681,,,V3
,1795.1200000000456,2077-03-20,2077-03-20,0.0,0.0,1185670.4177500003,SELL series_1 fill_size=300.0000 fill_px=65.0500,,,,,,,,,0.32101952434017944,0.01269234807963598,0.012151251174412188,0,0,0,0.0,0.0,0.0,0.3385347040097975,,-1.1425546260330666,,,,,,203667.48875000005,1185670.4177500003,SELL series_1 size=469.0000,0.6789804756598206,0,0,0.9812029284851451,0,0.0,0.26084844099164495,4724.0,1.6974191146466446,0.9981202928485146,62.86968078542061,,,V3
,7701.549999999949,2077-03-21,2077-03-21,0.0,0.0,1193435.9077500002,SELL series_1 fill_size=469.0000 fill_px=65.4300,,,,,,,,,0.232375,0.012924967814595938,0.012203346684658906,0,0,0,0.0,0.0,0.0,0.0,,-0.03299336019533265,,,,,,211369.03875,1193435.9077500002,SELL series_1 size=4255.0000,0.767625,0,0,1.0,0,0.0,0.23994711248455808,4255.0,1.6952154536965225,1.0,64.56827501503342,,,V3
CLOSE series_1 pnl_net=69227.69,0.0,2077-03-21,2077-03-22,262.8040000000037,0.00022020788740592816,1193173.1037500002,SELL series_1 fill_size=4255.0000 fill_px=67.2400,,,,,,,,,0.2901255425543101,0.013001441345186245,0.012643916159816916,0,0,0,0.0,0.0,0.0,0.19760701374455827,,0.6669236713878842,,,,,,211369.03875,1193435.9077500002,,0.7098744574456899,0,0,1.0,0,0.0,0.0,0.0,1.6938479217890907,1.0,,,,V3
,0.0,2077-03-21,2077-03-23,364.9240000001155,0.00030577595129353135,1193070.9837500001,,,,,,,,,,0.29261238832751557,0.012690996451205864,0.012692212916792968,0,0,0,0.0,0.0,0.0,0.2078853030065908,,0.701612897647244,,,,,,211369.03875,1193435.9077500002,,0.7073876116724844,0,0,1.0,0,0.0,0.0,0.0,1.6939089283457849,1.0,,,,V3
,0.0,2077-03-21,2077-03-24,364.9240000001155,0.00030577595129353135,1193070.9837500001,,,,,,,,,,0.2535148939082503,0.012773340246474375,0.012746870318539104,0,0,0,0.0,0.0,0.0,0.06208472456414512,,0.20953594540398976,,,,,,211369.03875,1193435.9077500002,,0.7464851060917497,0,0,0.6581322477089597,0,0.0,0.0,0.0,1.6943286441994196,0.965813224770896,,,,V3
,0.0,2077-03-21,2077-03-25,364.9240000001155,0.00030577595129353135,1193070.9837500001,,,,,,,,,,0.31541406145056006,0.01314136701049864,0.012771299056335327,0,0,0,0.0,0.0,0.0,0.28785923313370326,,-0.9715249118262486,,,,,,211369.03875,1193435.9077500002,,0.6845859385494399,0,0,0.2543400304745554,0,0.0,0.0,0.0,1.6948665528942275,0.9254340030474556,,,,V3
,0.0,2077-03-21,2077-03-26,364.9240000001155,0.00030577595129353135,1193070.9837500001,,,,,,,,,,0.29512879573232487,0.012711014526917391,0.012771299056335327,0,0,0,0.0,0.0,0.0,0.19662023490643574,,-0.6635932928092206,,,,,,211369.03875,1193435.9077500002,,0.7048712042676751,0,0,0.0,0,0.0,0.0,0.0,1.6955818492988262,0.9,,,,V3
,0.0,2077-03-21,2077-03-27,364.9240000001155,0.00030577595129353135,1193070.9837500001,,,,,,,,,,0.25025533126767496,0.013106322340573058,0.012781723439495211,0,0,0,0.0,0.0,0.0,0.048453312633757774,,-0.1635299301389325,,,,,,211369.03875,1193435.9077500002,,0.749744668732325,0,0,0.0,0,0.0,0.0,0.0,1.6965890229329157,0.9,,,,V3
,0.0,2077-03-21,2077-03-28,364.9240000001155,0.00030577595129353135,1193070.9837500001,,,,,,,,,,0.33286011622986345,0.013150858794350325,0.012855412376161049,0,0,0,0.0,0.0,0.0,0.3624497394319414,,1.2232678705828022,,,,,,211369.03875,1193435.9077500002,,0.6671398837701366,0,0,0.0,0,0.0,0.0,0.0,1.6976240234230784,0.9,,,,V3
,0.0,2077-03-21,2077-03-29,364.9240000001155,0.00030577595129353135,1193070.9837500001,,,,,,,,,,0.232375,0.013641852081376702,0.01291882068709439,0,0,0,0.0,0.0,0.0,0.0,,-0.15223854702957107,,,,,,211369.03875,1193435.9077500002,,0.767625,0,0,0.059895966047655964,0,0.0,0.0,0.0,1.6985095246290056,0.9059895966047656,,,,V3
,0.0,2077-03-21,2077-03-30,364.9240000001155,0.00030577595129353135,1193070.9837500001,,,,,,,,,,0.232375,0.01390400234602342,0.012978943370907063,0,0,0,0.0,0.0,0.0,0.0,,1.6960893429095747,,,,,,211369.03875,1193435.9077500002,,0.767625,0,0,0.0,0,0.0,0.0,0.0,1.6994125328654863,0.9,,,,V3
,0.0,2077-03-21,2077-03-31,364.9240000001155,0.00030577595129353135,1193070.9837500001,,,,,,,,,,0.232375,0.014250553522778106,0.012999791276161785,0,0,0,0.0,0.0,0.0,0.0,,1.0682324641135894,,,,,,211369.03875,1193435.9077500002,,0.767625,0,0,0.02754793459034932,0,0.0,0.0,0.0,1.7002186713309326,0.902754793459035,,,,V3
,0.0,2077-03-21,2077-04-01,364.9240000001155,0.00030577595129353135,1193070.9837500001,,,,,,,,,,0.232375,0.014437775434190635,0.013040069526418032,0,0,0,0.0,0.0,0.0,0.0,,2.0513998794177817,,,,,,211369.03875,1193435.9077500002,,0.767625,0,0,0.0,0,0.0,0.0,0.0,1.7009722090036041,0.9,,,,V3
,0.0,2077-03-21,2077-04-02,364.9240000001155,0.00030577595129353135,1193070.9837500001,,,,,,,,,,0.232375,0.014180249173320638,0.013100126261171243,0,0,0,0.0,0.0,0.0,0.0,,2.213354682787228,,,,,,211369.03875,1193435.9077500002,,0.767625,0,0,0.0,0,0.0,0.0,0.0,1.7015948126269809,0.9,,,,V3
,0.0,2077-03-21,2077-04-03,364.9240000001155,0.00030577595129353135,1193070.9837500001,,,,,,,,,,0.232375,0.014045552485254265,0.013120048774671055,0,0,0,0.0,0.0,0.0,0.0,,1.3826961846508936,,,,,,211369.03875,1193435.9077500002,,0.767625,0,0,0.0,0,0.0,0.0,0.0,1.5356970882353655,0.9,,,,V3
,0.0,2077-03-21,2077-04-04,364.9240000001155,0.00030577595129353135,1193070.9837500001,,,,,,,,,,0.232375,0.01399191099015484,0.013121741386665635,0,0,0,0.0,0.0,0.0,0.0,,1.7379625371745644,,,,,,211369.03875,1193435.9077500002,,0.767625,0,0,0.0,0,0.0,0.0,0.0,1.34845410366925,0.8090724622015499,,,,V3
,0.0,2077-03-21,2077-04-05,364.9240000001155,0.00030577595129353135,1193070.9837500001,,,,,,,,,,0.39256588731202857,0.013580486102249633,0.013139406308700342,0,0,0,0.0,0.0,0.0,0.5840572005308545,,1.971193051791634,,,,,,211369.03875,1193435.9077500002,,0.6074341126879714,0,0,0.0,0,0.0,0.0,0.0,1.1534091280303207,0.6920454768181924,,,,V3
,0.0,2077-03-21,2077-04-06,364.9240000001155,0.00030577595129353135,1193070.9837500001,,,,,,,,,,0.232375,0.014577378939853178,0.01314205488332713,0,0,0,0.0,0.0,0.0,0.0,,0.4602654602240242,,,,,,211369.03875,1193435.9077500002,,0.767625,0,0,0.07085629608864878,0,0.0,0.0,0.0,1.0123090344655208,0.6144710502881773,,,,V3
,0.0,2077-03-21,2077-04-07,364.9240000001155,0.00030577595129353135,1193070.9837500001,,,,,,,,,,0.232375,0.014143359745763449,0.013149986046279432,0,0,0,0.0,0.0,0.0,0.0,,0.5633939204044521,,,,,,211369.03875,1193435.9077500002,,0.767625,0,0,0.13381897882589502,0,0.0,0.0,0.0,0.9306322879706652,0.5717612706649886,,,,V3
,0.0,2077-03-21,2077-04-08,364.9240000001155,0.00030577595129353135,1193070.9837500001,,,,,,,,,,0.28415187356128624,0.013808912005103775,0.01316987444474423,0,0,0,0.0,0.0,0.0,0.09005143609925474,,0.30392359683498477,,,,,,211369.03875,1193435.9077500002,,0.7158481264387138,0,0,0.07358944239689934,0,0.0,0.0,0.0,0.8521950653327918,0.518675983439365,,,,V3
,0.0,2077-03-21,2077-04-09,364.9240000001155,0.00030577595129353135,1193070.9837500001,,,,,,,,,,0.2857819408853448,0.013770412608725467,0.013200332698701456,0,0,0,0.0,0.0,0.0,0.08616456227391256,,-0.2908053976744549,,,,,,211369.03875,1193435.9077500002,,0.7142180591146552,0,0,0.03832385971379349,0,0.0,0.0,0.0,0.7911310989675797,0.47851104535192723,,,,V3
,0.0,2077-03-21,2077-04-10,364.9240000001155,0.00030577595129353135,1193070.9837500001,,,,,,,,,,0.2383528160683428,0.01357663792853561,0.013225247801839486,0,0,0,0.0,0.0,0.0,0.006890250798745029,,-0.023254596445764473,,,,,,211369.03875,1193435.9077500002,,0.7616471839316572,0,0,0.0,0,0.0,0.0,0.0,0.6608877167739857,0.39653263006439143,,,,V3
,0.0,2077-03-21,2077-04-11,364.9240000001155,0.00030577595129353135,1193070.9837500001,,,,,,,,,,0.29258545581416284,0.013217534619997461,0.013226653045036715,0,0,0,0.0,0.0,0.0,0.0578219802170837,,0.19514918323265748,,,,,,211369.03875,1193435.9077500002,,0.7074145441858372,0,0,0.0,0,0.0,0.0,0.0,0.46382324200602154,0.27829394520361295,,,,V3
,0.0,2077-03-21,2077-04-12,364.9240000001155,0.00030577595129353135,1193070.9837500001,,,,,,,,,,0.4136586856690432,0.01359891826241124,0.013243983648494178,0,0,0,0.0,0.0,0.0,0.2184537895812616,,-0.7372815398367579,,,,,,211369.03875,1193435.9077500002,,0.5863413143309568,0,0,0.02869101497480053,0,0.0,0.0,0.0,0.33406753988604226,0.2033096254291054,,,,V3
,0.0,2077-03-21,2077-04-13,364.9240000001155,0.00030577595129353135,1193070.9837500001,,,,,,,,,,0.43703004504155085,0.013322383546411435,0.01324619372697029,0,0,0,0.0,0.0,0.0,0.25682728799008236,,-0.8667920969665279,,,,,,211369.03875,1193435.9077500002,,0.5629699549584491,0,0,0.10626508382621828,0,0.0,0.0,0.0,0.28628483966114854,0.18239741217931094,,,,V3
,0.0,2077-03-21,2077-04-14,364.9240000001155,0.00030577595129353135,1193070.9837500001,,,,,,,,,,0.4383375763053121,0.012921102144598942,0.01324619372697029,0,0,0,0.0,0.0,0.0,0.2677554829289203,,-0.9036747548851061,,,,,,211369.03875,1193435.9077500002,,0.5616624236946879,0,0,0.3724259561425472,0,0.0,0.0,0.0,0.25001491010677845,0.1872515416783218,,,,V3
,0.0,2077-03-21,2077-04-15,364.9240000001155,0.00030577595129353135,1193070.9837500001,,,,,,,,,,0.3555852100899186,0.01301204235394265,0.01324619372697029,0,0,0,0.0,0.0,0.0,0.12066863461375567,,0.4072566418214254,,,,,,211369.03875,1193435.9077500002,,0.6444147899100814,0,0,0.771956898236198,0,0.0,0.0,0.0,0.24152648170086763,0.22211157884414037,,,,V3
,0.0,2077-03-21,2077-04-16,364.9240000001155,0.00030577595129353135,1193070.9837500001,,,,,,,,,,0.39172842685527987,0.013151006444636338,0.01324619372697029,0,0,0,0.0,0.0,0.0,0.1250453240277936,,-0.42202796859380337,,,,,,211369.03875,1193435.9077500002,,0.6082715731447201,0,0,0.16452937136353502,0,0.0,0.0,0.0,0.2219137571316745,0.14960119141535821,,,,V3
,0.0,2077-03-21,2077-04-17,364.9240000001155,0.00030577595129353135,1193070.9837500001,,,,,,,,,,0.4131902763181985,0.01289917840404907,0.01324619372697029,0,0,0,0.0,0.0,0.0,0.144180762213003,,-0.48661007246888516,,,,,,211369.03875,1193435.9077500002,,0.5868097236818015,0,0,0.145534547623673,0,0.0,0.0,0.0,0.20058865152429933,0.1349066456769469,,,,V3
,0.0,2077-03-21,2077-04-18,364.9240000001155,0.00030577595129353135,1193070.9837500001,,,,,,,,,,0.38579634080248293,0.012899205372753395,0.01324619372697029,0,0,0,0.0,0.0,0.0,0.18569518036503774,,0.6267212337320024,,,,,,211369.03875,1193435.9077500002,,0.6142036591975171,0,0,1.0,0,0.0,0.0,0.0,0.229885179648244,0.2379311077889464,,,,V3
,0.0,2077-03-21,2077-04-19,364.9240000001155,0.00030577595129353135,1193070.9837500001,,,,,,,,,,0.28773697170329293,0.012757871585081376,0.01324619372697029,0,0,0,0.0,0.0,0.0,0.05221006209913529,,0.17620895958458163,,,,,,211369.03875,1193435.9077500002,,0.7122630282967071,0,0,1.0,0,0.0,0.0,0.0,0.2964391224052359,0.27786347344314155,,,,V3
,0.0,2077-03-21,2077-04-20,364.9240000001155,0.00030577595129353135,1193070.9837500001,,,,,,,,,,0.38998044392181974,0.012529265275454093,0.01324619372697029,0,0,0,0.0,0.0,0.0,0.23917895398975855,,0.8072289697154351,,,,,,211369.03875,1193435.9077500002,BUY series_1 size=2178.0000,0.6100195560781803,0,0,0.8202063962483281,0,0.0,0.0,0.0,0.3499226563698095,0.2919742334467185,55.37812792296428,,,V3
,2896.739999999996,2077-04-21,2077-04-21,0.0,0.0,1195967.7237500001,BUY series_1 fill_size=2178.0000 fill_px=60.1700,,,,,,,,,0.3208843722186946,0.012288346456647854,0.01324619372697029,0,0,0,0.0,0.0,0.0,0.12003088484425632,,0.40510423634936504,,,,,,214265.77875,1195967.7237500001,,0.6791156277813054,0,0,1.0,0,0.0,0.11199884189182324,2178.0,0.42436210697772797,0.35461726418663686,56.81540449989541,,,V3
,2504.699999999997,2077-04-22,2077-04-22,0.0,0.0,1197988.9077500002,,,,,,,,,,0.32796624991894907,0.012475070427551586,0.01324619372697029,0,0,0,0.0,0.0,0.0,0.148374960850173,,-0.5007654928693338,,,,,,216770.47875,1197988.9077500002,,0.6720337500810509,0,0,0.8684647326372941,0,0.0,0.11366429114585429,2178.0,0.5134034308902407,0.3948885317978738,57.92858989276002,,,V3
,-1154.3400000000024,2077-04-22,2077-04-23,2156.219999999972,0.0017998664144976693,1195832.6877500003,,,,,,,,,,0.434507953281137,0.012735913804102451,0.01324619372697029,0,0,0,0.0,0.0,0.0,0.5534028461907033,,-1.867734605893624,,,,,,215616.13875,1197988.9077500002,,0.565492046718863,0,0,0.619429418605801,0,0.0,0.11206612879277347,2178.0,0.5714830561911781,0.40483277557528696,57.92858989276002,,,V3
,-1219.6799999999894,2077-04-22,2077-04-24,2047.3200000000652,0.001708964070331197,1195941.5877500002,,,,,,,,,,0.4326149621313149,0.012508271418495573,0.01324619372697029,0,0,0,0.0,0.0,0.0,0.5734027691380191,,-1.9352343458408148,,,,,,214396.45875000002,1197988.9077500002,,0.5673850378686851,0,0,0.4392341455402894,0,0.0,0.11214698223876525,2178.0,0.6147492730397505,0.4288495638238503,57.92858989276002,,,V3
,958.319999999995,2077-04-22,2077-04-25,1698.8400000000838,0.001418076568998252,1196290.0677500002,,,,,,,,,,0.43498332234809034,0.012617447112886515,0.01324619372697029,0,0,0,0.0,0.0,0.0,0.6211001931745191,,-2.096213151964002,,,,,,215354.77875000003,1197988.9077500002,,0.5650166776519097,0,0,0.3822759754635809,0,0.0,0.1124056143447823,2178.0,0.6530539581738658,0.4518323749043195,57.92858989276002,,,V3
,-5227.199999999997,2077-04-22,2077-04-26,6098.40000000014,0.005090531273326924,1191890.50775,,,,,,,,,,0.39101615042689464,0.012281250609978754,0.01324619372697029,0,0,0,0.0,0.0,0.0,0.3687865275596376,,-1.2446545305137768,,,,,,210127.57875000004,1197988.9077500002,,0.6089838495731054,0,0,0.0,0,0.0,0.10912928591531523,2178.0,0.641406684856263,0.44484401091375775,57.92858989276002,,,V3
,4464.899999999994,2077-04-22,2077-04-27,1785.9599999999627,0.0014907984443313911,1196202.9477500003,,,,,,,,,,0.37301048297131345,0.012034682694027198,0.01324619372697029,0,0,0,0.0,0.0,0.0,0.31091160457498274,,-1.0493266654405669,,,,,,214592.47875000004,1197988.9077500002,,0.6269895170286865,0,0,0.5303671312021224,0,0.0,0.11234097044549769,2178.0,0.6714252543190324,0.46285515259141946,57.92858989276002,,,V3
,609.8400000000024,2077-04-22,2077-04-28,1219.6800000001676,0.0010181062546655013,1196769.22775,,,,,,,,,,0.373127025704578,0.011983332321092546,0.01324619372697029,0,0,0,0.0,0.0,0.0,0.32952516211333366,,-1.1121474221325012,,,,,,215202.31875000003,1197988.9077500002,,0.626872974295422,0,0,0.20638151339915825,0,0.0,0.11276098755790388,2178.0,0.7164769720177808,0.4898861832106685,57.92858989276002,,,V3
,-2308.680000000005,2077-04-22,2077-04-29,3593.7000000001863,0.00299977735749631,1194395.20775,,,,,,,,,,0.41090896142777333,0.012182075412069355,0.01324619372697029,0,0,0,0.0,0.0,0.0,0.5198791004504476,,-1.7545919640202607,,,,,,212893.63875000004,1197988.9077500002,,0.5890910385722267,0,0,0.02388500569702584,0,0.0,0.11099748152016141,2178.0,0.7321629600875086,0.49929777605250514,57.92858989276002,,,V3
,-2657.1599999999976,2077-04-22,2077-04-30,6250.860000000102,0.005217794555160063,1191738.0477500001,,,,,,,,,,0.420486019538868,0.011893421018321262,0.01324619372697029,0,0,0,0.0,0.0,0.0,0.5656447930113498,,-1.9090511764133056,,,,,,210236.47875000004,1197988.9077500002,,0.579513980461132,0,0,0.0,0,0.0,0.1090153161135406,2178.0,0.7113263740762643,0.4867958244457586,57.92858989276002,,,V3
,-2090.880000000002,2077-04-22,2077-05-01,8799.120000000112,0.007344909408657344,1189189.7877500001,,,,,,,,,,0.39757037712410215,0.011646700329114204,0.01324619372697029,0,0,0,0.0,0.0,0.0,0.4050392537445666,,-1.3670074813879123,,,,,,208145.59875000003,1197988.9077500002,,0.6024296228758979,0,0,0.0,0,0.0,0.10710606608974386,2178.0,0.6551979545001305,0.45311877270007833,57.92858989276002,,,V3
,-1677.0599999999913,2077-04-22,2077-05-02,10236.600000000093,0.00854482035165579,1187752.3077500002,,,,,,,,,,0.39094722228382683,0.011374635075202932,0.01324619372697029,0,0,0,0.0,0.0,0.0,0.35272980822986216,,-1.1904631027757848,,,,,,206468.53875000004,1197988.9077500002,SELL series_1 size=2178.0000,0.6090527777161732,1,0,0.0,0,0.0,0.10602543912422047,2178.0,0.6096901162890628,0.42581406977343766,,,,V3
CLOSE series_1 pnl_net=-4900.50,0.0,2077-04-22,2077-05-03,10018.800000000047,0.008363015663322652,1187970.1077500002,SELL series_1 fill_size=2178.0000 fill_px=57.9200,,,,,,,,,0.34162454483949034,0.011446367638098266,0.01324619372697029,0,0,0,0.0,0.0,0.0,0.15842934155700752,,-0.5346990277549004,,,,,,206468.53875000004,1197988.9077500002,,0.6583754551605097,0,0,0.025534508892380084,0,0.0,0.0,0.0,0.5776221279890084,0.3491267276826431,,,,V3
,0.0,2077-04-22,2077-05-04,10105.920000000158,0.008435737538655985,1187882.98775,,,,,,,,,,0.3163926959485881,0.01139687559277861,0.01324619372697029,0,0,0,0.0,0.0,0.0,0.09414028224514587,,-0.3177234525773673,,,,,,206468.53875000004,1197988.9077500002,,0.6836073040514119,0,0,0.0,0,0.0,0.0,0.0,0.4967137952885616,0.29802827717313696,,,,V3
,0.0,2077-04-22,2077-05-05,10105.920000000158,0.008435737538655985,1187882.98775,,,,,,,,,,0.4091870314422892,0.011903973328106677,0.01324619372697029,0,0,0,0.0,0.0,0.0,0.27958082360215647,,-0.943585279657278,,,,,,206468.53875000004,1197988.9077500002,,0.5908129685577108,0,0,0.04491678387999351,0,0.0,0.0,0.0,0.4489311023170437,0.2738503397782256,,,,V3
,0.0,2077-04-22,2077-05-06,10105.920000000158,0.008435737538655985,1187882.98775,,,,,,,,,,0.4169161064658644,0.011977144377227257,0.01324619372697029,0,0,0,0.0,0.0,0.0,0.2770722786608551,,-0.9351189404803859,,,,,,206468.53875000004,1197988.9077500002,,0.5830838935341356,0,0,0.005597233214799774,0,0.0,0.0,0.0,0.41310381167575666,0.24842201032693398,,,,V3
,0.0,2077-04-22,2077-05-07,10105.920000000158,0.008435737538655985,1187882.98775,,,,,,,,,,0.45106512494716,0.012156333778353992,0.01324619372697029,0,0,0,0.0,0.0,0.0,0.3977547319002308,,-1.342422220163279,,,,,,206468.53875000004,1197988.9077500002,,0.54893487505284,0,0,0.05671300440354968,0,0.0,0.0,0.0,0.38859296731620485,0.2388270808300779,,,,V3
,0.0,2077-04-22,2077-05-08,10105.920000000158,0.008435737538655985,1187882.98775,,,,,,,,,,0.40675123100966637,0.011969540069032137,0.01324619372697029,0,0,0,0.0,0.0,0.0,0.2978414319490373,,-1.0052148328280008,,,,,,206468.53875000004,1197988.9077500002,BUY series_1 size=2319.0000,0.5932487689903336,0,0,0.6190285824503972,0,0.0,0.0,0.0,0.39678236239061543,0.299972275679409,55.007328207219075,,,V3
,115.94999999999341,2077-04-22,2077-05-09,9989.970000000205,0.008338950331988332,1187998.93775,BUY series_1 fill_size=2319.0000 fill_px=59.5000,,,,,,,,,0.25506962021889357,0.011916370681335954,0.01324619372697029,0,0,0,0.0,0.0,0.0,0.021377503157680684,,-0.07214907315717231,,,,,,206584.48875000002,1197988.9077500002,BUY series_1 size=662.0000,0.7449303797811064,0,0,0.5752152040465065,0,0.0,0.1162429069688787,2319.0,0.41384951751483234,0.3083097105088994,55.49394762098914,,,V3
,8406.42,2077-04-22,2077-05-10,3001.904000000097,0.002505786139237395,1194987.0037500001,BUY series_1 fill_size=662.0000 fill_px=59.5500,,,,,,,,,0.3406128961058771,0.011562054760253659,0.01324619372697029,0,0,0,0.0,0.0,0.0,0.17268322589499951,,0.5828058873956233,,,,,,214990.90875000003,1197988.9077500002,SELL series_1 size=411.0000,0.6593871038941229,0,0,1.0,0,0.0,0.15466444356299133,2981.0,0.4761805784849069,0.38570834709094415,57.8108085052042,,,V3
,-3212.5,2077-04-22,2077-05-11,4700.234000000171,0.00392343699477811,1193288.67375,SELL series_1 fill_size=411.0000 fill_px=62.3700,,,,,,,,,0.3767231387887755,0.01133587692252004,0.01324619372697029,0,0,0,0.0,0.0,0.0,0.2668830135624458,,0.9007301707732546,,,,,,211778.40875000003,1197988.9077500002,,0.6232768612112245,0,0,0.679646414272587,0,0.0,0.13197946436973795,2570.0,0.5204364410182838,0.380226506038229,57.8108085052042,,,V3
,2390.0999999999995,2077-04-22,2077-05-12,2653.662000000244,0.002215097304184738,1195335.24575,,,,,,,,,,0.38328741324964555,0.011935313360299772,0.01324619372697029,0,0,0,0.0,0.0,0.0,0.3308962051592657,,-1.1167746924125217,,,,,,214168.50875000004,1197988.9077500002,,0.6167125867503545,0,0,0.8969381073689154,0,0.0,0.1335165181211256,2570.0,0.578055137977747,0.43652689352353974,58.07054406826281,,,V3
,-1285.0,2077-04-22,2077-05-13,4195.662000000244,0.0035022544640086156,1193793.24575,,,,,,,,,,0.41087429573747103,0.011946789698249194,0.01324619372697029,0,0,0,0.0,0.0,0.0,0.4478950925828813,,-1.5116459374672244,,,,,,212883.50875000004,1197988.9077500002,,0.589125704262529,0,0,0.4590718282685621,0,0.0,0.13239729790957397,2570.0,0.617223406926583,0.4303340441559498,58.07054406826281,,,V3
,-3186.799999999987,2077-04-22,2077-05-14,7973.562000000151,0.006655789505577039,1190015.34575,,,,,,,,,,0.23926587125453702,0.011925903037127414,0.01324619372697029,0,0,0,0.0,0.0,0.0,0.008430961869192852,,0.028454496308525878,,,,,,209696.70875000005,1197988.9077500002,BUY series_1 size=482.0000,0.760734128745463,0,0,0.04788335807992384,0,0.0,0.12964295002663834,2570.0,0.5996551124359922,0.41979306746159534,58.07054406826281,,,V3
,3692.920000000003,2077-04-22,2077-05-15,2553.882000000216,0.0021318077183175117,1195435.02575,BUY series_1 fill_size=482.0000 fill_px=60.3100,,,,,,,,,0.24971879381773432,0.012000719381781131,0.01324619372697029,0,0,0,0.0,0.0,0.0,0.02337244813704918,,0.07888201246254099,,,,,,213389.62875000006,1197988.9077500002,,0.7502812061822657,0,0,0.7181100955424162,0,0.0,0.15790586350067048,3052.0,0.6274592755895885,0.44828657490799473,57.75000193803695,,,V3
,-4028.640000000001,2077-04-22,2077-05-16,7643.666000000434,0.006380414668743775,1190345.2417499998,,,,,,,,,,0.3064238424548362,0.01172199706734019,0.01324619372697029,0,0,0,0.0,0.0,0.0,0.11486207006000627,,0.3876594864525212,,,,,,209360.98875000005,1197988.9077500002,SELL series_1 size=343.0000,0.6935761575451638,0,0,0.0,0,0.0,0.15435051408269304,3052.0,0.6134102334870994,0.42804614009225966,57.75000193803695,,,V3
,1896.2999999999884,2077-04-22,2077-05-17,5395.196000000462,0.004503544202369482,1192593.7117499998,SELL series_1 fill_size=343.0000 fill_px=60.2000,,,,,,,,,0.4112549756456112,0.01142035767642185,0.01324619372697029,0,0,0,0.0,0.0,0.0,0.45096691488126545,,1.5220133377242708,,,,,,211257.28875000004,1197988.9077500002,SELL series_1 size=424.0000,0.5887450243543888,0,0,0.2924866794187112,0,0.0,0.13863084164463357,2709.0,0.6190060372323839,0.4314036223394303,57.75000193803695,,,V3
,6055.249999999996,2077-04-22,2077-05-18,377.61600000038743,0.0003152082607422517,1197611.2917499999,SELL series_1 fill_size=424.0000 fill_px=60.9000,,,,,,,,,0.3619423140896373,0.011149614265756773,0.01324619372697029,0,0,0,0.0,0.0,0.0,0.2887260272517403,,0.9744503419746235,,,,,,217312.53875000004,1197988.9077500002,,0.6380576859103627,0,0,0.9411039883668307,0,0.0,0.12067876363190612,2285.0,0.6618312964147899,0.491209176685557,58.95336889863964,,,V3
,-4432.899999999995,2077-04-22,2077-05-19,3644.3640000002924,0.0030420682332067206,1194344.54375,,,,,,,,,,0.3632263448706019,0.01165155116331545,0.01324619372697029,0,0,0,0.0,0.0,0.0,0.27423790248370267,,-0.9255529208824965,,,,,,212879.63875000004,1197988.9077500002,,0.6367736551293981,0,0,0.20015707702032043,0,0.0,0.1182921215986842,2285.0,0.6654852863025842,0.45929117178155054,58.95336889863964,,,V3
,4455.750000000006,2077-05-20,2077-05-20,0.0,0.0,1198297.59375,,,,,,,,,,0.3352636826576125,0.011505518426333744,0.01324619372697029,0,0,0,0.0,0.0,0.0,0.213297659072605,,0.7198795993700419,,,,,,217335.38875000004,1198297.59375,,0.6647363173423875,0,0,0.9059231105411037,0,0.0,0.12120077746755469,2285.0,0.7028201232555207,0.5122843850074228,59.06484359117398,,,V3
,-3404.6500000000046,2077-05-20,2077-05-21,3107.600000000093,0.002593345773377585,1195189.99375,,,,,,,,,,0.38728422478378266,0.011635950313384777,0.01324619372697029,0,0,0,0.0,0.0,0.0,0.379398174068786,,-1.280468837482153,,,,,,213930.73875000005,1198297.59375,,0.6127157752162173,0,0,0.0834838846923491,0,0.0,0.11891582153734878,2285.0,0.6963490015739601,0.4778094009443761,59.06484359117398,,,V3
,776.8999999999916,2077-05-20,2077-05-22,2079.350000000093,0.0017352534218923806,1196218.24375,,,,,,,,,,0.433948802033878,0.011742970760466149,0.01324619372697029,0,0,0,0.0,0.0,0.0,0.6672844130709629,,-2.2520848941144997,,,,,,214707.63875000004,1198297.59375,SELL series_1 size=301.0000 | BUY series_9 size=3278.0000,0.566051197966122,0,0,0.31089936029485776,0,0.0,0.11967318735352636,2285.0,0.7189100583743226,0.49134603502459356,59.06484359117398,,,V3
,-10025.177499999998,2077-05-20,2077-05-23,9682.240000000224,0.008079996196687868,1188615.3537499998,SELL series_1 fill_size=301.0000 fill_px=62.4100 | BUY series_9 fill_size=3278.0000 fill_px=114.8125,,,,,,,,,0.46379246709495237,0.01193360563351098,0.01324619372697029,0,0,0,0.0,0.31422034371478863,3278.0,0.9084591857264065,112.09312961626368,-2.616049751826622,,,,,,204682.46125000005,1198297.59375,,0.5362075329050476,0,0,0.0,0,0.0,0.10065089570192676,1984.0,0.6758517729641464,0.46551106377848783,59.06484359117398,,,V3
,2582.0225000000096,2077-05-20,2077-05-24,9202.876944000134,0.007679959462490687,1189094.7168059999,,,,,,,,,,0.4607871455617927,0.011743409373370699,0.01324619372697029,0,0,0,0.0,0.31288760663184434,3278.0,0.8664722041051872,112.09312961626368,-2.474343688855007,,,,,,207264.48375000007,1198297.59375,,0.5392128544382073,0,0,0.04731896579912964,0,0.0,0.10229550117481966,1984.0,0.6687309853012537,0.4612385911807523,59.06484359117398,,,V3
,3665.087500000003,2077-05-20,2077-05-25,6431.569304000121,0.005367255461035278,1191866.0244459999,,,,,,,,,,0.43260910425304844,0.011609256293271588,0.01324619372697029,0,0,0,0.0,0.31383606879293774,3278.0,0.6201469502544396,112.09312961626368,-1.6429959571087331,,,,,,210929.57125000007,1198297.59375,,0.5673908957469516,0,0,0.01873807901916578,0,0.0,0.10270684581087845,1984.0,0.6730689688291229,0.46384138129747376,59.06484359117398,,,V3
,1239.975140000004,2077-05-20,2077-05-26,4872.759304000065,0.0040664016429767325,1193424.834446,,,,,,,,,,0.38800766802466347,0.011765682243425554,0.01324619372697029,0,0,0,0.0,0.31582952420708554,3278.0,0.3651343181163564,112.09312961626368,-0.7823283236427025,,,,,,212169.54639000006,1198297.59375,,0.6119923319753365,0,0,0.015533505854301292,0,0.0,0.1014754817434459,1984.0,0.6600180618213056,0.45601083709278334,59.06484359117398,,,V3
,-3718.132500000008,2077-05-20,2077-05-27,8052.389304000186,0.0067198576931133775,1190245.2044459998,,,,,,,,,,0.4178154407056929,0.01198043759349121,0.01324619372697029,0,0,0,0.0,0.31495194959805234,3278.0,0.5025115902541791,112.09312961626368,-1.2459766171078546,,,,,,208451.41389000005,1198297.59375,,0.5821845592943071,0,0,0.0,0,0.0,0.10079644055851604,1984.0,0.6432133422265842,0.44592800533595056,59.06484359117398,,,V3
,1954.2648599999948,2077-05-20,2077-05-28,6749.191944000311,0.005632317029761465,1191548.4018059997,,,,,,,,,,0.4379073624948473,0.011982514222220863,0.01324619372697029,0,0,0,0.0,0.31207135558773713,3278.0,0.6588280910353919,112.09312961626368,-1.7735448072444477,,,,,,210405.67875000005,1198297.59375,,0.5620926375051527,0,0,0.6837764254862689,0,0.0,0.10431603098254781,1984.0,0.6578487075735585,0.46308686709276203,59.06484359117398,,,V3
,8326.242499999993,2077-05-20,2077-05-29,118.23194400011562,9.866659552416849e-05,1198179.361806,,,,,,,,,,0.3836634634503884,0.012072924361133698,0.01324619372697029,0,0,0,0.0,0.31308010883660803,3278.0,0.3976344084604493,112.09312961626368,-0.8920161285540164,,,,,,218731.92125000004,1198297.59375,,0.6163365365496116,0,0,1.0,0,0.0,0.10653710460142964,1984.0,0.7037956550917357,0.5222773930550414,60.05374624019667,,,V3
,-3946.499999999986,2077-05-20,2077-05-30,607.3419440002181,0.0005068373225215099,1197690.2518059998,,,,,,,,,,0.38218061721746,0.012199164983522042,0.01324619372697029,1,0,0,0.0,0.3128658469374401,3278.0,0.39946325862769455,,-0.898188497868469,,,,,,214785.42125000004,1198297.59375,BUY series_1 size=329.0000 | SELL series_9 size=3278.0000,0.61781938278254,0,0,0.7993530066915866,0,0.0,0.10651435110842315,1984.0,0.7564863578331156,0.533827115369028,60.12705008018262,,,V3
CLOSE series_9 pnl_net=-2560.94,-2521.170000000008,2077-05-20,2077-05-31,5161.489444000181,0.004307351922361465,1193136.1043059998,BUY series_1 fill_size=329.0000 fill_px=63.7400 | SELL series_9 fill_size=3278.0000 fill_px=114.0312,,,,,,,,,0.39673419449426073,0.012251744685226027,0.01324619372697029,0,0,0,0.0,0.0,0.0,0.4494095862686038,,-1.5167573536565377,,,,,,212264.25125000003,1198297.59375,,0.6032658055057393,0,0,0.10509731198576597,0,0.0,0.12145257316162442,2313.0,0.7460003089941523,0.5076001853964913,59.502260788741,,,V3
,5828.7600000000075,2077-05-20,2077-06-01,168.41044400027022,0.00014054141882505154,1198129.1833059997,,,,,,,,,,0.37263284038756117,0.01210344554156992,0.01324619372697029,0,0,0,0.0,0.0,0.0,0.37984365316072743,,-1.2819723294174552,,,,,,218093.01125000004,1198297.59375,,0.6273671596124388,0,0,0.966495009738859,0,0.0,0.12548312994526417,2313.0,0.7856171375184408,0.5680197834849503,60.70781358954522,,,V3
,2035.4399999999896,2077-06-02,2077-06-02,0.0,0.0,1200904.7833059998,,,,,,,,,,0.4025777704476119,0.012413305215516056,0.01324619372697029,0,0,0,0.0,0.0,0.0,0.5588410748825162,,-1.886088627728492,,,,,,220128.45125000004,1200904.7833059998,,0.5974222295523881,0,0,0.8842202710156749,0,0.0,0.12750436348373148,2313.0,0.8365355708567344,0.5903433696156082,61.82011261886342,,,V3
,393.21000000000396,2077-06-02,2077-06-03,23.12999999988824,1.9260477867540093e-05,1200881.653306,,,,,,,,,,0.3985259992042447,0.012167239459221208,0.01324619372697029,0,0,0,0.0,0.0,0.0,0.5537601518301526,,-1.8689405124267648,,,,,,220521.66125000003,1200904.7833059998,,0.6014740007957553,0,0,0.7888023502237039,0,0.0,0.12748755847716228,2313.0,0.8897751759230348,0.6127453405761912,61.83724743180174,,,V3
,-1318.4099999999842,2077-06-02,2077-06-04,1272.1499999999069,0.001059326282719746,1199632.633306,,,,,,,,,,0.38214603011863923,0.011757544798518576,0.01324619372697029,0,0,0,0.0,0.0,0.0,0.4450091904362072,,-1.5019060177221992,,,,,,219203.25125000006,1200904.7833059998,,0.6178539698813608,0,0,0.3996746609411529,0,0.0,0.12657912579581088,2313.0,0.8915550392511127,0.5949330235506676,61.83724743180174,,,V3
,1156.5,2077-06-02,2077-06-05,925.1999999999534,0.0007704191147052874,1199979.5833059999,,,,,,,,,,0.3696956730535157,0.011521694852965421,0.01324619372697029,0,0,0,0.0,0.0,0.0,0.3971916696784328,,-1.3405218851647107,,,,,,220359.75125000006,1200904.7833059998,,0.6303043269464843,0,0,0.3175678479754472,0,0.0,0.1268316579026241,2313.0,0.9252699647905962,0.6151619788743579,61.83724743180174,,,V3
,-809.5500000000197,2077-06-02,2077-06-06,925.1999999999534,0.0007704191147052874,1199979.5833059999,,,,,,,,,,0.3243064397821547,0.011382491143149728,0.01324619372697029,0,0,0,0.0,0.0,0.0,0.22416073712924264,,-0.7565424878111939,,,,,,219550.20125000004,1200904.7833059998,,0.6756935602178453,0,0,0.18613172955731627,0,0.0,0.1268316579026241,2313.0,0.9487677705870827,0.6292606623522496,61.83724743180174,,,V3
,-3816.4499999999803,2077-06-02,2077-06-07,4024.6200000001118,0.003351323148968262,1196880.1633059997,,,,,,,,,,0.34093019175150063,0.011336600247345575,0.01324619372697029,0,0,0,0.0,0.0,0.0,0.27848325824100373,,-0.9398809965633875,,,,,,215733.75125000006,1200904.7833059998,,0.6590698082484994,0,0,0.0,0,0.0,0.1245705163900201,2313.0,0.9323218355804259,0.6193931013482554,61.83724743180174,,,V3
,-346.9500000000131,2077-06-02,2077-06-08,4602.870000000112,0.003832835095659091,1196301.9133059997,,,,,,,,,,0.26617629722819336,0.011058467068608998,0.01324619372697029,0,0,0,0.0,0.0,0.0,0.06569717993312256,,-0.22172798227428864,,,,,,215386.80125000005,1200904.7833059998,,0.7338237027718066,0,0,0.0,0,0.0,0.1241473647647765,2313.0,0.9242882558805328,0.6145729535283195,61.83724743180174,,,V3
,-115.64999999999343,2077-06-02,2077-06-09,5990.6699999999255,0.004988463767716925,1194914.113306,,,,,,,,,,0.2727019329063959,0.010786623133107706,0.01324619372697029,0,0,0,0.0,0.0,0.0,0.07850498167298207,,-0.2649543131463145,,,,,,215271.15125000005,1200904.7833059998,,0.7272980670936041,0,0,0.0,0,0.0,0.12313012990777371,2313.0,0.904741195056429,0.6028447170338573,61.83724743180174,,,V3
,-1480.3200000000013,2077-06-02,2077-06-10,6383.879999999888,0.005315891891466658,1194520.903306,,,,,,,,,,0.3256524116879458,0.010704889984894788,0.01324619372697029,0,0,0,0.0,0.0,0.0,0.21490098669939375,,0.7252908301104539,,,,,,213790.83125000005,1200904.7833059998,,0.6743475883120542,0,0,0.0,0,0.0,0.12284148363907745,2313.0,0.8857680892928036,0.5914608535756822,61.83724743180174,,,V3
,2868.119999999988,2077-06-02,2077-06-11,3816.4499999999534,0.0031779788481594317,1197088.3333059999,,,,,,,,,,0.317268100303562,0.010747101667179775,0.01324619372697029,0,0,0,0.0,0.0,0.0,0.18508635342940705,,0.6246664428242488,,,,,,216658.95125000004,1200904.7833059998,,0.682731899696438,0,0,0.0646155645402199,0,0.0,0.12472275089981588,2313.0,0.86332267990238,0.5779936079414281,61.83724743180174,,,V3
,3353.8500000000067,2077-06-02,2077-06-12,462.60000000009313,0.00038520955735274064,1200442.1833059997,,,,,,,,,,0.38923078837263736,0.010773110969383933,0.01324619372697029,0,0,0,0.0,0.0,0.0,0.4885060060555111,,1.6487077704373498,,,,,,220012.80125000005,1200904.7833059998,,0.6107692116273626,0,0,0.7253159420899568,0,0.0,0.12716814030941678,2313.0,0.8816496125103752,0.6015213617152209,61.83724743180174,,,V3
,-346.9500000000131,2077-06-02,2077-06-13,693.8999999999069,0.0005778143360289171,1200210.883306,,,,,,,,,,0.4054039566828549,0.010718833303264126,0.01324619372697029,0,0,0,0.0,0.0,0.0,0.5915539909076563,,1.9964947193133398,,,,,,219665.85125000004,1200904.7833059998,,0.5945960433171451,0,0,0.42883904393634587,0,0.0,0.12699993152881453,2313.0,0.9083854263117321,0.6050312557870394,61.837716894357925,,,V3
,462.60000000000656,2077-06-14,2077-06-14,0.0,0.0,1201182.3433059999,,,,,,,,,,0.3906884171065863,0.010470302141890606,0.01324619372697029,0,0,0,0.0,0.0,0.0,0.510686320027719,,1.7235663300935515,,,,,,220128.45125000004,1201182.3433059999,,0.6093115828934137,0,0,0.5365821706733432,0,0.0,0.1277059730813259,2313.0,0.9305687435893806,0.6183412461536284,62.29930854476092,,,V3
,2058.5700000000015,2077-06-15,2077-06-15,0.0,0.0,1202639.5333059998,,,,,,,,,,0.37900309292631795,0.01039564908525129,0.01324619372697029,0,0,0,0.0,0.0,0.0,0.46757148029960693,,1.5780537460111734,,,,,,222187.02125000005,1202639.5333059998,,0.620996907073682,0,0,0.6361342210243115,0,0.0,0.12876289670464258,2313.0,0.9748403501991963,0.6485176322219489,63.04078650584943,,,V3
,2405.5200000000145,2077-06-16,2077-06-16,0.0,0.0,1205045.0533059998,,,,,,,,,,0.38575737946530997,0.010246384372408086,0.01324619372697029,0,0,0,0.0,0.0,0.0,0.5491185317731019,,1.8532750447342188,,,,,,224592.54125000007,1205045.0533059998,,0.61424262053469,0,0,0.916558167591919,0,0.0,0.13050206676386097,2313.0,1.0204126463736294,0.7039034045833695,64.10001604114589,,,V3
,-1040.8500000000065,2077-06-16,2077-06-17,1063.9799999999814,0.0008829379425117664,1203981.0733059999,,,,,,,,,,0.3676371144431233,0.010209245189210391,0.01324619372697029,0,0,0,0.0,0.0,0.0,0.43570979621468986,,1.4705205622245783,,,,,,223551.69125000006,1205045.0533059998,,0.6323628855568767,0,0,0.5446648572611044,0,0.0,0.12973367560596322,2313.0,1.0528653180870644,0.6917191908522387,64.10001604114589,,,V3
,-555.1199999999882,2077-06-16,2077-06-18,1063.9799999999814,0.0008829379425117664,1203981.0733059999,,,,,,,,,,0.35542588794827523,0.009759329155122084,0.01324619372697029,0,0,0,0.0,0.0,0.0,0.4007637445856096,,1.3525776379764323,,,,,,222996.57125000007,1205045.0533059998,,0.6445741120517248,0,0,0.44004090504767895,0,0.0,0.12973367560596322,2313.0,1.1319154767695343,0.7391492860617206,64.10001604114589,,,V3
,-5227.380000000012,2077-06-16,2077-06-19,6753.959999999963,0.0056047365046399756,1198291.0933059999,,,,,,,,,,0.3687149680615126,0.0100945954968544,0.01324619372697029,0,0,0,0.0,0.0,0.0,0.4413208590449081,,1.4894578992765648,,,,,,217769.19125000006,1205045.0533059998,,0.6312850319384874,0,0,0.0,0,0.0,0.12560129240780896,2313.0,1.052665528914135,0.6915993173484809,64.10001604114589,,,V3
,-3307.5899999999992,2077-06-16,2077-06-20,10292.850000000093,0.008541464878646663,1194752.2033059997,,,,,,,,,,0.38504434045212155,0.00984548014818374,0.01324619372697029,0,0,0,0.0,0.0,0.0,0.48117856847807,,1.6239776686134861,,,,,,214461.60125000007,1205045.0533059998,SELL series_1 size=2313.0000,0.6149556595478785,1,0,0.0,0,0.0,0.12301129857164077,2313.0,0.9365679185802115,0.621940751148127,,,,V3
CLOSE series_1 pnl_net=10554.00,0.0,2077-06-16,2077-06-21,10154.070000000065,0.008426299060058146,1194890.9833059998,SELL series_1 fill_size=2313.0000 fill_px=63.6000,,,,,,,,,0.39751067277383756,0.009715411305957466,0.01324619372697029,0,0,0,0.0,0.0,0.0,0.477331657867647,,1.6109943453033084,,,,,,214461.60125000007,1205045.0533059998,,0.6024893272261624,0,0,0.023760999287898966,0,0.0,0.0,0.0,0.8866367823448944,0.5343581693357264,,,,V3
,0.0,2077-06-16,2077-06-22,10209.58200000017,0.00847236538749363,1194835.4713059997,,,,,,,,,,0.39401169323852925,0.009478007100339188,0.01324619372697029,0,0,0,0.0,0.0,0.0,0.4467419292309471,,1.5077540111544463,,,,,,214461.60125000007,1205045.0533059998,,0.6059883067614708,0,0,0.040161473942919454,0,0.0,0.0,0.0,0.860990869931427,0.5206106693531481,,,,V3
,0.0,2077-06-16,2077-06-23,10209.58200000017,0.00847236538749363,1194835.4713059997,,,,,,,,,,0.3244755551569628,0.010174686163450483,0.01324619372697029,0,0,0,0.0,0.0,0.0,0.17364138400997078,,0.5860396710336514,,,,,,214461.60125000007,1205045.0533059998,,0.6755244448430372,0,0,0.027954736819302266,0,0.0,0.0,0.0,0.8057235519017681,0.48622960482299116,,,,V3
,0.0,2077-06-16,2077-06-24,10209.58200000017,0.00847236538749363,1194835.4713059997,,,,,,,,,,0.3741078734230414,0.010733469928674102,0.01324619372697029,0,0,0,0.0,0.0,0.0,0.30987821462372406,,1.0458389743550687,,,,,,214461.60125000007,1205045.0533059998,,0.6258921265769586,0,0,0.0,0,0.0,0.0,0.0,0.7589093928342584,0.45534563570055503,,,,V3
,0.0,2077-06-16,2077-06-25,10209.58200000017,0.00847236538749363,1194835.4713059997,,,,,,,,,,0.3846559663340592,0.010460910280116975,0.01324619372697029,0,0,0,0.0,0.0,0.0,0.3150424289076719,,1.0632681975633929,,,,,,214461.60125000007,1205045.0533059998,,0.6153440336659408,0,0,0.0,0,0.0,0.0,0.0,0.6817429442752369,0.4090457665651421,,,,V3
,0.0,2077-06-16,2077-06-26,10209.58200000017,0.00847236538749363,1194835.4713059997,,,,,,,,,,0.2356467862735041,0.011066200097002307,0.01324619372697029,0,0,0,0.0,0.0,0.0,0.0036870651579549454,,0.01244384490809794,,,,,,214461.60125000007,1205045.0533059998,,0.7643532137264959,0,0,0.06134066016060565,0,0.0,0.0,0.0,0.6410056861544183,0.3907374777087116,,,,V3
,0.0,2077-06-16,2077-06-27,10209.58200000017,0.00847236538749363,1194835.4713059997,,,,,,,,,,0.3740415408057438,0.011121885499089611,0.01324619372697029,0,0,0,0.0,0.0,0.0,0.2408532714757596,,-0.8128797912306887,,,,,,214461.60125000007,1205045.0533059998,,0.6259584591942562,0,0,0.0,0,0.0,0.0,0.0,0.5903275268741024,0.35419651612446146,,,,V3
,0.0,2077-06-16,2077-06-28,10209.58200000017,0.00847236538749363,1194835.4713059997,,,,,,,,,,0.41719493249095596,0.011087840814758028,0.01324619372697029,0,0,0,0.0,0.0,0.0,0.35184230814096756,,-1.1874677899757655,,,,,,214461.60125000007,1205045.0533059998,,0.582805067509044,0,0,0.0,0,0.0,0.0,0.0,0.5240897218892306,0.3144538331335384,,,,V3
,0.0,2077-06-16,2077-06-29,10209.58200000017,0.00847236538749363,1194835.4713059997,,,,,,,,,,0.4372451945399778,0.010812078101096191,0.01324619372697029,0,0,0,0.0,0.0,0.0,0.34298729723141697,,-1.1575821281560323,,,,,,214461.60125000007,1205045.0533059998,,0.5627548054600222,0,0,0.0,0,0.0,0.0,0.0,0.40495299828123515,0.2429717989687411,,,,V3
,0.0,2077-06-16,2077-06-30,10209.58200000017,0.00847236538749363,1194835.4713059997,,,,,,,,,,0.48100810470596167,0.010885604828194197,0.01324619372697029,0,0,0,0.0,0.0,0.0,0.4615828683499316,,-1.5578421806810192,,,,,,214461.60125000007,1205045.0533059998,,0.5189918952940383,0,0,0.012878721365581073,0,0.0,0.0,0.0,0.31149656366642337,0.18818581033641213,,,,V3
,0.0,2077-06-16,2077-07-01,10209.58200000017,0.00847236538749363,1194835.4713059997,,,,,,,,,,0.5255045074497078,0.010677380273273128,0.01324619372697029,0,0,0,0.0,0.0,0.0,0.5997487827763295,,-2.024152141870112,,,,,,214461.60125000007,1205045.0533059998,,0.4744954925502922,0,0,0.0,0,0.0,0.0,0.0,0.19393025844717007,0.11635815506830205,,,,V3
,0.0,2077-06-16,2077-07-02,10209.58200000017,0.00847236538749363,1194835.4713059997,,,,,,,,,,0.49874207869850573,0.010755606948646135,0.01324619372697029,0,0,0,0.0,0.0,0.0,0.19613794195562764,,-0.6619655541002433,,,,,,214461.60125000007,1205045.0533059998,,0.5012579213014943,0,0,0.02191742060341995,0,0.0,0.0,0.0,0.09898483708544258,0.061582644311607544,,,,V3
,0.0,2077-06-16,2077-07-03,10209.58200000017,0.00847236538749363,1194835.4713059997,,,,,,,,,,0.5732909465733451,0.011170240770832965,0.01324619372697029,0,0,0,0.0,0.0,0.0,0.47760461989877306,,-1.611915592158359,,,,,,214461.60125000007,1205045.0533059998,,0.4267090534266549,0,0,0.013599227644830555,0,0.0,0.0,0.0,0.01894389984005254,0.01272626266851458,,,,V3
,0.0,2077-06-16,2077-07-04,10209.58200000017,0.00847236538749363,1194835.4713059997,,,,,,,,,,0.5754547822624535,0.01127151433104082,0.01324619372697029,0,0,0,0.0,0.0,0.0,0.14052559468467649,,-0.47427388206078314,,,,,,214461.60125000007,1205045.0533059998,,0.4245452177375465,0,0,0.028345235224972988,0,0.0,0.0,0.0,-0.04541526676017446,0.002834523522497299,,,,V3
,0.0,2077-06-16,2077-07-05,10209.58200000017,0.00847236538749363,1194835.4713059997,,,,,,,,,,0.5823750000000001,0.01111063687115987,0.01324619372697029,0,0,0,0.0,0.0,0.0,0.16839975472741894,,-0.5683491722050389,,,,,,214461.60125000007,1205045.0533059998,,0.4176249999999999,0,0,0.0,0,0.0,0.0,0.0,-0.13126700448020792,0.0,,,,V3
,0.0,2077-06-16,2077-07-06,10209.58200000017,0.00847236538749363,1194835.4713059997,,,,,,,,,,0.577655259003938,0.011168228369884018,0.01324619372697029,0,0,0,0.0,0.0,0.0,0.16764368518837588,,-0.5657974375107686,,,,,,214461.60125000007,1205045.0533059998,,0.422344740996062,0,0,0.022915725793216463,0,0.0,0.0,0.0,-0.20788427823016797,0.002291572579321646,,,,V3
,0.0,2077-06-16,2077-07-07,10209.58200000017,0.00847236538749363,1194835.4713059997,,,,,,,,,,0.5823750000000001,0.011170172002874143,0.01324619372697029,0,0,0,0.0,0.0,0.0,0.015824724448333886,,0.05340844501312686,,,,,,214461.60125000007,1205045.0533059998,,0.4176249999999999,0,0,0.0,0,0.0,0.0,0.0,-0.2796932907022084,0.0,,,,V3
,0.0,2077-06-16,2077-07-08,10209.58200000017,0.00847236538749363,1194835.4713059997,,,,,,,,,,0.5823750000000001,0.010932951207373894,0.01324619372697029,0,0,0,0.0,0.0,0.0,0.12361615887819172,,0.417204536213897,,,,,,214461.60125000007,1205045.0533059998,,0.4176249999999999,0,0,0.0,0,0.0,0.0,0.0,-0.3670911533083401,0.0,,,,V3
,0.0,2077-06-16,2077-07-09,10209.58200000017,0.00847236538749363,1194835.4713059997,,,,,,,,,,0.5823750000000001,0.010623206801774164,0.01324619372697029,0,0,0,0.0,0.0,0.0,0.07850354628882864,,0.26494946872479663,,,,,,214461.60125000007,1205045.0533059998,,0.4176249999999999,0,0,0.0,0,0.0,0.0,0.0,-0.48846298800230376,0.0,,,,V3
,0.0,2077-06-16,2077-07-10,10209.58200000017,0.00847236538749363,1194835.4713059997,,,,,,,,,,0.5823750000000001,0.010558833665388708,0.01324619372697029,0,0,0,0.0,0.0,0.0,0.015039122553152586,,-0.050757038616889974,,,,,,214461.60125000007,1205045.0533059998,,0.4176249999999999,0,0,0.0,0,0.0,0.0,0.0,-0.5081760743229631,0.0,,,,V3
,0.0,2077-06-16,2077-07-11,10209.58200000017,0.00847236538749363,1194835.4713059997,,,,,,,,,,0.5823750000000001,0.01061733415276732,0.01324619372697029,0,0,0,0.0,0.0,0.0,0.16938926906910423,,-0.5716887831082268,,,,,,214461.60125000007,1205045.0533059998,,0.4176249999999999,0,0,0.0,0,0.0,0.0,0.0,-0.5092474349915033,0.0,,,,V3
,0.0,2077-06-16,2077-07-12,10209.58200000017,0.00847236538749363,1194835.4713059997,,,,,,,,,,0.5792105341051637,0.010914266265064188,0.01324619372697029,0,0,0,0.0,0.0,0.0,0.3720641500268374,,1.2557165063405764,,,,,,214461.60125000007,1205045.0533059998,,0.42078946589483635,0,0,0.033946473116972756,0,0.0,0.0,0.0,-0.5099126360168471,0.003394647311697276,,,,V3
,0.0,2077-06-16,2077-07-13,10209.58200000017,0.00847236538749363,1194835.4713059997,,,,,,,,,,0.5823750000000001,0.010574537298191352,0.01324619372697029,0,0,0,0.0,0.0,0.0,0.3927977706860069,,1.3256924760652733,,,,,,214461.60125000007,1205045.0533059998,,0.4176249999999999,0,0,0.0,0,0.0,0.0,0.0,-0.5114413183106872,0.0,,,,V3
,0.0,2077-06-16,2077-07-14,10209.58200000017,0.00847236538749363,1194835.4713059997,,,,,,,,,,0.5822495224207114,0.01093128524453449,0.01324619372697029,0,0,0,0.0,0.0,0.0,0.15643017094382342,,0.527951826935404,,,,,,214461.60125000007,1205045.0533059998,,0.4177504775792886,0,0,0.0005610148187395586,0,0.0,0.0,0.0,-0.5127333565554734,5.6101481873955855e-05,,,,V3
,0.0,2077-06-16,2077-07-15,10209.58200000017,0.00847236538749363,1194835.4713059997,,,,,,,,,,0.5823750000000001,0.01078730010050872,0.01324619372697029,0,0,0,0.0,0.0,0.0,0.5190867683478431,,1.7519178431739704,,,,,,214461.60125000007,1205045.0533059998,,0.4176249999999999,0,0,0.0,0,0.0,0.0,0.0,-0.5141022675986548,0.0,,,,V3
,0.0,2077-06-16,2077-07-16,10209.58200000017,0.00847236538749363,1194835.4713059997,,,,,,,,,,0.5675862031581682,0.010716603427991902,0.01324619372697029,0,0,0,0.0,0.0,0.0,0.3412186507349863,,1.1516129462305786,,,,,,214461.60125000007,1205045.0533059998,,0.4324137968418318,0,0,0.15053832499693154,0,0.0,0.0,0.0,-0.5135777036862967,0.015053832499693155,,,,V3
,0.0,2077-06-16,2077-07-17,10209.58200000017,0.00847236538749363,1194835.4713059997,,,,,,,,,,0.5800807089107503,0.010615742294327761,0.01324619372697029,0,0,0,0.0,0.0,0.0,0.5478654791075952,,1.849045991988134,,,,,,214461.60125000007,1205045.0533059998,,0.41991929108924975,0,0,0.03615019410414044,0,0.0,0.0,0.0,-0.5128972405122356,0.0036150194104140445,,,,V3
,0.0,2077-06-16,2077-07-18,10209.58200000017,0.00847236538749363,1194835.4713059997,,,,,,,,,,0.5822837586543038,0.010426447507168497,0.01324619372697029,0,0,0,0.0,0.0,0.0,0.6196726090767192,,2.091395055633927,,,,,,214461.60125000007,1205045.0533059998,,0.4177162413456962,0,0,0.0016158430260702122,0,0.0,0.0,0.0,-0.5120662616129934,0.00016158430260702124,,,,V3
,0.0,2077-06-16,2077-07-19,10209.58200000017,0.00847236538749363,1194835.4713059997,,,,,,,,,,0.5500189183723327,0.010062219261943993,0.01324619372697029,0,0,0,0.0,0.0,0.0,0.6247356404648076,,2.1084827865687257,,,,,,214461.60125000007,1205045.0533059998,,0.44998108162766726,0,0,0.6363728757085181,0,0.0,0.0,0.0,-0.5094851668301044,0.06363728757085181,,,,V3
,0.0,2077-06-16,2077-07-20,10209.58200000017,0.00847236538749363,1194835.4713059997,,,,,,,,,,0.5605670390863637,0.009835925123896297,0.01324619372697029,0,0,0,0.0,0.0,0.0,0.47435009289297597,,1.6009315635137937,,,,,,214461.60125000007,1205045.0533059998,,0.43943296091363626,0,0,0.3151998541459933,0,0.0,0.0,0.0,-0.5064323208578287,0.03151998541459933,,,,V3
,0.0,2077-06-16,2077-07-21,10209.58200000017,0.00847236538749363,1194835.4713059997,,,,,,,,,,0.5372055328127897,0.00963599974466602,0.01324619372697029,0,0,0,0.0,0.0,0.0,0.5406212889340752,,1.8245968501525038,,,,,,214461.60125000007,1205045.0533059998,,0.4627944671872103,0,0,0.80108693003572,0,0.0,0.0,0.0,-0.5026727201216225,0.080108693003572,,,,V3
,0.0,2077-06-16,2077-07-22,10209.58200000017,0.00847236538749363,1194835.4713059997,,,,,,,,,,0.5137242564595463,0.009559197195780916,0.01324619372697029,0,0,0,0.0,0.0,0.0,0.4098269617338615,,1.3831659958517826,,,,,,214461.60125000007,1205045.0533059998,,0.48627574354045366,0,0,1.0,0,0.0,0.0,0.0,-0.49803211473734077,0.1,,,,V3
,0.0,2077-06-16,2077-07-23,10209.58200000017,0.00847236538749363,1194835.4713059997,,,,,,,,,,0.5358933132409549,0.009344614227666527,0.01324619372697029,0,0,0,0.0,0.0,0.0,0.3735326274447208,,1.2606726176259329,,,,,,214461.60125000007,1205045.0533059998,,0.4641066867590451,0,0,0.5720388466110469,0,0.0,0.0,0.0,-0.4925150501404541,0.05720388466110469,,,,V3
,0.0,2077-06-16,2077-07-24,10209.58200000017,0.00847236538749363,1194835.4713059997,,,,,,,,,,0.5453321316145269,0.009489799508575703,0.01324619372697029,0,0,0,0.0,0.0,0.0,0.5270907902579688,,1.7789314171206447,,,,,,214461.60125000007,1205045.0533059998,,0.45466786838547313,0,0,0.6238859191350885,0,0.0,0.0,0.0,-0.48672000299607887,0.06238859191350885,,,,V3
,0.0,2077-06-16,2077-07-25,10209.58200000017,0.00847236538749363,1194835.4713059997,,,,,,,,,,0.568971657179232,0.009135450613501959,0.01324619372697029,0,0,0,0.0,0.0,0.0,0.48680471616187776,,1.6429659170463373,,,,,,214461.60125000007,1205045.0533059998,,0.43102834282076796,0,0,0.19384656259405422,0,0.0,0.0,0.0,-0.47923771797557635,0.019384656259405424,,,,V3
,0.0,2077-06-16,2077-07-26,10209.58200000017,0.00847236538749363,1194835.4713059997,,,,,,,,,,0.5623622868931796,0.009071911398771408,0.01324619372697029,0,0,0,0.0,0.0,0.0,0.4766326807046501,,1.608635297378194,,,,,,214461.60125000007,1205045.0533059998,,0.4376377131068204,0,0,0.2890630480368996,0,0.0,0.0,0.0,-0.4703011107897984,0.02890630480368996,,,,V3
,0.0,2077-06-16,2077-07-27,10209.58200000017,0.00847236538749363,1194835.4713059997,,,,,,,,,,0.5822633156955905,0.008923012444867129,0.01324619372697029,0,0,0,0.0,0.0,0.0,0.42296960721935534,,1.4275224243653242,,,,,,214461.60125000007,1205045.0533059998,,0.41773668430440947,0,0,0.0013501184306399583,0,0.0,0.0,0.0,-0.4592239624930729,0.00013501184306399585,,,,V3
,0.0,2077-06-16,2077-07-28,10209.58200000017,0.00847236538749363,1194835.4713059997,,,,,,,,,,0.5790908443177929,0.009464431348242243,0.01324619372697029,0,0,0,0.0,0.0,0.0,0.05426215640363177,,0.18313477786225724,,,,,,214461.60125000007,1205045.0533059998,,0.4209091556822071,0,0,0.005139810372163425,0,0.0,0.0,0.0,-0.4496586947865156,0.0005139810372163425,,,,V3
,0.0,2077-06-16,2077-07-29,10209.58200000017,0.00847236538749363,1194835.4713059997,,,,,,,,,,0.5823750000000001,0.009787446501484281,0.01324619372697029,0,0,0,0.0,0.0,0.0,0.22491263953138793,,0.7590801584184342,,,,,,214461.60125000007,1205045.0533059998,,0.4176249999999999,0,0,0.0,0,0.0,0.0,0.0,-0.4398843190931284,0.0,,,,V3
,0.0,2077-06-16,2077-07-30,10209.58200000017,0.00847236538749363,1194835.4713059997,,,,,,,,,,0.5823750000000001,0.009512353906240667,0.01324619372697029,0,0,0,0.0,0.0,0.0,0.31854279718769213,,1.0750819405084608,,,,,,214461.60125000007,1205045.0533059998,,0.4176249999999999,0,0,0.0,0,0.0,0.0,0.0,-0.43275449644942876,0.0,,,,V3
,0.0,2077-06-16,2077-07-31,10209.58200000017,0.00847236538749363,1194835.4713059997,,,,,,,,,,0.5823750000000001,0.009443682284112229,0.01324619372697029,0,0,0,0.0,0.0,0.0,0.4371787662133681,,1.4754783359701173,,,,,,214461.60125000007,1205045.0533059998,,0.4176249999999999,0,0,0.0,0,0.0,0.0,0.0,-0.4279455288301626,0.0,,,,V3
,0.0,2077-06-16,2077-08-01,10209.58200000017,0.00847236538749363,1194835.4713059997,,,,,,,,,,0.5823750000000001,0.009771998523262935,0.01324619372697029,0,0,0,0.0,0.0,0.0,0.39568242385859165,,1.3354281805227468,,,,,,214461.60125000007,1205045.0533059998,,0.4176249999999999,0,0,0.0,0,0.0,0.0,0.0,-0.4243890793759086,0.0,,,,V3
,0.0,2077-06-16,2077-08-02,10209.58200000017,0.00847236538749363,1194835.4713059997,,,,,,,,,,0.5807583136428236,0.010502220447240406,0.01324619372697029,0,0,0,0.0,0.0,0.0,0.40395148837737166,,1.3633362732736294,,,,,,214461.60125000007,1205045.0533059998,,0.4192416863571764,0,0,0.018745526397120644,0,0.0,0.0,0.0,-0.41962726853138244,0.0018745526397120644,,,,V3
,0.0,2077-06-16,2077-08-03,10209.58200000017,0.00847236538749363,1194835.4713059997,,,,,,,,,,0.5823750000000001,0.010669606863284713,0.01324619372697029,0,0,0,0.0,0.0,0.0,0.6310531902796548,,2.129804517193835,,,,,,214461.60125000007,1205045.0533059998,,0.4176249999999999,0,0,0.0,0,0.0,0.0,0.0,-0.41581396065608084,0.0,,,,V3
,0.0,2077-06-16,2077-08-04,10209.58200000017,0.00847236538749363,1194835.4713059997,,,,,,,,,,0.5823750000000001,0.010629600222874097,0.01324619372697029,0,0,0,0.0,0.0,0.0,0.43778480137011005,,1.4775237046241214,,,,,,214461.60125000007,1205045.0533059998,,0.4176249999999999,0,0,0.0,0,0.0,0.0,0.0,-0.41193260207048604,0.0,,,,V3
,0.0,2077-06-16,2077-08-05,10209.58200000017,0.00847236538749363,1194835.4713059997,,,,,,,,,,0.5823750000000001,0.0105156506900423,0.01324619372697029,0,0,0,0.0,0.0,0.0,0.5076062995764699,,1.7131712610705858,,,,,,214461.60125000007,1205045.0533059998,,0.4176249999999999,0,0,0.0,0,0.0,0.0,0.0,-0.4097101273625881,0.0,,,,V3
,0.0,2077-06-16,2077-08-06,10209.58200000017,0.00847236538749363,1194835.4713059997,,,,,,,,,,0.5347762380665496,0.010942464005081497,0.01324619372697029,0,0,0,0.0,0.0,0.0,0.014604604701001804,,0.04929054086588108,,,,,,214461.60125000007,1205045.0533059998,,0.4652237619334504,0,0,0.022988037573515196,0,0.0,0.0,0.0,-0.40836397976615885,0.00229880375735152,,,,V3
,0.0,2077-06-16,2077-08-07,10209.58200000017,0.00847236538749363,1194835.4713059997,,,,,,,,,,0.5823750000000001,0.012400331865699053,0.01324619372697029,0,0,0,0.0,0.0,0.0,0.7816808318627076,,2.6381728075366384,,,,,,214461.60125000007,1205045.0533059998,SELL series_9 size=4612.0000,0.4176249999999999,0,0,0.0,0,0.0,0.0,0.0,-0.407543434578151,0.0,,,,V3
,3675.2105600000073,2077-06-16,2077-08-08,5813.746440000134,0.004824505460646737,1199231.3068659997,SELL series_9 fill_size=4612.0000 fill_px=122.5781,,,,,,,,,0.5823750000000001,0.013318796277527745,0.013247143188782567,0,0,0,0.0,-0.46774504366960956,-4612.0,0.8384612470452019,125.81792719450863,2.3798067087775565,,,,,,218136.81181000007,1205045.0533059998,,0.4176249999999999,0,0,0.0,0,0.0,0.0,0.0,-0.40874238669116847,0.0,,,,V3
,-792.7105600000073,2077-06-16,2077-08-09,9618.64644000004,0.007981980767948562,1195426.4068659998,,,,,,,,,,0.5814205530300832,0.013882587253016655,0.013311641028069638,0,0,0,0.0,-0.4704394572262774,-4612.0,0.7876055563516536,125.81792719450863,2.2081687526868308,,,,,,217344.10125000007,1205045.0533059998,,0.4185794469699168,0,0,0.02153666563643893,0,0.0,0.0,0.0,-0.40975283069371154,0.002153666563643893,,,,V3
,5476.75,2077-06-16,2077-08-10,9042.14644000004,0.0075035754183573646,1196002.9068659998,,,,,,,,,,0.579535683685436,0.014049475207002176,0.013322024819523066,0,0,0,0.0,-0.469730672705584,-4612.0,0.6720653059570324,125.81792719450863,1.8182204076049844,,,,,,222820.85125000007,1205045.0533059998,,0.42046431631456405,0,0,0.05496607413601511,0,0.0,0.0,0.0,-0.40950693062707083,0.005496607413601511,,,,V3
,11169.710560000007,2077-08-11,2077-08-11,0.0,0.0,1212865.5318659998,,,,,,,,,,0.5125208530158445,0.015999983123127445,0.013324496453568478,0,0,0,0.0,-0.44929681871791033,-4612.0,0.3988058547405859,125.81792719450863,-0.8959697597494775,,,,,,233990.56181000007,1212865.5318659998,,0.4874791469841555,0,0,0.9944192460923225,0,0.0,0.0,0.0,-0.4076084938522748,0.09944192460923225,,,,V3
,4756.125,2077-08-12,2077-08-12,0.0,0.0,1216108.3213059998,,,,,,,,,,0.5282695982815362,0.0161623583543473,0.013371614328945703,0,0,0,0.0,-0.44543222513128244,-4612.0,0.5468855028952878,125.81792719450863,-1.3957385722715967,,,,,,238746.68681000007,1216108.3213059998,,0.4717304017184638,0,0,1.0,0,0.0,0.0,0.0,-0.40556306191740976,0.1,,,,V3
,864.75,2077-08-13,2077-08-13,0.0,0.0,1217981.9463059998,,,,,,,,,,0.5487542835301585,0.01576560269800602,0.013382041978698947,0,0,0,0.0,-0.4432087127376667,-4612.0,0.5918343085873534,125.81792719450863,-1.5474407914823176,,,,,,239611.43681000007,1217981.9463059998,,0.45124571646984146,0,0,0.6289252970080563,0,0.0,0.0,0.0,-0.4036139817616674,0.06289252970080564,,,,V3
,864.75,2077-08-13,2077-08-14,1441.25,0.0011833098219322107,1216540.6963059998,,,,,,,,,,0.5563293052327347,0.015408848014276095,0.01344958548750241,0,0,0,0.0,-0.44491849898941244,-4612.0,0.5005707366738185,125.81792719450863,-1.239426236274137,,,,,,240476.18681000007,1217981.9463059998,,0.4436706947672653,0,0,0.4024552971279344,0,0.0,0.0,0.0,-0.4026228870963348,0.04024552971279344,,,,V3
,504.4144399999927,2077-08-15,2077-08-15,0.0,0.0,1219279.0713059998,,,,,,,,,,0.5624773731147366,0.015164746829736602,0.01351600321503678,1,0,0,0.0,-0.44167336111426464,-4612.0,0.5716674628249462,,-1.4793776870341935,,,,,,240980.60125000007,1219279.0713059998,BUY series_9 size=4612.0000,0.43752262688526344,0,0,0.34458479563194105,0,0.0,0.0,0.0,-0.4024571263677816,0.03445847956319411,,,,V3
CLOSE series_9 pnl_net=26519.00,0.0,2077-08-15,2077-08-16,288.25,0.0002364101925338949,1218990.8213059998,BUY series_9 fill_size=4612.0000 fill_px=116.8281,,,,,,,,,0.232375,0.014628222200709229,0.01357122976072024,0,0,0,0.0,0.0,0.0,0.0,,-0.9869133141702733,,,,,,240980.60125000007,1219279.0713059998,,0.767625,0,0,0.2442075692282105,0,0.0,0.0,0.0,-0.40218325758698686,0.02442075692282105,,,,V3
,0.0,2077-08-15,2077-08-17,403.55000000004657,0.0003309742695474911,1218875.5213059997,,,,,,,,,,0.3575,0.015827117186832072,0.013580101284878231,0,0,0,0.0,0.0,0.0,0.0,,0.4202124484485338,,,,,,240980.60125000007,1219279.0713059998,,0.6425,0,0,0.0,0,0.0,0.0,0.0,-0.40147996047223944,0.0,,,,V3
,0.0,2077-08-15,2077-08-18,403.55000000004657,0.0003309742695474911,1218875.5213059997,,,,,,,,,,0.3575,0.016953842341485444,0.013582844519080324,0,0,0,0.0,0.0,0.0,0.0,,-1.1977098879096597,,,,,,240980.60125000007,1219279.0713059998,,0.6425,0,0,0.0,0,0.0,0.0,0.0,-0.4008110295836361,0.0,,,,V3
,0.0,2077-08-15,2077-08-19,403.55000000004657,0.0003309742695474911,1218875.5213059997,,,,,,,,,,0.232375,0.017210643204312096,0.013597337092709601,0,0,0,0.0,0.0,0.0,0.0,,-0.5478850596494709,,,,,,240980.60125000007,1219279.0713059998,,0.767625,0,0,0.011280136132142207,0,0.0,0.0,0.0,-0.3995184584999184,0.0011280136132142207,,,,V3
,0.0,2077-08-15,2077-08-20,403.55000000004657,0.0003309742695474911,1218875.5213059997,,,,,,,,,,0.3575,0.016747811454130478,0.01363123750345112,0,0,0,0.0,0.0,0.0,0.0,,0.16974189049667085,,,,,,240980.60125000007,1219279.0713059998,,0.6425,0,0,0.0,0,0.0,0.0,0.0,-0.39878288455105304,0.0,,,,V3
,0.0,2077-08-15,2077-08-21,403.55000000004657,0.0003309742695474911,1218875.5213059997,,,,,,,,,,0.3575,0.017086236201213644,0.013641149726262364,0,0,0,0.0,0.0,0.0,0.0,,0.3047901716096369,,,,,,240980.60125000007,1219279.0713059998,,0.6425,0,0,0.0,0,0.0,0.0,0.0,-0.39815552310839225,0.0,,,,V3
,0.0,2077-08-15,2077-08-22,403.55000000004657,0.0003309742695474911,1218875.5213059997,,,,,,,,,,0.3575,0.017155128918997748,0.013694308089157293,0,0,0,0.0,0.0,0.0,0.0,,1.5377198484569705,,,,,,240980.60125000007,1219279.0713059998,,0.6425,0,0,0.0,0,0.0,0.0,0.0,-0.3980476399237882,0.0,,,,V3
,0.0,2077-08-15,2077-08-23,403.55000000004657,0.0003309742695474911,1218875.5213059997,,,,,,,,,,0.3575,0.01714644470803658,0.01375499621227913,0,0,0,0.0,0.0,0.0,0.0,,0.8084471047207661,,,,,,240980.60125000007,1219279.0713059998,,0.6425,0,0,0.0,0,0.0,0.0,0.0,-0.39816769574362193,0.0,,,,V3
,0.0,2077-08-15,2077-08-24,403.55000000004657,0.0003309742695474911,1218875.5213059997,,,,,,,,,,0.3575,0.018959972718401514,0.013769480521056532,0,0,0,0.0,0.0,0.0,0.0,,-0.5355431376257856,,,,,,240980.60125000007,1219279.0713059998,,0.6425,0,0,0.0,0,0.0,0.0,0.0,-0.39811416457684545,0.0,,,,V3
,0.0,2077-08-15,2077-08-25,403.55000000004657,0.0003309742695474911,1218875.5213059997,,,,,,,,,,0.232375,0.019481702982239734,0.013805062065465943,0,0,0,0.0,0.0,0.0,0.0,,-1.3646548879941989,,,,,,240980.60125000007,1219279.0713059998,,0.767625,0,0,0.001115226664609686,0,0.0,0.0,0.0,-0.39801019478737887,0.00011152266646096861,,,,V3
,0.0,2077-08-15,2077-08-26,403.55000000004657,0.0003309742695474911,1218875.5213059997,,,,,,,,,,0.3575,0.019068441374264913,0.013875219728225367,0,0,0,0.0,0.0,0.0,0.0,,-1.206287346711428,,,,,,240980.60125000007,1219279.0713059998,,0.6425,0,0,0.0,0,0.0,0.0,0.0,-0.3989651280403432,0.0,,,,V3
,0.0,2077-08-15,2077-08-27,403.55000000004657,0.0003309742695474911,1218875.5213059997,,,,,,,,,,0.232375,0.019268629994608284,0.013901860836722743,0,0,0,0.0,0.0,0.0,0.0,,-1.768400686965388,,,,,,240980.60125000007,1219279.0713059998,,0.767625,0,0,0.10243231327491815,0,0.0,0.0,0.0,-0.398865468494265,0.010243231327491817,,,,V3
,0.0,2077-08-15,2077-08-28,403.55000000004657,0.0003309742695474911,1218875.5213059997,,,,,,,,,,0.3575,0.018915779186062492,0.013983120125741698,0,0,0,0.0,0.0,0.0,0.0,,-1.6927741531346088,,,,,,240980.60125000007,1219279.0713059998,,0.6425,0,0,0.0,0,0.0,0.0,0.0,-0.3991514516043224,0.0,,,,V3
,0.0,2077-08-15,2077-08-29,403.55000000004657,0.0003309742695474911,1218875.5213059997,,,,,,,,,,0.3575,0.018730652163865623,0.014040188335744323,0,0,0,0.0,0.0,0.0,0.0,,-1.7598685317520002,,,,,,240980.60125000007,1219279.0713059998,,0.6425,0,0,0.0,0,0.0,0.0,0.0,-0.40042766161846327,0.0,,,,V3
,0.0,2077-08-15,2077-08-30,403.55000000004657,0.0003309742695474911,1218875.5213059997,,,,,,,,,,0.3575,0.018366546234962863,0.014049082934827385,0,0,0,0.0,0.0,0.0,0.0,,-1.563929117868601,,,,,,240980.60125000007,1219279.0713059998,,0.6425,0,0,0.0,0,0.0,0.0,0.0,-0.4013235728609883,0.0,,,,V3
,0.0,2077-08-15,2077-08-31,403.55000000004657,0.0003309742695474911,1218875.5213059997,,,,,,,,,,0.232375,0.018580307019302772,0.014133971291887322,0,0,0,0.0,0.0,0.0,0.0,,-1.8971448584336958,,,,,,240980.60125000007,1219279.0713059998,,0.767625,0,0,0.002669687338239837,0,0.0,0.0,0.0,-0.4021676339616454,0.00026696873382398375,,,,V3
,0.0,2077-08-15,2077-09-01,403.55000000004657,0.0003309742695474911,1218875.5213059997,,,,,,,,,,0.232375,0.01800290211976159,0.014176560230564919,0,0,0,0.0,0.0,0.0,0.0,,-1.5131412487692322,,,,,,240980.60125000007,1219279.0713059998,,0.767625,0,0,0.15236253193698565,0,0.0,0.0,0.0,-0.4021911853851673,0.015236253193698566,,,,V3
,0.0,2077-08-15,2077-09-02,403.55000000004657,0.0003309742695474911,1218875.5213059997,,,,,,,,,,0.232375,0.01778025554278638,0.01424352308783236,0,0,0,0.0,0.0,0.0,0.0,,-0.7557518010534493,,,,,,240980.60125000007,1219279.0713059998,,0.767625,0,0,0.007762617487072322,0,0.0,0.0,0.0,-0.40267965358106955,0.0007762617487072323,,,,V3
,0.0,2077-08-15,2077-09-03,403.55000000004657,0.0003309742695474911,1218875.5213059997,,,,,,,,,,0.3575,0.017471895025221007,0.014419053243049384,0,0,0,0.0,0.0,0.0,0.0,,-0.43933808794406914,,,,,,240980.60125000007,1219279.0713059998,,0.6425,0,0,0.0,0,0.0,0.0,0.0,-0.4039644267646486,0.0,,,,V3
,0.0,2077-08-15,2077-09-04,403.55000000004657,0.0003309742695474911,1218875.5213059997,,,,,,,,,,0.3575,0.01742145256316972,0.014563418589286925,0,0,0,0.0,0.0,0.0,0.0,,0.39415200505789566,,,,,,240980.60125000007,1219279.0713059998,,0.6425,0,0,0.0,0,0.0,0.0,0.0,-0.4050939238877891,0.0,,,,V3
,0.0,2077-08-15,2077-09-05,403.55000000004657,0.0003309742695474911,1218875.5213059997,,,,,,,,,,0.3575,0.018204877193503003,0.014623137874623623,0,0,0,0.0,0.0,0.0,0.0,,-0.004794872631320134,,,,,,240980.60125000007,1219279.0713059998,,0.6425,0,0,0.0,0,0.0,0.0,0.0,-0.4064718939034001,0.0,,,,V3
,0.0,2077-08-15,2077-09-06,403.55000000004657,0.0003309742695474911,1218875.5213059997,,,,,,,,,,0.232375,0.0180490608430484,0.015111094366833867,0,0,0,0.0,0.0,0.0,0.0,,0.20720840174272445,,,,,,240980.60125000007,1219279.0713059998,,0.767625,0,0,0.012528002231935925,0,0.0,0.0,0.0,-0.4075643523753318,0.0012528002231935926,,,,V3
,0.0,2077-08-15,2077-09-07,403.55000000004657,0.0003309742695474911,1218875.5213059997,,,,,,,,,,0.232375,0.018376481086087526,0.015384437895822146,0,0,0,0.0,0.0,0.0,0.0,,-0.1865787549777039,,,,,,240980.60125000007,1219279.0713059998,,0.767625,0,0,0.007849581769506,0,0.0,0.0,0.0,-0.40816631254463803,0.0007849581769506001,,,,V3
,0.0,2077-08-15,2077-09-08,403.55000000004657,0.0003309742695474911,1218875.5213059997,,,,,,,,,,0.232375,0.018648328354788888,0.01572992722963303,0,0,0,0.0,0.0,0.0,0.0,,-0.6806966922902815,,,,,,240980.60125000007,1219279.0713059998,,0.767625,0,0,0.7259209936137881,0,0.0,0.0,0.0,-0.4080752258015096,0.07259209936137882,,,,V3
,0.0,2077-08-15,2077-09-09,403.55000000004657,0.0003309742695474911,1218875.5213059997,,,,,,,,,,0.232375,0.018635836459457017,0.015820965737949468,0,0,0,0.0,0.0,0.0,0.0,,-0.8910877796286403,,,,,,240980.60125000007,1219279.0713059998,,0.767625,0,0,0.37922197956013737,0,0.0,0.0,0.0,-0.40793461985101714,0.03792219795601374,,,,V3
,0.0,2077-08-15,2077-09-10,403.55000000004657,0.0003309742695474911,1218875.5213059997,,,,,,,,,,0.232375,0.018956361621803846,0.01598269652949791,0,0,0,0.0,0.0,0.0,0.0,,-1.2735150792167595,,,,,,240980.60125000007,1219279.0713059998,,0.767625,0,0,0.03707497454966947,0,0.0,0.0,0.0,-0.4080272141628208,0.0037074974549669475,,,,V3
,0.0,2077-08-15,2077-09-11,403.55000000004657,0.0003309742695474911,1218875.5213059997,,,,,,,,,,0.232375,0.01814634329894985,0.016146120831225314,0,0,0,0.0,0.0,0.0,0.0,,-1.0868505930637333,,,,,,240980.60125000007,1219279.0713059998,,0.767625,0,0,0.5362359380218765,0,0.0,0.0,0.0,-0.4074596898849644,0.053623593802187654,,,,V3
,0.0,2077-08-15,2077-09-12,403.55000000004657,0.0003309742695474911,1218875.5213059997,,,,,,,,,,0.232375,0.01838493054429472,0.016689266144152164,0,0,0,0.0,0.0,0.0,0.0,,-0.007655749616135347,,,,,,240980.60125000007,1219279.0713059998,,0.767625,0,0,0.8551602927969464,0,0.0,0.0,0.0,-0.4058839675675703,0.08551602927969465,,,,V3
,0.0,2077-08-15,2077-09-13,403.55000000004657,0.0003309742695474911,1218875.5213059997,,,,,,,,,,0.232375,0.018341059228986507,0.01693323925274995,0,0,0,0.0,0.0,0.0,0.0,,0.9474090783273932,,,,,,240980.60125000007,1219279.0713059998,,0.767625,0,0,0.13729792966074678,0,0.0,0.0,0.0,-0.40457640946157686,0.013729792966074678,,,,V3
,0.0,2077-08-15,2077-09-14,403.55000000004657,0.0003309742695474911,1218875.5213059997,,,,,,,,,,0.232375,0.017980597979492974,0.017072996815240826,0,0,0,0.0,0.0,0.0,0.0,,1.0492245599774168,,,,,,240980.60125000007,1219279.0713059998,,0.767625,0,0,0.138285411475411,0,0.0,0.0,0.0,-0.4032835387964824,0.013828541147541102,,,,V3
,0.0,2077-08-15,2077-09-15,403.55000000004657,0.0003309742695474911,1218875.5213059997,,,,,,,,,,0.232375,0.018101868464387834,0.017140423857354287,0,0,0,0.0,0.0,0.0,0.0,,0.7573600393253477,,,,,,240980.60125000007,1219279.0713059998,,0.767625,0,0,0.004009630261279414,0,0.0,0.0,0.0,-0.4021164979299077,0.00040096302612794145,,,,V3
,0.0,2077-08-15,2077-09-16,403.55000000004657,0.0003309742695474911,1218875.5213059997,,,,,,,,,,0.232375,0.01815323892267151,0.01715426049790163,0,0,0,0.0,0.0,0.0,0.0,,1.4799613341958848,,,,,,240980.60125000007,1219279.0713059998,,0.767625,0,0,0.6737642053127579,0,0.0,0.0,0.0,-0.40092370842601205,0.0673764205312758,,,,V3
,0.0,2077-08-15,2077-09-17,403.55000000004657,0.0003309742695474911,1218875.5213059997,,,,,,,,,,0.5823750000000001,0.017412221650506914,0.01720509177578066,0,0,0,0.0,0.0,0.0,0.5156116527469395,,1.7401893280209209,,,,,,240980.60125000007,1219279.0713059998,,0.4176249999999999,0,0,0.0,0,0.0,0.0,0.0,-0.39989717831508353,0.0,,,,V3
,0.0,2077-08-15,2077-09-18,403.55000000004657,0.0003309742695474911,1218875.5213059997,,,,,,,,,,0.5823750000000001,0.016905454971467806,0.01720509177578066,0,0,0,0.0,0.0,0.0,0.4045195722066551,,1.365253556197461,,,,,,240980.60125000007,1219279.0713059998,,0.4176249999999999,0,0,0.0,0,0.0,0.0,0.0,-0.39911770500227234,0.0,,,,V3
,0.0,2077-08-15,2077-09-19,403.55000000004657,0.0003309742695474911,1218875.5213059997,,,,,,,,,,0.580198303078088,0.01718738126172796,0.017208317010053684,0,0,0,0.0,0.0,0.0,0.1932188276003758,,0.6521135431512682,,,,,,240980.60125000007,1219279.0713059998,,0.41980169692191205,0,0,0.012091738062724561,0,0.0,0.0,0.0,-0.39833269016665623,0.0012091738062724562,,,,V3
,0.0,2077-08-15,2077-09-20,403.55000000004657,0.0003309742695474911,1218875.5213059997,,,,,,,,,,0.5823750000000001,0.017344632654480416,0.017331233709463587,0,0,0,0.0,0.0,0.0,0.4270829664962957,,1.441405011924998,,,,,,240980.60125000007,1219279.0713059998,,0.4176249999999999,0,0,0.0,0,0.0,0.0,0.0,-0.3975782585808335,0.0,,,,V3
,0.0,2077-08-15,2077-09-21,403.55000000004657,0.0003309742695474911,1218875.5213059997,,,,,,,,,,0.5823750000000001,0.016886966028196906,0.017331233709463587,0,0,0,0.0,0.0,0.0,0.43509508656132584,,1.4684459171444746,,,,,,240980.60125000007,1219279.0713059998,,0.4176249999999999,0,0,0.0,0,0.0,0.0,0.0,-0.3969504722262133,0.0,,,,V3
,0.0,2077-08-15,2077-09-22,403.55000000004657,0.0003309742695474911,1218875.5213059997,,,,,,,,,,0.5823750000000001,0.016480686288494525,0.017331233709463587,0,0,0,0.0,0.0,0.0,0.5801860567376235,,1.9581279414894792,,,,,,240980.60125000007,1219279.0713059998,,0.4176249999999999,0,0,0.0,0,0.0,0.0,0.0,-0.39638320424868284,0.0,,,,V3
,0.0,2077-08-15,2077-09-23,403.55000000004657,0.0003309742695474911,1218875.5213059997,,,,,,,,,,0.5821714832639839,0.01672432454807121,0.017331233709463587,0,0,0,0.0,0.0,0.0,0.7156665836016353,,2.415374719655519,,,,,,240980.60125000007,1219279.0713059998,SELL series_9 size=3172.0000,0.41782851673601606,0,0,0.004163853387300101,0,0.0,0.0,0.0,-0.39585378900616447,0.00041638533873001015,,,,V3
,-15959.125,2077-08-15,2077-09-24,9671.72164000012,0.007932328100769007,1209607.3496659996,SELL series_9 fill_size=3172.0000 fill_px=122.8594,,,,,,,,,0.5823750000000001,0.019333543356186065,0.017405462750904266,0,0,0,0.0,-0.32984102246912356,-3172.0,1.0,127.72297450054056,2.9500944101582864,,,,,,225021.47625000007,1219279.0713059998,,0.4176249999999999,0,0,0.0,0,0.0,0.0,0.0,-0.3954873702594333,0.0,,,,V3
,6443.125,2077-08-15,2077-09-25,12278.73134399997,0.01007048479135127,1207000.3399619998,,,,,,,,,,0.5822258901347057,0.019938273474323594,0.01742052947190344,0,0,0,0.0,-0.33190852570315976,-3172.0,0.8604485845968853,127.72297450054056,2.454013973014488,,,,,,231464.60125000007,1219279.0713059998,,0.4177741098652943,0,0,0.003667315881130552,0,0.0,0.0,0.0,-0.3951739458327774,0.00036673158811305524,,,,V3
,3518.953360000005,2077-08-15,2077-09-26,9057.152984000044,0.007428285449284966,1210221.9183219997,,,,,,,,,,0.5509066738866915,0.019929212141892052,0.01746685077901588,0,0,0,0.0,-0.3283630208507488,-3172.0,0.6814693139005866,127.72297450054056,1.8499589344144798,,,,,,234983.55461000008,1219279.0713059998,,0.44909332611330854,0,0,0.6732359876294338,0,0.0,0.0,0.0,-0.39469326166770846,0.06732359876294339,,,,V3
,-9268.203360000005,2077-08-15,2077-09-27,14211.652984000044,0.011655783584292638,1205067.4183219997,,,,,,,,,,0.5697724123013617,0.020344228184454704,0.017749419491029844,0,0,0,0.0,-0.3340448997953388,-3172.0,0.705692261545405,127.72297450054056,1.9317113827157422,,,,,,225715.35125000007,1219279.0713059998,,0.43022758769863834,0,0,0.2635926741024529,0,0.0,0.0,0.0,-0.39434088411685647,0.02635926741024529,,,,V3
,1883.375,2077-08-15,2077-09-28,17829.73134399997,0.014623175090590301,1201449.3399619998,,,,,,,,,,0.5635991686937807,0.019786155220446786,0.017960563735822315,1,0,0,0.0,-0.3380622801564371,-3172.0,0.6925729347626753,,1.8874336548240294,,,,,,227598.72625000007,1219279.0713059998,BUY series_9 size=3172.0000,0.4364008313062193,0,0,0.39259310821545645,0,0.0,0.0,0.0,-0.39392579495221486,0.03925931082154565,,,,V3
CLOSE series_9 pnl_net=-13381.88,0.0,2077-08-15,2077-09-29,14756.85634399997,0.012102935817797266,1204522.2149619998,BUY series_9 fill_size=3172.0000 fill_px=127.0781,,,,,,,,,0.232375,0.01925934587956186,0.01800067170573473,0,0,0,0.0,0.0,0.0,0.0,,1.564757421584218,,,,,,227598.72625000007,1219279.0713059998,,0.767625,0,0,0.16586284901002493,0,0.0,0.0,0.0,-0.3934708366053185,0.016586284901002495,,,,V3
,0.0,2077-08-15,2077-09-30,15986.006343999878,0.013111031526914403,1203293.064962,,,,,,,,,,0.3575,0.01968989552954735,0.01804444497071972,0,0,0,0.0,0.0,0.0,0.0,,1.9497447461318624,,,,,,227598.72625000007,1219279.0713059998,,0.6425,0,0,0.0,0,0.0,0.0,0.0,-0.3931677089250182,0.0,,,,V3
,0.0,2077-08-15,2077-10-01,15986.006343999878,0.013111031526914403,1203293.064962,,,,,,,,,,0.3575,0.019331843332508942,0.01809658770225389,0,0,0,0.0,0.0,0.0,0.0,,1.8290807067923534,,,,,,227598.72625000007,1219279.0713059998,,0.6425,0,0,0.0,0,0.0,0.0,0.0,-0.3929463150471825,0.0,,,,V3
,0.0,2077-08-15,2077-10-02,15986.006343999878,0.013111031526914403,1203293.064962,,,,,,,,,,0.5823750000000001,0.018876644284866417,0.01814189581549365,0,0,0,0.0,0.0,0.0,0.5137982922634289,,1.7340692363890726,,,,,,227598.72625000007,1219279.0713059998,,0.4176249999999999,0,0,0.0,0,0.0,0.0,0.0,-0.39278079674281297,0.0,,,,V3
,0.0,2077-08-15,2077-10-03,15986.006343999878,0.013111031526914403,1203293.064962,,,,,,,,,,0.5823750000000001,0.018768942171376056,0.018152549360299346,0,0,0,0.0,0.0,0.0,0.5392098677266651,,1.819833303577495,,,,,,227598.72625000007,1219279.0713059998,,0.4176249999999999,0,0,0.0,0,0.0,0.0,0.0,-0.392637369050603,0.0,,,,V3
,0.0,2077-08-15,2077-10-04,15986.006343999878,0.013111031526914403,1203293.064962,,,,,,,,,,0.5823750000000001,0.01879242944662696,0.018199713366419856,0,0,0,0.0,0.0,0.0,0.45883428292446177,,1.5485657048700585,,,,,,227598.72625000007,1219279.0713059998,,0.4176249999999999,0,0,0.0,0,0.0,0.0,0.0,-0.3925040260813161,0.0,,,,V3
,0.0,2077-08-15,2077-10-05,15986.006343999878,0.013111031526914403,1203293.064962,,,,,,,,,,0.575514175282966,0.01861467115227469,0.01832744102543816,0,0,0,0.0,0.0,0.0,0.41682704841546164,,1.406791288402183,,,,,,227598.72625000007,1219279.0713059998,,0.424485824717034,0,0,0.08334161537046465,0,0.0,0.0,0.0,-0.39143296920986964,0.008334161537046466,,,,V3
,0.0,2077-08-15,2077-10-06,15986.006343999878,0.013111031526914403,1203293.064962,,,,,,,,,,0.5813610891349315,0.01821710739756163,0.01832866404584402,0,0,0,0.0,0.0,0.0,0.4163195015656414,,1.4050783177840398,,,,,,227598.72625000007,1219279.0713059998,,0.41863891086506855,0,0,0.012095349331076071,0,0.0,0.0,0.0,-0.3903907358503412,0.0012095349331076072,,,,V3
,0.0,2077-08-15,2077-10-07,15986.006343999878,0.013111031526914403,1203293.064962,,,,,,,,,,0.5306668505917367,0.017954620209853774,0.01832866404584402,0,0,0,0.0,0.0,0.0,0.35213661781129196,,1.1884610851131105,,,,,,227598.72625000007,1219279.0713059998,,0.4693331494082633,0,0,0.610420057061096,0,0.0,0.0,0.0,-0.3893767691719837,0.061042005706109605,,,,V3
,0.0,2077-08-15,2077-10-08,15986.006343999878,0.013111031526914403,1203293.064962,,,,,,,,,,0.5174277409348802,0.01772380367670158,0.01832866404584402,0,0,0,0.0,0.0,0.0,0.35105764865026085,,1.1848195641946304,,,,,,227598.72625000007,1219279.0713059998,,0.4825722590651198,0,0,0.7998601233899032,0,0.0,0.0,0.0,-0.38844454573957765,0.07998601233899033,,,,V3
,0.0,2077-08-15,2077-10-09,15986.006343999878,0.013111031526914403,1203293.064962,,,,,,,,,,0.5558556121585365,0.018297673298973867,0.018336720635985244,0,0,0,0.0,0.0,0.0,0.3468130849685322,,1.170494161768796,,,,,,227598.72625000007,1219279.0713059998,,0.4441443878414635,0,0,0.28432216222799256,0,0.0,0.0,0.0,-0.3875776509271397,0.028432216222799258,,,,V3
,0.0,2077-08-15,2077-10-10,15986.006343999878,0.013111031526914403,1203293.064962,,,,,,,,,,0.57536303959175,0.017775341898537026,0.018336720635985244,0,0,0,0.0,0.0,0.0,0.3442225272573933,,1.1617510294937021,,,,,,227598.72625000007,1219279.0713059998,,0.42463696040825005,0,0,0.07037197960691484,0,0.0,0.0,0.0,-0.3867237004158776,0.007037197960691484,,,,V3
,0.0,2077-08-15,2077-10-11,15986.006343999878,0.013111031526914403,1203293.064962,,,,,,,,,,0.5463823559408301,0.01825954202497363,0.018336720635985244,0,0,0,0.0,0.0,0.0,0.44868358392049174,,1.5143070957316596,,,,,,227598.72625000007,1219279.0713059998,,0.45361764405916993,0,0,0.5142971406786435,0,0.0,0.0,0.0,-0.38597870101142345,0.051429714067864354,,,,V3
,0.0,2077-08-15,2077-10-12,15986.006343999878,0.013111031526914403,1203293.064962,,,,,,,,,,0.56231769406433,0.01826156517545882,0.018336720635985244,0,0,0,0.0,0.0,0.0,0.5389268552170435,,1.818878136357522,,,,,,227598.72625000007,1219279.0713059998,,0.43768230593567004,0,0,0.32761509821245827,0,0.0,0.0,0.0,-0.3853155483701316,0.03276150982124583,,,,V3
,0.0,2077-08-15,2077-10-13,15986.006343999878,0.013111031526914403,1203293.064962,,,,,,,,,,0.571363210983225,0.01808515712888669,0.018336720635985244,0,0,0,0.0,0.0,0.0,0.612238161013139,,2.066303793419344,,,,,,227598.72625000007,1219279.0713059998,,0.42863678901677504,0,0,0.19888117753536422,0,0.0,0.0,0.0,-0.38458203266567054,0.019888117753536425,,,,V3
,0.0,2077-08-15,2077-10-14,15986.006343999878,0.013111031526914403,1203293.064962,,,,,,,,,,0.5805724297799029,0.017664790218834412,0.018336720635985244,0,0,0,0.0,0.0,0.0,0.5094022101470109,,1.719232459246162,,,,,,227598.72625000007,1219279.0713059998,,0.41942757022009713,0,0,0.026371052039158915,0,0.0,0.0,0.0,-0.3839258218856249,0.002637105203915892,,,,V3
,0.0,2077-08-15,2077-10-15,15986.006343999878,0.013111031526914403,1203293.064962,,,,,,,,,,0.5677952050403084,0.01715354218831667,0.018336720635985244,0,0,0,0.0,0.0,0.0,0.45319682719882853,,1.5295392917960464,,,,,,227598.72625000007,1219279.0713059998,,0.43220479495969155,0,0,0.1969922120865571,0,0.0,0.0,0.0,-0.38328536128898644,0.01969922120865571,,,,V3
,0.0,2077-08-15,2077-10-16,15986.006343999878,0.013111031526914403,1203293.064962,,,,,,,,,,0.5611964187379085,0.01656579866567599,0.018336720635985244,0,0,0,0.0,0.0,0.0,0.43896626816289475,,1.4815111550497697,,,,,,227598.72625000007,1219279.0713059998,,0.4388035812620915,0,0,0.28272740922071704,0,0.0,0.0,0.0,-0.38263287362422155,0.028272740922071705,,,,V3
,0.0,2077-08-15,2077-10-17,15986.006343999878,0.013111031526914403,1203293.064962,,,,,,,,,,0.5588410599876528,0.01600482514752726,0.018336720635985244,0,0,0,0.0,0.0,0.0,0.37280285807819474,,1.2582096460139072,,,,,,227598.72625000007,1219279.0713059998,,0.44115894001234723,0,0,0.26874218100269553,0,0.0,0.0,0.0,-0.38204576379363825,0.026874218100269555,,,,V3
,0.0,2077-08-15,2077-10-18,15986.006343999878,0.013111031526914403,1203293.064962,,,,,,,,,,0.5108768398996558,0.015325194452799748,0.018336720635985244,0,0,0,0.0,0.0,0.0,0.3895230863406723,,1.3146404163997691,,,,,,227598.72625000007,1219279.0713059998,,0.4891231601003442,0,0,1.0,0,0.0,0.0,0.0,-0.38147753734367557,0.1,,,,V3
,0.0,2077-08-15,2077-10-19,15986.006343999878,0.013111031526914403,1203293.064962,,,,,,,,,,0.5413943791441982,0.014995646247769365,0.018336720635985244,0,0,0,0.0,0.0,0.0,0.3496530076309676,,1.1800789007545158,,,,,,227598.72625000007,1219279.0713059998,,0.4586056208558018,0,0,0.4636925158706351,0,0.0,0.0,0.0,-0.3808530957462891,0.04636925158706351,,,,V3
,0.0,2077-08-15,2077-10-20,15986.006343999878,0.013111031526914403,1203293.064962,,,,,,,,,,0.5520144668081725,0.014906042934581734,0.018336720635985244,0,0,0,0.0,0.0,0.0,0.3598301836657114,,1.214426869871776,,,,,,227598.72625000007,1219279.0713059998,,0.44798553319182755,0,0,0.3417799542620477,0,0.0,0.0,0.0,-0.3801956099118446,0.034177995426204776,,,,V3
,0.0,2077-08-15,2077-10-21,15986.006343999878,0.013111031526914403,1203293.064962,,,,,,,,,,0.36722884150809154,0.01612813808365083,0.018336720635985244,0,0,0,0.0,0.0,0.0,0.057760698618294436,,0.1949423578367437,,,,,,227598.72625000007,1219279.0713059998,,0.6327711584919085,0,0,0.921515640975589,0,0.0,0.0,0.0,-0.37959096035530226,0.09215156409755891,,,,V3
,0.0,2077-08-15,2077-10-22,15986.006343999878,0.013111031526914403,1203293.064962,,,,,,,,,,0.4855468807424006,0.017675050969605942,0.018336720635985244,0,0,0,0.0,0.0,0.0,0.19852759301902634,,-0.6700306264392138,,,,,,227598.72625000007,1219279.0713059998,,0.5144531192575994,0,0,0.7592886459744584,0,0.0,0.0,0.0,-0.3790028406810225,0.07592886459744586,,,,V3
,0.0,2077-08-15,2077-10-23,15986.006343999878,0.013111031526914403,1203293.064962,,,,,,,,,,0.5148970132078421,0.018603099389525275,0.018363997534365226,0,0,0,0.0,0.0,0.0,0.4186876737713759,,-1.4130708989783938,,,,,,227598.72625000007,1219279.0713059998,,0.4851029867921579,0,0,1.0,0,0.0,0.0,0.0,-0.37872583747489724,0.1,,,,V3
,0.0,2077-08-15,2077-10-24,15986.006343999878,0.013111031526914403,1203293.064962,,,,,,,,,,0.5174090181837786,0.018427313805668075,0.01837548760097506,0,0,0,0.0,0.0,0.0,0.4387434934641563,,-1.4807592904415274,,,,,,227598.72625000007,1219279.0713059998,,0.4825909818162214,0,0,1.0,0,0.0,0.0,0.0,-0.19222305958029468,0.1,,,,V3
,0.0,2077-08-15,2077-10-25,15986.006343999878,0.013111031526914403,1203293.064962,,,,,,,,,,0.5288938279305654,0.01791855977803086,0.01837548760097506,0,0,0,0.0,0.0,0.0,0.4282484617190487,,-1.4453385583017893,,,,,,227598.72625000007,1219279.0713059998,,0.4711061720694346,0,0,0.7724038918375293,0,0.0,0.0,0.0,-0.06591430836522882,0.07724038918375294,,,,V3
,0.0,2077-08-15,2077-10-26,15986.006343999878,0.013111031526914403,1203293.064962,,,,,,,,,,0.5306208531148797,0.01720173556570388,0.01837548760097506,0,0,0,0.0,0.0,0.0,0.38396180398637686,,-1.2958710884540219,,,,,,227598.72625000007,1219279.0713059998,,0.4693791468851203,0,0,0.5675498414986385,0,0.0,0.0,0.0,0.016455534389581083,0.06662830478361251,,,,V3
,0.0,2077-08-15,2077-10-27,15986.006343999878,0.013111031526914403,1203293.064962,,,,,,,,,,0.4783629522407521,0.017265737317296758,0.01837548760097506,0,0,0,0.0,0.0,0.0,0.3659979119269871,,-1.2352429527535813,,,,,,227598.72625000007,1219279.0713059998,,0.5216370477592479,0,0,0.7696950531986897,0,0.0,0.0,0.0,0.12964470496905503,0.15475632830130198,,,,V3
,0.0,2077-08-15,2077-10-28,15986.006343999878,0.013111031526914403,1203293.064962,,,,,,,,,,0.47369075691548646,0.017222468375061858,0.01837548760097506,0,0,0,0.0,0.0,0.0,0.2221846890247174,,-0.7498733254584212,,,,,,227598.72625000007,1219279.0713059998,,0.5263092430845135,0,0,0.0,0,0.0,0.0,0.0,0.16677992809283307,0.10006795685569984,,,,V3
,0.0,2077-08-15,2077-10-29,15986.006343999878,0.013111031526914403,1203293.064962,,,,,,,,,,0.45870338585983705,0.016729013059026895,0.01837548760097506,0,0,0,0.0,0.0,0.0,0.22229144582328,,-0.75023362965357,,,,,,227598.72625000007,1219279.0713059998,,0.541296614140163,0,0,0.02943943246057593,0,0.0,0.0,0.0,0.19753630614842416,0.1214657269351121,,,,V3
,0.0,2077-08-15,2077-10-30,15986.006343999878,0.013111031526914403,1203293.064962,,,,,,,,,,0.3356466282311139,0.01686733991776871,0.01837548760097506,0,0,0,0.0,0.0,0.0,0.05134696966817284,,-0.17329602263008334,,,,,,227598.72625000007,1219279.0713059998,,0.6643533717688861,0,0,0.0,0,0.0,0.0,0.0,0.20445683612061366,0.12267410167236821,,,,V3
,0.0,2077-08-15,2077-10-31,15986.006343999878,0.013111031526914403,1203293.064962,,,,,,,,,,0.29083085532622976,0.016519248977272305,0.01837548760097506,0,0,0,0.0,0.0,0.0,0.026873920598741108,,-0.09069948202075123,,,,,,227598.72625000007,1219279.0713059998,,0.7091691446737702,0,0,0.02449044947131105,0,0.0,0.0,0.0,0.21930432617193785,0.13403164065029383,,,,V3
,0.0,2077-08-15,2077-11-01,15986.006343999878,0.013111031526914403,1203293.064962,,,,,,,,,,0.3719757615874222,0.0170653729252763,0.01837548760097506,0,0,0,0.0,0.0,0.0,0.09495007063424497,,-0.3204564883905768,,,,,,227598.72625000007,1219279.0713059998,,0.6280242384125778,0,0,0.013737774188807414,0,0.0,0.0,0.0,0.23621697988072826,0.1431039653473177,,,,V3
,0.0,2077-08-15,2077-11-02,15986.006343999878,0.013111031526914403,1203293.064962,,,,,,,,,,0.43299573814016756,0.017942646825462878,0.01837548760097506,0,0,0,0.0,0.0,0.0,0.18696885317418846,,-0.6310198794628861,,,,,,227598.72625000007,1219279.0713059998,,0.5670042618598324,0,0,0.0,0,0.0,0.0,0.0,0.23202378059927808,0.13921426835956685,,,,V3
,0.0,2077-08-15,2077-11-03,15986.006343999878,0.013111031526914403,1203293.064962,,,,,,,,,,0.4980150760027172,0.019219017785373042,0.018384085598474,0,0,0,0.0,0.0,0.0,0.4343521595531206,,-1.4659385384917822,,,,,,227598.72625000007,1219279.0713059998,,0.5019849239972828,0,0,0.010145261425619457,0,0.0,0.0,0.0,0.228206130852334,0.13793820465396234,,,,V3
,0.0,2077-08-15,2077-11-04,15986.006343999878,0.013111031526914403,1203293.064962,,,,,,,,,,0.232375,0.019594007852111184,0.01842307547953074,0,0,0,0.0,0.0,0.0,0.0,,-1.7451407944068242,,,,,,227598.72625000007,1219279.0713059998,,0.767625,0,0,0.0,0,0.0,0.0,0.0,0.21378183484756486,0.1282691009085389,,,,V3
,0.0,2077-08-15,2077-11-05,15986.006343999878,0.013111031526914403,1203293.064962,,,,,,,,,,0.5125195108431063,0.01929104378241764,0.0185650076979393,0,0,0,0.0,0.0,0.0,0.4876026376587304,,-1.6456589020982153,,,,,,227598.72625000007,1219279.0713059998,,0.4874804891568937,0,0,0.005233545215959256,0,0.0,0.0,0.0,0.2017714938700942,0.12158625084365243,,,,V3
,0.0,2077-08-15,2077-11-06,15986.006343999878,0.013111031526914403,1203293.064962,,,,,,,,,,0.5099113943235097,0.018820054426083435,0.018600820152503025,0,0,0,0.0,0.0,0.0,0.46622870053507515,,-1.5735218643058786,,,,,,227598.72625000007,1219279.0713059998,,0.49008860567649026,0,0,0.012580280082634876,0,0.0,0.0,0.0,0.20078726512465228,0.12173038708305485,,,,V3
,0.0,2077-08-15,2077-11-07,15986.006343999878,0.013111031526914403,1203293.064962,,,,,,,,,,0.48949332938178713,0.018523526322001035,0.018600820152503025,0,0,0,0.0,0.0,0.0,0.27911545040478103,,-0.942014645116136,,,,,,227598.72625000007,1219279.0713059998,,0.5105066706182129,0,0,0.0,0,0.0,0.0,0.0,0.1680465526727462,0.10082793160364772,,,,V3
,0.0,2077-08-15,2077-11-08,15986.006343999878,0.013111031526914403,1203293.064962,,,,,,,,,,0.5270269343312848,0.019236167457760914,0.018613513975999748,0,0,0,0.0,0.0,0.0,0.45027449444592377,,-1.5196764187549927,,,,,,227598.72625000007,1219279.0713059998,,0.4729730656687152,0,0,0.010623088513300103,0,0.0,0.0,0.0,0.13919706644999524,0.08458054872132716,,,,V3
,0.0,2077-08-15,2077-11-09,15986.006343999878,0.013111031526914403,1203293.064962,,,,,,,,,,0.232375,0.01985049791177895,0.018633719928738784,0,0,0,0.0,0.0,0.0,0.0,,-1.9865425412469824,,,,,,227598.72625000007,1219279.0713059998,,0.767625,0,0,0.0,0,0.0,0.0,0.0,0.09264470252905471,0.05558682151743283,,,,V3
,0.0,2077-08-15,2077-11-10,15986.006343999878,0.013111031526914403,1203293.064962,,,,,,,,,,0.5584731416631963,0.019350679099879482,0.018647079165255702,0,0,0,0.0,0.0,0.0,0.5623545178017797,,-1.8979464975810065,,,,,,227598.72625000007,1219279.0713059998,,0.4415268583368037,0,0,0.029319239129298395,0,0.0,0.0,0.0,0.06381117361569472,0.041218628082346664,,,,V3
,0.0,2077-08-15,2077-11-11,15986.006343999878,0.013111031526914403,1203293.064962,,,,,,,,,,0.5758067136757853,0.01898946776655056,0.01872241978295795,0,0,0,0.0,0.0,0.0,0.3261175164580588,,-1.1006466180459484,,,,,,227598.72625000007,1219279.0713059998,,0.4241932863242147,0,0,0.0,0,0.0,0.0,0.0,0.010395240830226693,0.006237144498136016,,,,V3
,0.0,2077-08-15,2077-11-12,15986.006343999878,0.013111031526914403,1203293.064962,,,,,,,,,,0.5823750000000001,0.01939452488687148,0.018765113170625014,0,0,0,0.0,0.0,0.0,0.4434793775534997,,-1.4967428992430614,,,,,,227598.72625000007,1219279.0713059998,,0.4176249999999999,0,0,0.0,0,0.0,0.0,0.0,-0.043330659598189436,0.0,,,,V3
,0.0,2077-08-15,2077-11-13,15986.006343999878,0.013111031526914403,1203293.064962,,,,,,,,,,0.5768483145357262,0.018954778664686003,0.01879008071910187,0,0,0,0.0,0.0,0.0,0.4221343450004315,,-1.4247034143764563,,,,,,227598.72625000007,1219279.0713059998,,0.42315168546427384,0,0,0.06772669028453021,0,0.0,0.0,0.0,-0.05924790935161589,0.0067726690284530214,,,,V3
,0.0,2077-08-15,2077-11-14,15986.006343999878,0.013111031526914403,1203293.064962,,,,,,,,,,0.5367253053479789,0.018381913786686254,0.01879008071910187,0,0,0,0.0,0.0,0.0,0.3604011860448269,,-1.216354002901291,,,,,,227598.72625000007,1219279.0713059998,,0.4632746946520211,0,0,0.5405680167253977,0,0.0,0.0,0.0,-0.04759699982742155,0.05405680167253977,,,,V3
,0.0,2077-08-15,2077-11-15,15986.006343999878,0.013111031526914403,1203293.064962,,,,,,,,,,0.5330692045812508,0.01826840637377217,0.01879008071910187,0,0,0,0.0,0.0,0.0,0.40098772355002366,,-1.3533335669813298,,,,,,227598.72625000007,1219279.0713059998,,0.46693079541874916,0,0,0.6575124615494563,0,0.0,0.0,0.0,-0.035101912936578494,0.06575124615494564,,,,V3
,0.0,2077-08-15,2077-11-16,15986.006343999878,0.013111031526914403,1203293.064962,,,,,,,,,,0.498635743589816,0.017688302915606267,0.01879008071910187,0,0,0,0.0,0.0,0.0,0.37224561437918235,,-1.2563289485297404,,,,,,227598.72625000007,1219279.0713059998,,0.501364256410184,0,0,1.0,0,0.0,0.0,0.0,0.028452664668721317,0.1170715988012328,,,,V3
,0.0,2077-08-15,2077-11-17,15986.006343999878,0.013111031526914403,1203293.064962,,,,,,,,,,0.48552557170579125,0.01770855588056451,0.01879008071910187,0,0,0,0.0,0.0,0.0,0.177706724149979,,-0.5997601940061792,,,,,,227598.72625000007,1219279.0713059998,,0.5144744282942088,0,0,0.3792291363612727,0,0.0,0.0,0.0,0.05010580145342708,0.06798639450818353,,,,V3
,0.0,2077-08-15,2077-11-18,15986.006343999878,0.013111031526914403,1203293.064962,,,,,,,,,,0.47079406939666346,0.017083462132748462,0.01879008071910187,0,0,0,0.0,0.0,0.0,0.09178463030470885,,-0.30977312727839235,,,,,,227598.72625000007,1219279.0713059998,,0.5292059306033365,0,0,0.12663821562645064,0,0.0,0.0,0.0,0.0504861595927672,0.04295551731830538,,,,V3
,0.0,2077-08-15,2077-11-19,15986.006343999878,0.013111031526914403,1203293.064962,,,,,,,,,,0.3885634326630416,0.01692701862736534,0.01879008071910187,0,0,0,0.0,0.0,0.0,0.017392044172102755,,-0.05869814908084679,,,,,,227598.72625000007,1219279.0713059998,,0.6114365673369584,0,0,0.0,0,0.0,0.0,0.0,0.035969152588281095,0.021581491552968658,,,,V3
,0.0,2077-08-15,2077-11-20,15986.006343999878,0.013111031526914403,1203293.064962,,,,,,,,,,0.5507529930341444,0.0180445404036896,0.01879008071910187,0,0,0,0.0,0.0,0.0,0.28352710098465855,,-0.9569039658232227,,,,,,227598.72625000007,1219279.0713059998,,0.4492470069658556,0,0,0.10138286834296784,0,0.0,0.0,0.0,0.030037087323759093,0.02816053922855224,,,,V3
,0.0,2077-08-15,2077-11-21,15986.006343999878,0.013111031526914403,1203293.064962,,,,,,,,,,0.5823750000000001,0.018585128240551984,0.01879008071910187,0,0,0,0.0,0.0,0.0,0.10196770802697691,,0.34414101459104707,,,,,,227598.72625000007,1219279.0713059998,,0.4176249999999999,0,0,0.0,0,0.0,0.0,0.0,-0.019891415972157656,0.0,,,,V3
,0.0,2077-08-15,2077-11-22,15986.006343999878,0.013111031526914403,1203293.064962,,,,,,,,,,0.5823750000000001,0.018607692064946394,0.01879008071910187,0,0,0,0.0,0.0,0.0,0.0686769986429602,,0.23178487041999069,,,,,,227598.72625000007,1219279.0713059998,,0.4176249999999999,0,0,0.0,0,0.0,0.0,0.0,-0.11216633758906158,0.0,,,,V3
,0.0,2077-08-15,2077-11-23,15986.006343999878,0.013111031526914403,1203293.064962,,,,,,,,,,0.5793259052818741,0.019055319255468398,0.01881729192813779,0,0,0,0.0,0.0,0.0,0.3369934575835478,,-1.1373529193444738,,,,,,227598.72625000007,1219279.0713059998,,0.4206740947181259,0,0,0.029615860801002487,0,0.0,0.0,0.0,-0.1804470185053526,0.002961586080100249,,,,V3
,0.0,2077-08-15,2077-11-24,15986.006343999878,0.013111031526914403,1203293.064962,,,,,,,,,,0.5823750000000001,0.019071098126966293,0.01887098529898812,0,0,0,0.0,0.0,0.0,0.052772289291348036,,-0.17810647635829963,,,,,,227598.72625000007,1219279.0713059998,,0.4176249999999999,0,0,0.0,0,0.0,0.0,0.0,-0.2335826222261505,0.0,,,,V3
,0.0,2077-08-15,2077-11-25,15986.006343999878,0.013111031526914403,1203293.064962,,,,,,,,,,0.5560285221050603,0.018780397236910804,0.01887098529898812,0,0,0,0.0,0.0,0.0,0.019259459509491473,,0.06500067584453371,,,,,,227598.72625000007,1219279.0713059998,,0.44397147789493974,0,0,0.015677843421416288,0,0.0,0.0,0.0,-0.28122471735933824,0.0015677843421416288,,,,V3
,0.0,2077-08-15,2077-11-26,15986.006343999878,0.013111031526914403,1203293.064962,,,,,,,,,,0.5627498992455038,0.018383677612414003,0.01887098529898812,0,0,0,0.0,0.0,0.0,0.03114392659219127,,0.10511075224864554,,,,,,227598.72625000007,1219279.0713059998,,0.4372501007544962,0,0,0.018500276463442853,0,0.0,0.0,0.0,-0.3288098945204248,0.0018500276463442853,,,,V3
,0.0,2077-08-15,2077-11-27,15986.006343999878,0.013111031526914403,1203293.064962,,,,,,,,,,0.5076594787693001,0.01860783475323666,0.01887098529898812,0,0,0,0.0,0.0,0.0,0.3329628265396082,,-1.1237495395711776,,,,,,227598.72625000007,1219279.0713059998,,0.49234052123069993,0,0,0.903701191094118,0,0.0,0.0,0.0,-0.2696525247245802,0.0903701191094118,,,,V3
,0.0,2077-08-15,2077-11-28,15986.006343999878,0.013111031526914403,1203293.064962,,,,,,,,,,0.5514843418186037,0.018292807054772056,0.01887098529898812,0,0,0,0.0,0.0,0.0,0.3947882819964077,,-1.3324104517378759,,,,,,227598.72625000007,1219279.0713059998,,0.44851565818139627,0,0,0.382165868403315,0,0.0,0.0,0.0,-0.2581124446984061,0.0382165868403315,,,,V3
,0.0,2077-08-15,2077-11-29,15986.006343999878,0.013111031526914403,1203293.064962,,,,,,,,,,0.5818330392208237,0.01886009499332129,0.018874989355711903,0,0,0,0.0,0.0,0.0,0.7760218460549071,,-2.6190737304353116,,,,,,227598.72625000007,1219279.0713059998,BUY series_9 size=2979.0000,0.41816696077917626,0,0,0.012035018718797901,0,0.0,0.0,0.0,-0.28469002471049926,0.0012035018718797902,,,,V3
,5166.718020000005,2077-08-15,2077-11-30,12401.882073999848,0.010171487697821212,1206877.189232,BUY series_9 fill_size=2979.0000 fill_px=123.5312,,,,,,,,,0.5823750000000001,0.01852562503722032,0.018874989355711903,0,0,0,0.0,0.3078885915943597,2979.0,0.576834881937918,118.9096852937397,-1.496817726540473,,,,,,232765.44427000007,1219279.0713059998,,0.4176249999999999,0,0,0.0,0,0.0,0.0,0.0,-0.32200371461054084,0.0,,,,V3
,-465.46875,2077-08-15,2077-12-01,13370.057073999895,0.0109655429906452,1205909.0142319999,,,,,,,,,,0.5819188662053121,0.01833967361475506,0.018874989355711903,0,0,0,0.0,0.3075181988387192,2979.0,0.5718794955903085,118.9096852937397,-1.4800932976172911,,,,,,232299.97552000007,1219279.0713059998,,0.4180811337946879,0,0,0.007462684648415872,0,0.0,0.0,0.0,-0.3731155976668928,0.0007462684648415872,,,,V3
,-3351.375,2077-08-15,2077-12-02,15511.213323999895,0.012721626811313553,1203767.8579819999,,,,,,,,,,0.5704793626162187,0.018210708700767075,0.018874989355711903,0,0,0,0.0,0.30628647319765306,2979.0,0.6342886172398469,118.9096852937397,-1.690724083184483,,,,,,228948.60052000007,1219279.0713059998,,0.4295206373837813,0,0,0.223163857720166,0,0.0,0.0,0.0,-0.38110567276611435,0.0223163857720166,,,,V3
,9216.28125,2077-08-15,2077-12-03,5969.118843999924,0.004895613305005108,1213309.9524619998,,,,,,,,,,0.5795236872689824,0.018672084866923074,0.018874989355711903,1,0,0,0.0,0.31174219372592366,2979.0,0.1837148384800351,,0.1700375798701184,,,,,,238164.88177000007,1219279.0713059998,SELL series_9 size=2979.0000,0.4204763127310176,0,0,0.01508945524051717,0,0.0,0.0,0.0,-0.39672277294095876,0.0015089455240517172,,,,V3
CLOSE series_9 pnl_net=10566.16,0.0,2077-08-15,2077-12-04,5643.275823999895,0.004628370942146365,1213635.7954819999,SELL series_9 fill_size=2979.0000 fill_px=127.0781,,,,,,,,,0.516724260751918,0.01833924959815527,0.018874989355711903,0,0,0,0.0,0.0,0.0,0.10090666123601606,,0.3405599816715542,,,,,,238164.88177000007,1219279.0713059998,,0.483275739248082,0,0,0.23297394505906271,0,0.0,0.0,0.0,-0.4070893504791383,0.023297394505906274,,,,V3
,0.0,2077-08-15,2077-12-05,5773.6130319999065,0.004735267887289862,1213505.4582739999,,,,,,,,,,0.5823750000000001,0.01823825314817667,0.018874989355711903,0,0,0,0.0,0.0,0.0,0.09103430347865064,,-0.3072407742404459,,,,,,238164.88177000007,1219279.0713059998,,0.4176249999999999,0,0,0.0,0,0.0,0.0,0.0,-0.40221199707216404,0.0,,,,V3
,0.0,2077-08-15,2077-12-06,5773.6130319999065,0.004735267887289862,1213505.4582739999,,,,,,,,,,0.578556510035446,0.018237177868649097,0.018874989355711903,0,0,0,0.0,0.0,0.0,0.2935910785696436,,-0.9908698901725472,,,,,,238164.88177000007,1219279.0713059998,,0.42144348996455405,0,0,0.0323840111242803,0,0.0,0.0,0.0,-0.3935490376798552,0.00323840111242803,,,,V3
,0.0,2077-08-15,2077-12-07,5773.6130319999065,0.004735267887289862,1213505.4582739999,,,,,,,,,,0.5823750000000001,0.018087393054691724,0.018874989355711903,0,0,0,0.0,0.0,0.0,0.1304977892894863,,-0.44043003885201626,,,,,,238164.88177000007,1219279.0713059998,,0.4176249999999999,0,0,0.0,0,0.0,0.0,0.0,-0.4069947423821739,0.0,,,,V3
,0.0,2077-08-15,2077-12-08,5773.6130319999065,0.004735267887289862,1213505.4582739999,,,,,,,,,,0.4042166974776279,0.017641541307322036,0.018874989355711903,0,0,0,0.0,0.0,0.0,0.004341292102056913,,0.014651860844442083,,,,,,238164.88177000007,1219279.0713059998,,0.5957833025223721,0,0,0.045008705279865766,0,0.0,0.0,0.0,-0.43205197106160836,0.004500870527986577,,,,V3
,0.0,2077-08-15,2077-12-09,5773.6130319999065,0.004735267887289862,1213505.4582739999,,,,,,,,,,0.5823750000000001,0.01746598690270388,0.018874989355711903,0,0,0,0.0,0.0,0.0,0.01430240521186416,,-0.04827061759004154,,,,,,238164.88177000007,1219279.0713059998,,0.4176249999999999,0,0,0.0,0,0.0,0.0,0.0,-0.4394370983075893,0.0,,,,V3
,0.0,2077-08-15,2077-12-10,5773.6130319999065,0.004735267887289862,1213505.4582739999,,,,,,,,,,0.5212433724385734,0.017758013423791536,0.018874989355711903,0,0,0,0.0,0.0,0.0,0.2435716645941669,,-0.8220543680053133,,,,,,238164.88177000007,1219279.0713059998,,0.47875662756142656,0,0,0.5154573399223062,0,0.0,0.0,0.0,-0.42938524132248007,0.05154573399223063,,,,V3
,0.0,2077-08-15,2077-12-11,5773.6130319999065,0.004735267887289862,1213505.4582739999,,,,,,,,,,0.5341497720809737,0.017799844835168954,0.018874989355711903,0,0,0,0.0,0.0,0.0,0.36219125658597867,,-1.2223954909776782,,,,,,238164.88177000007,1219279.0713059998,,0.4658502279190263,0,0,0.5788010634119745,0,0.0,0.0,0.0,-0.41236611348270713,0.057880106341197446,,,,V3
,0.0,2077-08-15,2077-12-12,5773.6130319999065,0.004735267887289862,1213505.4582739999,,,,,,,,,,0.232375,0.02076941050921063,0.018911865695942887,0,0,0,0.0,0.0,0.0,0.0,,2.1801707576065414,,,,,,238164.88177000007,1219279.0713059998,,0.767625,0,0,0.22323326259809106,0,0.0,0.0,0.0,-0.41865126735270297,0.02232332625980911,,,,V3
,0.0,2077-08-15,2077-12-13,5773.6130319999065,0.004735267887289862,1213505.4582739999,,,,,,,,,,0.232375,0.02057687366980202,0.018950878716823653,0,0,0,0.0,0.0,0.0,0.0,,1.964039552140719,,,,,,238164.88177000007,1219279.0713059998,,0.767625,0,0,0.992366317461623,0,0.0,0.0,0.0,-0.33638551056126875,0.0992366317461623,,,,V3
,0.0,2077-08-15,2077-12-14,5773.6130319999065,0.004735267887289862,1213505.4582739999,,,,,,,,,,0.232375,0.020011565331960957,0.01895620332609206,0,0,0,0.0,0.0,0.0,0.0,,1.6803286594639557,,,,,,238164.88177000007,1219279.0713059998,,0.767625,0,0,0.8011577684110561,0,0.0,0.0,0.0,-0.283871937502756,0.08011577684110562,,,,V3
,0.0,2077-08-15,2077-12-15,5773.6130319999065,0.004735267887289862,1213505.4582739999,,,,,,,,,,0.508984341850746,0.01950781542029905,0.018959611608741746,0,0,0,0.0,0.0,0.0,0.3768999336239877,,1.2720372759809584,,,,,,238164.88177000007,1219279.0713059998,,0.49101565814925396,0,0,1.0,0,0.0,0.0,0.0,-0.18204767376345796,0.1,,,,V3
,0.0,2077-08-15,2077-12-16,5773.6130319999065,0.004735267887289862,1213505.4582739999,,,,,,,,,,0.5275771569887007,0.019476860518693562,0.018986518261735655,0,0,0,0.0,0.0,0.0,0.4332678159701278,,1.4622788788991814,,,,,,238164.88177000007,1219279.0713059998,,0.47242284301129933,0,0,0.8042672182198307,0,0.0,0.0,0.0,-0.09770438295544207,0.08042672182198307,,,,V3
,0.0,2077-08-15,2077-12-17,5773.6130319999065,0.004735267887289862,1213505.4582739999,,,,,,,,,,0.49077266201181435,0.019474813256670484,0.019048734106576613,0,0,0,0.0,0.0,0.0,0.2054657781255013,,0.693447001173567,,,,,,238164.88177000007,1219279.0713059998,,0.5092273379881856,0,0,0.7283791001172916,0,0.0,0.0,0.0,-0.009730624958295658,0.07283791001172917,,,,V3
,0.0,2077-08-15,2077-12-18,5773.6130319999065,0.004735267887289862,1213505.4582739999,,,,,,,,,,0.4879202597163881,0.019028454418737527,0.01905263277179531,0,0,0,0.0,0.0,0.0,0.30182794795494056,,1.0186693243479243,,,,,,238164.88177000007,1219279.0713059998,,0.5120797402836119,0,0,0.6749070552618135,0,0.0,0.0,0.0,0.07345176724459854,0.11156176587294048,,,,V3
,0.0,2077-08-15,2077-12-19,5773.6130319999065,0.004735267887289862,1213505.4582739999,,,,,,,,,,0.5166549601840931,0.018472338161416073,0.01905263277179531,0,0,0,0.0,0.0,0.0,0.27222876730605333,,0.9187720896579301,,,,,,238164.88177000007,1219279.0713059998,,0.48334503981590693,0,0,0.0505619059682879,0,0.0,0.0,0.0,0.09646307671602138,0.06293403662644162,,,,V3
,0.0,2077-08-15,2077-12-20,5773.6130319999065,0.004735267887289862,1213505.4582739999,,,,,,,,,,0.5259796772104037,0.01805953432206318,0.01905263277179531,0,0,0,0.0,0.0,0.0,0.3051535775507627,,1.0298933242338242,,,,,,238164.88177000007,1219279.0713059998,,0.47402032278959627,0,0,0.0,0,0.0,0.0,0.0,0.09768937532991473,0.05861362519794884,,,,V3
,0.0,2077-08-15,2077-12-21,5773.6130319999065,0.004735267887289862,1213505.4582739999,,,,,,,,,,0.4700878970881269,0.017395403093225372,0.01905263277179531,0,0,0,0.0,0.0,0.0,0.3859653920686244,,1.3026331982316075,,,,,,238164.88177000007,1219279.0713059998,,0.5299121029118731,0,0,0.8106189303237802,0,0.0,0.0,0.0,0.1687573438259392,0.18231629932794155,,,,V3
,0.0,2077-08-15,2077-12-22,5773.6130319999065,0.004735267887289862,1213505.4582739999,,,,,,,,,,0.48967682095941356,0.016719856847631144,0.01905263277179531,0,0,0,0.0,0.0,0.0,0.487425907268808,,1.645062437032227,,,,,,238164.88177000007,1219279.0713059998,BUY series_1 size=2907.0000,0.5103231790405864,0,0,0.43424097362716146,0,0.0,0.0,0.0,0.22030155460529036,0.17560503012589038,31.38931227184346,,,V3
,4360.5,2077-08-15,2077-12-23,1064.2730319998227,0.0008728707455462626,1218214.798274,BUY series_1 fill_size=2907.0000 fill_px=33.4800,,,,,,,,,0.3844492290286776,0.01688899482681293,0.01905263277179531,0,0,0,0.0,0.0,0.0,0.2297704940015064,,0.7754754172550841,,,,,,242525.38177000007,1219279.0713059998,,0.6155507709713224,0,0,1.0,0,0.0,0.08375838164547579,2907.0,0.33174675575848533,0.2990480534550912,32.89436139528321,,,V3
,1104.6600000000074,2077-08-15,2077-12-24,447.9890319998376,0.00036742124304650414,1218831.082274,,,,,,,,,,0.3237364798335598,0.017321956164612663,0.01905263277179531,0,0,0,0.0,0.0,0.0,0.12448762859856528,,-0.42014574652015785,,,,,,243630.04177000007,1219279.0713059998,BUY series_1 size=740.0000,0.6762635201664402,0,0,0.8677957129029799,0,0.0,0.08424074631280042,2907.0,0.4427282707396947,0.35241653373411486,33.16762129562012,,,V3
,-1130.5700000000083,2077-08-15,2077-12-25,1681.0990319997072,0.0013787647730220127,1217597.972274,BUY series_1 fill_size=740.0000 fill_px=35.3600,,,,,,,,,0.37631498421856746,0.017156330098848073,0.01905263277179531,0,0,0,0.0,0.0,0.0,0.2714272839077571,,-0.9160670831886804,,,,,,242499.47177000006,1219279.0713059998,,0.6236850157814325,0,0,0.747175334844195,0,0.0,0.10480350074965783,3647.0,0.5230822422298468,0.38856687882232754,33.23136263164726,,,V3
,-1385.8599999999833,2077-08-15,2077-12-26,2239.9890319998376,0.001837142197151412,1217039.082274,,,,,,,,,,0.33887508376910236,0.016502758105472016,0.01905263277179531,0,0,0,0.0,0.0,0.0,0.18136294798677075,,-0.6120999494553512,,,,,,241113.61177000008,1219279.0713059998,,0.6611249162308976,0,0,0.4045089569330396,0,0.0,0.10440213617675248,3647.0,0.5911084179350274,0.4146650507610165,33.23136263164726,,,V3
,1203.5099999999939,2077-08-15,2077-12-27,1692.939031999791,0.001388475429325989,1217586.132274,,,,,,,,,,0.2725370890530737,0.01591742985271159,0.01905263277179531,0,0,0,0.0,0.0,0.0,0.05833213383357166,,-0.19687095168830435,,,,,,242317.12177000006,1219279.0713059998,,0.7274629109469263,0,0,0.46418681014595603,0,0.0,0.1048045198754642,3647.0,0.6500235053421661,0.45001410320529966,33.23136263164726,,,V3
,1641.1500000000103,2077-08-15,2077-12-28,124.7290319998283,0.00010229736155991586,1219154.342274,,,,,,,,,,0.3751244465103952,0.01609347531779366,0.01905263277179531,0,0,0,0.0,0.0,0.0,0.347308335480748,,-1.1721656322475247,,,,,,243958.27177000008,1219279.0713059998,,0.6248755534896048,0,0,0.745151907349249,0,0.0,0.10595601846363113,3647.0,0.716206425844697,0.5042390462417431,33.356306013749645,,,V3
,2224.669999999998,2077-12-29,2077-12-29,0.0,0.0,1221488.422274,,,,,,,,,,0.30506815707220447,0.015842365340968646,0.01905263277179531,0,0,0,0.0,0.0,0.0,0.1510573664310794,,-0.509818611704893,,,,,,246182.94177000006,1221488.422274,,0.6949318429277955,0,0,0.9717475162204823,0,0.0,0.10766440156278449,3647.0,0.7984543824458522,0.5762473810895595,33.9908555841961,,,V3
,3464.6499999999846,2077-12-30,2077-12-30,0.0,0.0,1224734.252274,,,,,,,,,,0.2720536583501737,0.015520225527930639,0.01905263277179531,0,0,0,0.0,0.0,0.0,0.08114730490808823,,-0.27387215406479776,,,,,,249647.59177000006,1224734.252274,,0.7279463416498263,0,0,1.0,0,0.0,0.11002929798835412,3647.0,0.8910698923718039,0.6346419354230823,34.83008018532495,,,V3
,-583.5199999999876,2077-12-31,2077-12-31,0.0,0.0,1224734.252274,,,,,,,,,,0.26958947099092134,0.015219276947243475,0.01905263277179531,0,0,0,0.0,0.0,0.0,0.08015496195703918,,-0.2705229966050072,,,,,,249064.07177000007,1224734.252274,,0.7304105290090787,0,0,0.7604498609060278,0,0.0,0.11002929798835412,3647.0,0.9960882445875794,0.6736979328431505,34.87150302923031,,,V3
,-182.35000000001554,2077-12-31,2078-01-01,729.4000000001397,0.0005955577698964826,1224004.852274,,,,,,,,,,0.3310530143614998,0.014895701992929368,0.01905263277179531,0,0,0,0.0,0.0,0.0,0.2783636852245174,,-0.9394774376327462,,,,,,248881.72177000006,1224734.252274,,0.6689469856385002,0,0,0.5607210570813862,0,0.0,0.10949895317081414,3647.0,1.0816025172535177,0.7089615103521107,34.87150302923031,,,V3
,619.9900000000063,2077-12-31,2078-01-02,656.4600000001956,0.0005360019929068914,1224077.792274,,,,,,,,,,0.3835731164904428,0.015339478872574535,0.01905263277179531,0,0,0,0.0,0.0,0.0,0.5769744208269952,,-1.947288670291109,,,,,,249501.71177000008,1224734.252274,,0.6164268835095572,0,0,0.3915355902587353,0,0.0,0.10955201609440093,3647.0,1.164385256682888,0.7586311540097328,34.87150302923031,,,V3
,-4303.459999999999,2077-12-31,2078-01-03,4376.40000000014,0.003573346619378326,1220357.852274,,,,,,,,,,0.3231972032839613,0.014995002764313103,0.01905263277179531,0,0,0,0.0,0.0,0.0,0.2570305698509429,,-0.8674781732469323,,,,,,245198.2517700001,1224734.252274,,0.6768027967160387,0,0,0.0,0,0.0,0.10683771957303428,3647.0,1.1224730365832523,0.7334838219499513,34.87150302923031,,,V3
,2297.610000000009,2077-12-31,2078-01-04,1896.440000000177,0.001548450201730703,1222837.812274,,,,,,,,,,0.35950098547200116,0.015242684844724004,0.01905263277179531,0,0,0,0.0,0.0,0.0,0.42729628581955686,,-1.4421249646410044,,,,,,247495.8617700001,1224734.252274,,0.6404990145279988,0,0,0.4268379781127249,0,0.0,0.10864908548496058,3647.0,1.1485414666917506,0.7491248800150503,34.87150302923031,,,V3
,-145.8799999999969,2077-12-31,2078-01-05,2078.7900000000373,0.0016973396442046809,1222655.462274,,,,,,,,,,0.37817609374942995,0.015128867476129492,0.01905263277179531,0,0,0,0.0,0.0,0.0,0.555343270763454,,-1.8742835388266572,,,,,,247349.9817700001,1224734.252274,,0.62182390625057,0,0,0.059304022675735785,0,0.0,0.10851614710266316,3647.0,1.1962921558325066,0.7777752934995039,34.87150302923031,,,V3
,692.9299999999917,2077-12-31,2078-01-06,1641.1500000001397,0.0013400049822669435,1223093.102274,,,,,,,,,,0.35063980887692436,0.0145092376651413,0.01905263277179531,0,0,0,0.0,0.0,0.0,0.39547688874411646,,-1.334734499511393,,,,,,248042.9117700001,1224734.252274,,0.6493601911230756,0,0,0.2311220250619073,0,0.0,0.10883513262605186,3647.0,1.1915354007695718,0.7749212404617432,34.87150302923031,,,V3
,-36.469999999992744,2077-12-31,2078-01-07,1094.1000000000931,0.0008933366548446289,1223640.152274,,,,,,,,,,0.36786394414840007,0.014352204881074016,0.01905263277179531,0,0,0,0.0,0.0,0.0,0.5066966143326234,,-1.7101010733726039,,,,,,248006.4417700001,1224734.252274,,0.6321360558515999,0,0,0.16351294148506612,0,0.0,0.10923354366200137,3647.0,1.2370343784640268,0.802220627078416,34.87150302923031,,,V3
,-2479.959999999999,2077-12-31,2078-01-08,4048.1700000001583,0.003305345622924975,1220686.082274,,,,,,,,,,0.33871955824822964,0.013893734895094314,0.01905263277179531,0,0,0,0.0,0.0,0.0,0.32950651555332483,,-1.1120844899924713,,,,,,245526.4817700001,1224734.252274,,0.6612804417517704,0,0,0.0,0,0.0,0.10707788177326058,3647.0,1.1582692982407268,0.7549615789444362,34.87150302923031,,,V3
,-2479.959999999999,2077-12-31,2078-01-09,6418.720000000205,0.005240908375088211,1218315.5322739999,,,,,,,,,,0.37181114793032377,0.014335376669404713,0.01905263277179531,0,0,0,0.0,0.0,0.0,0.48126969979264644,,-1.6242852368001817,,,,,,243046.5217700001,1224734.252274,SELL series_1 size=550.0000,0.6281888520696762,0,0,0.0,0,0.0,0.10534046936137782,3647.0,1.111283245377123,0.7267699472262739,34.87150302923031,,,V3
,1331.7099999999991,2077-12-31,2078-01-10,4740.840000000084,0.0038709132133747603,1219993.412274,SELL series_1 fill_size=550.0000 fill_px=35.2000,,,,,,,,,0.38960375968504113,0.01495413716057534,0.01905263277179531,0,0,0,0.0,0.0,0.0,0.5858603701934929,,-1.9772787494030386,,,,,,244378.2317700001,1224734.252274,,0.6103962403149589,0,0,0.05571771983266815,0,0.0,0.09070197337684283,3097.0,1.0971625551607604,0.7182975330964563,34.87150302923031,,,V3
,2260.8099999999904,2077-12-31,2078-01-11,2327.380000000121,0.0019003142891437928,1222406.872274,,,,,,,,,,0.3889486772971654,0.01450823304377539,0.01905263277179531,0,0,0,0.0,0.0,0.0,0.5855876766167848,,-1.9763584085816488,,,,,,246639.0417700001,1224734.252274,,0.6110513227028346,0,0,0.5779551617311142,0,0.0,0.09249904640151209,3097.0,1.1056951170779792,0.7234170702467875,34.87150302923031,,,V3
,3220.8799999999974,2078-01-12,2078-01-12,0.0,0.0,1226247.152274,,,,,,,,,,0.3835795063650763,0.014165422833204181,0.01905263277179531,0,0,0,0.0,0.0,0.0,0.5902178114941606,,-1.991985113792792,,,,,,249859.9217700001,1226247.152274,,0.6164204936349237,0,0,1.0,0,0.0,0.09534109806754237,3097.0,1.126644006945267,0.7759864041671602,35.57082466128753,,,V3
,2818.2700000000114,2078-01-13,2078-01-13,0.0,0.0,1227764.682274,,,,,,,,,,0.36166371614217807,0.013670712946463463,0.01905263277179531,0,0,0,0.0,0.0,0.0,0.46488527149543524,,-1.568987791297094,,,,,,252678.19177000012,1227764.682274,,0.6383362838578219,0,0,1.0,0,0.0,0.09645926594064559,3097.0,1.15602449282987,0.793614695697922,35.973622899766994,,,V3
,-960.070000000007,2078-01-13,2078-01-14,774.25,0.0006306175859090323,1226990.432274,,,,,,,,,,0.35014929123376404,0.013246544692241543,0.01905263277179531,0,0,0,0.0,0.0,0.0,0.4101541510472902,,-1.3842702597846044,,,,,,251718.1217700001,1227764.682274,,0.649850708766236,0,0,0.7363401546093487,0,0.0,0.09588911771866726,3097.0,1.2251703879488542,0.8087362482302475,35.973622899766994,,,V3
,3066.030000000006,2078-01-15,2078-01-15,0.0,0.0,1230056.462274,,,,,,,,,,0.34186253209198336,0.012975942200865245,0.01905263277179531,0,0,0,0.0,0.0,0.0,0.3934340135625775,,-1.327839795773699,,,,,,254784.1517700001,1230056.462274,,0.6581374679080166,0,0,1.0,0,0.0,0.09814269808137382,3097.0,1.2737680530509183,0.8642608318305509,36.71888913296235,,,V3
,-650.3700000000026,2078-01-15,2078-01-16,619.4000000001397,0.0005035541204791994,1229437.062274,,,,,,,,,,0.3755460923387455,0.013640653660895953,0.01905263277179531,0,0,0,0.0,0.0,0.0,0.5922685996016971,,-1.9989065236557275,,,,,,254133.78177000012,1230056.462274,,0.6244539076612545,0,0,0.5780249989149016,0,0.0,0.09768833532467025,3097.0,1.3260125827617815,0.855607549657069,36.71888913296235,,,V3
,2229.8399999999965,2078-01-17,2078-01-17,0.0,0.0,1232007.572274,,,,,,,,,,0.3580002829514075,0.013558978228172553,0.01905263277179531,0,0,0,0.0,0.0,0.0,0.5247765207660671,,-1.7711207575854764,,,,,,256363.6217700001,1232007.572274,,0.6419997170485925,0,0,1.0,0,0.0,0.09957095456286495,3097.0,1.3954735410251273,0.9372841246150764,37.347103385054275,,,V3
,278.7300000000106,2078-01-17,2078-01-18,92.90999999991618,7.541349752292991e-05,1231914.662274,,,,,,,,,,0.31809194710088895,0.013396799315803648,0.01905263277179531,0,0,0,0.0,0.0,0.0,0.30561285729943205,,-1.031443393385583,,,,,,256642.35177000012,1232007.572274,BUY series_1 size=668.0000,0.681908052899111,0,0,0.5887974136511009,0,0.0,0.0995030449379749,3097.0,1.4704459398841698,0.942267563930502,37.3487388575504,,,V3
,1016.5499999999851,2078-01-19,2078-01-19,0.0,0.0,1232284.4822739998,BUY series_1 fill_size=668.0000 fill_px=39.5900,,,,,,,,,0.30331084613110915,0.01319944134387199,0.01905263277179531,0,0,0,0.0,0.0,0.0,0.2460317838280093,,-0.8303572704195314,,,,,,257658.9017700001,1232284.4822739998,,0.6966891538688909,0,0,0.6789783055406237,0,0.0,0.12123434332656136,3765.0,1.536864783102598,0.9678978305540624,37.476686082011085,,,V3
,-2861.3999999999924,2078-01-19,2078-01-20,1960.472000000067,0.0015909248458459075,1230324.0102739998,,,,,,,,,,0.26217328824119135,0.013009006298710225,0.01905263277179531,0,0,0,0.0,0.0,0.0,0.08933855023576902,,-0.30151760704572045,,,,,,254797.50177000012,1232284.4822739998,,0.7378267117588087,0,0,0.20899153659074038,0,0.0,0.1198362372584803,3765.0,1.5378315307243513,0.96,37.476686082011085,,,V3
,-1129.5000000000161,2078-01-19,2078-01-21,3165.271999999881,0.0025686211629954445,1229119.210274,,,,,,,,,,0.24444365368614984,0.012615930445650358,0.01905263277179531,0,0,0,0.0,0.0,0.0,0.03428479679403125,,-0.11571118917985547,,,,,,253668.0017700001,1232284.4822739998,BUY series_1 size=783.0000,0.7555563463138502,0,0,0.0,0,0.0,0.11897348831396205,3765.0,1.5907819818509343,0.96,37.476686082011085,,,V3
,-4411.559999999995,2078-01-19,2078-01-22,7409.071999999927,0.006012468798055117,1224875.410274,BUY series_1 fill_size=783.0000 fill_px=38.8000,,,,,,,,,0.24910452619238366,0.012468099878169318,0.01905263277179531,0,0,0,0.0,0.0,0.0,0.047915088849112386,,-0.1617134248657543,,,,,,249256.4417700001,1232284.4822739998,,0.7508954738076163,0,0,0.0,0,0.0,0.14072386346742127,4548.0,1.49086836248314,0.9545210174898839,36.57844727484634,,,V3
,1455.3600000000013,2078-01-19,2078-01-23,6239.119999999879,0.005063051665218165,1226045.362274,,,,,,,,,,0.3036488292491255,0.013005655398910791,0.01905263277179531,0,0,0,0.0,0.0,0.0,0.24101957221170112,,-0.8134410562144913,,,,,,250711.8017700001,1232284.4822739998,,0.6963511707508745,0,0,0.025373952341710963,0,0.0,0.14155404468730756,4548.0,1.4709006411448837,0.9425403846869302,36.57844727484634,,,V3
,591.2400000000116,2078-01-19,2078-01-24,6193.639999999898,0.005026144603046892,1226090.842274,,,,,,,,,,0.3038634655678758,0.012526221809454464,0.01905263277179531,0,0,0,0.0,0.0,0.0,0.23966081128347994,,-0.8088552380817448,,,,,,251303.04177000013,1232284.4822739998,,0.6961365344321242,0,0,0.0009919172663858298,0,0.0,0.14158588745189035,4548.0,1.456155475888964,0.9336932855333784,36.57844727484634,,,V3
,545.7599999999884,2078-01-19,2078-01-25,5284.039999999804,0.0042880033596210555,1227000.442274,,,,,,,,,,0.24775975938087946,0.012424625541972014,0.01905263277179531,0,0,0,0.0,0.0,0.0,0.042843538999411686,,-0.14459694412301444,,,,,,251848.8017700001,1232284.4822739998,,0.7522402406191205,0,0,0.04060056284684602,0,0.0,0.14222224702428515,4548.0,1.4530630840934862,0.9318378504560918,36.57844727484634,,,V3
,-1546.319999999983,2078-01-19,2078-01-26,7057.7599999997765,0.005727378784301266,1225226.722274,,,,,,,,,,0.35930661485010107,0.013716520536090683,0.01905263277179531,0,0,0,0.0,0.0,0.0,0.5200734504907655,,-1.7552478954063335,,,,,,250302.48177000013,1232284.4822739998,,0.6406933851498989,0,0,0.0,0,0.0,0.14098047068334454,4548.0,1.4232867043842778,0.9139720226305668,36.57844727484634,,,V3
,-591.2400000000116,2078-01-19,2078-01-27,6511.999999999767,0.005284494038245802,1225772.482274,,,,,,,,,,0.3791418123101862,0.013846083939706391,0.01905263277179531,0,0,0,0.0,0.0,0.0,0.6591275800321847,,-2.2245555826086236,,,,,,249711.2417700001,1232284.4822739998,,0.6208581876898138,0,0,0.012687910062386211,0,0.0,0.1413629384782245,4548.0,1.4211953923786427,0.9127172354271857,36.57844727484634,,,V3
,-727.6799999999845,2078-01-19,2078-01-28,8103.799999999814,0.006576241214240921,1224180.682274,,,,,,,,,,0.3921986795039829,0.014056896991297396,0.01905263277179531,0,0,0,0.0,0.0,0.0,0.7186737095716159,,-2.4255237698042036,,,,,,248983.56177000012,1232284.4822739998,BUY series_9 size=2638.0000,0.6078013204960171,0,0,0.0,0,0.0,0.14024645420893225,4548.0,1.325265665135133,0.85515939908108,36.57844727484634,,,V3
,-5202.085000000015,2078-01-19,2078-01-29,11499.40194000001,0.009331775337119846,1220785.0803339998,BUY series_9 fill_size=2638.0000 fill_px=118.0781,,,,,,,,,0.4210862221944103,0.015061640760338028,0.01905263277179531,0,0,0,0.0,0.2521505463646244,2638.0,0.9955809233584699,114.56311958755613,-2.910085616334836,,,,,,243781.4767700001,1232284.4822739998,,0.5789137778055897,0,0,0.006342362500042447,0,0.0,0.14086007665899125,4548.0,1.3181812512950157,0.8509087507770094,36.57844727484634,,,V3
,272.88000000001034,2078-01-19,2078-01-30,11037.746663999977,0.00895714165257639,1221246.7356099999,,,,,,,,,,0.40037099136044696,0.015100121350191172,0.01905263277179531,0,0,0,0.0,0.2529327641115135,2638.0,0.7819569132479546,114.56311958755613,-2.1891045822118467,,,,,,244054.3567700001,1232284.4822739998,,0.599629008639553,0,0,0.0,0,0.0,0.14080682878067868,4548.0,1.3119314360025716,0.8471588616015431,36.57844727484634,,,V3
,9504.07305999998,2078-01-19,2078-01-31,3914.351663999958,0.0031765000049149344,1228370.1306099999,,,,,,,,,,0.37765791036618723,0.015168696852384029,0.01905263277179531,0,0,0,0.0,0.25267399439765675,2638.0,0.6221556308823825,114.56311958755613,-1.6497752542280406,,,,,,253558.4298300001,1232284.4822739998,,0.6223420896338128,0,0,1.0,0,0.0,0.14458134040739445,4548.0,1.2944582714799102,0.8766749628879461,37.0383965075601,,,V3
,-597.2949999999964,2078-01-19,2078-02-01,5708.464163999772,0.004632423962253943,1226576.01811,,,,,,,,,,0.40504121732208975,0.01643347882939631,0.01905263277179531,1,0,0,0.0,0.24638984501399008,2638.0,0.8729573775796209,,-2.4962311493312206,,,,,,252961.1348300001,1232284.4822739998,SELL series_9 size=2638.0000,0.5949587826779102,0,0,1.0,0,0.0,0.1499838552880477,4548.0,1.3275923752744645,0.8965554251646787,38.36351104273439,,,V3
CLOSE series_9 pnl_net=-8120.11,318.36000000000126,2078-01-19,2078-02-02,4326.939163999865,0.0035113151437362374,1227957.54311,SELL series_9 fill_size=2638.0000 fill_px=115.0000,,,,,,,,,0.3606944613207905,0.015852977010708855,0.01905263277179531,0,0,0,0.0,0.0,0.0,0.5513922874367765,,-1.8609489700991206,,,,,,253279.49483000013,1232284.4822739998,,0.6393055386792095,0,0,1.0,0,0.0,0.15000030011908969,4548.0,1.4209457142406432,0.9525674285443859,38.47826025396764,,,V3
,-5230.199999999993,2078-01-19,2078-02-03,10473.589163999772,0.008499327318211703,1221810.89311,,,,,,,,,,0.3413850845452967,0.015412315589570718,0.01905263277179531,0,0,0,0.0,0.0,0.0,0.4009537783121706,,-1.3532190018035757,,,,,,248049.29483000014,1232284.4822739998,,0.6586149154547033,0,0,0.26336742296982035,0,0.0,0.14610198763707435,4548.0,1.3773222975920052,0.8863933785552032,38.47826025396764,,,V3
,3865.8000000000065,2078-01-19,2078-02-04,5516.269163999939,0.004476457541541443,1226768.21311,,,,,,,,,,0.3592667719153707,0.015913228952009827,0.01905263277179531,0,0,0,0.0,0.0,0.0,0.5215870160220145,,-1.760356179074299,,,,,,251915.09483000016,1232284.4822739998,,0.6407332280846293,0,0,0.9099999999999999,0,0.0,0.1495525544592418,4548.0,1.376805894110469,0.9170835364662815,38.47826025396764,,,V3
,-2137.5600000000272,2078-01-19,2078-02-05,8290.549163999967,0.006727788333990036,1223993.9331099999,,,,,,,,,,0.36596619838810607,0.016010120608205117,0.01905263277179531,0,0,0,0.0,0.0,0.0,0.553016647009564,,-1.8664311836572787,,,,,,249777.53483000014,1232284.4822739998,,0.6340338016118939,0,0,0.26897946018590974,0,0.0,0.14762494740548787,4548.0,1.3930832681441927,0.8958499608865156,38.47826025396764,,,V3
,-1046.0399999999859,2078-01-19,2078-02-06,9791.389163999818,0.00794572138564242,1222493.09311,,,,,,,,,,0.35236979577143956,0.01570367317052052,0.01905263277179531,0,0,0,0.0,0.0,0.0,0.4680578192267945,,-1.5796951398904315,,,,,,248731.49483000016,1232284.4822739998,,0.6476302042285604,0,0,0.10702621169747757,0,0.0,0.14657849685198698,4548.0,1.3952833802766362,0.8971700281659818,38.47826025396764,,,V3
,-409.3200000000155,2078-01-19,2078-02-07,9563.989163999911,0.007761186074786056,1222720.49311,,,,,,,,,,0.34025708736472904,0.015164822984181413,0.01905263277179531,0,0,0,0.0,0.0,0.0,0.40235101286735314,,-1.3579346684273168,,,,,,248322.17483000015,1232284.4822739998,BUY series_1 size=529.0000,0.659742912635271,0,0,0.05187233216558339,0,0.0,0.14673721509618873,4548.0,1.404982426674537,0.9029894560047222,38.47826025396764,,,V3
,-3706.209999999984,2078-01-19,2078-02-08,13807.50916399993,0.011204806489586074,1218476.97311,BUY series_1 fill_size=529.0000 fill_px=39.4100,,,,,,,,,0.35111592384646284,0.015250563657961255,0.01905263277179531,0,0,0,0.0,0.0,0.0,0.43081417231508795,,-1.4539978315634219,,,,,,244615.96483000016,1232284.4822739998,,0.6488840761535372,0,0,0.0,0,0.0,0.16087539963900796,5077.0,1.2984182854579487,0.8390509712747691,37.29213349643235,,,V3
,-2741.579999999996,2078-01-19,2078-02-09,15897.543163999915,0.01290087101856816,1216386.93911,,,,,,,,,,0.33395076358035325,0.015595089298645877,0.01905263277179531,0,0,0,0.0,0.0,0.0,0.32686068608716967,,-1.1031548155441977,,,,,,241874.38483000017,1232284.4822739998,,0.6660492364196468,0,0,0.0,0,0.0,0.1594405478752527,5077.0,1.2323407325831934,0.799404439549916,37.29213349643235,,,V3
,-5077.0,2078-01-19,2078-02-10,21177.62316399999,0.01718566083451753,1211106.8591099998,,,,,,,,,,0.3217468952651398,0.01518673765224222,0.01905263277179531,0,0,0,0.0,0.0,0.0,0.23965135025171547,,-0.8088233070995396,,,,,,236797.38483000017,1232284.4822739998,SELL series_1 size=5077.0000,0.6782531047348602,1,0,0.0,0,0.0,0.1557759487372077,5077.0,1.0647934179597698,0.6988760507758618,,,,V3
CLOSE series_1 pnl_net=6752.61,0.0,2078-01-19,2078-02-11,21279.163163999794,0.017268060638670243,1211005.31911,SELL series_1 fill_size=5077.0000 fill_px=37.1400,,,,,,,,,0.30198715806000553,0.014686760269717512,0.01905263277179531,0,0,0,0.0,0.0,0.0,0.141409612661986,,-0.47725744273420273,,,,,,236797.38483000017,1232284.4822739998,,0.6980128419399945,0,0,0.0,0,0.0,0.0,0.0,0.9492962443353391,0.5695777466012035,,,,V3
,0.0,2078-01-19,2078-02-12,21319.779163999716,0.017301020560331327,1210964.7031100001,,,,,,,,,,0.2710374494492668,0.014597693345697644,0.01905263277179531,0,0,0,0.0,0.0,0.0,0.06532972386738942,,-0.22048781805243928,,,,,,236797.38483000017,1232284.4822739998,,0.7289625505507332,0,0,0.03271114236359497,0,0.0,0.0,0.0,0.871350505298717,0.5260814174155897,,,,V3
,0.0,2078-01-19,2078-02-13,21319.779163999716,0.017301020560331327,1210964.7031100001,,,,,,,,,,0.25370861821968604,0.01438413660004308,0.01905263277179531,0,0,0,0.0,0.0,0.0,0.0318936292171459,,0.1076409986078674,,,,,,236797.38483000017,1232284.4822739998,,0.746291381780314,0,0,0.030777904420692528,0,0.0,0.0,0.0,0.8137940786792819,0.49135423764963837,,,,V3
,0.0,2078-01-19,2078-02-14,21319.779163999716,0.017301020560331327,1210964.7031100001,,,,,,,,,,0.34197811697304803,0.015073428605939595,0.01905263277179531,0,0,0,0.0,0.0,0.0,0.2062466732321512,,-0.6960825221585104,,,,,,236797.38483000017,1232284.4822739998,,0.658021883026952,0,0,0.020695253468703524,0,0.0,0.0,0.0,0.7504991998106556,0.4523690452332637,,,,V3
,0.0,2078-01-19,2078-02-15,21319.779163999716,0.017301020560331327,1210964.7031100001,,,,,,,,,,0.2905971501507645,0.01478749298603011,0.01905263277179531,0,0,0,0.0,0.0,0.0,0.08150402336337544,,-0.27507607885139207,,,,,,236797.38483000017,1232284.4822739998,,0.7094028498492355,0,0,0.0,0,0.0,0.0,0.0,0.6807566258273181,0.4084539754963909,,,,V3
,0.0,2078-01-19,2078-02-16,21319.779163999716,0.017301020560331327,1210964.7031100001,,,,,,,,,,0.3666953207139553,0.014580529728358426,0.01905263277179531,0,0,0,0.0,0.0,0.0,0.21829473086294396,,0.7367447166624359,,,,,,236797.38483000017,1232284.4822739998,,0.6333046792860447,0,0,0.0,0,0.0,0.0,0.0,0.5841972543952993,0.3505183526371796,,,,V3
,0.0,2078-01-19,2078-02-17,21319.779163999716,0.017301020560331327,1210964.7031100001,,,,,,,,,,0.42814731029003306,0.014441464752217317,0.01905263277179531,0,0,0,0.0,0.0,0.0,0.42806151486044913,,1.4447076126540157,,,,,,236797.38483000017,1232284.4822739998,,0.5718526897099669,0,0,0.10171871283466602,0,0.0,0.0,0.0,0.5450853226271126,0.33722306485973413,,,,V3
,0.0,2078-01-19,2078-02-18,21319.779163999716,0.017301020560331327,1210964.7031100001,,,,,,,,,,0.4082860988059078,0.014479419881840873,0.01905263277179531,0,0,0,0.0,0.0,0.0,0.2983060369273322,,1.0067828746297462,,,,,,236797.38483000017,1232284.4822739998,,0.5917139011940922,0,0,0.0,0,0.0,0.0,0.0,0.49202665949598645,0.2952159956975919,,,,V3
,0.0,2078-01-19,2078-02-19,21319.779163999716,0.017301020560331327,1210964.7031100001,,,,,,,,,,0.46751784639157856,0.014546860045875763,0.01905263277179531,0,0,0,0.0,0.0,0.0,0.5607046618262616,,1.8923782336636326,,,,,,236797.38483000017,1232284.4822739998,,0.5324821536084214,0,0,0.03885794960755922,0,0.0,0.0,0.0,0.44999047429412886,0.27388007953723326,,,,V3
,0.0,2078-01-19,2078-02-20,21319.779163999716,0.017301020560331327,1210964.7031100001,,,,,,,,,,0.48696002357929546,0.014098728687803031,0.01905263277179531,0,0,0,0.0,0.0,0.0,0.6198454652056716,,2.0919784450691417,,,,,,236797.38483000017,1232284.4822739998,,0.5130399764207045,0,0,0.0,0,0.0,0.0,0.0,0.3871826369017781,0.23230958214106687,,,,V3
,0.0,2078-01-19,2078-02-21,21319.779163999716,0.017301020560331327,1210964.7031100001,,,,,,,,,,0.48990011403043887,0.013756577544748847,0.01905263277179531,0,0,0,0.0,0.0,0.0,0.537365421820383,,1.813608298643793,,,,,,236797.38483000017,1232284.4822739998,,0.5100998859695611,0,0,0.0,0,0.0,0.0,0.0,0.32160491928405,0.19296295157043,,,,V3
,0.0,2078-01-19,2078-02-22,21319.779163999716,0.017301020560331327,1210964.7031100001,,,,,,,,,,0.4987362802900547,0.013625683868751924,0.01905263277179531,0,0,0,0.0,0.0,0.0,0.4474196398670371,,1.51004128455125,,,,,,236797.38483000017,1232284.4822739998,,0.5012637197099453,0,0,0.0,0,0.0,0.0,0.0,0.23415318854911077,0.14049191312946646,,,,V3
,0.0,2078-01-19,2078-02-23,21319.779163999716,0.017301020560331327,1210964.7031100001,,,,,,,,,,0.49737438918491605,0.013298239499349409,0.01905263277179531,0,0,0,0.0,0.0,0.0,0.3933663944249208,,1.3276115811841076,,,,,,236797.38483000017,1232284.4822739998,,0.502625610815084,0,0,0.08231816930599528,0,0.0,0.0,0.0,0.19657251184545765,0.1261753240378741,,,,V3
