"strategy","family","fixed_asset","evidence_type","candidate","true_pd_ratio","open_pnl_pd_ratio","activity_pct","final_value","bankrupt","source_path"
"garch_asset07_v1","garch","series_7","grid_candidate","run_20260417_IS_001","0.2981594803782356","1.3873413663730545","5.428571428571429","1001717.47867302","False","output\coursework_2_stage4_v2_archive\asset_bound_grid_search_run_summaries\garch_asset07_v1\grid_candidates\run_20260417_IS_001\run_summary.json"
"garch_asset07_v1","garch","series_7","grid_candidate","run_20260417_IS_002","0.2981594803782356","1.3873413663730545","5.428571428571429","1001717.47867302","False","output\coursework_2_stage4_v2_archive\asset_bound_grid_search_run_summaries\garch_asset07_v1\grid_candidates\run_20260417_IS_002\run_summary.json"
"garch_asset07_v1","garch","series_7","grid_candidate","run_20260417_IS_003","0.2981594803782356","1.3873413663730545","5.428571428571429","1001717.47867302","False","output\coursework_2_stage4_v2_archive\asset_bound_grid_search_run_summaries\garch_asset07_v1\grid_candidates\run_20260417_IS_003\run_summary.json"
"garch_asset07_v1","garch","series_7","grid_candidate","run_20260417_IS_004","0.2981594803782356","1.3873413663730545","5.428571428571429","1001717.47867302","False","output\coursework_2_stage4_v2_archive\asset_bound_grid_search_run_summaries\garch_asset07_v1\grid_candidates\run_20260417_IS_004\run_summary.json"
"garch_asset07_v1","garch","series_7","grid_candidate","run_20260417_IS_005","0.24166052914277356","1.1692472764840804","5.428571428571429","1001525.8223363201","False","output\coursework_2_stage4_v2_archive\asset_bound_grid_search_run_summaries\garch_asset07_v1\grid_candidates\run_20260417_IS_005\run_summary.json"
"garch_asset07_v1","garch","series_7","grid_candidate","run_20260417_IS_006","0.24166052914277356","1.1692472764840804","5.428571428571429","1001525.8223363201","False","output\coursework_2_stage4_v2_archive\asset_bound_grid_search_run_summaries\garch_asset07_v1\grid_candidates\run_20260417_IS_006\run_summary.json"
"garch_asset07_v1","garch","series_7","grid_candidate","run_20260417_IS_007","0.24166052914277356","1.1692472764840804","5.428571428571429","1001525.8223363201","False","output\coursework_2_stage4_v2_archive\asset_bound_grid_search_run_summaries\garch_asset07_v1\grid_candidates\run_20260417_IS_007\run_summary.json"
"garch_asset07_v1","garch","series_7","grid_candidate","run_20260417_IS_008","0.24166052914277356","1.1692472764840804","5.428571428571429","1001525.8223363201","False","output\coursework_2_stage4_v2_archive\asset_bound_grid_search_run_summaries\garch_asset07_v1\grid_candidates\run_20260417_IS_008\run_summary.json"
"garch_asset07_v1","garch","series_7","grid_candidate","run_20260417_IS_009","0.1941914821479377","1.0045657453275263","5.428571428571429","1001333.70811854","False","output\coursework_2_stage4_v2_archive\asset_bound_grid_search_run_summaries\garch_asset07_v1\grid_candidates\run_20260417_IS_009\run_summary.json"
"garch_asset07_v1","garch","series_7","grid_candidate","run_20260417_IS_010","0.1941914821479377","1.0045657453275263","5.428571428571429","1001333.70811854","False","output\coursework_2_stage4_v2_archive\asset_bound_grid_search_run_summaries\garch_asset07_v1\grid_candidates\run_20260417_IS_010\run_summary.json"
"garch_asset07_v1","garch","series_7","grid_candidate","run_20260417_IS_011","0.1941914821479377","1.0045657453275263","5.428571428571429","1001333.70811854","False","output\coursework_2_stage4_v2_archive\asset_bound_grid_search_run_summaries\garch_asset07_v1\grid_candidates\run_20260417_IS_011\run_summary.json"
"garch_asset07_v1","garch","series_7","grid_candidate","run_20260417_IS_012","0.1941914821479377","1.0045657453275263","5.428571428571429","1001333.70811854","False","output\coursework_2_stage4_v2_archive\asset_bound_grid_search_run_summaries\garch_asset07_v1\grid_candidates\run_20260417_IS_012\run_summary.json"
"garch_asset07_v1","garch","series_7","grid_candidate","run_20260417_IS_013","0.1537064711333489","0.8758361717239893","5.428571428571429","1001140.8110243601","False","output\coursework_2_stage4_v2_archive\asset_bound_grid_search_run_summaries\garch_asset07_v1\grid_candidates\run_20260417_IS_013\run_summary.json"
"garch_asset07_v1","garch","series_7","grid_candidate","run_20260417_IS_014","0.1537064711333489","0.8758361717239893","5.428571428571429","1001140.8110243601","False","output\coursework_2_stage4_v2_archive\asset_bound_grid_search_run_summaries\garch_asset07_v1\grid_candidates\run_20260417_IS_014\run_summary.json"
"garch_asset07_v1","garch","series_7","grid_candidate","run_20260417_IS_015","0.1537064711333489","0.8758361717239893","5.428571428571429","1001140.8110243601","False","output\coursework_2_stage4_v2_archive\asset_bound_grid_search_run_summaries\garch_asset07_v1\grid_candidates\run_20260417_IS_015\run_summary.json"
"garch_asset07_v1","garch","series_7","grid_candidate","run_20260417_IS_016","0.1537064711333489","0.8758361717239893","5.428571428571429","1001140.8110243601","False","output\coursework_2_stage4_v2_archive\asset_bound_grid_search_run_summaries\garch_asset07_v1\grid_candidates\run_20260417_IS_016\run_summary.json"
"garch_asset07_v1","garch","series_7","grid_candidate","run_20260417_IS_017","0.2981594803782356","1.3873413663730545","5.428571428571429","1001717.47867302","False","output\coursework_2_stage4_v2_archive\asset_bound_grid_search_run_summaries\garch_asset07_v1\grid_candidates\run_20260417_IS_017\run_summary.json"
"garch_asset07_v1","garch","series_7","grid_candidate","run_20260417_IS_018","0.2981594803782356","1.3873413663730545","5.428571428571429","1001717.47867302","False","output\coursework_2_stage4_v2_archive\asset_bound_grid_search_run_summaries\garch_asset07_v1\grid_candidates\run_20260417_IS_018\run_summary.json"
"garch_asset07_v1","garch","series_7","grid_candidate","run_20260417_IS_019","0.2981594803782356","1.3873413663730545","5.428571428571429","1001717.47867302","False","output\coursework_2_stage4_v2_archive\asset_bound_grid_search_run_summaries\garch_asset07_v1\grid_candidates\run_20260417_IS_019\run_summary.json"
"garch_asset07_v1","garch","series_7","grid_candidate","run_20260417_IS_020","0.2981594803782356","1.3873413663730545","5.428571428571429","1001717.47867302","False","output\coursework_2_stage4_v2_archive\asset_bound_grid_search_run_summaries\garch_asset07_v1\grid_candidates\run_20260417_IS_020\run_summary.json"
"garch_asset07_v1","garch","series_7","grid_candidate","run_20260417_IS_021","0.24166052914277356","1.1692472764840804","5.428571428571429","1001525.8223363201","False","output\coursework_2_stage4_v2_archive\asset_bound_grid_search_run_summaries\garch_asset07_v1\grid_candidates\run_20260417_IS_021\run_summary.json"
"garch_asset07_v1","garch","series_7","grid_candidate","run_20260417_IS_022","0.24166052914277356","1.1692472764840804","5.428571428571429","1001525.8223363201","False","output\coursework_2_stage4_v2_archive\asset_bound_grid_search_run_summaries\garch_asset07_v1\grid_candidates\run_20260417_IS_022\run_summary.json"
"garch_asset07_v1","garch","series_7","grid_candidate","run_20260417_IS_023","0.24166052914277356","1.1692472764840804","5.428571428571429","1001525.8223363201","False","output\coursework_2_stage4_v2_archive\asset_bound_grid_search_run_summaries\garch_asset07_v1\grid_candidates\run_20260417_IS_023\run_summary.json"
"garch_asset07_v1","garch","series_7","grid_candidate","run_20260417_IS_024","0.24166052914277356","1.1692472764840804","5.428571428571429","1001525.8223363201","False","output\coursework_2_stage4_v2_archive\asset_bound_grid_search_run_summaries\garch_asset07_v1\grid_candidates\run_20260417_IS_024\run_summary.json"
"garch_asset07_v1","garch","series_7","grid_candidate","run_20260417_IS_025","0.1941914821479377","1.0045657453275263","5.428571428571429","1001333.70811854","False","output\coursework_2_stage4_v2_archive\asset_bound_grid_search_run_summaries\garch_asset07_v1\grid_candidates\run_20260417_IS_025\run_summary.json"
"garch_asset07_v1","garch","series_7","grid_candidate","run_20260417_IS_026","0.1941914821479377","1.0045657453275263","5.428571428571429","1001333.70811854","False","output\coursework_2_stage4_v2_archive\asset_bound_grid_search_run_summaries\garch_asset07_v1\grid_candidates\run_20260417_IS_026\run_summary.json"
"garch_asset07_v1","garch","series_7","grid_candidate","run_20260417_IS_027","0.1941914821479377","1.0045657453275263","5.428571428571429","1001333.70811854","False","output\coursework_2_stage4_v2_archive\asset_bound_grid_search_run_summaries\garch_asset07_v1\grid_candidates\run_20260417_IS_027\run_summary.json"
"garch_asset07_v1","garch","series_7","grid_candidate","run_20260417_IS_028","0.1941914821479377","1.0045657453275263","5.428571428571429","1001333.70811854","False","output\coursework_2_stage4_v2_archive\asset_bound_grid_search_run_summaries\garch_asset07_v1\grid_candidates\run_20260417_IS_028\run_summary.json"
"garch_asset07_v1","garch","series_7","grid_candidate","run_20260417_IS_029","0.1537064711333489","0.8758361717239893","5.428571428571429","1001140.8110243601","False","output\coursework_2_stage4_v2_archive\asset_bound_grid_search_run_summaries\garch_asset07_v1\grid_candidates\run_20260417_IS_029\run_summary.json"
"garch_asset07_v1","garch","series_7","grid_candidate","run_20260417_IS_030","0.1537064711333489","0.8758361717239893","5.428571428571429","1001140.8110243601","False","output\coursework_2_stage4_v2_archive\asset_bound_grid_search_run_summaries\garch_asset07_v1\grid_candidates\run_20260417_IS_030\run_summary.json"
"garch_asset07_v1","garch","series_7","grid_candidate","run_20260417_IS_031","0.1537064711333489","0.8758361717239893","5.428571428571429","1001140.8110243601","False","output\coursework_2_stage4_v2_archive\asset_bound_grid_search_run_summaries\garch_asset07_v1\grid_candidates\run_20260417_IS_031\run_summary.json"
"garch_asset07_v1","garch","series_7","grid_candidate","run_20260417_IS_032","0.1537064711333489","0.8758361717239893","5.428571428571429","1001140.8110243601","False","output\coursework_2_stage4_v2_archive\asset_bound_grid_search_run_summaries\garch_asset07_v1\grid_candidates\run_20260417_IS_032\run_summary.json"
"garch_asset07_v1","garch","series_7","grid_candidate","run_20260417_IS_033","0.07347237209423405","0.7548650033477854","6.714285714285714","1000511.8043459","False","output\coursework_2_stage4_v2_archive\asset_bound_grid_search_run_summaries\garch_asset07_v1\grid_candidates\run_20260417_IS_033\run_summary.json"
"garch_asset07_v1","garch","series_7","grid_candidate","run_20260417_IS_034","0.07347237209423405","0.7548650033477854","6.714285714285714","1000511.8043459","False","output\coursework_2_stage4_v2_archive\asset_bound_grid_search_run_summaries\garch_asset07_v1\grid_candidates\run_20260417_IS_034\run_summary.json"
"garch_asset07_v1","garch","series_7","grid_candidate","run_20260417_IS_035","0.07347237209423405","0.7548650033477854","6.714285714285714","1000511.8043459","False","output\coursework_2_stage4_v2_archive\asset_bound_grid_search_run_summaries\garch_asset07_v1\grid_candidates\run_20260417_IS_035\run_summary.json"
"garch_asset07_v1","garch","series_7","grid_candidate","run_20260417_IS_036","0.07347237209423405","0.7548650033477854","6.714285714285714","1000511.8043459","False","output\coursework_2_stage4_v2_archive\asset_bound_grid_search_run_summaries\garch_asset07_v1\grid_candidates\run_20260417_IS_036\run_summary.json"
"garch_asset07_v1","garch","series_7","grid_candidate","run_20260417_IS_037","0.010252803389645826","0.5814537666201458","6.714285714285714","1000079.5634646999","False","output\coursework_2_stage4_v2_archive\asset_bound_grid_search_run_summaries\garch_asset07_v1\grid_candidates\run_20260417_IS_037\run_summary.json"
"garch_asset07_v1","garch","series_7","grid_candidate","run_20260417_IS_038","0.010252803389645826","0.5814537666201458","6.714285714285714","1000079.5634646999","False","output\coursework_2_stage4_v2_archive\asset_bound_grid_search_run_summaries\garch_asset07_v1\grid_candidates\run_20260417_IS_038\run_summary.json"
"garch_asset07_v1","garch","series_7","grid_candidate","run_20260417_IS_039","0.010252803389645826","0.5814537666201458","6.714285714285714","1000079.5634646999","False","output\coursework_2_stage4_v2_archive\asset_bound_grid_search_run_summaries\garch_asset07_v1\grid_candidates\run_20260417_IS_039\run_summary.json"
"garch_asset07_v1","garch","series_7","grid_candidate","run_20260417_IS_040","0.010252803389645826","0.5814537666201458","6.714285714285714","1000079.5634646999","False","output\coursework_2_stage4_v2_archive\asset_bound_grid_search_run_summaries\garch_asset07_v1\grid_candidates\run_20260417_IS_040\run_summary.json"
"garch_asset07_v1","garch","series_7","grid_candidate","run_20260417_IS_041","-0.04124306604916739","0.4525249920574766","6.714285714285714","999647.1850224799","False","output\coursework_2_stage4_v2_archive\asset_bound_grid_search_run_summaries\garch_asset07_v1\grid_candidates\run_20260417_IS_041\run_summary.json"
"garch_asset07_v1","garch","series_7","grid_candidate","run_20260417_IS_042","-0.04124306604916739","0.4525249920574766","6.714285714285714","999647.1850224799","False","output\coursework_2_stage4_v2_archive\asset_bound_grid_search_run_summaries\garch_asset07_v1\grid_candidates\run_20260417_IS_042\run_summary.json"
"garch_asset07_v1","garch","series_7","grid_candidate","run_20260417_IS_043","-0.04124306604916739","0.4525249920574766","6.714285714285714","999647.1850224799","False","output\coursework_2_stage4_v2_archive\asset_bound_grid_search_run_summaries\garch_asset07_v1\grid_candidates\run_20260417_IS_043\run_summary.json"
"garch_asset07_v1","garch","series_7","grid_candidate","run_20260417_IS_044","-0.04124306604916739","0.4525249920574766","6.714285714285714","999647.1850224799","False","output\coursework_2_stage4_v2_archive\asset_bound_grid_search_run_summaries\garch_asset07_v1\grid_candidates\run_20260417_IS_044\run_summary.json"
"garch_asset07_v1","garch","series_7","grid_candidate","run_20260417_IS_045","-0.08414103426236325","0.35267766097028524","6.714285714285714","999213.32358344","False","output\coursework_2_stage4_v2_archive\asset_bound_grid_search_run_summaries\garch_asset07_v1\grid_candidates\run_20260417_IS_045\run_summary.json"
"garch_asset07_v1","garch","series_7","grid_candidate","run_20260417_IS_046","-0.08414103426236325","0.35267766097028524","6.714285714285714","999213.32358344","False","output\coursework_2_stage4_v2_archive\asset_bound_grid_search_run_summaries\garch_asset07_v1\grid_candidates\run_20260417_IS_046\run_summary.json"
"garch_asset07_v1","garch","series_7","grid_candidate","run_20260417_IS_047","-0.08414103426236325","0.35267766097028524","6.714285714285714","999213.32358344","False","output\coursework_2_stage4_v2_archive\asset_bound_grid_search_run_summaries\garch_asset07_v1\grid_candidates\run_20260417_IS_047\run_summary.json"
"garch_asset07_v1","garch","series_7","grid_candidate","run_20260417_IS_048","-0.08414103426236325","0.35267766097028524","6.714285714285714","999213.32358344","False","output\coursework_2_stage4_v2_archive\asset_bound_grid_search_run_summaries\garch_asset07_v1\grid_candidates\run_20260417_IS_048\run_summary.json"
"garch_asset07_v1","garch","series_7","grid_candidate","run_20260417_IS_049","0.11119957548229346","0.9628019785781443","8.285714285714286","1000774.8050174997","False","output\coursework_2_stage4_v2_archive\asset_bound_grid_search_run_summaries\garch_asset07_v1\grid_candidates\run_20260417_IS_049\run_summary.json"
"garch_asset07_v1","garch","series_7","grid_candidate","run_20260417_IS_050","0.11119957548229346","0.9628019785781443","8.285714285714286","1000774.8050174997","False","output\coursework_2_stage4_v2_archive\asset_bound_grid_search_run_summaries\garch_asset07_v1\grid_candidates\run_20260417_IS_050\run_summary.json"
"garch_asset07_v1","garch","series_7","grid_candidate","run_20260417_IS_051","0.11119957548229346","0.9628019785781443","8.285714285714286","1000774.8050174997","False","output\coursework_2_stage4_v2_archive\asset_bound_grid_search_run_summaries\garch_asset07_v1\grid_candidates\run_20260417_IS_051\run_summary.json"
"garch_asset07_v1","garch","series_7","grid_candidate","run_20260417_IS_052","0.11119957548229346","0.9628019785781443","8.285714285714286","1000774.8050174997","False","output\coursework_2_stage4_v2_archive\asset_bound_grid_search_run_summaries\garch_asset07_v1\grid_candidates\run_20260417_IS_052\run_summary.json"
"garch_asset07_v1","garch","series_7","grid_candidate","run_20260417_IS_053","0.10030353788536313","0.830893652513793","8.285714285714286","1000778.9205870001","False","output\coursework_2_stage4_v2_archive\asset_bound_grid_search_run_summaries\garch_asset07_v1\grid_candidates\run_20260417_IS_053\run_summary.json"
"garch_asset07_v1","garch","series_7","grid_candidate","run_20260417_IS_054","0.10030353788536313","0.830893652513793","8.285714285714286","1000778.9205870001","False","output\coursework_2_stage4_v2_archive\asset_bound_grid_search_run_summaries\garch_asset07_v1\grid_candidates\run_20260417_IS_054\run_summary.json"
"garch_asset07_v1","garch","series_7","grid_candidate","run_20260417_IS_055","0.10030353788536313","0.830893652513793","8.285714285714286","1000778.9205870001","False","output\coursework_2_stage4_v2_archive\asset_bound_grid_search_run_summaries\garch_asset07_v1\grid_candidates\run_20260417_IS_055\run_summary.json"
"garch_asset07_v1","garch","series_7","grid_candidate","run_20260417_IS_056","0.10030353788536313","0.830893652513793","8.285714285714286","1000778.9205870001","False","output\coursework_2_stage4_v2_archive\asset_bound_grid_search_run_summaries\garch_asset07_v1\grid_candidates\run_20260417_IS_056\run_summary.json"
"garch_asset07_v1","garch","series_7","grid_candidate","run_20260417_IS_057","0.09129577100768345","0.7326719754852319","8.285714285714286","1000781.88286248","False","output\coursework_2_stage4_v2_archive\asset_bound_grid_search_run_summaries\garch_asset07_v1\grid_candidates\run_20260417_IS_057\run_summary.json"
"garch_asset07_v1","garch","series_7","grid_candidate","run_20260417_IS_058","0.09129577100768345","0.7326719754852319","8.285714285714286","1000781.88286248","False","output\coursework_2_stage4_v2_archive\asset_bound_grid_search_run_summaries\garch_asset07_v1\grid_candidates\run_20260417_IS_058\run_summary.json"
"garch_asset07_v1","garch","series_7","grid_candidate","run_20260417_IS_059","0.09129577100768345","0.7326719754852319","8.285714285714286","1000781.88286248","False","output\coursework_2_stage4_v2_archive\asset_bound_grid_search_run_summaries\garch_asset07_v1\grid_candidates\run_20260417_IS_059\run_summary.json"
"garch_asset07_v1","garch","series_7","grid_candidate","run_20260417_IS_060","0.09129577100768345","0.7326719754852319","8.285714285714286","1000781.88286248","False","output\coursework_2_stage4_v2_archive\asset_bound_grid_search_run_summaries\garch_asset07_v1\grid_candidates\run_20260417_IS_060\run_summary.json"
"garch_asset07_v1","garch","series_7","grid_candidate","run_20260417_IS_061","0.08367042690333143","0.6565744039974272","8.285714285714286","1000783.47942464","False","output\coursework_2_stage4_v2_archive\asset_bound_grid_search_run_summaries\garch_asset07_v1\grid_candidates\run_20260417_IS_061\run_summary.json"
"garch_asset07_v1","garch","series_7","grid_candidate","run_20260417_IS_062","0.08367042690333143","0.6565744039974272","8.285714285714286","1000783.47942464","False","output\coursework_2_stage4_v2_archive\asset_bound_grid_search_run_summaries\garch_asset07_v1\grid_candidates\run_20260417_IS_062\run_summary.json"
"garch_asset07_v1","garch","series_7","grid_candidate","run_20260417_IS_063","0.08367042690333143","0.6565744039974272","8.285714285714286","1000783.47942464","False","output\coursework_2_stage4_v2_archive\asset_bound_grid_search_run_summaries\garch_asset07_v1\grid_candidates\run_20260417_IS_063\run_summary.json"
"garch_asset07_v1","garch","series_7","grid_candidate","run_20260417_IS_064","0.08367042690333143","0.6565744039974272","8.285714285714286","1000783.47942464","False","output\coursework_2_stage4_v2_archive\asset_bound_grid_search_run_summaries\garch_asset07_v1\grid_candidates\run_20260417_IS_064\run_summary.json"
"garch_asset07_v1","garch","series_7","grid_candidate","run_20260417_IS_065","0.2981594803782356","1.3873413663730545","5.428571428571429","1001717.47867302","False","output\coursework_2_stage4_v2_archive\asset_bound_grid_search_run_summaries\garch_asset07_v1\grid_candidates\run_20260417_IS_065\run_summary.json"
"garch_asset07_v1","garch","series_7","grid_candidate","run_20260417_IS_066","0.2981594803782356","1.3873413663730545","5.428571428571429","1001717.47867302","False","output\coursework_2_stage4_v2_archive\asset_bound_grid_search_run_summaries\garch_asset07_v1\grid_candidates\run_20260417_IS_066\run_summary.json"
"garch_asset07_v1","garch","series_7","grid_candidate","run_20260417_IS_067","0.2981594803782356","1.3873413663730545","5.428571428571429","1001717.47867302","False","output\coursework_2_stage4_v2_archive\asset_bound_grid_search_run_summaries\garch_asset07_v1\grid_candidates\run_20260417_IS_067\run_summary.json"
"garch_asset07_v1","garch","series_7","grid_candidate","run_20260417_IS_068","0.2981594803782356","1.3873413663730545","5.428571428571429","1001717.47867302","False","output\coursework_2_stage4_v2_archive\asset_bound_grid_search_run_summaries\garch_asset07_v1\grid_candidates\run_20260417_IS_068\run_summary.json"
"garch_asset07_v1","garch","series_7","grid_candidate","run_20260417_IS_069","0.24166052914277356","1.1692472764840804","5.428571428571429","1001525.8223363201","False","output\coursework_2_stage4_v2_archive\asset_bound_grid_search_run_summaries\garch_asset07_v1\grid_candidates\run_20260417_IS_069\run_summary.json"
"garch_asset07_v1","garch","series_7","grid_candidate","run_20260417_IS_070","0.24166052914277356","1.1692472764840804","5.428571428571429","1001525.8223363201","False","output\coursework_2_stage4_v2_archive\asset_bound_grid_search_run_summaries\garch_asset07_v1\grid_candidates\run_20260417_IS_070\run_summary.json"
"garch_asset07_v1","garch","series_7","grid_candidate","run_20260417_IS_071","0.24166052914277356","1.1692472764840804","5.428571428571429","1001525.8223363201","False","output\coursework_2_stage4_v2_archive\asset_bound_grid_search_run_summaries\garch_asset07_v1\grid_candidates\run_20260417_IS_071\run_summary.json"
"garch_asset07_v1","garch","series_7","grid_candidate","run_20260417_IS_072","0.24166052914277356","1.1692472764840804","5.428571428571429","1001525.8223363201","False","output\coursework_2_stage4_v2_archive\asset_bound_grid_search_run_summaries\garch_asset07_v1\grid_candidates\run_20260417_IS_072\run_summary.json"
"garch_asset07_v1","garch","series_7","grid_candidate","run_20260417_IS_073","0.1941914821479377","1.0045657453275263","5.428571428571429","1001333.70811854","False","output\coursework_2_stage4_v2_archive\asset_bound_grid_search_run_summaries\garch_asset07_v1\grid_candidates\run_20260417_IS_073\run_summary.json"
"garch_asset07_v1","garch","series_7","grid_candidate","run_20260417_IS_074","0.1941914821479377","1.0045657453275263","5.428571428571429","1001333.70811854","False","output\coursework_2_stage4_v2_archive\asset_bound_grid_search_run_summaries\garch_asset07_v1\grid_candidates\run_20260417_IS_074\run_summary.json"
"garch_asset07_v1","garch","series_7","grid_candidate","run_20260417_IS_075","0.1941914821479377","1.0045657453275263","5.428571428571429","1001333.70811854","False","output\coursework_2_stage4_v2_archive\asset_bound_grid_search_run_summaries\garch_asset07_v1\grid_candidates\run_20260417_IS_075\run_summary.json"
"garch_asset07_v1","garch","series_7","grid_candidate","run_20260417_IS_076","0.1941914821479377","1.0045657453275263","5.428571428571429","1001333.70811854","False","output\coursework_2_stage4_v2_archive\asset_bound_grid_search_run_summaries\garch_asset07_v1\grid_candidates\run_20260417_IS_076\run_summary.json"
"garch_asset07_v1","garch","series_7","grid_candidate","run_20260417_IS_077","0.1537064711333489","0.8758361717239893","5.428571428571429","1001140.8110243601","False","output\coursework_2_stage4_v2_archive\asset_bound_grid_search_run_summaries\garch_asset07_v1\grid_candidates\run_20260417_IS_077\run_summary.json"
"garch_asset07_v1","garch","series_7","grid_candidate","run_20260417_IS_078","0.1537064711333489","0.8758361717239893","5.428571428571429","1001140.8110243601","False","output\coursework_2_stage4_v2_archive\asset_bound_grid_search_run_summaries\garch_asset07_v1\grid_candidates\run_20260417_IS_078\run_summary.json"
"garch_asset07_v1","garch","series_7","grid_candidate","run_20260417_IS_079","0.1537064711333489","0.8758361717239893","5.428571428571429","1001140.8110243601","False","output\coursework_2_stage4_v2_archive\asset_bound_grid_search_run_summaries\garch_asset07_v1\grid_candidates\run_20260417_IS_079\run_summary.json"
"garch_asset07_v1","garch","series_7","grid_candidate","run_20260417_IS_080","0.1537064711333489","0.8758361717239893","5.428571428571429","1001140.8110243601","False","output\coursework_2_stage4_v2_archive\asset_bound_grid_search_run_summaries\garch_asset07_v1\grid_candidates\run_20260417_IS_080\run_summary.json"
"garch_asset07_v1","garch","series_7","grid_candidate","run_20260417_IS_081","0.2981594803782356","1.3873413663730545","5.428571428571429","1001717.47867302","False","output\coursework_2_stage4_v2_archive\asset_bound_grid_search_run_summaries\garch_asset07_v1\grid_candidates\run_20260417_IS_081\run_summary.json"
"garch_asset07_v1","garch","series_7","grid_candidate","run_20260417_IS_082","0.2981594803782356","1.3873413663730545","5.428571428571429","1001717.47867302","False","output\coursework_2_stage4_v2_archive\asset_bound_grid_search_run_summaries\garch_asset07_v1\grid_candidates\run_20260417_IS_082\run_summary.json"
"garch_asset07_v1","garch","series_7","grid_candidate","run_20260417_IS_083","0.2981594803782356","1.3873413663730545","5.428571428571429","1001717.47867302","False","output\coursework_2_stage4_v2_archive\asset_bound_grid_search_run_summaries\garch_asset07_v1\grid_candidates\run_20260417_IS_083\run_summary.json"
"garch_asset07_v1","garch","series_7","grid_candidate","run_20260417_IS_084","0.2981594803782356","1.3873413663730545","5.428571428571429","1001717.47867302","False","output\coursework_2_stage4_v2_archive\asset_bound_grid_search_run_summaries\garch_asset07_v1\grid_candidates\run_20260417_IS_084\run_summary.json"
"garch_asset07_v1","garch","series_7","grid_candidate","run_20260417_IS_085","0.24166052914277356","1.1692472764840804","5.428571428571429","1001525.8223363201","False","output\coursework_2_stage4_v2_archive\asset_bound_grid_search_run_summaries\garch_asset07_v1\grid_candidates\run_20260417_IS_085\run_summary.json"
"garch_asset07_v1","garch","series_7","grid_candidate","run_20260417_IS_086","0.24166052914277356","1.1692472764840804","5.428571428571429","1001525.8223363201","False","output\coursework_2_stage4_v2_archive\asset_bound_grid_search_run_summaries\garch_asset07_v1\grid_candidates\run_20260417_IS_086\run_summary.json"
"garch_asset07_v1","garch","series_7","grid_candidate","run_20260417_IS_087","0.24166052914277356","1.1692472764840804","5.428571428571429","1001525.8223363201","False","output\coursework_2_stage4_v2_archive\asset_bound_grid_search_run_summaries\garch_asset07_v1\grid_candidates\run_20260417_IS_087\run_summary.json"
"garch_asset07_v1","garch","series_7","grid_candidate","run_20260417_IS_088","0.24166052914277356","1.1692472764840804","5.428571428571429","1001525.8223363201","False","output\coursework_2_stage4_v2_archive\asset_bound_grid_search_run_summaries\garch_asset07_v1\grid_candidates\run_20260417_IS_088\run_summary.json"
"garch_asset07_v1","garch","series_7","grid_candidate","run_20260417_IS_089","0.1941914821479377","1.0045657453275263","5.428571428571429","1001333.70811854","False","output\coursework_2_stage4_v2_archive\asset_bound_grid_search_run_summaries\garch_asset07_v1\grid_candidates\run_20260417_IS_089\run_summary.json"
"garch_asset07_v1","garch","series_7","grid_candidate","run_20260417_IS_090","0.1941914821479377","1.0045657453275263","5.428571428571429","1001333.70811854","False","output\coursework_2_stage4_v2_archive\asset_bound_grid_search_run_summaries\garch_asset07_v1\grid_candidates\run_20260417_IS_090\run_summary.json"
"garch_asset07_v1","garch","series_7","grid_candidate","run_20260417_IS_091","0.1941914821479377","1.0045657453275263","5.428571428571429","1001333.70811854","False","output\coursework_2_stage4_v2_archive\asset_bound_grid_search_run_summaries\garch_asset07_v1\grid_candidates\run_20260417_IS_091\run_summary.json"
"garch_asset07_v1","garch","series_7","grid_candidate","run_20260417_IS_092","0.1941914821479377","1.0045657453275263","5.428571428571429","1001333.70811854","False","output\coursework_2_stage4_v2_archive\asset_bound_grid_search_run_summaries\garch_asset07_v1\grid_candidates\run_20260417_IS_092\run_summary.json"
"garch_asset07_v1","garch","series_7","grid_candidate","run_20260417_IS_093","0.1537064711333489","0.8758361717239893","5.428571428571429","1001140.8110243601","False","output\coursework_2_stage4_v2_archive\asset_bound_grid_search_run_summaries\garch_asset07_v1\grid_candidates\run_20260417_IS_093\run_summary.json"
"garch_asset07_v1","garch","series_7","grid_candidate","run_20260417_IS_094","0.1537064711333489","0.8758361717239893","5.428571428571429","1001140.8110243601","False","output\coursework_2_stage4_v2_archive\asset_bound_grid_search_run_summaries\garch_asset07_v1\grid_candidates\run_20260417_IS_094\run_summary.json"
"garch_asset07_v1","garch","series_7","grid_candidate","run_20260417_IS_095","0.1537064711333489","0.8758361717239893","5.428571428571429","1001140.8110243601","False","output\coursework_2_stage4_v2_archive\asset_bound_grid_search_run_summaries\garch_asset07_v1\grid_candidates\run_20260417_IS_095\run_summary.json"
"garch_asset07_v1","garch","series_7","grid_candidate","run_20260417_IS_096","0.1537064711333489","0.8758361717239893","5.428571428571429","1001140.8110243601","False","output\coursework_2_stage4_v2_archive\asset_bound_grid_search_run_summaries\garch_asset07_v1\grid_candidates\run_20260417_IS_096\run_summary.json"
"garch_asset07_v1","garch","series_7","grid_candidate","run_20260417_IS_097","0.07347237209423405","0.7548650033477854","6.714285714285714","1000511.8043459","False","output\coursework_2_stage4_v2_archive\asset_bound_grid_search_run_summaries\garch_asset07_v1\grid_candidates\run_20260417_IS_097\run_summary.json"
"garch_asset07_v1","garch","series_7","grid_candidate","run_20260417_IS_098","0.07347237209423405","0.7548650033477854","6.714285714285714","1000511.8043459","False","output\coursework_2_stage4_v2_archive\asset_bound_grid_search_run_summaries\garch_asset07_v1\grid_candidates\run_20260417_IS_098\run_summary.json"
"garch_asset07_v1","garch","series_7","grid_candidate","run_20260417_IS_099","0.07347237209423405","0.7548650033477854","6.714285714285714","1000511.8043459","False","output\coursework_2_stage4_v2_archive\asset_bound_grid_search_run_summaries\garch_asset07_v1\grid_candidates\run_20260417_IS_099\run_summary.json"
"garch_asset07_v1","garch","series_7","grid_candidate","run_20260417_IS_100","0.07347237209423405","0.7548650033477854","6.714285714285714","1000511.8043459","False","output\coursework_2_stage4_v2_archive\asset_bound_grid_search_run_summaries\garch_asset07_v1\grid_candidates\run_20260417_IS_100\run_summary.json"
"garch_asset07_v1","garch","series_7","grid_candidate","run_20260417_IS_101","0.010252803389645826","0.5814537666201458","6.714285714285714","1000079.5634646999","False","output\coursework_2_stage4_v2_archive\asset_bound_grid_search_run_summaries\garch_asset07_v1\grid_candidates\run_20260417_IS_101\run_summary.json"
"garch_asset07_v1","garch","series_7","grid_candidate","run_20260417_IS_102","0.010252803389645826","0.5814537666201458","6.714285714285714","1000079.5634646999","False","output\coursework_2_stage4_v2_archive\asset_bound_grid_search_run_summaries\garch_asset07_v1\grid_candidates\run_20260417_IS_102\run_summary.json"
"garch_asset07_v1","garch","series_7","grid_candidate","run_20260417_IS_103","0.010252803389645826","0.5814537666201458","6.714285714285714","1000079.5634646999","False","output\coursework_2_stage4_v2_archive\asset_bound_grid_search_run_summaries\garch_asset07_v1\grid_candidates\run_20260417_IS_103\run_summary.json"
"garch_asset07_v1","garch","series_7","grid_candidate","run_20260417_IS_104","0.010252803389645826","0.5814537666201458","6.714285714285714","1000079.5634646999","False","output\coursework_2_stage4_v2_archive\asset_bound_grid_search_run_summaries\garch_asset07_v1\grid_candidates\run_20260417_IS_104\run_summary.json"
"garch_asset07_v1","garch","series_7","grid_candidate","run_20260417_IS_105","-0.04124306604916739","0.4525249920574766","6.714285714285714","999647.1850224799","False","output\coursework_2_stage4_v2_archive\asset_bound_grid_search_run_summaries\garch_asset07_v1\grid_candidates\run_20260417_IS_105\run_summary.json"
"garch_asset07_v1","garch","series_7","grid_candidate","run_20260417_IS_106","-0.04124306604916739","0.4525249920574766","6.714285714285714","999647.1850224799","False","output\coursework_2_stage4_v2_archive\asset_bound_grid_search_run_summaries\garch_asset07_v1\grid_candidates\run_20260417_IS_106\run_summary.json"
"garch_asset07_v1","garch","series_7","grid_candidate","run_20260417_IS_107","-0.04124306604916739","0.4525249920574766","6.714285714285714","999647.1850224799","False","output\coursework_2_stage4_v2_archive\asset_bound_grid_search_run_summaries\garch_asset07_v1\grid_candidates\run_20260417_IS_107\run_summary.json"
"garch_asset07_v1","garch","series_7","grid_candidate","run_20260417_IS_108","-0.04124306604916739","0.4525249920574766","6.714285714285714","999647.1850224799","False","output\coursework_2_stage4_v2_archive\asset_bound_grid_search_run_summaries\garch_asset07_v1\grid_candidates\run_20260417_IS_108\run_summary.json"
"garch_asset07_v1","garch","series_7","grid_candidate","run_20260417_IS_109","-0.08414103426236325","0.35267766097028524","6.714285714285714","999213.32358344","False","output\coursework_2_stage4_v2_archive\asset_bound_grid_search_run_summaries\garch_asset07_v1\grid_candidates\run_20260417_IS_109\run_summary.json"
"garch_asset07_v1","garch","series_7","grid_candidate","run_20260417_IS_110","-0.08414103426236325","0.35267766097028524","6.714285714285714","999213.32358344","False","output\coursework_2_stage4_v2_archive\asset_bound_grid_search_run_summaries\garch_asset07_v1\grid_candidates\run_20260417_IS_110\run_summary.json"
"garch_asset07_v1","garch","series_7","grid_candidate","run_20260417_IS_111","-0.08414103426236325","0.35267766097028524","6.714285714285714","999213.32358344","False","output\coursework_2_stage4_v2_archive\asset_bound_grid_search_run_summaries\garch_asset07_v1\grid_candidates\run_20260417_IS_111\run_summary.json"
"garch_asset07_v1","garch","series_7","grid_candidate","run_20260417_IS_112","-0.08414103426236325","0.35267766097028524","6.714285714285714","999213.32358344","False","output\coursework_2_stage4_v2_archive\asset_bound_grid_search_run_summaries\garch_asset07_v1\grid_candidates\run_20260417_IS_112\run_summary.json"
"garch_asset07_v1","garch","series_7","grid_candidate","run_20260417_IS_113","0.11119957548229346","0.9628019785781443","8.285714285714286","1000774.8050174997","False","output\coursework_2_stage4_v2_archive\asset_bound_grid_search_run_summaries\garch_asset07_v1\grid_candidates\run_20260417_IS_113\run_summary.json"
"garch_asset07_v1","garch","series_7","grid_candidate","run_20260417_IS_114","0.11119957548229346","0.9628019785781443","8.285714285714286","1000774.8050174997","False","output\coursework_2_stage4_v2_archive\asset_bound_grid_search_run_summaries\garch_asset07_v1\grid_candidates\run_20260417_IS_114\run_summary.json"
"garch_asset07_v1","garch","series_7","grid_candidate","run_20260417_IS_115","0.11119957548229346","0.9628019785781443","8.285714285714286","1000774.8050174997","False","output\coursework_2_stage4_v2_archive\asset_bound_grid_search_run_summaries\garch_asset07_v1\grid_candidates\run_20260417_IS_115\run_summary.json"
"garch_asset07_v1","garch","series_7","grid_candidate","run_20260417_IS_116","0.11119957548229346","0.9628019785781443","8.285714285714286","1000774.8050174997","False","output\coursework_2_stage4_v2_archive\asset_bound_grid_search_run_summaries\garch_asset07_v1\grid_candidates\run_20260417_IS_116\run_summary.json"
"garch_asset07_v1","garch","series_7","grid_candidate","run_20260417_IS_117","0.10030353788536313","0.830893652513793","8.285714285714286","1000778.9205870001","False","output\coursework_2_stage4_v2_archive\asset_bound_grid_search_run_summaries\garch_asset07_v1\grid_candidates\run_20260417_IS_117\run_summary.json"
"garch_asset07_v1","garch","series_7","grid_candidate","run_20260417_IS_118","0.10030353788536313","0.830893652513793","8.285714285714286","1000778.9205870001","False","output\coursework_2_stage4_v2_archive\asset_bound_grid_search_run_summaries\garch_asset07_v1\grid_candidates\run_20260417_IS_118\run_summary.json"
"garch_asset07_v1","garch","series_7","grid_candidate","run_20260417_IS_119","0.10030353788536313","0.830893652513793","8.285714285714286","1000778.9205870001","False","output\coursework_2_stage4_v2_archive\asset_bound_grid_search_run_summaries\garch_asset07_v1\grid_candidates\run_20260417_IS_119\run_summary.json"
"garch_asset07_v1","garch","series_7","grid_candidate","run_20260417_IS_120","0.10030353788536313","0.830893652513793","8.285714285714286","1000778.9205870001","False","output\coursework_2_stage4_v2_archive\asset_bound_grid_search_run_summaries\garch_asset07_v1\grid_candidates\run_20260417_IS_120\run_summary.json"
"garch_asset07_v1","garch","series_7","grid_candidate","run_20260417_IS_121","0.09129577100768345","0.7326719754852319","8.285714285714286","1000781.88286248","False","output\coursework_2_stage4_v2_archive\asset_bound_grid_search_run_summaries\garch_asset07_v1\grid_candidates\run_20260417_IS_121\run_summary.json"
"garch_asset07_v1","garch","series_7","grid_candidate","run_20260417_IS_122","0.09129577100768345","0.7326719754852319","8.285714285714286","1000781.88286248","False","output\coursework_2_stage4_v2_archive\asset_bound_grid_search_run_summaries\garch_asset07_v1\grid_candidates\run_20260417_IS_122\run_summary.json"
"garch_asset07_v1","garch","series_7","grid_candidate","run_20260417_IS_123","0.09129577100768345","0.7326719754852319","8.285714285714286","1000781.88286248","False","output\coursework_2_stage4_v2_archive\asset_bound_grid_search_run_summaries\garch_asset07_v1\grid_candidates\run_20260417_IS_123\run_summary.json"
"garch_asset07_v1","garch","series_7","grid_candidate","run_20260417_IS_124","0.09129577100768345","0.7326719754852319","8.285714285714286","1000781.88286248","False","output\coursework_2_stage4_v2_archive\asset_bound_grid_search_run_summaries\garch_asset07_v1\grid_candidates\run_20260417_IS_124\run_summary.json"
"garch_asset07_v1","garch","series_7","grid_candidate","run_20260417_IS_125","0.08367042690333143","0.6565744039974272","8.285714285714286","1000783.47942464","False","output\coursework_2_stage4_v2_archive\asset_bound_grid_search_run_summaries\garch_asset07_v1\grid_candidates\run_20260417_IS_125\run_summary.json"
"garch_asset07_v1","garch","series_7","grid_candidate","run_20260417_IS_126","0.08367042690333143","0.6565744039974272","8.285714285714286","1000783.47942464","False","output\coursework_2_stage4_v2_archive\asset_bound_grid_search_run_summaries\garch_asset07_v1\grid_candidates\run_20260417_IS_126\run_summary.json"
"garch_asset07_v1","garch","series_7","grid_candidate","run_20260417_IS_127","0.08367042690333143","0.6565744039974272","8.285714285714286","1000783.47942464","False","output\coursework_2_stage4_v2_archive\asset_bound_grid_search_run_summaries\garch_asset07_v1\grid_candidates\run_20260417_IS_127\run_summary.json"
"garch_asset07_v1","garch","series_7","grid_candidate","run_20260417_IS_128","0.08367042690333143","0.6565744039974272","8.285714285714286","1000783.47942464","False","output\coursework_2_stage4_v2_archive\asset_bound_grid_search_run_summaries\garch_asset07_v1\grid_candidates\run_20260417_IS_128\run_summary.json"
"garch_asset07_v1","garch","series_7","grid_candidate","run_20260417_IS_129","0.6118786972706464","2.0447625951168678","5.428571428571429","1003531.2453592601","False","output\coursework_2_stage4_v2_archive\asset_bound_grid_search_run_summaries\garch_asset07_v1\grid_candidates\run_20260417_IS_129\run_summary.json"
"garch_asset07_v1","garch","series_7","grid_candidate","run_20260417_IS_130","0.6118786972706464","2.0447625951168678","5.428571428571429","1003531.2453592601","False","output\coursework_2_stage4_v2_archive\asset_bound_grid_search_run_summaries\garch_asset07_v1\grid_candidates\run_20260417_IS_130\run_summary.json"
"garch_asset07_v1","garch","series_7","grid_candidate","run_20260417_IS_131","0.6118786972706464","2.0447625951168678","5.428571428571429","1003531.2453592601","False","output\coursework_2_stage4_v2_archive\asset_bound_grid_search_run_summaries\garch_asset07_v1\grid_candidates\run_20260417_IS_131\run_summary.json"
"garch_asset07_v1","garch","series_7","grid_candidate","run_20260417_IS_132","0.6118786972706464","2.0447625951168678","5.428571428571429","1003531.2453592601","False","output\coursework_2_stage4_v2_archive\asset_bound_grid_search_run_summaries\garch_asset07_v1\grid_candidates\run_20260417_IS_132\run_summary.json"
"garch_asset07_v1","garch","series_7","grid_candidate","run_20260417_IS_133","0.47055850156658685","1.6212092155628532","5.428571428571429","1002975.61713906","False","output\coursework_2_stage4_v2_archive\asset_bound_grid_search_run_summaries\garch_asset07_v1\grid_candidates\run_20260417_IS_133\run_summary.json"
"garch_asset07_v1","garch","series_7","grid_candidate","run_20260417_IS_134","0.47055850156658685","1.6212092155628532","5.428571428571429","1002975.61713906","False","output\coursework_2_stage4_v2_archive\asset_bound_grid_search_run_summaries\garch_asset07_v1\grid_candidates\run_20260417_IS_134\run_summary.json"
"garch_asset07_v1","garch","series_7","grid_candidate","run_20260417_IS_135","0.47055850156658685","1.6212092155628532","5.428571428571429","1002975.61713906","False","output\coursework_2_stage4_v2_archive\asset_bound_grid_search_run_summaries\garch_asset07_v1\grid_candidates\run_20260417_IS_135\run_summary.json"
"garch_asset07_v1","garch","series_7","grid_candidate","run_20260417_IS_136","0.47055850156658685","1.6212092155628532","5.428571428571429","1002975.61713906","False","output\coursework_2_stage4_v2_archive\asset_bound_grid_search_run_summaries\garch_asset07_v1\grid_candidates\run_20260417_IS_136\run_summary.json"
"garch_asset07_v1","garch","series_7","grid_candidate","run_20260417_IS_137","0.3520166676411875","1.301908887940423","5.428571428571429","1002420.2060789398","False","output\coursework_2_stage4_v2_archive\asset_bound_grid_search_run_summaries\garch_asset07_v1\grid_candidates\run_20260417_IS_137\run_summary.json"
"garch_asset07_v1","garch","series_7","grid_candidate","run_20260417_IS_138","0.3520166676411875","1.301908887940423","5.428571428571429","1002420.2060789398","False","output\coursework_2_stage4_v2_archive\asset_bound_grid_search_run_summaries\garch_asset07_v1\grid_candidates\run_20260417_IS_138\run_summary.json"
"garch_asset07_v1","garch","series_7","grid_candidate","run_20260417_IS_139","0.3520166676411875","1.301908887940423","5.428571428571429","1002420.2060789398","False","output\coursework_2_stage4_v2_archive\asset_bound_grid_search_run_summaries\garch_asset07_v1\grid_candidates\run_20260417_IS_139\run_summary.json"
"garch_asset07_v1","garch","series_7","grid_candidate","run_20260417_IS_140","0.3520166676411875","1.301908887940423","5.428571428571429","1002420.2060789398","False","output\coursework_2_stage4_v2_archive\asset_bound_grid_search_run_summaries\garch_asset07_v1\grid_candidates\run_20260417_IS_140\run_summary.json"
"garch_asset07_v1","garch","series_7","grid_candidate","run_20260417_IS_141","0.25115980891839984","1.0525236989228837","5.428571428571429","1001865.39672008","False","output\coursework_2_stage4_v2_archive\asset_bound_grid_search_run_summaries\garch_asset07_v1\grid_candidates\run_20260417_IS_141\run_summary.json"
"garch_asset07_v1","garch","series_7","grid_candidate","run_20260417_IS_142","0.25115980891839984","1.0525236989228837","5.428571428571429","1001865.39672008","False","output\coursework_2_stage4_v2_archive\asset_bound_grid_search_run_summaries\garch_asset07_v1\grid_candidates\run_20260417_IS_142\run_summary.json"
"garch_asset07_v1","garch","series_7","grid_candidate","run_20260417_IS_143","0.25115980891839984","1.0525236989228837","5.428571428571429","1001865.39672008","False","output\coursework_2_stage4_v2_archive\asset_bound_grid_search_run_summaries\garch_asset07_v1\grid_candidates\run_20260417_IS_143\run_summary.json"
"garch_asset07_v1","garch","series_7","grid_candidate","run_20260417_IS_144","0.25115980891839984","1.0525236989228837","5.428571428571429","1001865.39672008","False","output\coursework_2_stage4_v2_archive\asset_bound_grid_search_run_summaries\garch_asset07_v1\grid_candidates\run_20260417_IS_144\run_summary.json"
"garch_asset07_v1","garch","series_7","grid_candidate","run_20260417_IS_145","0.6118786972706464","2.0447625951168678","5.428571428571429","1003531.2453592601","False","output\coursework_2_stage4_v2_archive\asset_bound_grid_search_run_summaries\garch_asset07_v1\grid_candidates\run_20260417_IS_145\run_summary.json"
"garch_asset07_v1","garch","series_7","grid_candidate","run_20260417_IS_146","0.6118786972706464","2.0447625951168678","5.428571428571429","1003531.2453592601","False","output\coursework_2_stage4_v2_archive\asset_bound_grid_search_run_summaries\garch_asset07_v1\grid_candidates\run_20260417_IS_146\run_summary.json"
"garch_asset07_v1","garch","series_7","grid_candidate","run_20260417_IS_147","0.6118786972706464","2.0447625951168678","5.428571428571429","1003531.2453592601","False","output\coursework_2_stage4_v2_archive\asset_bound_grid_search_run_summaries\garch_asset07_v1\grid_candidates\run_20260417_IS_147\run_summary.json"
"garch_asset07_v1","garch","series_7","grid_candidate","run_20260417_IS_148","0.6118786972706464","2.0447625951168678","5.428571428571429","1003531.2453592601","False","output\coursework_2_stage4_v2_archive\asset_bound_grid_search_run_summaries\garch_asset07_v1\grid_candidates\run_20260417_IS_148\run_summary.json"
"garch_asset07_v1","garch","series_7","grid_candidate","run_20260417_IS_149","0.47055850156658685","1.6212092155628532","5.428571428571429","1002975.61713906","False","output\coursework_2_stage4_v2_archive\asset_bound_grid_search_run_summaries\garch_asset07_v1\grid_candidates\run_20260417_IS_149\run_summary.json"
"garch_asset07_v1","garch","series_7","grid_candidate","run_20260417_IS_150","0.47055850156658685","1.6212092155628532","5.428571428571429","1002975.61713906","False","output\coursework_2_stage4_v2_archive\asset_bound_grid_search_run_summaries\garch_asset07_v1\grid_candidates\run_20260417_IS_150\run_summary.json"
"garch_asset07_v1","garch","series_7","grid_candidate","run_20260417_IS_151","0.47055850156658685","1.6212092155628532","5.428571428571429","1002975.61713906","False","output\coursework_2_stage4_v2_archive\asset_bound_grid_search_run_summaries\garch_asset07_v1\grid_candidates\run_20260417_IS_151\run_summary.json"
"garch_asset07_v1","garch","series_7","grid_candidate","run_20260417_IS_152","0.47055850156658685","1.6212092155628532","5.428571428571429","1002975.61713906","False","output\coursework_2_stage4_v2_archive\asset_bound_grid_search_run_summaries\garch_asset07_v1\grid_candidates\run_20260417_IS_152\run_summary.json"
"garch_asset07_v1","garch","series_7","grid_candidate","run_20260417_IS_153","0.3520166676411875","1.301908887940423","5.428571428571429","1002420.2060789398","False","output\coursework_2_stage4_v2_archive\asset_bound_grid_search_run_summaries\garch_asset07_v1\grid_candidates\run_20260417_IS_153\run_summary.json"
"garch_asset07_v1","garch","series_7","grid_candidate","run_20260417_IS_154","0.3520166676411875","1.301908887940423","5.428571428571429","1002420.2060789398","False","output\coursework_2_stage4_v2_archive\asset_bound_grid_search_run_summaries\garch_asset07_v1\grid_candidates\run_20260417_IS_154\run_summary.json"
"garch_asset07_v1","garch","series_7","grid_candidate","run_20260417_IS_155","0.3520166676411875","1.301908887940423","5.428571428571429","1002420.2060789398","False","output\coursework_2_stage4_v2_archive\asset_bound_grid_search_run_summaries\garch_asset07_v1\grid_candidates\run_20260417_IS_155\run_summary.json"
"garch_asset07_v1","garch","series_7","grid_candidate","run_20260417_IS_156","0.3520166676411875","1.301908887940423","5.428571428571429","1002420.2060789398","False","output\coursework_2_stage4_v2_archive\asset_bound_grid_search_run_summaries\garch_asset07_v1\grid_candidates\run_20260417_IS_156\run_summary.json"
"garch_asset07_v1","garch","series_7","grid_candidate","run_20260417_IS_157","0.25115980891839984","1.0525236989228837","5.428571428571429","1001865.39672008","False","output\coursework_2_stage4_v2_archive\asset_bound_grid_search_run_summaries\garch_asset07_v1\grid_candidates\run_20260417_IS_157\run_summary.json"
"garch_asset07_v1","garch","series_7","grid_candidate","run_20260417_IS_158","0.25115980891839984","1.0525236989228837","5.428571428571429","1001865.39672008","False","output\coursework_2_stage4_v2_archive\asset_bound_grid_search_run_summaries\garch_asset07_v1\grid_candidates\run_20260417_IS_158\run_summary.json"
"garch_asset07_v1","garch","series_7","grid_candidate","run_20260417_IS_159","0.25115980891839984","1.0525236989228837","5.428571428571429","1001865.39672008","False","output\coursework_2_stage4_v2_archive\asset_bound_grid_search_run_summaries\garch_asset07_v1\grid_candidates\run_20260417_IS_159\run_summary.json"
"garch_asset07_v1","garch","series_7","grid_candidate","run_20260417_IS_160","0.25115980891839984","1.0525236989228837","5.428571428571429","1001865.39672008","False","output\coursework_2_stage4_v2_archive\asset_bound_grid_search_run_summaries\garch_asset07_v1\grid_candidates\run_20260417_IS_160\run_summary.json"
"garch_asset07_v1","garch","series_7","grid_candidate","run_20260417_IS_161","0.333018829171216","1.238422818759955","6.714285714285714","1002323.9534374801","False","output\coursework_2_stage4_v2_archive\asset_bound_grid_search_run_summaries\garch_asset07_v1\grid_candidates\run_20260417_IS_161\run_summary.json"
"garch_asset07_v1","garch","series_7","grid_candidate","run_20260417_IS_162","0.333018829171216","1.238422818759955","6.714285714285714","1002323.9534374801","False","output\coursework_2_stage4_v2_archive\asset_bound_grid_search_run_summaries\garch_asset07_v1\grid_candidates\run_20260417_IS_162\run_summary.json"
"garch_asset07_v1","garch","series_7","grid_candidate","run_20260417_IS_163","0.333018829171216","1.238422818759955","6.714285714285714","1002323.9534374801","False","output\coursework_2_stage4_v2_archive\asset_bound_grid_search_run_summaries\garch_asset07_v1\grid_candidates\run_20260417_IS_163\run_summary.json"
"garch_asset07_v1","garch","series_7","grid_candidate","run_20260417_IS_164","0.333018829171216","1.238422818759955","6.714285714285714","1002323.9534374801","False","output\coursework_2_stage4_v2_archive\asset_bound_grid_search_run_summaries\garch_asset07_v1\grid_candidates\run_20260417_IS_164\run_summary.json"
"garch_asset07_v1","garch","series_7","grid_candidate","run_20260417_IS_165","0.196583421087355","0.9111642665756685","6.714285714285714","1001527.7406727802","False","output\coursework_2_stage4_v2_archive\asset_bound_grid_search_run_summaries\garch_asset07_v1\grid_candidates\run_20260417_IS_165\run_summary.json"
"garch_asset07_v1","garch","series_7","grid_candidate","run_20260417_IS_166","0.196583421087355","0.9111642665756685","6.714285714285714","1001527.7406727802","False","output\coursework_2_stage4_v2_archive\asset_bound_grid_search_run_summaries\garch_asset07_v1\grid_candidates\run_20260417_IS_166\run_summary.json"
"garch_asset07_v1","garch","series_7","grid_candidate","run_20260417_IS_167","0.196583421087355","0.9111642665756685","6.714285714285714","1001527.7406727802","False","output\coursework_2_stage4_v2_archive\asset_bound_grid_search_run_summaries\garch_asset07_v1\grid_candidates\run_20260417_IS_167\run_summary.json"
"garch_asset07_v1","garch","series_7","grid_candidate","run_20260417_IS_168","0.196583421087355","0.9111642665756685","6.714285714285714","1001527.7406727802","False","output\coursework_2_stage4_v2_archive\asset_bound_grid_search_run_summaries\garch_asset07_v1\grid_candidates\run_20260417_IS_168\run_summary.json"
"garch_asset07_v1","garch","series_7","grid_candidate","run_20260417_IS_169","0.08546036238296813","0.667931356827397","6.714285714285714","1000731.84974648","False","output\coursework_2_stage4_v2_archive\asset_bound_grid_search_run_summaries\garch_asset07_v1\grid_candidates\run_20260417_IS_169\run_summary.json"
"garch_asset07_v1","garch","series_7","grid_candidate","run_20260417_IS_170","0.08546036238296813","0.667931356827397","6.714285714285714","1000731.84974648","False","output\coursework_2_stage4_v2_archive\asset_bound_grid_search_run_summaries\garch_asset07_v1\grid_candidates\run_20260417_IS_170\run_summary.json"
"garch_asset07_v1","garch","series_7","grid_candidate","run_20260417_IS_171","0.08546036238296813","0.667931356827397","6.714285714285714","1000731.84974648","False","output\coursework_2_stage4_v2_archive\asset_bound_grid_search_run_summaries\garch_asset07_v1\grid_candidates\run_20260417_IS_171\run_summary.json"
"garch_asset07_v1","garch","series_7","grid_candidate","run_20260417_IS_172","0.08546036238296813","0.667931356827397","6.714285714285714","1000731.84974648","False","output\coursework_2_stage4_v2_archive\asset_bound_grid_search_run_summaries\garch_asset07_v1\grid_candidates\run_20260417_IS_172\run_summary.json"
"garch_asset07_v1","garch","series_7","grid_candidate","run_20260417_IS_173","-0.006791756193399608","0.4800480881394742","6.714285714285714","999936.4558431199","False","output\coursework_2_stage4_v2_archive\asset_bound_grid_search_run_summaries\garch_asset07_v1\grid_candidates\run_20260417_IS_173\run_summary.json"
"garch_asset07_v1","garch","series_7","grid_candidate","run_20260417_IS_174","-0.006791756193399608","0.4800480881394742","6.714285714285714","999936.4558431199","False","output\coursework_2_stage4_v2_archive\asset_bound_grid_search_run_summaries\garch_asset07_v1\grid_candidates\run_20260417_IS_174\run_summary.json"
"garch_asset07_v1","garch","series_7","grid_candidate","run_20260417_IS_175","-0.006791756193399608","0.4800480881394742","6.714285714285714","999936.4558431199","False","output\coursework_2_stage4_v2_archive\asset_bound_grid_search_run_summaries\garch_asset07_v1\grid_candidates\run_20260417_IS_175\run_summary.json"
"garch_asset07_v1","garch","series_7","grid_candidate","run_20260417_IS_176","-0.006791756193399608","0.4800480881394742","6.714285714285714","999936.4558431199","False","output\coursework_2_stage4_v2_archive\asset_bound_grid_search_run_summaries\garch_asset07_v1\grid_candidates\run_20260417_IS_176\run_summary.json"
"garch_asset07_v1","garch","series_7","grid_candidate","run_20260417_IS_177","0.5155063146375708","1.6021321400621422","8.285714285714286","1003602.2555864601","False","output\coursework_2_stage4_v2_archive\asset_bound_grid_search_run_summaries\garch_asset07_v1\grid_candidates\run_20260417_IS_177\run_summary.json"
"garch_asset07_v1","garch","series_7","grid_candidate","run_20260417_IS_178","0.5155063146375708","1.6021321400621422","8.285714285714286","1003602.2555864601","False","output\coursework_2_stage4_v2_archive\asset_bound_grid_search_run_summaries\garch_asset07_v1\grid_candidates\run_20260417_IS_178\run_summary.json"
"garch_asset07_v1","garch","series_7","grid_candidate","run_20260417_IS_179","0.5155063146375708","1.6021321400621422","8.285714285714286","1003602.2555864601","False","output\coursework_2_stage4_v2_archive\asset_bound_grid_search_run_summaries\garch_asset07_v1\grid_candidates\run_20260417_IS_179\run_summary.json"
"garch_asset07_v1","garch","series_7","grid_candidate","run_20260417_IS_180","0.5155063146375708","1.6021321400621422","8.285714285714286","1003602.2555864601","False","output\coursework_2_stage4_v2_archive\asset_bound_grid_search_run_summaries\garch_asset07_v1\grid_candidates\run_20260417_IS_180\run_summary.json"
"garch_asset07_v1","garch","series_7","grid_candidate","run_20260417_IS_181","0.3905252858534902","1.2668770514636005","8.285714285714286","1003039.5475141199","False","output\coursework_2_stage4_v2_archive\asset_bound_grid_search_run_summaries\garch_asset07_v1\grid_candidates\run_20260417_IS_181\run_summary.json"
"garch_asset07_v1","garch","series_7","grid_candidate","run_20260417_IS_182","0.3905252858534902","1.2668770514636005","8.285714285714286","1003039.5475141199","False","output\coursework_2_stage4_v2_archive\asset_bound_grid_search_run_summaries\garch_asset07_v1\grid_candidates\run_20260417_IS_182\run_summary.json"
"garch_asset07_v1","garch","series_7","grid_candidate","run_20260417_IS_183","0.3905252858534902","1.2668770514636005","8.285714285714286","1003039.5475141199","False","output\coursework_2_stage4_v2_archive\asset_bound_grid_search_run_summaries\garch_asset07_v1\grid_candidates\run_20260417_IS_183\run_summary.json"
"garch_asset07_v1","garch","series_7","grid_candidate","run_20260417_IS_184","0.3905252858534902","1.2668770514636005","8.285714285714286","1003039.5475141199","False","output\coursework_2_stage4_v2_archive\asset_bound_grid_search_run_summaries\garch_asset07_v1\grid_candidates\run_20260417_IS_184\run_summary.json"
"garch_asset07_v1","garch","series_7","grid_candidate","run_20260417_IS_185","0.28862708500578343","1.0174972822390382","8.285714285714286","1002476.04552104","False","output\coursework_2_stage4_v2_archive\asset_bound_grid_search_run_summaries\garch_asset07_v1\grid_candidates\run_20260417_IS_185\run_summary.json"
"garch_asset07_v1","garch","series_7","grid_candidate","run_20260417_IS_186","0.28862708500578343","1.0174972822390382","8.285714285714286","1002476.04552104","False","output\coursework_2_stage4_v2_archive\asset_bound_grid_search_run_summaries\garch_asset07_v1\grid_candidates\run_20260417_IS_186\run_summary.json"
"garch_asset07_v1","garch","series_7","grid_candidate","run_20260417_IS_187","0.28862708500578343","1.0174972822390382","8.285714285714286","1002476.04552104","False","output\coursework_2_stage4_v2_archive\asset_bound_grid_search_run_summaries\garch_asset07_v1\grid_candidates\run_20260417_IS_187\run_summary.json"
"garch_asset07_v1","garch","series_7","grid_candidate","run_20260417_IS_188","0.28862708500578343","1.0174972822390382","8.285714285714286","1002476.04552104","False","output\coursework_2_stage4_v2_archive\asset_bound_grid_search_run_summaries\garch_asset07_v1\grid_candidates\run_20260417_IS_188\run_summary.json"
"garch_asset07_v1","garch","series_7","grid_candidate","run_20260417_IS_189","0.20396420564051798","0.8247196118975305","8.285714285714286","1001912.11068662","False","output\coursework_2_stage4_v2_archive\asset_bound_grid_search_run_summaries\garch_asset07_v1\grid_candidates\run_20260417_IS_189\run_summary.json"
"garch_asset07_v1","garch","series_7","grid_candidate","run_20260417_IS_190","0.20396420564051798","0.8247196118975305","8.285714285714286","1001912.11068662","False","output\coursework_2_stage4_v2_archive\asset_bound_grid_search_run_summaries\garch_asset07_v1\grid_candidates\run_20260417_IS_190\run_summary.json"
"garch_asset07_v1","garch","series_7","grid_candidate","run_20260417_IS_191","0.20396420564051798","0.8247196118975305","8.285714285714286","1001912.11068662","False","output\coursework_2_stage4_v2_archive\asset_bound_grid_search_run_summaries\garch_asset07_v1\grid_candidates\run_20260417_IS_191\run_summary.json"
"garch_asset07_v1","garch","series_7","grid_candidate","run_20260417_IS_192","0.20396420564051798","0.8247196118975305","8.285714285714286","1001912.11068662","False","output\coursework_2_stage4_v2_archive\asset_bound_grid_search_run_summaries\garch_asset07_v1\grid_candidates\run_20260417_IS_192\run_summary.json"
"garch_asset07_v1","garch","series_7","grid_candidate","run_20260417_IS_193","0.19138752689763175","0.9631004253110108","3.5714285714285716","1000906.6149944603","False","output\coursework_2_stage4_v2_archive\asset_bound_grid_search_run_summaries\garch_asset07_v1\grid_candidates\run_20260417_IS_193\run_summary.json"
"garch_asset07_v1","garch","series_7","grid_candidate","run_20260417_IS_194","0.19138752689763175","0.9631004253110108","3.5714285714285716","1000906.6149944603","False","output\coursework_2_stage4_v2_archive\asset_bound_grid_search_run_summaries\garch_asset07_v1\grid_candidates\run_20260417_IS_194\run_summary.json"
"garch_asset07_v1","garch","series_7","grid_candidate","run_20260417_IS_195","0.19138752689763175","0.9631004253110108","3.5714285714285716","1000906.6149944603","False","output\coursework_2_stage4_v2_archive\asset_bound_grid_search_run_summaries\garch_asset07_v1\grid_candidates\run_20260417_IS_195\run_summary.json"
"garch_asset07_v1","garch","series_7","grid_candidate","run_20260417_IS_196","0.19138752689763175","0.9631004253110108","3.5714285714285716","1000906.6149944603","False","output\coursework_2_stage4_v2_archive\asset_bound_grid_search_run_summaries\garch_asset07_v1\grid_candidates\run_20260417_IS_196\run_summary.json"
"garch_asset07_v1","garch","series_7","grid_candidate","run_20260417_IS_197","0.09188823805703893","0.708323578415413","3.5714285714285716","1000494.6220558201","False","output\coursework_2_stage4_v2_archive\asset_bound_grid_search_run_summaries\garch_asset07_v1\grid_candidates\run_20260417_IS_197\run_summary.json"
"garch_asset07_v1","garch","series_7","grid_candidate","run_20260417_IS_198","0.09188823805703893","0.708323578415413","3.5714285714285716","1000494.6220558201","False","output\coursework_2_stage4_v2_archive\asset_bound_grid_search_run_summaries\garch_asset07_v1\grid_candidates\run_20260417_IS_198\run_summary.json"
"garch_asset07_v1","garch","series_7","grid_candidate","run_20260417_IS_199","0.09188823805703893","0.708323578415413","3.5714285714285716","1000494.6220558201","False","output\coursework_2_stage4_v2_archive\asset_bound_grid_search_run_summaries\garch_asset07_v1\grid_candidates\run_20260417_IS_199\run_summary.json"
"garch_asset07_v1","garch","series_7","grid_candidate","run_20260417_IS_200","0.09188823805703893","0.708323578415413","3.5714285714285716","1000494.6220558201","False","output\coursework_2_stage4_v2_archive\asset_bound_grid_search_run_summaries\garch_asset07_v1\grid_candidates\run_20260417_IS_200\run_summary.json"
"garch_asset07_v1","garch","series_7","grid_candidate","run_20260417_IS_201","0.013651144200396639","0.5248451459385521","3.5714285714285716","1000082.3024540601","False","output\coursework_2_stage4_v2_archive\asset_bound_grid_search_run_summaries\garch_asset07_v1\grid_candidates\run_20260417_IS_201\run_summary.json"
"garch_asset07_v1","garch","series_7","grid_candidate","run_20260417_IS_202","0.013651144200396639","0.5248451459385521","3.5714285714285716","1000082.3024540601","False","output\coursework_2_stage4_v2_archive\asset_bound_grid_search_run_summaries\garch_asset07_v1\grid_candidates\run_20260417_IS_202\run_summary.json"
"garch_asset07_v1","garch","series_7","grid_candidate","run_20260417_IS_203","0.013651144200396639","0.5248451459385521","3.5714285714285716","1000082.3024540601","False","output\coursework_2_stage4_v2_archive\asset_bound_grid_search_run_summaries\garch_asset07_v1\grid_candidates\run_20260417_IS_203\run_summary.json"
"garch_asset07_v1","garch","series_7","grid_candidate","run_20260417_IS_204","0.013651144200396639","0.5248451459385521","3.5714285714285716","1000082.3024540601","False","output\coursework_2_stage4_v2_archive\asset_bound_grid_search_run_summaries\garch_asset07_v1\grid_candidates\run_20260417_IS_204\run_summary.json"
"garch_asset07_v1","garch","series_7","grid_candidate","run_20260417_IS_205","-0.04939862729010987","0.38651249567609075","3.5714285714285716","999670.25009324","False","output\coursework_2_stage4_v2_archive\asset_bound_grid_search_run_summaries\garch_asset07_v1\grid_candidates\run_20260417_IS_205\run_summary.json"
"garch_asset07_v1","garch","series_7","grid_candidate","run_20260417_IS_206","-0.04939862729010987","0.38651249567609075","3.5714285714285716","999670.25009324","False","output\coursework_2_stage4_v2_archive\asset_bound_grid_search_run_summaries\garch_asset07_v1\grid_candidates\run_20260417_IS_206\run_summary.json"
"garch_asset07_v1","garch","series_7","grid_candidate","run_20260417_IS_207","-0.04939862729010987","0.38651249567609075","3.5714285714285716","999670.25009324","False","output\coursework_2_stage4_v2_archive\asset_bound_grid_search_run_summaries\garch_asset07_v1\grid_candidates\run_20260417_IS_207\run_summary.json"
"garch_asset07_v1","garch","series_7","grid_candidate","run_20260417_IS_208","-0.04939862729010987","0.38651249567609075","3.5714285714285716","999670.25009324","False","output\coursework_2_stage4_v2_archive\asset_bound_grid_search_run_summaries\garch_asset07_v1\grid_candidates\run_20260417_IS_208\run_summary.json"
"garch_asset07_v1","garch","series_7","grid_candidate","run_20260417_IS_209","0.19138752689763175","0.9631004253110108","3.5714285714285716","1000906.6149944603","False","output\coursework_2_stage4_v2_archive\asset_bound_grid_search_run_summaries\garch_asset07_v1\grid_candidates\run_20260417_IS_209\run_summary.json"
"garch_asset07_v1","garch","series_7","grid_candidate","run_20260417_IS_210","0.19138752689763175","0.9631004253110108","3.5714285714285716","1000906.6149944603","False","output\coursework_2_stage4_v2_archive\asset_bound_grid_search_run_summaries\garch_asset07_v1\grid_candidates\run_20260417_IS_210\run_summary.json"
"garch_asset07_v1","garch","series_7","grid_candidate","run_20260417_IS_211","0.19138752689763175","0.9631004253110108","3.5714285714285716","1000906.6149944603","False","output\coursework_2_stage4_v2_archive\asset_bound_grid_search_run_summaries\garch_asset07_v1\grid_candidates\run_20260417_IS_211\run_summary.json"
"garch_asset07_v1","garch","series_7","grid_candidate","run_20260417_IS_212","0.19138752689763175","0.9631004253110108","3.5714285714285716","1000906.6149944603","False","output\coursework_2_stage4_v2_archive\asset_bound_grid_search_run_summaries\garch_asset07_v1\grid_candidates\run_20260417_IS_212\run_summary.json"
"garch_asset07_v1","garch","series_7","grid_candidate","run_20260417_IS_213","0.09188823805703893","0.708323578415413","3.5714285714285716","1000494.6220558201","False","output\coursework_2_stage4_v2_archive\asset_bound_grid_search_run_summaries\garch_asset07_v1\grid_candidates\run_20260417_IS_213\run_summary.json"
"garch_asset07_v1","garch","series_7","grid_candidate","run_20260417_IS_214","0.09188823805703893","0.708323578415413","3.5714285714285716","1000494.6220558201","False","output\coursework_2_stage4_v2_archive\asset_bound_grid_search_run_summaries\garch_asset07_v1\grid_candidates\run_20260417_IS_214\run_summary.json"
"garch_asset07_v1","garch","series_7","grid_candidate","run_20260417_IS_215","0.09188823805703893","0.708323578415413","3.5714285714285716","1000494.6220558201","False","output\coursework_2_stage4_v2_archive\asset_bound_grid_search_run_summaries\garch_asset07_v1\grid_candidates\run_20260417_IS_215\run_summary.json"
"garch_asset07_v1","garch","series_7","grid_candidate","run_20260417_IS_216","0.09188823805703893","0.708323578415413","3.5714285714285716","1000494.6220558201","False","output\coursework_2_stage4_v2_archive\asset_bound_grid_search_run_summaries\garch_asset07_v1\grid_candidates\run_20260417_IS_216\run_summary.json"
"garch_asset07_v1","garch","series_7","grid_candidate","run_20260417_IS_217","0.013651144200396639","0.5248451459385521","3.5714285714285716","1000082.3024540601","False","output\coursework_2_stage4_v2_archive\asset_bound_grid_search_run_summaries\garch_asset07_v1\grid_candidates\run_20260417_IS_217\run_summary.json"
"garch_asset07_v1","garch","series_7","grid_candidate","run_20260417_IS_218","0.013651144200396639","0.5248451459385521","3.5714285714285716","1000082.3024540601","False","output\coursework_2_stage4_v2_archive\asset_bound_grid_search_run_summaries\garch_asset07_v1\grid_candidates\run_20260417_IS_218\run_summary.json"
"garch_asset07_v1","garch","series_7","grid_candidate","run_20260417_IS_219","0.013651144200396639","0.5248451459385521","3.5714285714285716","1000082.3024540601","False","output\coursework_2_stage4_v2_archive\asset_bound_grid_search_run_summaries\garch_asset07_v1\grid_candidates\run_20260417_IS_219\run_summary.json"
"garch_asset07_v1","garch","series_7","grid_candidate","run_20260417_IS_220","0.013651144200396639","0.5248451459385521","3.5714285714285716","1000082.3024540601","False","output\coursework_2_stage4_v2_archive\asset_bound_grid_search_run_summaries\garch_asset07_v1\grid_candidates\run_20260417_IS_220\run_summary.json"
"garch_asset07_v1","garch","series_7","grid_candidate","run_20260417_IS_221","-0.04939862729010987","0.38651249567609075","3.5714285714285716","999670.25009324","False","output\coursework_2_stage4_v2_archive\asset_bound_grid_search_run_summaries\garch_asset07_v1\grid_candidates\run_20260417_IS_221\run_summary.json"
"garch_asset07_v1","garch","series_7","grid_candidate","run_20260417_IS_222","-0.04939862729010987","0.38651249567609075","3.5714285714285716","999670.25009324","False","output\coursework_2_stage4_v2_archive\asset_bound_grid_search_run_summaries\garch_asset07_v1\grid_candidates\run_20260417_IS_222\run_summary.json"
"garch_asset07_v1","garch","series_7","grid_candidate","run_20260417_IS_223","-0.04939862729010987","0.38651249567609075","3.5714285714285716","999670.25009324","False","output\coursework_2_stage4_v2_archive\asset_bound_grid_search_run_summaries\garch_asset07_v1\grid_candidates\run_20260417_IS_223\run_summary.json"
"garch_asset07_v1","garch","series_7","grid_candidate","run_20260417_IS_224","-0.04939862729010987","0.38651249567609075","3.5714285714285716","999670.25009324","False","output\coursework_2_stage4_v2_archive\asset_bound_grid_search_run_summaries\garch_asset07_v1\grid_candidates\run_20260417_IS_224\run_summary.json"
"garch_asset07_v1","garch","series_7","grid_candidate","run_20260417_IS_225","-0.05007868221928495","0.4336196416364663","4.857142857142857","999702.4721841003","False","output\coursework_2_stage4_v2_archive\asset_bound_grid_search_run_summaries\garch_asset07_v1\grid_candidates\run_20260417_IS_225\run_summary.json"
"garch_asset07_v1","garch","series_7","grid_candidate","run_20260417_IS_226","-0.05007868221928495","0.4336196416364663","4.857142857142857","999702.4721841003","False","output\coursework_2_stage4_v2_archive\asset_bound_grid_search_run_summaries\garch_asset07_v1\grid_candidates\run_20260417_IS_226\run_summary.json"
"garch_asset07_v1","garch","series_7","grid_candidate","run_20260417_IS_227","-0.05007868221928495","0.4336196416364663","4.857142857142857","999702.4721841003","False","output\coursework_2_stage4_v2_archive\asset_bound_grid_search_run_summaries\garch_asset07_v1\grid_candidates\run_20260417_IS_227\run_summary.json"
"garch_asset07_v1","garch","series_7","grid_candidate","run_20260417_IS_228","-0.05007868221928495","0.4336196416364663","4.857142857142857","999702.4721841003","False","output\coursework_2_stage4_v2_archive\asset_bound_grid_search_run_summaries\garch_asset07_v1\grid_candidates\run_20260417_IS_228\run_summary.json"
"garch_asset07_v1","garch","series_7","grid_candidate","run_20260417_IS_229","-0.1391533412096243","0.24611038018133705","4.857142857142857","999049.92129856","False","output\coursework_2_stage4_v2_archive\asset_bound_grid_search_run_summaries\garch_asset07_v1\grid_candidates\run_20260417_IS_229\run_summary.json"
"garch_asset07_v1","garch","series_7","grid_candidate","run_20260417_IS_230","-0.1391533412096243","0.24611038018133705","4.857142857142857","999049.92129856","False","output\coursework_2_stage4_v2_archive\asset_bound_grid_search_run_summaries\garch_asset07_v1\grid_candidates\run_20260417_IS_230\run_summary.json"
"garch_asset07_v1","garch","series_7","grid_candidate","run_20260417_IS_231","-0.1391533412096243","0.24611038018133705","4.857142857142857","999049.92129856","False","output\coursework_2_stage4_v2_archive\asset_bound_grid_search_run_summaries\garch_asset07_v1\grid_candidates\run_20260417_IS_231\run_summary.json"
"garch_asset07_v1","garch","series_7","grid_candidate","run_20260417_IS_232","-0.1391533412096243","0.24611038018133705","4.857142857142857","999049.92129856","False","output\coursework_2_stage4_v2_archive\asset_bound_grid_search_run_summaries\garch_asset07_v1\grid_candidates\run_20260417_IS_232\run_summary.json"
"garch_asset07_v1","garch","series_7","grid_candidate","run_20260417_IS_233","-0.207744908747002","0.11146260729156211","4.857142857142857","998397.50163098","False","output\coursework_2_stage4_v2_archive\asset_bound_grid_search_run_summaries\garch_asset07_v1\grid_candidates\run_20260417_IS_233\run_summary.json"
"garch_asset07_v1","garch","series_7","grid_candidate","run_20260417_IS_234","-0.207744908747002","0.11146260729156211","4.857142857142857","998397.50163098","False","output\coursework_2_stage4_v2_archive\asset_bound_grid_search_run_summaries\garch_asset07_v1\grid_candidates\run_20260417_IS_234\run_summary.json"
"garch_asset07_v1","garch","series_7","grid_candidate","run_20260417_IS_235","-0.207744908747002","0.11146260729156211","4.857142857142857","998397.50163098","False","output\coursework_2_stage4_v2_archive\asset_bound_grid_search_run_summaries\garch_asset07_v1\grid_candidates\run_20260417_IS_235\run_summary.json"
"garch_asset07_v1","garch","series_7","grid_candidate","run_20260417_IS_236","-0.207744908747002","0.11146260729156211","4.857142857142857","998397.50163098","False","output\coursework_2_stage4_v2_archive\asset_bound_grid_search_run_summaries\garch_asset07_v1\grid_candidates\run_20260417_IS_236\run_summary.json"
"garch_asset07_v1","garch","series_7","grid_candidate","run_20260417_IS_237","-0.2621355537907107","0.010133409305876228","4.857142857142857","997745.6695244","False","output\coursework_2_stage4_v2_archive\asset_bound_grid_search_run_summaries\garch_asset07_v1\grid_candidates\run_20260417_IS_237\run_summary.json"
"garch_asset07_v1","garch","series_7","grid_candidate","run_20260417_IS_238","-0.2621355537907107","0.010133409305876228","4.857142857142857","997745.6695244","False","output\coursework_2_stage4_v2_archive\asset_bound_grid_search_run_summaries\garch_asset07_v1\grid_candidates\run_20260417_IS_238\run_summary.json"
"garch_asset07_v1","garch","series_7","grid_candidate","run_20260417_IS_239","-0.2621355537907107","0.010133409305876228","4.857142857142857","997745.6695244","False","output\coursework_2_stage4_v2_archive\asset_bound_grid_search_run_summaries\garch_asset07_v1\grid_candidates\run_20260417_IS_239\run_summary.json"
"garch_asset07_v1","garch","series_7","grid_candidate","run_20260417_IS_240","-0.2621355537907107","0.010133409305876228","4.857142857142857","997745.6695244","False","output\coursework_2_stage4_v2_archive\asset_bound_grid_search_run_summaries\garch_asset07_v1\grid_candidates\run_20260417_IS_240\run_summary.json"
"garch_asset07_v1","garch","series_7","grid_candidate","run_20260417_IS_241","0.14390552986501137","0.8220979578248468","6.428571428571429","1000978.1763104001","False","output\coursework_2_stage4_v2_archive\asset_bound_grid_search_run_summaries\garch_asset07_v1\grid_candidates\run_20260417_IS_241\run_summary.json"
"garch_asset07_v1","garch","series_7","grid_candidate","run_20260417_IS_242","0.14390552986501137","0.8220979578248468","6.428571428571429","1000978.1763104001","False","output\coursework_2_stage4_v2_archive\asset_bound_grid_search_run_summaries\garch_asset07_v1\grid_candidates\run_20260417_IS_242\run_summary.json"
"garch_asset07_v1","garch","series_7","grid_candidate","run_20260417_IS_243","0.14390552986501137","0.8220979578248468","6.428571428571429","1000978.1763104001","False","output\coursework_2_stage4_v2_archive\asset_bound_grid_search_run_summaries\garch_asset07_v1\grid_candidates\run_20260417_IS_243\run_summary.json"
"garch_asset07_v1","garch","series_7","grid_candidate","run_20260417_IS_244","0.14390552986501137","0.8220979578248468","6.428571428571429","1000978.1763104001","False","output\coursework_2_stage4_v2_archive\asset_bound_grid_search_run_summaries\garch_asset07_v1\grid_candidates\run_20260417_IS_244\run_summary.json"
"garch_asset07_v1","garch","series_7","grid_candidate","run_20260417_IS_245","0.07635175491002696","0.6701744853515085","6.428571428571429","1000557.9906477398","False","output\coursework_2_stage4_v2_archive\asset_bound_grid_search_run_summaries\garch_asset07_v1\grid_candidates\run_20260417_IS_245\run_summary.json"
"garch_asset07_v1","garch","series_7","grid_candidate","run_20260417_IS_246","0.07635175491002696","0.6701744853515085","6.428571428571429","1000557.9906477398","False","output\coursework_2_stage4_v2_archive\asset_bound_grid_search_run_summaries\garch_asset07_v1\grid_candidates\run_20260417_IS_246\run_summary.json"
"garch_asset07_v1","garch","series_7","grid_candidate","run_20260417_IS_247","0.07635175491002696","0.6701744853515085","6.428571428571429","1000557.9906477398","False","output\coursework_2_stage4_v2_archive\asset_bound_grid_search_run_summaries\garch_asset07_v1\grid_candidates\run_20260417_IS_247\run_summary.json"
"garch_asset07_v1","garch","series_7","grid_candidate","run_20260417_IS_248","0.07635175491002696","0.6701744853515085","6.428571428571429","1000557.9906477398","False","output\coursework_2_stage4_v2_archive\asset_bound_grid_search_run_summaries\garch_asset07_v1\grid_candidates\run_20260417_IS_248\run_summary.json"
"garch_asset07_v1","garch","series_7","grid_candidate","run_20260417_IS_249","0.017610938517612574","0.5081264335200403","6.428571428571429","1000137.7033233598","False","output\coursework_2_stage4_v2_archive\asset_bound_grid_search_run_summaries\garch_asset07_v1\grid_candidates\run_20260417_IS_249\run_summary.json"
"garch_asset07_v1","garch","series_7","grid_candidate","run_20260417_IS_250","0.017610938517612574","0.5081264335200403","6.428571428571429","1000137.7033233598","False","output\coursework_2_stage4_v2_archive\asset_bound_grid_search_run_summaries\garch_asset07_v1\grid_candidates\run_20260417_IS_250\run_summary.json"
"garch_asset07_v1","garch","series_7","grid_candidate","run_20260417_IS_251","0.017610938517612574","0.5081264335200403","6.428571428571429","1000137.7033233598","False","output\coursework_2_stage4_v2_archive\asset_bound_grid_search_run_summaries\garch_asset07_v1\grid_candidates\run_20260417_IS_251\run_summary.json"
"garch_asset07_v1","garch","series_7","grid_candidate","run_20260417_IS_252","0.017610938517612574","0.5081264335200403","6.428571428571429","1000137.7033233598","False","output\coursework_2_stage4_v2_archive\asset_bound_grid_search_run_summaries\garch_asset07_v1\grid_candidates\run_20260417_IS_252\run_summary.json"
"garch_asset07_v1","garch","series_7","grid_candidate","run_20260417_IS_253","-0.0340084160402015","0.38571487677546784","6.428571428571429","999716.6674335201","False","output\coursework_2_stage4_v2_archive\asset_bound_grid_search_run_summaries\garch_asset07_v1\grid_candidates\run_20260417_IS_253\run_summary.json"
"garch_asset07_v1","garch","series_7","grid_candidate","run_20260417_IS_254","-0.0340084160402015","0.38571487677546784","6.428571428571429","999716.6674335201","False","output\coursework_2_stage4_v2_archive\asset_bound_grid_search_run_summaries\garch_asset07_v1\grid_candidates\run_20260417_IS_254\run_summary.json"
"garch_asset07_v1","garch","series_7","grid_candidate","run_20260417_IS_255","-0.0340084160402015","0.38571487677546784","6.428571428571429","999716.6674335201","False","output\coursework_2_stage4_v2_archive\asset_bound_grid_search_run_summaries\garch_asset07_v1\grid_candidates\run_20260417_IS_255\run_summary.json"
"garch_asset07_v1","garch","series_7","grid_candidate","run_20260417_IS_256","-0.0340084160402015","0.38571487677546784","6.428571428571429","999716.6674335201","False","output\coursework_2_stage4_v2_archive\asset_bound_grid_search_run_summaries\garch_asset07_v1\grid_candidates\run_20260417_IS_256\run_summary.json"
"garch_asset07_v1","garch","series_7","robust_selection_validation","candidate_01\full\run_20260417_100-full","0.6118786972706464","2.0447625951168678","3.8","1003531.2453592601","False","output\coursework_2_stage4_v2_archive\asset_bound_grid_search_run_summaries\garch_asset07_v1\robust_selection_validation\candidate_01\full\run_20260417_100-full\run_summary.json"
"garch_asset07_v1","garch","series_7","robust_selection_validation","candidate_01\oos\run_20260417_30-oos","-0.5051212992931613","-0.36217135166665376","4.0","998811.12409464","False","output\coursework_2_stage4_v2_archive\asset_bound_grid_search_run_summaries\garch_asset07_v1\robust_selection_validation\candidate_01\oos\run_20260417_30-oos\run_summary.json"
"garch_asset07_v1","garch","series_7","robust_selection_validation","candidate_02\full\run_20260417_100-full","0.6118786972706464","2.0447625951168678","3.8","1003531.2453592601","False","output\coursework_2_stage4_v2_archive\asset_bound_grid_search_run_summaries\garch_asset07_v1\robust_selection_validation\candidate_02\full\run_20260417_100-full\run_summary.json"
"garch_asset07_v1","garch","series_7","robust_selection_validation","candidate_02\oos\run_20260417_30-oos","-0.5051212992931613","-0.36217135166665376","4.0","998811.12409464","False","output\coursework_2_stage4_v2_archive\asset_bound_grid_search_run_summaries\garch_asset07_v1\robust_selection_validation\candidate_02\oos\run_20260417_30-oos\run_summary.json"
"garch_asset07_v1","garch","series_7","robust_selection_validation","candidate_03\full\run_20260417_100-full","0.6118786972706464","2.0447625951168678","3.8","1003531.2453592601","False","output\coursework_2_stage4_v2_archive\asset_bound_grid_search_run_summaries\garch_asset07_v1\robust_selection_validation\candidate_03\full\run_20260417_100-full\run_summary.json"
"garch_asset07_v1","garch","series_7","robust_selection_validation","candidate_03\oos\run_20260417_30-oos","-0.5051212992931613","-0.36217135166665376","4.0","998811.12409464","False","output\coursework_2_stage4_v2_archive\asset_bound_grid_search_run_summaries\garch_asset07_v1\robust_selection_validation\candidate_03\oos\run_20260417_30-oos\run_summary.json"
"garch_asset07_v1","garch","series_7","robust_selection_validation","candidate_04\full\run_20260417_100-full","0.6118786972706464","2.0447625951168678","3.8","1003531.2453592601","False","output\coursework_2_stage4_v2_archive\asset_bound_grid_search_run_summaries\garch_asset07_v1\robust_selection_validation\candidate_04\full\run_20260417_100-full\run_summary.json"
"garch_asset07_v1","garch","series_7","robust_selection_validation","candidate_04\oos\run_20260417_30-oos","-0.5051212992931613","-0.36217135166665376","4.0","998811.12409464","False","output\coursework_2_stage4_v2_archive\asset_bound_grid_search_run_summaries\garch_asset07_v1\robust_selection_validation\candidate_04\oos\run_20260417_30-oos\run_summary.json"
"garch_asset07_v1","garch","series_7","robust_selection_validation","candidate_05\full\run_20260417_100-full","0.6118786972706464","2.0447625951168678","3.8","1003531.2453592601","False","output\coursework_2_stage4_v2_archive\asset_bound_grid_search_run_summaries\garch_asset07_v1\robust_selection_validation\candidate_05\full\run_20260417_100-full\run_summary.json"
"garch_asset07_v1","garch","series_7","robust_selection_validation","candidate_05\oos\run_20260417_30-oos","-0.7069892853328046","-0.6225173624784998","4.333333333333333","997189.59482528","False","output\coursework_2_stage4_v2_archive\asset_bound_grid_search_run_summaries\garch_asset07_v1\robust_selection_validation\candidate_05\oos\run_20260417_30-oos\run_summary.json"
"mr_asset10_v1","mr","series_10","grid_candidate","run_20260417_IS_001","0.12907160349415814","1.96875773629747","32.61802575107296","1008604.1304188159","False","output\coursework_2_stage4_v2_archive\asset_bound_grid_search_run_summaries\mr_asset10_v1\grid_candidates\run_20260417_IS_001\run_summary.json"
"mr_asset10_v1","mr","series_10","grid_candidate","run_20260417_IS_002","0.047073476958484066","1.6586570111915735","28.755364806866954","1003113.7671581289","False","output\coursework_2_stage4_v2_archive\asset_bound_grid_search_run_summaries\mr_asset10_v1\grid_candidates\run_20260417_IS_002\run_summary.json"
"mr_asset10_v1","mr","series_10","grid_candidate","run_20260417_IS_003","0.16713787724234114","2.558497791336956","25.46494992846924","1009745.533623878","False","output\coursework_2_stage4_v2_archive\asset_bound_grid_search_run_summaries\mr_asset10_v1\grid_candidates\run_20260417_IS_003\run_summary.json"
"mr_asset10_v1","mr","series_10","grid_candidate","run_20260417_IS_004","0.1574306930144144","2.385251795779821","23.605150214592275","1009354.081662729","False","output\coursework_2_stage4_v2_archive\asset_bound_grid_search_run_summaries\mr_asset10_v1\grid_candidates\run_20260417_IS_004\run_summary.json"
"mr_asset10_v1","mr","series_10","grid_candidate","run_20260417_IS_005","0.24684760065398442","2.4202247191011237","22.17453505007153","1012689.1170936734","False","output\coursework_2_stage4_v2_archive\asset_bound_grid_search_run_summaries\mr_asset10_v1\grid_candidates\run_20260417_IS_005\run_summary.json"
"mr_asset10_v1","mr","series_10","grid_candidate","run_20260417_IS_006","0.8861924012159118","3.1195061684343863","22.603719599427755","1030372.3455772661","False","output\coursework_2_stage4_v2_archive\asset_bound_grid_search_run_summaries\mr_asset10_v1\grid_candidates\run_20260417_IS_006\run_summary.json"
"mr_asset10_v1","mr","series_10","grid_candidate","run_20260417_IS_007","0.9759618887498184","3.3645861516368707","19.170243204577968","1033449.002400246","False","output\coursework_2_stage4_v2_archive\asset_bound_grid_search_run_summaries\mr_asset10_v1\grid_candidates\run_20260417_IS_007\run_summary.json"
"mr_asset10_v1","mr","series_10","grid_candidate","run_20260417_IS_008","1.1219524118318078","3.9693125767445734","16.738197424892704","1038452.5147435793","False","output\coursework_2_stage4_v2_archive\asset_bound_grid_search_run_summaries\mr_asset10_v1\grid_candidates\run_20260417_IS_008\run_summary.json"
"mr_asset10_v1","mr","series_10","grid_candidate","run_20260417_IS_009","1.1519436252399595","3.9357516299027266","15.736766809728183","1040540.974776247","False","output\coursework_2_stage4_v2_archive\asset_bound_grid_search_run_summaries\mr_asset10_v1\grid_candidates\run_20260417_IS_009\run_summary.json"
"mr_asset10_v1","mr","series_10","grid_candidate","run_20260417_IS_010","0.7819784047621477","3.747653157624099","13.590844062947067","1025242.7764535565","False","output\coursework_2_stage4_v2_archive\asset_bound_grid_search_run_summaries\mr_asset10_v1\grid_candidates\run_20260417_IS_010\run_summary.json"
"mr_asset10_v1","mr","series_10","grid_candidate","run_20260417_IS_011","1.3097074997349916","2.377734805192553","12.017167381974248","1040357.1117673181","False","output\coursework_2_stage4_v2_archive\asset_bound_grid_search_run_summaries\mr_asset10_v1\grid_candidates\run_20260417_IS_011\run_summary.json"
"mr_asset10_v1","mr","series_10","grid_candidate","run_20260417_IS_012","0.8620621066607366","2.4664571497642935","9.155937052932762","1021451.1186471216","False","output\coursework_2_stage4_v2_archive\asset_bound_grid_search_run_summaries\mr_asset10_v1\grid_candidates\run_20260417_IS_012\run_summary.json"
"mr_asset10_v1","mr","series_10","grid_candidate","run_20260417_IS_013","0.5969004468018617","3.0033965913211653","8.869814020028612","1017904.992270021","False","output\coursework_2_stage4_v2_archive\asset_bound_grid_search_run_summaries\mr_asset10_v1\grid_candidates\run_20260417_IS_013\run_summary.json"
"mr_asset10_v1","mr","series_10","grid_candidate","run_20260417_IS_014","0.664754622503548","2.9759148369926813","8.583690987124463","1020201.0049322536","False","output\coursework_2_stage4_v2_archive\asset_bound_grid_search_run_summaries\mr_asset10_v1\grid_candidates\run_20260417_IS_014\run_summary.json"
"mr_asset10_v1","mr","series_10","grid_candidate","run_20260417_IS_015","0.6020815812100601","2.86465856166455","8.297567954220314","1018296.4549322537","False","output\coursework_2_stage4_v2_archive\asset_bound_grid_search_run_summaries\mr_asset10_v1\grid_candidates\run_20260417_IS_015\run_summary.json"
"mr_asset10_v1","mr","series_10","grid_candidate","run_20260417_IS_016","1.8813197371760946","2.0619663003054165","6.428571428571429","1040107.2642576804","False","output\coursework_2_stage4_v2_archive\asset_bound_grid_search_run_summaries\mr_asset10_v1\grid_candidates\run_20260417_IS_016\run_summary.json"
"mr_asset10_v1","mr","series_10","grid_candidate","run_20260417_IS_017","1.5726703166849387","2.1599585916160495","5.0","1033527.2642576804","False","output\coursework_2_stage4_v2_archive\asset_bound_grid_search_run_summaries\mr_asset10_v1\grid_candidates\run_20260417_IS_017\run_summary.json"
"mr_asset10_v1","mr","series_10","grid_candidate","run_20260417_IS_018","0.8172766589965536","1.3565361637377302","4.285714285714286","1017423.2642576804","False","output\coursework_2_stage4_v2_archive\asset_bound_grid_search_run_summaries\mr_asset10_v1\grid_candidates\run_20260417_IS_018\run_summary.json"
"mr_asset10_v1","mr","series_10","grid_candidate","run_20260417_IS_019","0.7575425408307257","1.3302086973887863","4.142857142857143","1016458.0807828673","False","output\coursework_2_stage4_v2_archive\asset_bound_grid_search_run_summaries\mr_asset10_v1\grid_candidates\run_20260417_IS_019\run_summary.json"
"mr_asset10_v1","mr","series_10","grid_candidate","run_20260417_IS_020","0.7575425408307257","1.3302086973887863","4.142857142857143","1016458.0807828673","False","output\coursework_2_stage4_v2_archive\asset_bound_grid_search_run_summaries\mr_asset10_v1\grid_candidates\run_20260417_IS_020\run_summary.json"
"mr_asset10_v1","mr","series_10","grid_candidate","run_20260417_IS_021","-1.0","-1.0","0.7142857142857143","980328.8968836163","False","output\coursework_2_stage4_v2_archive\asset_bound_grid_search_run_summaries\mr_asset10_v1\grid_candidates\run_20260417_IS_021\run_summary.json"
"mr_asset10_v1","mr","series_10","grid_candidate","run_20260417_IS_022","-1.0","-1.0","0.7142857142857143","980328.8968836163","False","output\coursework_2_stage4_v2_archive\asset_bound_grid_search_run_summaries\mr_asset10_v1\grid_candidates\run_20260417_IS_022\run_summary.json"
"mr_asset10_v1","mr","series_10","grid_candidate","run_20260417_IS_023","-1.0","-1.0","0.7142857142857143","980328.8968836163","False","output\coursework_2_stage4_v2_archive\asset_bound_grid_search_run_summaries\mr_asset10_v1\grid_candidates\run_20260417_IS_023\run_summary.json"
"mr_asset10_v1","mr","series_10","grid_candidate","run_20260417_IS_024","-1.0","-1.0","0.7142857142857143","980328.8968836163","False","output\coursework_2_stage4_v2_archive\asset_bound_grid_search_run_summaries\mr_asset10_v1\grid_candidates\run_20260417_IS_024\run_summary.json"
"mr_asset10_v1","mr","series_10","grid_candidate","run_20260417_IS_025","-1.0","-1.0","0.7142857142857143","980328.8968836163","False","output\coursework_2_stage4_v2_archive\asset_bound_grid_search_run_summaries\mr_asset10_v1\grid_candidates\run_20260417_IS_025\run_summary.json"
"mr_asset10_v1","mr","series_10","grid_candidate","run_20260417_IS_026","-0.1643859080891458","1.2733307560611917","28.469241773962803","990168.9462455314","False","output\coursework_2_stage4_v2_archive\asset_bound_grid_search_run_summaries\mr_asset10_v1\grid_candidates\run_20260417_IS_026\run_summary.json"
"mr_asset10_v1","mr","series_10","grid_candidate","run_20260417_IS_027","-0.1902392417138252","1.789534969812413","25.608011444921317","990298.1848790061","False","output\coursework_2_stage4_v2_archive\asset_bound_grid_search_run_summaries\mr_asset10_v1\grid_candidates\run_20260417_IS_027\run_summary.json"
"mr_asset10_v1","mr","series_10","grid_candidate","run_20260417_IS_028","0.4923428771727996","2.756530917406984","23.319027181688124","1021482.4119604982","False","output\coursework_2_stage4_v2_archive\asset_bound_grid_search_run_summaries\mr_asset10_v1\grid_candidates\run_20260417_IS_028\run_summary.json"
"mr_asset10_v1","mr","series_10","grid_candidate","run_20260417_IS_029","0.15817159711697312","2.3554591363825232","21.030042918454935","1008600.4606525972","False","output\coursework_2_stage4_v2_archive\asset_bound_grid_search_run_summaries\mr_asset10_v1\grid_candidates\run_20260417_IS_029\run_summary.json"
"mr_asset10_v1","mr","series_10","grid_candidate","run_20260417_IS_030","0.49079549197974454","3.0456824317217683","19.313304721030043","1019563.4114487165","False","output\coursework_2_stage4_v2_archive\asset_bound_grid_search_run_summaries\mr_asset10_v1\grid_candidates\run_20260417_IS_030\run_summary.json"
"mr_asset10_v1","mr","series_10","grid_candidate","run_20260417_IS_031","-0.450365481862897","1.1600682129332363","16.88125894134478","979002.0770110706","False","output\coursework_2_stage4_v2_archive\asset_bound_grid_search_run_summaries\mr_asset10_v1\grid_candidates\run_20260417_IS_031\run_summary.json"
"mr_asset10_v1","mr","series_10","grid_candidate","run_20260417_IS_032","-0.8877871855118513","0.5944519849333001","15.164520743919885","958471.5985344388","False","output\coursework_2_stage4_v2_archive\asset_bound_grid_search_run_summaries\mr_asset10_v1\grid_candidates\run_20260417_IS_032\run_summary.json"
"mr_asset10_v1","mr","series_10","grid_candidate","run_20260417_IS_033","-0.5063752599653475","1.2697367703962068","14.163090128755364","979371.5877526045","False","output\coursework_2_stage4_v2_archive\asset_bound_grid_search_run_summaries\mr_asset10_v1\grid_candidates\run_20260417_IS_033\run_summary.json"
"mr_asset10_v1","mr","series_10","grid_candidate","run_20260417_IS_034","-0.6628335642425526","0.9989972205569786","13.447782546494993","972997.8830017454","False","output\coursework_2_stage4_v2_archive\asset_bound_grid_search_run_summaries\mr_asset10_v1\grid_candidates\run_20260417_IS_034\run_summary.json"
"mr_asset10_v1","mr","series_10","grid_candidate","run_20260417_IS_035","-0.6324788644031561","1.0564162471374665","12.73247496423462","978735.4429341024","False","output\coursework_2_stage4_v2_archive\asset_bound_grid_search_run_summaries\mr_asset10_v1\grid_candidates\run_20260417_IS_035\run_summary.json"
"mr_asset10_v1","mr","series_10","grid_candidate","run_20260417_IS_036","2.705048506903733","3.0861491663166976","11.428571428571429","1061398.6499999997","False","output\coursework_2_stage4_v2_archive\asset_bound_grid_search_run_summaries\mr_asset10_v1\grid_candidates\run_20260417_IS_036\run_summary.json"
"mr_asset10_v1","mr","series_10","grid_candidate","run_20260417_IS_037","1.8634933782128555","2.368296198767352","10.285714285714286","1042297.1999999998","False","output\coursework_2_stage4_v2_archive\asset_bound_grid_search_run_summaries\mr_asset10_v1\grid_candidates\run_20260417_IS_037\run_summary.json"
"mr_asset10_v1","mr","series_10","grid_candidate","run_20260417_IS_038","1.8722770577254744","2.351476726249887","9.857142857142858","1042527.6499999996","False","output\coursework_2_stage4_v2_archive\asset_bound_grid_search_run_summaries\mr_asset10_v1\grid_candidates\run_20260417_IS_038\run_summary.json"
"mr_asset10_v1","mr","series_10","grid_candidate","run_20260417_IS_039","1.5831323966136222","1.8051743867854122","9.142857142857142","1035717.0499999999","False","output\coursework_2_stage4_v2_archive\asset_bound_grid_search_run_summaries\mr_asset10_v1\grid_candidates\run_20260417_IS_039\run_summary.json"
"mr_asset10_v1","mr","series_10","grid_candidate","run_20260417_IS_040","1.927589707976589","2.059696155555985","8.714285714285714","1043855.7500000001","False","output\coursework_2_stage4_v2_archive\asset_bound_grid_search_run_summaries\mr_asset10_v1\grid_candidates\run_20260417_IS_040\run_summary.json"
"mr_asset10_v1","mr","series_10","grid_candidate","run_20260417_IS_041","3.4628072476440233","3.421632420091324","5.714285714285714","1071285.3499999999","False","output\coursework_2_stage4_v2_archive\asset_bound_grid_search_run_summaries\mr_asset10_v1\grid_candidates\run_20260417_IS_041\run_summary.json"
"mr_asset10_v1","mr","series_10","grid_candidate","run_20260417_IS_042","2.526228990576106","2.6932077625570776","4.571428571428571","1052004.9499999997","False","output\coursework_2_stage4_v2_archive\asset_bound_grid_search_run_summaries\mr_asset10_v1\grid_candidates\run_20260417_IS_042\run_summary.json"
"mr_asset10_v1","mr","series_10","grid_candidate","run_20260417_IS_043","2.5372146118721393","2.677716894977169","4.142857142857143","1052231.0999999999","False","output\coursework_2_stage4_v2_archive\asset_bound_grid_search_run_summaries\mr_asset10_v1\grid_candidates\run_20260417_IS_043\run_summary.json"
"mr_asset10_v1","mr","series_10","grid_candidate","run_20260417_IS_044","2.2713828565845158","2.4409414466130883","3.857142857142857","1046491.8000000002","False","output\coursework_2_stage4_v2_archive\asset_bound_grid_search_run_summaries\mr_asset10_v1\grid_candidates\run_20260417_IS_044\run_summary.json"
"mr_asset10_v1","mr","series_10","grid_candidate","run_20260417_IS_045","2.139294371128472","2.3100805523590333","3.7142857142857144","1043687.6000000001","False","output\coursework_2_stage4_v2_archive\asset_bound_grid_search_run_summaries\mr_asset10_v1\grid_candidates\run_20260417_IS_045\run_summary.json"
"mr_asset10_v1","mr","series_10","grid_candidate","run_20260417_IS_046","1.0702631844307802","1.073696682464455","2.2857142857142856","1021227.6000000001","False","output\coursework_2_stage4_v2_archive\asset_bound_grid_search_run_summaries\mr_asset10_v1\grid_candidates\run_20260417_IS_046\run_summary.json"
"mr_asset10_v1","mr","series_10","grid_candidate","run_20260417_IS_047","0.5023847937884465","0.5333412322274882","1.4285714285714286","1009964.3","False","output\coursework_2_stage4_v2_archive\asset_bound_grid_search_run_summaries\mr_asset10_v1\grid_candidates\run_20260417_IS_047\run_summary.json"
"mr_asset10_v1","mr","series_10","grid_candidate","run_20260417_IS_048","0.5023847937884465","0.5333412322274882","1.4285714285714286","1009964.3","False","output\coursework_2_stage4_v2_archive\asset_bound_grid_search_run_summaries\mr_asset10_v1\grid_candidates\run_20260417_IS_048\run_summary.json"
"mr_asset10_v1","mr","series_10","grid_candidate","run_20260417_IS_049","0.5023847937884465","0.5333412322274882","1.4285714285714286","1009964.3","False","output\coursework_2_stage4_v2_archive\asset_bound_grid_search_run_summaries\mr_asset10_v1\grid_candidates\run_20260417_IS_049\run_summary.json"
"mr_asset10_v1","mr","series_10","grid_candidate","run_20260417_IS_050","0.5023847937884465","0.5333412322274882","1.4285714285714286","1009964.3","False","output\coursework_2_stage4_v2_archive\asset_bound_grid_search_run_summaries\mr_asset10_v1\grid_candidates\run_20260417_IS_050\run_summary.json"
"mr_asset10_v1","mr","series_10","grid_candidate","run_20260417_IS_051","-0.09317576280826025","1.673692731099239","28.04005722460658","994743.0427503907","False","output\coursework_2_stage4_v2_archive\asset_bound_grid_search_run_summaries\mr_asset10_v1\grid_candidates\run_20260417_IS_051\run_summary.json"
"mr_asset10_v1","mr","series_10","grid_candidate","run_20260417_IS_052","0.07633447353013872","1.962446530418251","25.751072961373392","1004492.6200413428","False","output\coursework_2_stage4_v2_archive\asset_bound_grid_search_run_summaries\mr_asset10_v1\grid_candidates\run_20260417_IS_052\run_summary.json"
"mr_asset10_v1","mr","series_10","grid_candidate","run_20260417_IS_053","-0.1673691469368245","1.6061257645259939","23.4620886981402","990185.6947229193","False","output\coursework_2_stage4_v2_archive\asset_bound_grid_search_run_summaries\mr_asset10_v1\grid_candidates\run_20260417_IS_053\run_summary.json"
"mr_asset10_v1","mr","series_10","grid_candidate","run_20260417_IS_054","1.0573864276437266","3.3573826013000425","22.17453505007153","1041343.9185507165","False","output\coursework_2_stage4_v2_archive\asset_bound_grid_search_run_summaries\mr_asset10_v1\grid_candidates\run_20260417_IS_054\run_summary.json"
"mr_asset10_v1","mr","series_10","grid_candidate","run_20260417_IS_055","0.0047289770927792536","2.887745058491327","19.45636623748212","1000274.7921037062","False","output\coursework_2_stage4_v2_archive\asset_bound_grid_search_run_summaries\mr_asset10_v1\grid_candidates\run_20260417_IS_055\run_summary.json"
"mr_asset10_v1","mr","series_10","grid_candidate","run_20260417_IS_056","0.22853422456349154","1.599863219805772","19.45636623748212","1012497.1042911278","False","output\coursework_2_stage4_v2_archive\asset_bound_grid_search_run_summaries\mr_asset10_v1\grid_candidates\run_20260417_IS_056\run_summary.json"
"mr_asset10_v1","mr","series_10","grid_candidate","run_20260417_IS_057","0.38229600672379593","1.8950151057401812","18.454935622317596","1021204.989561518","False","output\coursework_2_stage4_v2_archive\asset_bound_grid_search_run_summaries\mr_asset10_v1\grid_candidates\run_20260417_IS_057\run_summary.json"
"mr_asset10_v1","mr","series_10","grid_candidate","run_20260417_IS_058","0.10334585564466126","1.476865504687913","16.165951359084406","1006557.300747488","False","output\coursework_2_stage4_v2_archive\asset_bound_grid_search_run_summaries\mr_asset10_v1\grid_candidates\run_20260417_IS_058\run_summary.json"
"mr_asset10_v1","mr","series_10","grid_candidate","run_20260417_IS_059","0.8297098409353008","2.4232999331997327","15.021459227467812","1030362.0205037381","False","output\coursework_2_stage4_v2_archive\asset_bound_grid_search_run_summaries\mr_asset10_v1\grid_candidates\run_20260417_IS_059\run_summary.json"
"mr_asset10_v1","mr","series_10","grid_candidate","run_20260417_IS_060","0.37544265694679846","1.8478884714615489","13.876967095851215","1013512.5800023996","False","output\coursework_2_stage4_v2_archive\asset_bound_grid_search_run_summaries\mr_asset10_v1\grid_candidates\run_20260417_IS_060\run_summary.json"
"mr_asset10_v1","mr","series_10","grid_candidate","run_20260417_IS_061","-0.5416786831620813","0.0995213319458897","10.142857142857142","972620.2367586776","False","output\coursework_2_stage4_v2_archive\asset_bound_grid_search_run_summaries\mr_asset10_v1\grid_candidates\run_20260417_IS_061\run_summary.json"
"mr_asset10_v1","mr","series_10","grid_candidate","run_20260417_IS_062","-0.5416786831620813","0.0995213319458897","10.142857142857142","972620.2367586776","False","output\coursework_2_stage4_v2_archive\asset_bound_grid_search_run_summaries\mr_asset10_v1\grid_candidates\run_20260417_IS_062\run_summary.json"
"mr_asset10_v1","mr","series_10","grid_candidate","run_20260417_IS_063","-0.6205394047598045","-0.16160348378417735","8.857142857142858","964016.587809991","False","output\coursework_2_stage4_v2_archive\asset_bound_grid_search_run_summaries\mr_asset10_v1\grid_candidates\run_20260417_IS_063\run_summary.json"
"mr_asset10_v1","mr","series_10","grid_candidate","run_20260417_IS_064","-0.692840588302309","-0.1413080482669054","8.571428571428571","963975.761756832","False","output\coursework_2_stage4_v2_archive\asset_bound_grid_search_run_summaries\mr_asset10_v1\grid_candidates\run_20260417_IS_064\run_summary.json"
"mr_asset10_v1","mr","series_10","grid_candidate","run_20260417_IS_065","-0.692840588302309","-0.1413080482669054","8.571428571428571","963975.761756832","False","output\coursework_2_stage4_v2_archive\asset_bound_grid_search_run_summaries\mr_asset10_v1\grid_candidates\run_20260417_IS_065\run_summary.json"
"mr_asset10_v1","mr","series_10","grid_candidate","run_20260417_IS_066","0.6198307776933143","0.8099213077692274","5.714285714285714","1015043.2000000001","False","output\coursework_2_stage4_v2_archive\asset_bound_grid_search_run_summaries\mr_asset10_v1\grid_candidates\run_20260417_IS_066\run_summary.json"
"mr_asset10_v1","mr","series_10","grid_candidate","run_20260417_IS_067","0.6198307776933143","0.8099213077692274","5.714285714285714","1015043.2000000001","False","output\coursework_2_stage4_v2_archive\asset_bound_grid_search_run_summaries\mr_asset10_v1\grid_candidates\run_20260417_IS_067\run_summary.json"
"mr_asset10_v1","mr","series_10","grid_candidate","run_20260417_IS_068","0.6292665543338105","0.7932207442183968","5.285714285714286","1015274.25","False","output\coursework_2_stage4_v2_archive\asset_bound_grid_search_run_summaries\mr_asset10_v1\grid_candidates\run_20260417_IS_068\run_summary.json"
"mr_asset10_v1","mr","series_10","grid_candidate","run_20260417_IS_069","0.3845709063100458","0.46980707997752386","5.0","1009278.1000000002","False","output\coursework_2_stage4_v2_archive\asset_bound_grid_search_run_summaries\mr_asset10_v1\grid_candidates\run_20260417_IS_069\run_summary.json"
"mr_asset10_v1","mr","series_10","grid_candidate","run_20260417_IS_070","0.3845709063100458","0.46980707997752386","5.0","1009278.1000000002","False","output\coursework_2_stage4_v2_archive\asset_bound_grid_search_run_summaries\mr_asset10_v1\grid_candidates\run_20260417_IS_070\run_summary.json"
"mr_asset10_v1","mr","series_10","grid_candidate","run_20260417_IS_071","1.3314520408061012","1.3879385705847609","3.4285714285714284","1026598.9499999998","False","output\coursework_2_stage4_v2_archive\asset_bound_grid_search_run_summaries\mr_asset10_v1\grid_candidates\run_20260417_IS_071\run_summary.json"
"mr_asset10_v1","mr","series_10","grid_candidate","run_20260417_IS_072","1.3314520408061012","1.3879385705847609","3.4285714285714284","1026598.9499999998","False","output\coursework_2_stage4_v2_archive\asset_bound_grid_search_run_summaries\mr_asset10_v1\grid_candidates\run_20260417_IS_072\run_summary.json"
"mr_asset10_v1","mr","series_10","grid_candidate","run_20260417_IS_073","1.3417370380005234","1.3686540731995278","3.0","1026820.25","False","output\coursework_2_stage4_v2_archive\asset_bound_grid_search_run_summaries\mr_asset10_v1\grid_candidates\run_20260417_IS_073\run_summary.json"
"mr_asset10_v1","mr","series_10","grid_candidate","run_20260417_IS_074","1.0446475300938076","1.1028503562945369","2.7142857142857144","1020758.4","False","output\coursework_2_stage4_v2_archive\asset_bound_grid_search_run_summaries\mr_asset10_v1\grid_candidates\run_20260417_IS_074\run_summary.json"
"mr_asset10_v1","mr","series_10","grid_candidate","run_20260417_IS_075","1.0446475300938076","1.1028503562945369","2.7142857142857144","1020758.4","False","output\coursework_2_stage4_v2_archive\asset_bound_grid_search_run_summaries\mr_asset10_v1\grid_candidates\run_20260417_IS_075\run_summary.json"
"mr_asset10_v1","mr","series_10","grid_candidate","run_20260417_IS_076","-0.061591476786946556","1.2524163378914979","26.609442060085836","996547.5994179833","False","output\coursework_2_stage4_v2_archive\asset_bound_grid_search_run_summaries\mr_asset10_v1\grid_candidates\run_20260417_IS_076\run_summary.json"
"mr_asset10_v1","mr","series_10","grid_candidate","run_20260417_IS_077","-0.12516672145324698","1.1689138337904204","24.177396280400572","992924.917936521","False","output\coursework_2_stage4_v2_archive\asset_bound_grid_search_run_summaries\mr_asset10_v1\grid_candidates\run_20260417_IS_077\run_summary.json"
"mr_asset10_v1","mr","series_10","grid_candidate","run_20260417_IS_078","-0.30512243714534215","0.9718026312415049","23.4620886981402","982113.280153042","False","output\coursework_2_stage4_v2_archive\asset_bound_grid_search_run_summaries\mr_asset10_v1\grid_candidates\run_20260417_IS_078\run_summary.json"
"mr_asset10_v1","mr","series_10","grid_candidate","run_20260417_IS_079","-0.2561829786577056","1.0614987345675047","21.888412017167383","985728.0469895952","False","output\coursework_2_stage4_v2_archive\asset_bound_grid_search_run_summaries\mr_asset10_v1\grid_candidates\run_20260417_IS_079\run_summary.json"
"mr_asset10_v1","mr","series_10","grid_candidate","run_20260417_IS_080","-0.05035715713994916","1.4587877438979153","20.17167381974249","998095.3150542271","False","output\coursework_2_stage4_v2_archive\asset_bound_grid_search_run_summaries\mr_asset10_v1\grid_candidates\run_20260417_IS_080\run_summary.json"
"mr_asset10_v1","mr","series_10","grid_candidate","run_20260417_IS_081","-0.2772036302379658","0.9218561936897763","18.88412017167382","984326.1410400284","False","output\coursework_2_stage4_v2_archive\asset_bound_grid_search_run_summaries\mr_asset10_v1\grid_candidates\run_20260417_IS_081\run_summary.json"
"mr_asset10_v1","mr","series_10","grid_candidate","run_20260417_IS_082","-0.1404332178989339","1.1255404114343843","17.310443490701","991816.8309610845","False","output\coursework_2_stage4_v2_archive\asset_bound_grid_search_run_summaries\mr_asset10_v1\grid_candidates\run_20260417_IS_082\run_summary.json"
"mr_asset10_v1","mr","series_10","grid_candidate","run_20260417_IS_083","-0.2969815698841242","0.9653681444855907","16.88125894134478","982749.0414601888","False","output\coursework_2_stage4_v2_archive\asset_bound_grid_search_run_summaries\mr_asset10_v1\grid_candidates\run_20260417_IS_083\run_summary.json"
"mr_asset10_v1","mr","series_10","grid_candidate","run_20260417_IS_084","-0.29555662863744137","0.9619571603342573","15.450643776824034","983184.7891259949","False","output\coursework_2_stage4_v2_archive\asset_bound_grid_search_run_summaries\mr_asset10_v1\grid_candidates\run_20260417_IS_084\run_summary.json"
"mr_asset10_v1","mr","series_10","grid_candidate","run_20260417_IS_085","0.7335658616298042","2.425557154694928","14.878397711015737","1022017.755322098","False","output\coursework_2_stage4_v2_archive\asset_bound_grid_search_run_summaries\mr_asset10_v1\grid_candidates\run_20260417_IS_085\run_summary.json"
"mr_asset10_v1","mr","series_10","grid_candidate","run_20260417_IS_086","-1.0","-0.9666291489055989","9.72818311874106","933982.5102404673","False","output\coursework_2_stage4_v2_archive\asset_bound_grid_search_run_summaries\mr_asset10_v1\grid_candidates\run_20260417_IS_086\run_summary.json"
"mr_asset10_v1","mr","series_10","grid_candidate","run_20260417_IS_087","-1.0","-0.9666291489055989","9.72818311874106","933982.5102404673","False","output\coursework_2_stage4_v2_archive\asset_bound_grid_search_run_summaries\mr_asset10_v1\grid_candidates\run_20260417_IS_087\run_summary.json"
"mr_asset10_v1","mr","series_10","grid_candidate","run_20260417_IS_088","-1.0","-0.9666291489055989","9.72818311874106","933982.5102404673","False","output\coursework_2_stage4_v2_archive\asset_bound_grid_search_run_summaries\mr_asset10_v1\grid_candidates\run_20260417_IS_088\run_summary.json"
"mr_asset10_v1","mr","series_10","grid_candidate","run_20260417_IS_089","-1.0","-0.9607694094296996","9.72818311874106","940072.0602404673","False","output\coursework_2_stage4_v2_archive\asset_bound_grid_search_run_summaries\mr_asset10_v1\grid_candidates\run_20260417_IS_089\run_summary.json"
"mr_asset10_v1","mr","series_10","grid_candidate","run_20260417_IS_090","-1.0","-0.8648881721937881","8.869814020028612","943393.0178639354","False","output\coursework_2_stage4_v2_archive\asset_bound_grid_search_run_summaries\mr_asset10_v1\grid_candidates\run_20260417_IS_090\run_summary.json"
"mr_asset10_v1","mr","series_10","grid_candidate","run_20260417_IS_091","-1.0","-0.8083545370818439","5.428571428571429","949463.5806702063","False","output\coursework_2_stage4_v2_archive\asset_bound_grid_search_run_summaries\mr_asset10_v1\grid_candidates\run_20260417_IS_091\run_summary.json"
"mr_asset10_v1","mr","series_10","grid_candidate","run_20260417_IS_092","-1.0","-0.8083545370818439","5.428571428571429","949463.5806702063","False","output\coursework_2_stage4_v2_archive\asset_bound_grid_search_run_summaries\mr_asset10_v1\grid_candidates\run_20260417_IS_092\run_summary.json"
"mr_asset10_v1","mr","series_10","grid_candidate","run_20260417_IS_093","-1.0","-0.8083545370818439","5.428571428571429","949463.5806702063","False","output\coursework_2_stage4_v2_archive\asset_bound_grid_search_run_summaries\mr_asset10_v1\grid_candidates\run_20260417_IS_093\run_summary.json"
"mr_asset10_v1","mr","series_10","grid_candidate","run_20260417_IS_094","-0.9573080385292394","-0.6103869749145345","5.428571428571429","955655.3806702064","False","output\coursework_2_stage4_v2_archive\asset_bound_grid_search_run_summaries\mr_asset10_v1\grid_candidates\run_20260417_IS_094\run_summary.json"
"mr_asset10_v1","mr","series_10","grid_candidate","run_20260417_IS_095","-0.9573080385292394","-0.6103869749145345","5.428571428571429","955655.3806702064","False","output\coursework_2_stage4_v2_archive\asset_bound_grid_search_run_summaries\mr_asset10_v1\grid_candidates\run_20260417_IS_095\run_summary.json"
"mr_asset10_v1","mr","series_10","grid_candidate","run_20260417_IS_096","2.325000000000007","2.375","1.1428571428571428","1016330.8","False","output\coursework_2_stage4_v2_archive\asset_bound_grid_search_run_summaries\mr_asset10_v1\grid_candidates\run_20260417_IS_096\run_summary.json"
"mr_asset10_v1","mr","series_10","grid_candidate","run_20260417_IS_097","2.325000000000007","2.375","1.1428571428571428","1016330.8","False","output\coursework_2_stage4_v2_archive\asset_bound_grid_search_run_summaries\mr_asset10_v1\grid_candidates\run_20260417_IS_097\run_summary.json"
"mr_asset10_v1","mr","series_10","grid_candidate","run_20260417_IS_098","2.325000000000007","2.375","1.1428571428571428","1016330.8","False","output\coursework_2_stage4_v2_archive\asset_bound_grid_search_run_summaries\mr_asset10_v1\grid_candidates\run_20260417_IS_098\run_summary.json"
"mr_asset10_v1","mr","series_10","grid_candidate","run_20260417_IS_099","2.325000000000007","2.375","1.1428571428571428","1016330.8","False","output\coursework_2_stage4_v2_archive\asset_bound_grid_search_run_summaries\mr_asset10_v1\grid_candidates\run_20260417_IS_099\run_summary.json"
"mr_asset10_v1","mr","series_10","grid_candidate","run_20260417_IS_100","2.325000000000007","2.375","1.1428571428571428","1016330.8","False","output\coursework_2_stage4_v2_archive\asset_bound_grid_search_run_summaries\mr_asset10_v1\grid_candidates\run_20260417_IS_100\run_summary.json"
"mr_asset10_v1","mr","series_10","grid_candidate","run_20260417_IS_101","0.3062059056149128","1.530828580566068","26.32331902718169","1013842.1126245972","False","output\coursework_2_stage4_v2_archive\asset_bound_grid_search_run_summaries\mr_asset10_v1\grid_candidates\run_20260417_IS_101\run_summary.json"
"mr_asset10_v1","mr","series_10","grid_candidate","run_20260417_IS_102","0.44146492450776387","1.7144200398625338","25.03576537911302","1020080.8494103707","False","output\coursework_2_stage4_v2_archive\asset_bound_grid_search_run_summaries\mr_asset10_v1\grid_candidates\run_20260417_IS_102\run_summary.json"
"mr_asset10_v1","mr","series_10","grid_candidate","run_20260417_IS_103","0.11347959552235677","1.3021101734049887","23.891273247496425","1005106.7862503346","False","output\coursework_2_stage4_v2_archive\asset_bound_grid_search_run_summaries\mr_asset10_v1\grid_candidates\run_20260417_IS_103\run_summary.json"
"mr_asset10_v1","mr","series_10","grid_candidate","run_20260417_IS_104","0.5273306457178915","1.9837449835231167","23.319027181688124","1024339.4261242618","False","output\coursework_2_stage4_v2_archive\asset_bound_grid_search_run_summaries\mr_asset10_v1\grid_candidates\run_20260417_IS_104\run_summary.json"
"mr_asset10_v1","mr","series_10","grid_candidate","run_20260417_IS_105","0.3144311933139941","1.7655216740216542","21.459227467811157","1014292.2871088351","False","output\coursework_2_stage4_v2_archive\asset_bound_grid_search_run_summaries\mr_asset10_v1\grid_candidates\run_20260417_IS_105\run_summary.json"
"mr_asset10_v1","mr","series_10","grid_candidate","run_20260417_IS_106","-0.520471825093547","0.24213114279929424","16.738197424892704","970647.9941148118","False","output\coursework_2_stage4_v2_archive\asset_bound_grid_search_run_summaries\mr_asset10_v1\grid_candidates\run_20260417_IS_106\run_summary.json"
"mr_asset10_v1","mr","series_10","grid_candidate","run_20260417_IS_107","-0.520471825093547","0.24213114279929424","16.738197424892704","970647.9941148118","False","output\coursework_2_stage4_v2_archive\asset_bound_grid_search_run_summaries\mr_asset10_v1\grid_candidates\run_20260417_IS_107\run_summary.json"
"mr_asset10_v1","mr","series_10","grid_candidate","run_20260417_IS_108","-0.595380478706905","0.14544876059352674","16.452074391988557","966423.5209815819","False","output\coursework_2_stage4_v2_archive\asset_bound_grid_search_run_summaries\mr_asset10_v1\grid_candidates\run_20260417_IS_108\run_summary.json"
"mr_asset10_v1","mr","series_10","grid_candidate","run_20260417_IS_109","-0.6986123256028808","0.06409121674389545","15.736766809728183","960598.408170453","False","output\coursework_2_stage4_v2_archive\asset_bound_grid_search_run_summaries\mr_asset10_v1\grid_candidates\run_20260417_IS_109\run_summary.json"
"mr_asset10_v1","mr","series_10","grid_candidate","run_20260417_IS_110","-0.671531443109191","0.14838243789716926","14.30615164520744","963487.1614442475","False","output\coursework_2_stage4_v2_archive\asset_bound_grid_search_run_summaries\mr_asset10_v1\grid_candidates\run_20260417_IS_110\run_summary.json"
"mr_asset10_v1","mr","series_10","grid_candidate","run_20260417_IS_111","-0.6170239741467092","-0.1886397884183658","8.011444921316166","963872.5153663437","False","output\coursework_2_stage4_v2_archive\asset_bound_grid_search_run_summaries\mr_asset10_v1\grid_candidates\run_20260417_IS_111\run_summary.json"
"mr_asset10_v1","mr","series_10","grid_candidate","run_20260417_IS_112","-0.6170239741467092","-0.1886397884183658","8.011444921316166","963872.5153663437","False","output\coursework_2_stage4_v2_archive\asset_bound_grid_search_run_summaries\mr_asset10_v1\grid_candidates\run_20260417_IS_112\run_summary.json"
"mr_asset10_v1","mr","series_10","grid_candidate","run_20260417_IS_113","-0.6170239741467092","-0.1886397884183658","8.011444921316166","963872.5153663437","False","output\coursework_2_stage4_v2_archive\asset_bound_grid_search_run_summaries\mr_asset10_v1\grid_candidates\run_20260417_IS_113\run_summary.json"
"mr_asset10_v1","mr","series_10","grid_candidate","run_20260417_IS_114","-0.6137345445441317","-0.19653719592828367","7.582260371959943","964065.1153663435","False","output\coursework_2_stage4_v2_archive\asset_bound_grid_search_run_summaries\mr_asset10_v1\grid_candidates\run_20260417_IS_114\run_summary.json"
"mr_asset10_v1","mr","series_10","grid_candidate","run_20260417_IS_115","-0.63675748706007","-0.05303094832481545","6.866952789699571","969283.4653663437","False","output\coursework_2_stage4_v2_archive\asset_bound_grid_search_run_summaries\mr_asset10_v1\grid_candidates\run_20260417_IS_115\run_summary.json"
"mr_asset10_v1","mr","series_10","grid_candidate","run_20260417_IS_116","0.28365253733632584","0.34111382471874124","3.4285714285714284","1007397.8","False","output\coursework_2_stage4_v2_archive\asset_bound_grid_search_run_summaries\mr_asset10_v1\grid_candidates\run_20260417_IS_116\run_summary.json"
"mr_asset10_v1","mr","series_10","grid_candidate","run_20260417_IS_117","0.28365253733632584","0.34111382471874124","3.4285714285714284","1007397.8","False","output\coursework_2_stage4_v2_archive\asset_bound_grid_search_run_summaries\mr_asset10_v1\grid_candidates\run_20260417_IS_117\run_summary.json"
"mr_asset10_v1","mr","series_10","grid_candidate","run_20260417_IS_118","0.28365253733632584","0.34111382471874124","3.4285714285714284","1007397.8","False","output\coursework_2_stage4_v2_archive\asset_bound_grid_search_run_summaries\mr_asset10_v1\grid_candidates\run_20260417_IS_118\run_summary.json"
"mr_asset10_v1","mr","series_10","grid_candidate","run_20260417_IS_119","0.28365253733632584","0.34111382471874124","3.4285714285714284","1007397.8","False","output\coursework_2_stage4_v2_archive\asset_bound_grid_search_run_summaries\mr_asset10_v1\grid_candidates\run_20260417_IS_119\run_summary.json"
"mr_asset10_v1","mr","series_10","grid_candidate","run_20260417_IS_120","0.28365253733632584","0.34111382471874124","3.4285714285714284","1007397.8","False","output\coursework_2_stage4_v2_archive\asset_bound_grid_search_run_summaries\mr_asset10_v1\grid_candidates\run_20260417_IS_120\run_summary.json"
"mr_asset10_v1","mr","series_10","grid_candidate","run_20260417_IS_121","-0.3004579701005617","-0.2942240468254613","2.2857142857142856","992281.4000000001","False","output\coursework_2_stage4_v2_archive\asset_bound_grid_search_run_summaries\mr_asset10_v1\grid_candidates\run_20260417_IS_121\run_summary.json"
"mr_asset10_v1","mr","series_10","grid_candidate","run_20260417_IS_122","-0.3004579701005617","-0.2942240468254613","2.2857142857142856","992281.4000000001","False","output\coursework_2_stage4_v2_archive\asset_bound_grid_search_run_summaries\mr_asset10_v1\grid_candidates\run_20260417_IS_122\run_summary.json"
"mr_asset10_v1","mr","series_10","grid_candidate","run_20260417_IS_123","-0.3004579701005617","-0.2942240468254613","2.2857142857142856","992281.4000000001","False","output\coursework_2_stage4_v2_archive\asset_bound_grid_search_run_summaries\mr_asset10_v1\grid_candidates\run_20260417_IS_123\run_summary.json"
"mr_asset10_v1","mr","series_10","grid_candidate","run_20260417_IS_124","-0.3004579701005617","-0.2942240468254613","2.2857142857142856","992281.4000000001","False","output\coursework_2_stage4_v2_archive\asset_bound_grid_search_run_summaries\mr_asset10_v1\grid_candidates\run_20260417_IS_124\run_summary.json"
"mr_asset10_v1","mr","series_10","grid_candidate","run_20260417_IS_125","-0.3004579701005617","-0.2942240468254613","2.2857142857142856","992281.4000000001","False","output\coursework_2_stage4_v2_archive\asset_bound_grid_search_run_summaries\mr_asset10_v1\grid_candidates\run_20260417_IS_125\run_summary.json"
"mr_asset10_v1","mr","series_10","robust_selection_validation","candidate_01\full\run_20260417_100-full","4.270006314971333","4.368207762557078","5.6","1087902.3499999999","False","output\coursework_2_stage4_v2_archive\asset_bound_grid_search_run_summaries\mr_asset10_v1\robust_selection_validation\candidate_01\full\run_20260417_100-full\run_summary.json"
"mr_asset10_v1","mr","series_10","robust_selection_validation","candidate_01\oos\run_20260417_30-oos","1.2131497633668438","1.555475156777617","5.333333333333333","1015508.3","False","output\coursework_2_stage4_v2_archive\asset_bound_grid_search_run_summaries\mr_asset10_v1\robust_selection_validation\candidate_01\oos\run_20260417_30-oos\run_summary.json"
"mr_asset10_v1","mr","series_10","robust_selection_validation","candidate_02\full\run_20260417_100-full","1.6095215737422828","2.7957713705497853","10.1","1049439.7826239106","False","output\coursework_2_stage4_v2_archive\asset_bound_grid_search_run_summaries\mr_asset10_v1\robust_selection_validation\candidate_02\full\run_20260417_100-full\run_summary.json"
"mr_asset10_v1","mr","series_10","robust_selection_validation","candidate_02\oos\run_20260417_30-oos","-0.3893766267528215","-0.08016659743817146","7.0","988731.4661975534","False","output\coursework_2_stage4_v2_archive\asset_bound_grid_search_run_summaries\mr_asset10_v1\robust_selection_validation\candidate_02\oos\run_20260417_30-oos\run_summary.json"
"mr_asset10_v1","mr","series_10","robust_selection_validation","candidate_03\full\run_20260417_100-full","3.330161274652663","3.607579908675799","4.5","1068554.6999999997","False","output\coursework_2_stage4_v2_archive\asset_bound_grid_search_run_summaries\mr_asset10_v1\robust_selection_validation\candidate_03\full\run_20260417_100-full\run_summary.json"
"mr_asset10_v1","mr","series_10","robust_selection_validation","candidate_03\oos\run_20260417_30-oos","1.2131497633668438","1.555475156777617","5.333333333333333","1015508.3","False","output\coursework_2_stage4_v2_archive\asset_bound_grid_search_run_summaries\mr_asset10_v1\robust_selection_validation\candidate_03\oos\run_20260417_30-oos\run_summary.json"
"mr_asset10_v1","mr","series_10","robust_selection_validation","candidate_04\full\run_20260417_100-full","3.318821043427561","3.622659817351598","4.8","1068321.2499999998","False","output\coursework_2_stage4_v2_archive\asset_bound_grid_search_run_summaries\mr_asset10_v1\robust_selection_validation\candidate_04\full\run_20260417_100-full\run_summary.json"
"mr_asset10_v1","mr","series_10","robust_selection_validation","candidate_04\oos\run_20260417_30-oos","1.2131497633668438","1.555475156777617","5.333333333333333","1015508.3","False","output\coursework_2_stage4_v2_archive\asset_bound_grid_search_run_summaries\mr_asset10_v1\robust_selection_validation\candidate_04\oos\run_20260417_30-oos\run_summary.json"
"mr_asset10_v1","mr","series_10","robust_selection_validation","candidate_05\full\run_20260417_100-full","2.325000000000007","2.375","0.8","1016330.8","False","output\coursework_2_stage4_v2_archive\asset_bound_grid_search_run_summaries\mr_asset10_v1\robust_selection_validation\candidate_05\full\run_20260417_100-full\run_summary.json"
"mr_asset10_v1","mr","series_10","robust_selection_validation","candidate_05\oos\run_20260417_30-oos",,,"0.0","1000000.0","False","output\coursework_2_stage4_v2_archive\asset_bound_grid_search_run_summaries\mr_asset10_v1\robust_selection_validation\candidate_05\oos\run_20260417_30-oos\run_summary.json"
"tf_asset01_v1","tf","series_1","grid_candidate","run_20260417_IS_001","2.3632647481650926","2.7008619293198572","33.47639484978541","1315439.9763013935","False","output\coursework_2_stage4_v2_archive\asset_bound_grid_search_run_summaries\tf_asset01_v1\grid_candidates\run_20260417_IS_001\run_summary.json"
"tf_asset01_v1","tf","series_1","grid_candidate","run_20260417_IS_002","2.3638324689244126","2.7014015422565487","33.47639484978541","1303902.7174485126","False","output\coursework_2_stage4_v2_archive\asset_bound_grid_search_run_summaries\tf_asset01_v1\grid_candidates\run_20260417_IS_002\run_summary.json"
"tf_asset01_v1","tf","series_1","grid_candidate","run_20260417_IS_003","2.364479815032436","2.7020321984473368","33.47639484978541","1289981.2232034672","False","output\coursework_2_stage4_v2_archive\asset_bound_grid_search_run_summaries\tf_asset01_v1\grid_candidates\run_20260417_IS_003\run_summary.json"
"tf_asset01_v1","tf","series_1","grid_candidate","run_20260417_IS_004","2.365267664845857","2.7028057592187804","33.47639484978541","1272889.2562354468","False","output\coursework_2_stage4_v2_archive\asset_bound_grid_search_run_summaries\tf_asset01_v1\grid_candidates\run_20260417_IS_004\run_summary.json"
"tf_asset01_v1","tf","series_1","grid_candidate","run_20260417_IS_005","2.366214100031226","2.703759746331292","33.47639484978541","1251394.725763822","False","output\coursework_2_stage4_v2_archive\asset_bound_grid_search_run_summaries\tf_asset01_v1\grid_candidates\run_20260417_IS_005\run_summary.json"
"tf_asset01_v1","tf","series_1","grid_candidate","run_20260417_IS_006","2.891846791930158","3.275386106418318","39.77110157367668","1283710.2975420202","False","output\coursework_2_stage4_v2_archive\asset_bound_grid_search_run_summaries\tf_asset01_v1\grid_candidates\run_20260417_IS_006\run_summary.json"
"tf_asset01_v1","tf","series_1","grid_candidate","run_20260417_IS_007","2.89353741421713","3.2763162618518105","39.77110157367668","1274164.984827004","False","output\coursework_2_stage4_v2_archive\asset_bound_grid_search_run_summaries\tf_asset01_v1\grid_candidates\run_20260417_IS_007\run_summary.json"
"tf_asset01_v1","tf","series_1","grid_candidate","run_20260417_IS_008","2.8957362825052555","3.2775274193048602","39.77110157367668","1262688.6859681362","False","output\coursework_2_stage4_v2_archive\asset_bound_grid_search_run_summaries\tf_asset01_v1\grid_candidates\run_20260417_IS_008\run_summary.json"
"tf_asset01_v1","tf","series_1","grid_candidate","run_20260417_IS_009","2.8986817363952535","3.2791494628809077","39.77110157367668","1248619.2368470049","False","output\coursework_2_stage4_v2_archive\asset_bound_grid_search_run_summaries\tf_asset01_v1\grid_candidates\run_20260417_IS_009\run_summary.json"
"tf_asset01_v1","tf","series_1","grid_candidate","run_20260417_IS_010","2.9028575309413003","3.281450236978955","39.77110157367668","1230982.6960230242","False","output\coursework_2_stage4_v2_archive\asset_bound_grid_search_run_summaries\tf_asset01_v1\grid_candidates\run_20260417_IS_010\run_summary.json"
"tf_asset01_v1","tf","series_1","grid_candidate","run_20260417_IS_011","2.972657925882821","3.209450636418034","36.90987124463519","1453472.9023712554","False","output\coursework_2_stage4_v2_archive\asset_bound_grid_search_run_summaries\tf_asset01_v1\grid_candidates\run_20260417_IS_011\run_summary.json"
"tf_asset01_v1","tf","series_1","grid_candidate","run_20260417_IS_012","2.9731027894056923","3.209659396259283","36.90987124463519","1436431.7480822343","False","output\coursework_2_stage4_v2_archive\asset_bound_grid_search_run_summaries\tf_asset01_v1\grid_candidates\run_20260417_IS_012\run_summary.json"
"tf_asset01_v1","tf","series_1","grid_candidate","run_20260417_IS_013","2.9736764005545524","3.209926920799958","36.90987124463519","1415956.5464919554","False","output\coursework_2_stage4_v2_archive\asset_bound_grid_search_run_summaries\tf_asset01_v1\grid_candidates\run_20260417_IS_013\run_summary.json"
"tf_asset01_v1","tf","series_1","grid_candidate","run_20260417_IS_014","2.974452457398026","3.2102891724872564","36.90987124463519","1390919.436841207","False","output\coursework_2_stage4_v2_archive\asset_bound_grid_search_run_summaries\tf_asset01_v1\grid_candidates\run_20260417_IS_014\run_summary.json"
"tf_asset01_v1","tf","series_1","grid_candidate","run_20260417_IS_015","2.975551796657116","3.2108017535744335","36.90987124463519","1359601.7427958217","False","output\coursework_2_stage4_v2_archive\asset_bound_grid_search_run_summaries\tf_asset01_v1\grid_candidates\run_20260417_IS_015\run_summary.json"
"tf_asset01_v1","tf","series_1","grid_candidate","run_20260417_IS_016","3.1340561814578436","3.428897188459699","34.90701001430615","1476251.4280588287","False","output\coursework_2_stage4_v2_archive\asset_bound_grid_search_run_summaries\tf_asset01_v1\grid_candidates\run_20260417_IS_016\run_summary.json"
"tf_asset01_v1","tf","series_1","grid_candidate","run_20260417_IS_017","3.134597722390427","3.4291944435253665","34.90701001430615","1458312.6675884267","False","output\coursework_2_stage4_v2_archive\asset_bound_grid_search_run_summaries\tf_asset01_v1\grid_candidates\run_20260417_IS_017\run_summary.json"
"tf_asset01_v1","tf","series_1","grid_candidate","run_20260417_IS_018","3.1353088335961603","3.4295844824718653","34.90701001430615","1436783.0089171147","False","output\coursework_2_stage4_v2_archive\asset_bound_grid_search_run_summaries\tf_asset01_v1\grid_candidates\run_20260417_IS_018\run_summary.json"
"tf_asset01_v1","tf","series_1","grid_candidate","run_20260417_IS_019","3.1362817528497864","3.4301173191418073","34.90701001430615","1410439.422237026","False","output\coursework_2_stage4_v2_archive\asset_bound_grid_search_run_summaries\tf_asset01_v1\grid_candidates\run_20260417_IS_019\run_summary.json"
"tf_asset01_v1","tf","series_1","grid_candidate","run_20260417_IS_020","3.1376873538868173","3.4308866839528656","34.90701001430615","1377490.1452463572","False","output\coursework_2_stage4_v2_archive\asset_bound_grid_search_run_summaries\tf_asset01_v1\grid_candidates\run_20260417_IS_020\run_summary.json"
"tf_asset01_v1","tf","series_1","grid_candidate","run_20260417_IS_021","3.1104530108566193","3.3810847589155437","34.620886981402","1480554.16580087","False","output\coursework_2_stage4_v2_archive\asset_bound_grid_search_run_summaries\tf_asset01_v1\grid_candidates\run_20260417_IS_021\run_summary.json"
"tf_asset01_v1","tf","series_1","grid_candidate","run_20260417_IS_022","3.1109808007791","3.3813673146388323","34.620886981402","1462355.4598825749","False","output\coursework_2_stage4_v2_archive\asset_bound_grid_search_run_summaries\tf_asset01_v1\grid_candidates\run_20260417_IS_022\run_summary.json"
"tf_asset01_v1","tf","series_1","grid_candidate","run_20260417_IS_023","3.111672516989709","3.3817386840379116","34.620886981402","1440523.959038658","False","output\coursework_2_stage4_v2_archive\asset_bound_grid_search_run_summaries\tf_asset01_v1\grid_candidates\run_20260417_IS_023\run_summary.json"
"tf_asset01_v1","tf","series_1","grid_candidate","run_20260417_IS_024","3.112619847842319","3.3822453389259497","34.620886981402","1413828.909505538","False","output\coursework_2_stage4_v2_archive\asset_bound_grid_search_run_summaries\tf_asset01_v1\grid_candidates\run_20260417_IS_024\run_summary.json"
"tf_asset01_v1","tf","series_1","grid_candidate","run_20260417_IS_025","3.1139909427521495","3.382981100012279","34.620886981402","1380457.8222933544","False","output\coursework_2_stage4_v2_archive\asset_bound_grid_search_run_summaries\tf_asset01_v1\grid_candidates\run_20260417_IS_025\run_summary.json"
"tf_asset01_v1","tf","series_1","grid_candidate","run_20260417_IS_026","2.6566139105125073","2.982356524534637","33.333333333333336","1356252.2441933968","False","output\coursework_2_stage4_v2_archive\asset_bound_grid_search_run_summaries\tf_asset01_v1\grid_candidates\run_20260417_IS_026\run_summary.json"
"tf_asset01_v1","tf","series_1","grid_candidate","run_20260417_IS_027","2.6572189690499615","2.982944157168171","33.333333333333336","1343146.9866263454","False","output\coursework_2_stage4_v2_archive\asset_bound_grid_search_run_summaries\tf_asset01_v1\grid_candidates\run_20260417_IS_027\run_summary.json"
"tf_asset01_v1","tf","series_1","grid_candidate","run_20260417_IS_028","2.6579666910776907","2.9836827188439936","33.333333333333336","1327368.4675065838","False","output\coursework_2_stage4_v2_archive\asset_bound_grid_search_run_summaries\tf_asset01_v1\grid_candidates\run_20260417_IS_028\run_summary.json"
"tf_asset01_v1","tf","series_1","grid_candidate","run_20260417_IS_029","2.6588881167787464","2.98459890960596","33.333333333333336","1307998.1545609229","False","output\coursework_2_stage4_v2_archive\asset_bound_grid_search_run_summaries\tf_asset01_v1\grid_candidates\run_20260417_IS_029\run_summary.json"
"tf_asset01_v1","tf","series_1","grid_candidate","run_20260417_IS_030","2.6600583694136963","2.9857907125062213","33.333333333333336","1283670.965365642","False","output\coursework_2_stage4_v2_archive\asset_bound_grid_search_run_summaries\tf_asset01_v1\grid_candidates\run_20260417_IS_030\run_summary.json"
"tf_asset01_v1","tf","series_1","grid_candidate","run_20260417_IS_031","-0.9432269661752317","-0.8897179864223717","10.285714285714286","914145.9121595616","False","output\coursework_2_stage4_v2_archive\asset_bound_grid_search_run_summaries\tf_asset01_v1\grid_candidates\run_20260417_IS_031\run_summary.json"
"tf_asset01_v1","tf","series_1","grid_candidate","run_20260417_IS_032","-0.9438547966491868","-0.8913361692443909","10.285714285714286","917342.4572181087","False","output\coursework_2_stage4_v2_archive\asset_bound_grid_search_run_summaries\tf_asset01_v1\grid_candidates\run_20260417_IS_032\run_summary.json"
"tf_asset01_v1","tf","series_1","grid_candidate","run_20260417_IS_033","-0.9446657476337388","-0.8934281788052708","10.285714285714286","921193.9915842974","False","output\coursework_2_stage4_v2_archive\asset_bound_grid_search_run_summaries\tf_asset01_v1\grid_candidates\run_20260417_IS_033\run_summary.json"
"tf_asset01_v1","tf","series_1","grid_candidate","run_20260417_IS_034","-0.9457745960658113","-0.8962821008274354","10.285714285714286","925917.1949098188","False","output\coursework_2_stage4_v2_archive\asset_bound_grid_search_run_summaries\tf_asset01_v1\grid_candidates\run_20260417_IS_034\run_summary.json"
"tf_asset01_v1","tf","series_1","grid_candidate","run_20260417_IS_035","-0.947355929210877","-0.9003518720155517","10.285714285714286","931851.0376409818","False","output\coursework_2_stage4_v2_archive\asset_bound_grid_search_run_summaries\tf_asset01_v1\grid_candidates\run_20260417_IS_035\run_summary.json"
"tf_asset01_v1","tf","series_1","grid_candidate","run_20260417_IS_036","2.9214398998365376","3.1441953147367108","36.3376251788269","1601617.6108803502","False","output\coursework_2_stage4_v2_archive\asset_bound_grid_search_run_summaries\tf_asset01_v1\grid_candidates\run_20260417_IS_036\run_summary.json"
"tf_asset01_v1","tf","series_1","grid_candidate","run_20260417_IS_037","2.921684362872258","3.1442660486788765","36.3376251788269","1578823.0698448392","False","output\coursework_2_stage4_v2_archive\asset_bound_grid_search_run_summaries\tf_asset01_v1\grid_candidates\run_20260417_IS_037\run_summary.json"
"tf_asset01_v1","tf","series_1","grid_candidate","run_20260417_IS_038","2.9220199401763858","3.1443761068302964","36.3376251788269","1551485.446435631","False","output\coursework_2_stage4_v2_archive\asset_bound_grid_search_run_summaries\tf_asset01_v1\grid_candidates\run_20260417_IS_038\run_summary.json"
"tf_asset01_v1","tf","series_1","grid_candidate","run_20260417_IS_039","2.9224823726883327","3.1445380892634307","36.3376251788269","1518050.2139164559","False","output\coursework_2_stage4_v2_archive\asset_bound_grid_search_run_summaries\tf_asset01_v1\grid_candidates\run_20260417_IS_039\run_summary.json"
"tf_asset01_v1","tf","series_1","grid_candidate","run_20260417_IS_040","2.9231397829366914","3.144769593045754","36.3376251788269","1476246.1182274388","False","output\coursework_2_stage4_v2_archive\asset_bound_grid_search_run_summaries\tf_asset01_v1\grid_candidates\run_20260417_IS_040\run_summary.json"
"tf_asset01_v1","tf","series_1","grid_candidate","run_20260417_IS_041","3.017002407844406","3.3191770839046213","34.620886981402","1463335.1793439346","False","output\coursework_2_stage4_v2_archive\asset_bound_grid_search_run_summaries\tf_asset01_v1\grid_candidates\run_20260417_IS_041\run_summary.json"
"tf_asset01_v1","tf","series_1","grid_candidate","run_20260417_IS_042","3.017583289278122","3.3195162280915507","34.620886981402","1445901.1611600658","False","output\coursework_2_stage4_v2_archive\asset_bound_grid_search_run_summaries\tf_asset01_v1\grid_candidates\run_20260417_IS_042\run_summary.json"
"tf_asset01_v1","tf","series_1","grid_candidate","run_20260417_IS_043","3.0183383078135457","3.319953989911172","34.620886981402","1424977.928800049","False","output\coursework_2_stage4_v2_archive\asset_bound_grid_search_run_summaries\tf_asset01_v1\grid_candidates\run_20260417_IS_043\run_summary.json"
"tf_asset01_v1","tf","series_1","grid_candidate","run_20260417_IS_044","3.0193614547430854","3.3205448140367406","34.620886981402","1399371.6642656163","False","output\coursework_2_stage4_v2_archive\asset_bound_grid_search_run_summaries\tf_asset01_v1\grid_candidates\run_20260417_IS_044\run_summary.json"
"tf_asset01_v1","tf","series_1","grid_candidate","run_20260417_IS_045","3.020832760967069","3.321391761513966","34.620886981402","1367333.5054002167","False","output\coursework_2_stage4_v2_archive\asset_bound_grid_search_run_summaries\tf_asset01_v1\grid_candidates\run_20260417_IS_045\run_summary.json"
"tf_asset01_v1","tf","series_1","grid_candidate","run_20260417_IS_046","2.8977610767371513","3.238116399502598","28.326180257510728","1351512.2119509424","False","output\coursework_2_stage4_v2_archive\asset_bound_grid_search_run_summaries\tf_asset01_v1\grid_candidates\run_20260417_IS_046\run_summary.json"
"tf_asset01_v1","tf","series_1","grid_candidate","run_20260417_IS_047","2.8982392610967307","3.238623324672045","28.326180257510728","1335499.945005417","False","output\coursework_2_stage4_v2_archive\asset_bound_grid_search_run_summaries\tf_asset01_v1\grid_candidates\run_20260417_IS_047\run_summary.json"
"tf_asset01_v1","tf","series_1","grid_candidate","run_20260417_IS_048","2.8988598485659707","3.2392880179750416","28.326180257510728","1316273.7262861242","False","output\coursework_2_stage4_v2_archive\asset_bound_grid_search_run_summaries\tf_asset01_v1\grid_candidates\run_20260417_IS_048\run_summary.json"
"tf_asset01_v1","tf","series_1","grid_candidate","run_20260417_IS_049","2.8997100351725424","3.240202913195522","28.326180257510728","1292781.0545181395","False","output\coursework_2_stage4_v2_archive\asset_bound_grid_search_run_summaries\tf_asset01_v1\grid_candidates\run_20260417_IS_049\run_summary.json"
"tf_asset01_v1","tf","series_1","grid_candidate","run_20260417_IS_050","2.9009463717602255","3.2415509192786467","28.326180257510728","1263385.5078933719","False","output\coursework_2_stage4_v2_archive\asset_bound_grid_search_run_summaries\tf_asset01_v1\grid_candidates\run_20260417_IS_050\run_summary.json"
"tf_asset01_v1","tf","series_1","grid_candidate","run_20260417_IS_051","-0.9537609741714664","-0.8758980726625909","10.0","908773.1510262932","False","output\coursework_2_stage4_v2_archive\asset_bound_grid_search_run_summaries\tf_asset01_v1\grid_candidates\run_20260417_IS_051\run_summary.json"
"tf_asset01_v1","tf","series_1","grid_candidate","run_20260417_IS_052","-0.9544345640601887","-0.8796183218303307","10.0","912143.007620961","False","output\coursework_2_stage4_v2_archive\asset_bound_grid_search_run_summaries\tf_asset01_v1\grid_candidates\run_20260417_IS_052\run_summary.json"
"tf_asset01_v1","tf","series_1","grid_candidate","run_20260417_IS_053","-0.9553036755544962","-0.8845142258039759","10.0","916204.3860560355","False","output\coursework_2_stage4_v2_archive\asset_bound_grid_search_run_summaries\tf_asset01_v1\grid_candidates\run_20260417_IS_053\run_summary.json"
"tf_asset01_v1","tf","series_1","grid_candidate","run_20260417_IS_054","-0.956488355154057","-0.8912640625280691","10.0","921185.8768967135","False","output\coursework_2_stage4_v2_archive\asset_bound_grid_search_run_summaries\tf_asset01_v1\grid_candidates\run_20260417_IS_054\run_summary.json"
"tf_asset01_v1","tf","series_1","grid_candidate","run_20260417_IS_055","-0.9581743614288046","-0.9010758210146689","10.0","927447.9388729248","False","output\coursework_2_stage4_v2_archive\asset_bound_grid_search_run_summaries\tf_asset01_v1\grid_candidates\run_20260417_IS_055\run_summary.json"
"tf_asset01_v1","tf","series_1","grid_candidate","run_20260417_IS_056","3.018144456198583","3.3463335779153525","31.90271816881259","1276991.7769027422","False","output\coursework_2_stage4_v2_archive\asset_bound_grid_search_run_summaries\tf_asset01_v1\grid_candidates\run_20260417_IS_056\run_summary.json"
"tf_asset01_v1","tf","series_1","grid_candidate","run_20260417_IS_057","3.0189572153759636","3.3467341675290574","31.90271816881259","1266800.9477002937","False","output\coursework_2_stage4_v2_archive\asset_bound_grid_search_run_summaries\tf_asset01_v1\grid_candidates\run_20260417_IS_057\run_summary.json"
"tf_asset01_v1","tf","series_1","grid_candidate","run_20260417_IS_058","3.020016975516499","3.3472560334640695","31.90271816881259","1254558.4388730763","False","output\coursework_2_stage4_v2_archive\asset_bound_grid_search_run_summaries\tf_asset01_v1\grid_candidates\run_20260417_IS_058\run_summary.json"
"tf_asset01_v1","tf","series_1","grid_candidate","run_20260417_IS_059","3.021429341960196","3.34794931009952","31.90271816881259","1239550.2788049309","False","output\coursework_2_stage4_v2_archive\asset_bound_grid_search_run_summaries\tf_asset01_v1\grid_candidates\run_20260417_IS_059\run_summary.json"
"tf_asset01_v1","tf","series_1","grid_candidate","run_20260417_IS_060","3.0233720772879935","3.3488969792147976","31.90271816881259","1220695.5193723114","False","output\coursework_2_stage4_v2_archive\asset_bound_grid_search_run_summaries\tf_asset01_v1\grid_candidates\run_20260417_IS_060\run_summary.json"
"tf_asset01_v1","tf","series_1","grid_candidate","run_20260417_IS_061","2.8628489554672667","3.0923996458395293","35.908440629470675","1600882.5656653177","False","output\coursework_2_stage4_v2_archive\asset_bound_grid_search_run_summaries\tf_asset01_v1\grid_candidates\run_20260417_IS_061\run_summary.json"
"tf_asset01_v1","tf","series_1","grid_candidate","run_20260417_IS_062","2.8631089099348226","3.092481644373639","35.908440629470675","1578202.55387421","False","output\coursework_2_stage4_v2_archive\asset_bound_grid_search_run_summaries\tf_asset01_v1\grid_candidates\run_20260417_IS_062\run_summary.json"
"tf_asset01_v1","tf","series_1","grid_candidate","run_20260417_IS_063","2.8634371498923517","3.0925814675841403","35.908440629470675","1550971.5807836312","False","output\coursework_2_stage4_v2_archive\asset_bound_grid_search_run_summaries\tf_asset01_v1\grid_candidates\run_20260417_IS_063\run_summary.json"
"tf_asset01_v1","tf","series_1","grid_candidate","run_20260417_IS_064","2.8638935796392433","3.092731876456817","35.908440629470675","1517663.5422106646","False","output\coursework_2_stage4_v2_archive\asset_bound_grid_search_run_summaries\tf_asset01_v1\grid_candidates\run_20260417_IS_064\run_summary.json"
"tf_asset01_v1","tf","series_1","grid_candidate","run_20260417_IS_065","2.8645194612688356","3.0929262289882242","35.908440629470675","1475985.1678973052","False","output\coursework_2_stage4_v2_archive\asset_bound_grid_search_run_summaries\tf_asset01_v1\grid_candidates\run_20260417_IS_065\run_summary.json"
"tf_asset01_v1","tf","series_1","grid_candidate","run_20260417_IS_066","2.3203762392032488","2.9551375664355963","26.03719599427754","1131766.0372406035","False","output\coursework_2_stage4_v2_archive\asset_bound_grid_search_run_summaries\tf_asset01_v1\grid_candidates\run_20260417_IS_066\run_summary.json"
"tf_asset01_v1","tf","series_1","grid_candidate","run_20260417_IS_067","2.3280425785596064","2.9566624837348576","26.03719599427754","1127054.2210558723","False","output\coursework_2_stage4_v2_archive\asset_bound_grid_search_run_summaries\tf_asset01_v1\grid_candidates\run_20260417_IS_067\run_summary.json"
"tf_asset01_v1","tf","series_1","grid_candidate","run_20260417_IS_068","2.3380974997859196","2.9586392667273946","26.03719599427754","1121401.1142300381","False","output\coursework_2_stage4_v2_archive\asset_bound_grid_search_run_summaries\tf_asset01_v1\grid_candidates\run_20260417_IS_068\run_summary.json"
"tf_asset01_v1","tf","series_1","grid_candidate","run_20260417_IS_069","2.3514916646130546","2.9612193713585007","26.03719599427754","1114469.254177049","False","output\coursework_2_stage4_v2_archive\asset_bound_grid_search_run_summaries\tf_asset01_v1\grid_candidates\run_20260417_IS_069\run_summary.json"
"tf_asset01_v1","tf","series_1","grid_candidate","run_20260417_IS_070","2.370742399318062","2.9648555008936235","26.03719599427754","1105784.8708140345","False","output\coursework_2_stage4_v2_archive\asset_bound_grid_search_run_summaries\tf_asset01_v1\grid_candidates\run_20260417_IS_070\run_summary.json"
"tf_asset01_v1","tf","series_1","grid_candidate","run_20260417_IS_071","2.3714101883792553","3.0518365096194806","24.606580829756794","1138847.2758188494","False","output\coursework_2_stage4_v2_archive\asset_bound_grid_search_run_summaries\tf_asset01_v1\grid_candidates\run_20260417_IS_071\run_summary.json"
"tf_asset01_v1","tf","series_1","grid_candidate","run_20260417_IS_072","2.387667620388028","3.0561838379463486","24.606580829756794","1133980.9602412274","False","output\coursework_2_stage4_v2_archive\asset_bound_grid_search_run_summaries\tf_asset01_v1\grid_candidates\run_20260417_IS_072\run_summary.json"
"tf_asset01_v1","tf","series_1","grid_candidate","run_20260417_IS_073","2.409009019290884","3.0618381237837995","24.606580829756794","1128133.1727506788","False","output\coursework_2_stage4_v2_archive\asset_bound_grid_search_run_summaries\tf_asset01_v1\grid_candidates\run_20260417_IS_073\run_summary.json"
"tf_asset01_v1","tf","series_1","grid_candidate","run_20260417_IS_074","2.438320388191058","3.0695178070488707","24.606580829756794","1120979.6897833592","False","output\coursework_2_stage4_v2_archive\asset_bound_grid_search_run_summaries\tf_asset01_v1\grid_candidates\run_20260417_IS_074\run_summary.json"
"tf_asset01_v1","tf","series_1","grid_candidate","run_20260417_IS_075","2.481195402046901","3.0805464648510608","24.606580829756794","1112020.5024860913","False","output\coursework_2_stage4_v2_archive\asset_bound_grid_search_run_summaries\tf_asset01_v1\grid_candidates\run_20260417_IS_075\run_summary.json"
"tf_asset01_v1","tf","series_1","grid_candidate","run_20260417_IS_076","4.0355706356645555","4.288259885450783","77.1101573676681","9658471.926153544","False","output\coursework_2_stage4_v2_archive\asset_bound_grid_search_run_summaries\tf_asset01_v1\grid_candidates\run_20260417_IS_076\run_summary.json"
"tf_asset01_v1","tf","series_1","grid_candidate","run_20260417_IS_077","4.035320661205674","4.287661699895481","77.1101573676681","9224475.81665783","False","output\coursework_2_stage4_v2_archive\asset_bound_grid_search_run_summaries\tf_asset01_v1\grid_candidates\run_20260417_IS_077\run_summary.json"
"tf_asset01_v1","tf","series_1","grid_candidate","run_20260417_IS_078","4.035023816726077","4.286951355004017","77.1101573676681","8701126.858497467","False","output\coursework_2_stage4_v2_archive\asset_bound_grid_search_run_summaries\tf_asset01_v1\grid_candidates\run_20260417_IS_078\run_summary.json"
"tf_asset01_v1","tf","series_1","grid_candidate","run_20260417_IS_079","4.0346656966798875","4.286094378496661","77.1101573676681","8058415.885143848","False","output\coursework_2_stage4_v2_archive\asset_bound_grid_search_run_summaries\tf_asset01_v1\grid_candidates\run_20260417_IS_079\run_summary.json"
"tf_asset01_v1","tf","series_1","grid_candidate","run_20260417_IS_080","4.034225881076844","4.285041905608402","77.1101573676681","7251633.779646786","False","output\coursework_2_stage4_v2_archive\asset_bound_grid_search_run_summaries\tf_asset01_v1\grid_candidates\run_20260417_IS_080\run_summary.json"
"tf_asset01_v1","tf","series_1","grid_candidate","run_20260417_IS_081","3.249868267688091","3.619810610589378","31.61659513590844","1308394.0393518396","False","output\coursework_2_stage4_v2_archive\asset_bound_grid_search_run_summaries\tf_asset01_v1\grid_candidates\run_20260417_IS_081\run_summary.json"
"tf_asset01_v1","tf","series_1","grid_candidate","run_20260417_IS_082","3.2506041477359835","3.620175300158221","31.61659513590844","1297033.9658601508","False","output\coursework_2_stage4_v2_archive\asset_bound_grid_search_run_summaries\tf_asset01_v1\grid_candidates\run_20260417_IS_082\run_summary.json"
"tf_asset01_v1","tf","series_1","grid_candidate","run_20260417_IS_083","3.251544339437416","3.6206395253716903","31.61659513590844","1283371.3088113286","False","output\coursework_2_stage4_v2_archive\asset_bound_grid_search_run_summaries\tf_asset01_v1\grid_candidates\run_20260417_IS_083\run_summary.json"
"tf_asset01_v1","tf","series_1","grid_candidate","run_20260417_IS_084","3.252783227363759","3.62124746011738","31.61659513590844","1266601.2359866318","False","output\coursework_2_stage4_v2_archive\asset_bound_grid_search_run_summaries\tf_asset01_v1\grid_candidates\run_20260417_IS_084\run_summary.json"
"tf_asset01_v1","tf","series_1","grid_candidate","run_20260417_IS_085","3.2545020808366125","3.6220847723145435","31.61659513590844","1245561.5549651156","False","output\coursework_2_stage4_v2_archive\asset_bound_grid_search_run_summaries\tf_asset01_v1\grid_candidates\run_20260417_IS_085\run_summary.json"
"tf_asset01_v1","tf","series_1","grid_candidate","run_20260417_IS_086","2.735364568316549","3.0836900922375197","30.472103004291846","1322194.5441624452","False","output\coursework_2_stage4_v2_archive\asset_bound_grid_search_run_summaries\tf_asset01_v1\grid_candidates\run_20260417_IS_086\run_summary.json"
"tf_asset01_v1","tf","series_1","grid_candidate","run_20260417_IS_087","2.7345144432515918","3.082777135791334","30.472103004291846","1308290.4708991172","False","output\coursework_2_stage4_v2_archive\asset_bound_grid_search_run_summaries\tf_asset01_v1\grid_candidates\run_20260417_IS_087\run_summary.json"
"tf_asset01_v1","tf","series_1","grid_candidate","run_20260417_IS_088","2.7333157885782233","3.081519290365619","30.472103004291846","1291551.096576064","False","output\coursework_2_stage4_v2_archive\asset_bound_grid_search_run_summaries\tf_asset01_v1\grid_candidates\run_20260417_IS_088\run_summary.json"
"tf_asset01_v1","tf","series_1","grid_candidate","run_20260417_IS_089","2.731523971218157","3.079681002941111","30.472103004291846","1271012.1934598868","False","output\coursework_2_stage4_v2_archive\asset_bound_grid_search_run_summaries\tf_asset01_v1\grid_candidates\run_20260417_IS_089\run_summary.json"
"tf_asset01_v1","tf","series_1","grid_candidate","run_20260417_IS_090","2.7286337477898335","3.0767975330244695","30.472103004291846","1245210.3089253823","False","output\coursework_2_stage4_v2_archive\asset_bound_grid_search_run_summaries\tf_asset01_v1\grid_candidates\run_20260417_IS_090\run_summary.json"
"tf_asset01_v1","tf","series_1","grid_candidate","run_20260417_IS_091","3.0461005682602353","3.34554739981181","28.326180257510728","1359174.00339711","False","output\coursework_2_stage4_v2_archive\asset_bound_grid_search_run_summaries\tf_asset01_v1\grid_candidates\run_20260417_IS_091\run_summary.json"
"tf_asset01_v1","tf","series_1","grid_candidate","run_20260417_IS_092","3.0455023656047207","3.3454190732010014","28.326180257510728","1342939.524799488","False","output\coursework_2_stage4_v2_archive\asset_bound_grid_search_run_summaries\tf_asset01_v1\grid_candidates\run_20260417_IS_092\run_summary.json"
"tf_asset01_v1","tf","series_1","grid_candidate","run_20260417_IS_093","3.0446858144790117","3.3452360751199106","28.326180257510728","1323444.2813180606","False","output\coursework_2_stage4_v2_archive\asset_bound_grid_search_run_summaries\tf_asset01_v1\grid_candidates\run_20260417_IS_093\run_summary.json"
"tf_asset01_v1","tf","series_1","grid_candidate","run_20260417_IS_094","3.0435172392651726","3.344964340127336","28.326180257510728","1299598.2369615438","False","output\coursework_2_stage4_v2_archive\asset_bound_grid_search_run_summaries\tf_asset01_v1\grid_candidates\run_20260417_IS_094\run_summary.json"
"tf_asset01_v1","tf","series_1","grid_candidate","run_20260417_IS_095","3.041728528848872","3.344532707479313","28.326180257510728","1269770.416547042","False","output\coursework_2_stage4_v2_archive\asset_bound_grid_search_run_summaries\tf_asset01_v1\grid_candidates\run_20260417_IS_095\run_summary.json"
"tf_asset01_v1","tf","series_1","grid_candidate","run_20260417_IS_096","3.3064486756302838","3.5320561100143677","38.91273247496424","1705716.2375954017","False","output\coursework_2_stage4_v2_archive\asset_bound_grid_search_run_summaries\tf_asset01_v1\grid_candidates\run_20260417_IS_096\run_summary.json"
"tf_asset01_v1","tf","series_1","grid_candidate","run_20260417_IS_097","3.306856067554341","3.532276321258483","38.91273247496424","1679335.1138637653","False","output\coursework_2_stage4_v2_archive\asset_bound_grid_search_run_summaries\tf_asset01_v1\grid_candidates\run_20260417_IS_097\run_summary.json"
"tf_asset01_v1","tf","series_1","grid_candidate","run_20260417_IS_098","3.307386895800397","3.5325632546549843","38.91273247496424","1647677.3734850902","False","output\coursework_2_stage4_v2_archive\asset_bound_grid_search_run_summaries\tf_asset01_v1\grid_candidates\run_20260417_IS_098\run_summary.json"
"tf_asset01_v1","tf","series_1","grid_candidate","run_20260417_IS_099","3.3081130344351344","3.5329557609436804","38.91273247496424","1608924.101599433","False","output\coursework_2_stage4_v2_archive\asset_bound_grid_search_run_summaries\tf_asset01_v1\grid_candidates\run_20260417_IS_099\run_summary.json"
"tf_asset01_v1","tf","series_1","grid_candidate","run_20260417_IS_100","3.3091554704075015","3.5335192382951766","38.91273247496424","1560453.9249495976","False","output\coursework_2_stage4_v2_archive\asset_bound_grid_search_run_summaries\tf_asset01_v1\grid_candidates\run_20260417_IS_100\run_summary.json"
"tf_asset01_v1","tf","series_1","grid_candidate","run_20260417_IS_101","3.9279973337612883","4.190160429196207","77.39628040057225","9441773.767508535","False","output\coursework_2_stage4_v2_archive\asset_bound_grid_search_run_summaries\tf_asset01_v1\grid_candidates\run_20260417_IS_101\run_summary.json"
"tf_asset01_v1","tf","series_1","grid_candidate","run_20260417_IS_102","3.9275801536839223","4.18945027945077","77.39628040057225","9017873.983213145","False","output\coursework_2_stage4_v2_archive\asset_bound_grid_search_run_summaries\tf_asset01_v1\grid_candidates\run_20260417_IS_102\run_summary.json"
"tf_asset01_v1","tf","series_1","grid_candidate","run_20260417_IS_103","3.927086174651496","4.188609397771217","77.39628040057225","8506782.777543666","False","output\coursework_2_stage4_v2_archive\asset_bound_grid_search_run_summaries\tf_asset01_v1\grid_candidates\run_20260417_IS_103\run_summary.json"
"tf_asset01_v1","tf","series_1","grid_candidate","run_20260417_IS_104","3.926493399493718","4.187600339212922","77.39628040057225","7879231.513647648","False","output\coursework_2_stage4_v2_archive\asset_bound_grid_search_run_summaries\tf_asset01_v1\grid_candidates\run_20260417_IS_104\run_summary.json"
"tf_asset01_v1","tf","series_1","grid_candidate","run_20260417_IS_105","3.9257723188350546","4.1863728710907155","77.39628040057225","7091630.171959031","False","output\coursework_2_stage4_v2_archive\asset_bound_grid_search_run_summaries\tf_asset01_v1\grid_candidates\run_20260417_IS_105\run_summary.json"
"tf_asset01_v1","tf","series_1","grid_candidate","run_20260417_IS_106","4.528069068085387","4.852513837638373","77.39628040057225","6158156.037083402","False","output\coursework_2_stage4_v2_archive\asset_bound_grid_search_run_summaries\tf_asset01_v1\grid_candidates\run_20260417_IS_106\run_summary.json"
"tf_asset01_v1","tf","series_1","grid_candidate","run_20260417_IS_107","4.528069068085379","4.852513837638377","77.39628040057225","5892209.862121349","False","output\coursework_2_stage4_v2_archive\asset_bound_grid_search_run_summaries\tf_asset01_v1\grid_candidates\run_20260417_IS_107\run_summary.json"
"tf_asset01_v1","tf","series_1","grid_candidate","run_20260417_IS_108","4.528069068085379","4.852513837638374","77.39628040057225","5572674.533106803","False","output\coursework_2_stage4_v2_archive\asset_bound_grid_search_run_summaries\tf_asset01_v1\grid_candidates\run_20260417_IS_108\run_summary.json"
"tf_asset01_v1","tf","series_1","grid_candidate","run_20260417_IS_109","4.528069068085392","4.852513837638374","77.39628040057225","5181953.611395658","False","output\coursework_2_stage4_v2_archive\asset_bound_grid_search_run_summaries\tf_asset01_v1\grid_candidates\run_20260417_IS_109\run_summary.json"
"tf_asset01_v1","tf","series_1","grid_candidate","run_20260417_IS_110","4.528069068085384","4.8525138376383765","77.39628040057225","4694052.358081821","False","output\coursework_2_stage4_v2_archive\asset_bound_grid_search_run_summaries\tf_asset01_v1\grid_candidates\run_20260417_IS_110\run_summary.json"
"tf_asset01_v1","tf","series_1","grid_candidate","run_20260417_IS_111","2.874825427810414","3.252502193538186","29.756795422031473","1330321.9263830842","False","output\coursework_2_stage4_v2_archive\asset_bound_grid_search_run_summaries\tf_asset01_v1\grid_candidates\run_20260417_IS_111\run_summary.json"
"tf_asset01_v1","tf","series_1","grid_candidate","run_20260417_IS_112","2.874687638105861","3.2525230540441035","29.756795422031473","1315977.041117682","False","output\coursework_2_stage4_v2_archive\asset_bound_grid_search_run_summaries\tf_asset01_v1\grid_candidates\run_20260417_IS_112\run_summary.json"
"tf_asset01_v1","tf","series_1","grid_candidate","run_20260417_IS_113","2.8744469308491203","3.25251953579212","29.756795422031473","1298719.0787928423","False","output\coursework_2_stage4_v2_archive\asset_bound_grid_search_run_summaries\tf_asset01_v1\grid_candidates\run_20260417_IS_113\run_summary.json"
"tf_asset01_v1","tf","series_1","grid_candidate","run_20260417_IS_114","2.874011918974208","3.252452431931726","29.756795422031473","1277566.093189738","False","output\coursework_2_stage4_v2_archive\asset_bound_grid_search_run_summaries\tf_asset01_v1\grid_candidates\run_20260417_IS_114\run_summary.json"
"tf_asset01_v1","tf","series_1","grid_candidate","run_20260417_IS_115","2.8732329240715173","3.2522766651093344","29.756795422031473","1251035.969586566","False","output\coursework_2_stage4_v2_archive\asset_bound_grid_search_run_summaries\tf_asset01_v1\grid_candidates\run_20260417_IS_115\run_summary.json"
"tf_asset01_v1","tf","series_1","grid_candidate","run_20260417_IS_116","4.425804575331764","4.730281365313649","77.82546494992847","6041661.301083403","False","output\coursework_2_stage4_v2_archive\asset_bound_grid_search_run_summaries\tf_asset01_v1\grid_candidates\run_20260417_IS_116\run_summary.json"
"tf_asset01_v1","tf","series_1","grid_candidate","run_20260417_IS_117","4.425804575331762","4.730281365313655","77.82546494992847","5781721.406121356","False","output\coursework_2_stage4_v2_archive\asset_bound_grid_search_run_summaries\tf_asset01_v1\grid_candidates\run_20260417_IS_117\run_summary.json"
"tf_asset01_v1","tf","series_1","grid_candidate","run_20260417_IS_118","4.425804575331761","4.730281365313654","77.82546494992847","5469402.645106809","False","output\coursework_2_stage4_v2_archive\asset_bound_grid_search_run_summaries\tf_asset01_v1\grid_candidates\run_20260417_IS_118\run_summary.json"
"tf_asset01_v1","tf","series_1","grid_candidate","run_20260417_IS_119","4.425804575331767","4.730281365313654","77.82546494992847","5087505.987395657","False","output\coursework_2_stage4_v2_archive\asset_bound_grid_search_run_summaries\tf_asset01_v1\grid_candidates\run_20260417_IS_119\run_summary.json"
"tf_asset01_v1","tf","series_1","grid_candidate","run_20260417_IS_120","4.425804575331765","4.7302813653136555","77.82546494992847","4610623.774081825","False","output\coursework_2_stage4_v2_archive\asset_bound_grid_search_run_summaries\tf_asset01_v1\grid_candidates\run_20260417_IS_120\run_summary.json"
"tf_asset01_v1","tf","series_1","grid_candidate","run_20260417_IS_121","3.3107965017172414","3.5320561100143677","39.05579399141631","1706644.2215954019","False","output\coursework_2_stage4_v2_archive\asset_bound_grid_search_run_summaries\tf_asset01_v1\grid_candidates\run_20260417_IS_121\run_summary.json"
"tf_asset01_v1","tf","series_1","grid_candidate","run_20260417_IS_122","3.3112038936412973","3.532276321258483","39.05579399141631","1680228.2978637652","False","output\coursework_2_stage4_v2_archive\asset_bound_grid_search_run_summaries\tf_asset01_v1\grid_candidates\run_20260417_IS_122\run_summary.json"
"tf_asset01_v1","tf","series_1","grid_candidate","run_20260417_IS_123","3.3117347218873565","3.5325632546549843","39.05579399141631","1648528.7974850908","False","output\coursework_2_stage4_v2_archive\asset_bound_grid_search_run_summaries\tf_asset01_v1\grid_candidates\run_20260417_IS_123\run_summary.json"
"tf_asset01_v1","tf","series_1","grid_candidate","run_20260417_IS_124","3.312460860522091","3.5329557609436804","39.05579399141631","1609724.405599433","False","output\coursework_2_stage4_v2_archive\asset_bound_grid_search_run_summaries\tf_asset01_v1\grid_candidates\run_20260417_IS_124\run_summary.json"
"tf_asset01_v1","tf","series_1","grid_candidate","run_20260417_IS_125","3.313503296494457","3.5335192382951766","39.05579399141631","1561190.2929495974","False","output\coursework_2_stage4_v2_archive\asset_bound_grid_search_run_summaries\tf_asset01_v1\grid_candidates\run_20260417_IS_125\run_summary.json"
"tf_asset01_v1","tf","series_1","robust_selection_validation","candidate_01\full\run_20260417_100-full","2.7616578348846286","2.9370073198198097","83.88388388388388","5119713.547395656","False","output\coursework_2_stage4_v2_archive\asset_bound_grid_search_run_summaries\tf_asset01_v1\robust_selection_validation\candidate_01\full\run_20260417_100-full\run_summary.json"
"tf_asset01_v1","tf","series_1","robust_selection_validation","candidate_01\oos\run_20260417_30-oos","0.7037229609654372","1.354838709677417","5.666666666666667","1009346.572298254","False","output\coursework_2_stage4_v2_archive\asset_bound_grid_search_run_summaries\tf_asset01_v1\robust_selection_validation\candidate_01\oos\run_20260417_30-oos\run_summary.json"
"tf_asset01_v1","tf","series_1","robust_selection_validation","candidate_02\full\run_20260417_100-full","2.761657834884628","2.9370073198198208","83.88388388388388","6081387.141083402","False","output\coursework_2_stage4_v2_archive\asset_bound_grid_search_run_summaries\tf_asset01_v1\robust_selection_validation\candidate_02\full\run_20260417_100-full\run_summary.json"
"tf_asset01_v1","tf","series_1","robust_selection_validation","candidate_02\oos\run_20260417_30-oos","0.7037229609654145","1.3548387096774168","5.666666666666667","1011353.2465728691","False","output\coursework_2_stage4_v2_archive\asset_bound_grid_search_run_summaries\tf_asset01_v1\robust_selection_validation\candidate_02\oos\run_20260417_30-oos\run_summary.json"
"tf_asset01_v1","tf","series_1","robust_selection_validation","candidate_03\full\run_20260417_100-full","2.7616578348846232","2.937007319819814","83.88388388388388","4639073.73408182","False","output\coursework_2_stage4_v2_archive\asset_bound_grid_search_run_summaries\tf_asset01_v1\robust_selection_validation\candidate_03\full\run_20260417_100-full\run_summary.json"
"tf_asset01_v1","tf","series_1","robust_selection_validation","candidate_03\oos\run_20260417_30-oos","0.7037229609654296","1.3548387096774164","5.666666666666667","1008343.5404049796","False","output\coursework_2_stage4_v2_archive\asset_bound_grid_search_run_summaries\tf_asset01_v1\robust_selection_validation\candidate_03\oos\run_20260417_30-oos\run_summary.json"
"tf_asset01_v1","tf","series_1","robust_selection_validation","candidate_04\full\run_20260417_100-full","2.7616578348846232","2.937007319819808","83.88388388388388","5819399.04612135","False","output\coursework_2_stage4_v2_archive\asset_bound_grid_search_run_summaries\tf_asset01_v1\robust_selection_validation\candidate_04\full\run_20260417_100-full\run_summary.json"
"tf_asset01_v1","tf","series_1","robust_selection_validation","candidate_04\oos\run_20260417_30-oos","0.7037229609654179","1.3548387096774173","5.666666666666667","1010806.2492652771","False","output\coursework_2_stage4_v2_archive\asset_bound_grid_search_run_summaries\tf_asset01_v1\robust_selection_validation\candidate_04\oos\run_20260417_30-oos\run_summary.json"
"tf_asset01_v1","tf","series_1","robust_selection_validation","candidate_05\full\run_20260417_100-full","2.761657834884622","2.937007319819813","83.88388388388388","5504619.3651068015","False","output\coursework_2_stage4_v2_archive\asset_bound_grid_search_run_summaries\tf_asset01_v1\robust_selection_validation\candidate_05\full\run_20260417_100-full\run_summary.json"
"tf_asset01_v1","tf","series_1","robust_selection_validation","candidate_05\oos\run_20260417_30-oos","0.7037229609654194","1.3548387096774175","5.666666666666667","1010149.3641057133","False","output\coursework_2_stage4_v2_archive\asset_bound_grid_search_run_summaries\tf_asset01_v1\robust_selection_validation\candidate_05\oos\run_20260417_30-oos\run_summary.json"
